fingerprint,review_id,app_id,app_name,country,rating,title,content,original_content,author,version,review_date,is_most_helpful,source,is_short,is_spam
8061bf5fcd36f501d738d7912b60e393af55ab804e9ac5033614805b1aea7aa7,14629201928,6745274862,DealSeek,us,5,Great!,Great!,Great!,PattyMTill,1.62.0,2026-10-05T03:41:42Z,False,itunes_rss_mostRecent,False,False
6fe008b79f203f683a3f2b5b2c02ecb3e9f86e8da9dfa188279f7883844ed5c7,14628971577,6745274862,DealSeek,us,5,Great app,Highly recommend,Highly recommend,Jharr12,1.62.0,2026-10-05T02:04:39Z,False,itunes_rss_mostRecent,False,False
0438f79b384d8df77db30fadba9cf7f6145ae5f237d4364206287977ab839bf0,14628766181,6745274862,DealSeek,us,1,Scam,This app very rarely works with advertised price. Don't waste your time.,This app very rarely works with advertised price. Don't waste your time.,Dtaytheshark,1.62.0,2026-10-05T00:41:50Z,False,itunes_rss_mostRecent,False,False
af485e81722313fdde2c1367698e4fab6d2dbba84c99529cb0884dac283869b0,14628396872,6745274862,DealSeek,us,5,You gotta get this app!!,"I have saved SO much money on Amazon with this app!! It’s a must have!! Especially if you’re a grandma, or school teacher!! #MoneySaver!!","I have saved SO much money on Amazon with this app!! It’s a must have!! Especially if you’re a grandma, or school teacher!! #MoneySaver!!",C. Gainous,1.62.0,2026-10-04T22:08:22Z,False,itunes_rss_mostRecent,False,False
be08da60ddbccb2f3039ec90afe308969bce1a47aa73fe844735640523a0a97d,14627933234,6745274862,DealSeek,us,2,Great Discounts,Deal Seek is the greatest addition to the already discounted price on Amazon!  You have to try this app!!  You won't regret it.  It's easy and gives very good results on how to use the promo codes or coupons!,Deal Seek is the greatest addition to the already discounted price on Amazon!  You have to try this app!!  You won't regret it.  It's easy and gives very good results on how to use the promo codes or coupons!,dianadif88,1.62.0,2026-10-04T19:20:25Z,False,itunes_rss_mostRecent,False,False
b97f74e3d58b548dd71299cdae50e085026bdf5abfa1bcbe57f4b690df9d44ca,14627564704,6745274862,DealSeek,us,1,Stupid,95% of the deals aren’t on prime so you spend more on shipping costs than just finding the same or similar item cheaper from a different shop that have free shipping with prime 🤣,95% of the deals aren’t on prime so you spend more on shipping costs than just finding the same or similar item cheaper from a different shop that have free shipping with prime 🤣,Ping4224,1.62.0,2026-10-04T17:25:23Z,False,itunes_rss_mostRecent,False,False
fe3c25015d5a2ca79347ccc12589cfd1b8802c1a333ee2e0fbc186d7f9a2167c,14627424685,6745274862,DealSeek,us,5,Buena aplicación,Siempre están actualizados con muy buenas ofertas.,Siempre están actualizados con muy buenas ofertas.,Denis UV,1.62.0,2026-10-04T16:44:00Z,False,itunes_rss_mostRecent,False,False
9cee141b16c74d62149f332a1569a53dd1efa84fb7f5a31e17afc41e66390061,14626705547,6745274862,DealSeek,us,2,Disappointed,"This WAS by far the best app when it came to deep discounts but as of October 1, 2026 it has abruptly changed. The number of products offering discounts/promo codes has dropped considerably. What once had pages of countless offers has now dwindled down to maybe 25-50 items per category AND most of those items have no reviews!
I’m very disappointed","This WAS by far the best app when it came to deep discounts but as of October 1, 2026 it has abruptly changed. The number of products offering discounts/promo codes has dropped considerably. What once had pages of countless offers has now dwindled down to maybe 25-50 items per category AND most of those items have no reviews! 
I’m very disappointed",No name557,1.62.0,2026-10-04T13:18:20Z,False,itunes_rss_mostRecent,False,False
2a7e3302947316cc3f0bd4ec3d9f792652db7816c05ccd94391b79a318efc51d,14626439342,6745274862,DealSeek,us,5,Amazon 2.0,"It’s Amazon, but even lower prices you cannot go wrong","It’s Amazon, but even lower prices you cannot go wrong",StormyBandit,1.62.0,2026-10-04T11:54:06Z,False,itunes_rss_mostRecent,False,False
436f068f2e59e155d20cd766a1e72313238204e95cab67654c19f30294296e94,14626437086,6745274862,DealSeek,us,5,Saving,This app is amazing.   I always check it first before I purchase anything.   It’s worth checking out.,This app is amazing.   I always check it first before I purchase anything.   It’s worth checking out.,Shelly242716,1.62.0,2026-10-04T11:53:19Z,False,itunes_rss_mostRecent,False,False
53f390eb0c06ea9123b153b3bf0c7e8b7af22650ba6e4ef424a6c4e71294a62c,14625827117,6745274862,DealSeek,us,5,Fascinante app,"Si eres compulsiva aquí te vas a dar vuelo y si no, chance que si te conviertes en compulsiva con todos los descuentos que ni te imaginas y no te la crees","Si eres compulsiva aquí te vas a dar vuelo y si no, chance que si te conviertes en compulsiva con todos los descuentos que ni te imaginas y no te la crees",Sagrev yum sol,1.62.0,2026-10-04T07:53:59Z,False,itunes_rss_mostRecent,False,False
4f62baf7aef25098a837e6db9d1a9b872cd4a3962153712e81a9072f66adc854,14625445221,6745274862,DealSeek,us,5,Bien,⭐️⭐️⭐️⭐️⭐️⭐️⭐️⭐️⭐️⭐️⭐️⭐️⭐️⭐️⭐️⭐️⭐️⭐️⭐️⭐️⭐️⭐️⭐️⭐️⭐️⭐️⭐️⭐️,⭐️⭐️⭐️⭐️⭐️⭐️⭐️⭐️⭐️⭐️⭐️⭐️⭐️⭐️⭐️⭐️⭐️⭐️⭐️⭐️⭐️⭐️⭐️⭐️⭐️⭐️⭐️⭐️,sergiocab,1.62.0,2026-10-04T05:08:09Z,False,itunes_rss_mostRecent,True,False
f5f8dd1008695a1f26ba1f84715662d2fe702356c9ab100f507a0512464ee80d,14625297915,6745274862,DealSeek,us,5,Yo,Good,Good,Palomamía16,1.62.0,2026-10-04T04:02:39Z,False,itunes_rss_mostRecent,False,False
c334e0c2b85ea0ffd84770153fc21cbd91a10746ea474dd95abf867d18439406,14625256919,6745274862,DealSeek,us,5,Great way to save money,What a great app and website. So easy to use and provide you the confidence that you know you’re getting the best price.,What a great app and website. So easy to use and provide you the confidence that you know you’re getting the best price.,Bjk2027,1.62.0,2026-10-04T03:45:00Z,False,itunes_rss_mostRecent,False,False
3984a50ad02318514f0d5cfe1d8e4a1bf93d93dc8356bfbc38ad644735b5fe86,14624999782,6745274862,DealSeek,us,5,The best,Good,Good,Jinkipr1,1.62.0,2026-10-04T02:01:03Z,False,itunes_rss_mostRecent,False,False
943494bd73eed759482900606fe4fb3537ead00d222a8e9623c62774902a3006,14624770720,6745274862,DealSeek,us,5,I love it 🤩,I love DealSeek because it allows me to get the best discounts 🤩✨,I love DealSeek because it allows me to get the best discounts 🤩✨,ostyn💓❤️,1.62.0,2026-10-04T00:31:36Z,False,itunes_rss_mostRecent,False,False
b89b6710370f99bc5cf5ee8c0e174233983c2071aa59852666cbec63cf60468b,14624424607,6745274862,DealSeek,us,5,Exelente,10/10,10/10,pabloescobar503,1.62.0,2026-10-03T22:08:57Z,False,itunes_rss_mostRecent,False,False
b411fecb0f1c9dc1455c487a0c0a61f03ce3112bddd6e617da82ffa113f674e6,14624292181,6745274862,DealSeek,us,5,Excelent,Muy útil,Muy útil,Lexy2212,1.62.0,2026-10-03T21:16:06Z,False,itunes_rss_mostRecent,False,False
4e848c7ca19d9f21f2a912f06a9489de980499c140c1a8140a7cc8f6c6212761,14624204390,6745274862,DealSeek,us,5,Incredible,I thought there is NO WAY this site was saving money on items and finding deals but I have been proven wrong. DealSeek is legit!,I thought there is NO WAY this site was saving money on items and finding deals but I have been proven wrong. DealSeek is legit!,casperjoe,1.62.0,2026-10-03T20:42:36Z,False,itunes_rss_mostRecent,False,False
668206bf07bab1d81d405942d886730afe4d6299939b7f4fd051ade6aa73f2d3,14623819725,6745274862,DealSeek,us,5,Awesome!,Appreciate your service to us shoppers 👍,Appreciate your service to us shoppers 👍,Kimrrick,1.62.0,2026-10-03T18:29:08Z,False,itunes_rss_mostRecent,False,False
381dc2bd1243087ac718545dcd209c391e3c0996b2d2150d4e547c0b22ee2c83,14623755069,6745274862,DealSeek,us,5,Great deals,Love this website,Love this website,Lalasangel,1.62.0,2026-10-03T18:08:18Z,False,itunes_rss_mostRecent,False,False
cd5a8f077f4a6bce56aebbdef728aa8257483ee50794c9817ab6450d474ff400,14623726909,6745274862,DealSeek,us,3,It's pretty good,Most of the time it works but there have been a lot of times that the coupons didn't work.,Most of the time it works but there have been a lot of times that the coupons didn't work.,PappysJuJu,1.62.0,2026-10-03T17:59:20Z,False,itunes_rss_mostRecent,False,False
3513774e3a83258c313c9396c887e5df25b3281730baff41003fe0af94caf625,14623663271,6745274862,DealSeek,us,5,Great resource !,Easy to navigate and there is always a deal or code for something I have been looking for.  A must have for deal seekers.,Easy to navigate and there is always a deal or code for something I have been looking for.  A must have for deal seekers.,GrannMit,1.62.0,2026-10-03T17:39:23Z,False,itunes_rss_mostRecent,False,False
ac499886ee4abd878aad3bdc26b446b879c7e0a8ac946131e895f7b029372e4c,14623632531,6745274862,DealSeek,us,5,Dough Proofer,I bought a proofer for bread dough. Works Excellent and at a fantastic price. Thanks,I bought a proofer for bread dough. Works Excellent and at a fantastic price. Thanks,trevino65,1.62.0,2026-10-03T17:29:55Z,False,itunes_rss_mostRecent,False,False
ed5ffeef18c28af986a77fc6dce9713f9e1136f695b29640fe0d989a7545ac87,14623571027,6745274862,DealSeek,us,1,Copy code,"No matter what I do, I cannot apply the copy code to the item in Amazon","No matter what I do, I cannot apply the copy code to the item in Amazon",IVYCFP,1.62.0,2026-10-03T17:11:02Z,False,itunes_rss_mostRecent,False,False
ead76896087e7519b5e15b3e75aeb6f60f1f335a69e57b566de3635efe83d9f1,14623542262,6745274862,DealSeek,us,5,Fun!,Very helpful and tempting to buy everything,Very helpful and tempting to buy everything,G1a7,1.62.0,2026-10-03T17:02:27Z,False,itunes_rss_mostRecent,False,False
712717364dc9214ba60aefd4a9be2892d318ed30a1e8b29a066c5b5b95fc8660,14623446450,6745274862,DealSeek,us,5,Really good deals app,I don’t normally leave reviews.,I don’t normally leave reviews.,DemiLovatosSpoon,1.62.0,2026-10-03T16:34:05Z,False,itunes_rss_mostRecent,False,False
aa7f7689fc85d4979a0ff53fd17ff8dc09f6ad398984320ce40e4692d455ab5d,14623433427,6745274862,DealSeek,us,5,Cold,I love app,I love app,work scan,1.62.0,2026-10-03T16:30:16Z,False,itunes_rss_mostRecent,False,False
0ef855a48384c599f2899e43295df0cf7a2471c3acd5784c70c1e5bd6aea77e6,14623301507,6745274862,DealSeek,us,5,"Go for it, the deal it’s real!","I was like, why not ??? Let me give it a try, and banggggg, it worked! I got $12 off on a magnesium spray! Bravoooo!","I was like, why not ??? Let me give it a try, and banggggg, it worked! I got $12 off on a magnesium spray! Bravoooo!",NandaPnY,1.62.0,2026-10-03T15:51:54Z,False,itunes_rss_mostRecent,False,False
659e81668da0b6c3d3d20baadb60437e9f73bd2f8a20c01816542d9d53d76367,14623098831,6745274862,DealSeek,us,5,GREAT APP :),Would definitely recommend! Great for shopping and finding AMAING deals!!,Would definitely recommend! Great for shopping and finding AMAING deals!!,Honest ratings!,1.62.0,2026-10-03T14:54:24Z,False,itunes_rss_mostRecent,False,False
f4ddb271bbd52f69b53e0c8b97ec7559ec15d6b52b7bd0456a20a2b32e026db1,14623071859,6745274862,DealSeek,us,5,Found some great deals,Found some great deals and huge discounts. I check it anytime. I’m buying something big.,Found some great deals and huge discounts. I check it anytime. I’m buying something big.,rosiegny,1.62.0,2026-10-03T14:46:51Z,False,itunes_rss_mostRecent,False,False
0621b67241b006eb9fc78f0a91f2d7bd9905843636db98915ca3abe498ad23a6,14622704083,6745274862,DealSeek,us,5,Awesome App,Codes actually works.,Codes actually works.,Nonya Ice,1.62.0,2026-10-03T13:01:31Z,False,itunes_rss_mostRecent,False,False
2cb9e677e370ff19ebdc5003e5cf4bd8655ec8cc5bd7630da5590f3396e5968d,14622645925,6745274862,DealSeek,us,5,Excelente,Tank you,Tank you,Vrb01222,1.62.0,2026-10-03T12:43:53Z,False,itunes_rss_mostRecent,False,False
9d5fea63927541e67c131d870338b46df7f3760d943c5a870e7d3ab72f7b54be,14622506109,6745274862,DealSeek,us,5,Promo,Love Deal Seek! You can find almost anything on deal seek and get a good price. I’ve even found stuff I wasn’t looking for!,Love Deal Seek! You can find almost anything on deal seek and get a good price. I’ve even found stuff I wasn’t looking for!,crazy shoppers,1.62.0,2026-10-03T11:59:26Z,False,itunes_rss_mostRecent,False,False
fda6346999b73cba647e00a4af91542bbd38570c2592b73d5ecaaaef9ee3a33c,14621356194,6745274862,DealSeek,us,5,Me gusta,Buenas ofertas,Buenas ofertas,Todo  estrella,1.62.0,2026-10-03T04:11:54Z,False,itunes_rss_mostRecent,False,False
68ea6d853aa7a6722e34f5ed15d9cad809a18537ade5ba5f5cd02d1fe3fc8a4d,14620179573,6745274862,DealSeek,us,1,Don’t work,I tried to enter different codes and no one work. Is giving an error saying that the code don’t work,I tried to enter different codes and no one work. Is giving an error saying that the code don’t work,Only 1968,1.62.0,2026-10-02T20:23:56Z,False,itunes_rss_mostRecent,False,False
6f973a56bded1c829c7c0c126b6a34487f115fee2d111f44f6e377cc8563f931,14619870425,6745274862,DealSeek,us,5,Review,"First time and skeptical but my first 3 items I wanted and tried I had a 0 ZERO dollar balance my last one was 2.37. This made my day. I had to finish up work but plan on getting back on here to start my Christmas shopping I will
Recommend this site everyone I know. Thank you DealSeak you just made my week!","First time and skeptical but my first 3 items I wanted and tried I had a 0 ZERO dollar balance my last one was 2.37. This made my day. I had to finish up work but plan on getting back on here to start my Christmas shopping I will
Recommend this site everyone I know. Thank you DealSeak you just made my week!",starlette 2222,1.62.0,2026-10-02T18:33:38Z,False,itunes_rss_mostRecent,False,False
ba20b08a4c02de99a84109ef8eea4b7719be84dbd6630a9f939337e1239adb55,14619469872,6745274862,DealSeek,us,5,New Home Owner,Just found this great deal on DealSeek and it really helped me a lot. Found just what I wanted for a great deal.,Just found this great deal on DealSeek and it really helped me a lot. Found just what I wanted for a great deal.,Blondie is Chosen,1.62.0,2026-10-02T16:23:45Z,False,itunes_rss_mostRecent,False,False
50137a908e5177cf37a4004aac19792938638a2a6c5e3996de2c6e82d23eed86,14618785639,6745274862,DealSeek,us,5,Great deals,Love saving money. This app is for you!,Love saving money. This app is for you!,innster,1.62.0,2026-10-02T13:04:05Z,False,itunes_rss_mostRecent,False,False
aa8192ce91d1b94ae902bcbddadcc6549e61f766d36a575aac3becf1b001c039,14618662849,6745274862,DealSeek,us,5,Easy to shop: LOVE IT!!,"I love to shop here, because it’s so easy to find all of the best deals in one place. They have Rossen’s Deals at the top and you can organize your seek easily by store and by price. This is my go-to for all of my shopping needs. I always know that I’m getting the best deals here. Love it!","I love to shop here, because it’s so easy to find all of the best deals in one place. They have Rossen’s Deals at the top and you can organize your seek easily by store and by price. This is my go-to for all of my shopping needs. I always know that I’m getting the best deals here. Love it!",PS2U2,1.62.0,2026-10-02T12:26:23Z,False,itunes_rss_mostRecent,False,False
1791064001bb569a4ff76ba4d0bd82010667243a963bbebc8a8409202994d052,14617368029,6745274862,DealSeek,us,5,Saved me so much money,I have gotten so many great deals!,I have gotten so many great deals!,Valll75,1.62.0,2026-10-02T03:35:00Z,False,itunes_rss_mostRecent,False,False
30655976d8da42addcc1824c94c1293d324d03ebe5563a465155372111dae54a,14617236094,6745274862,DealSeek,us,5,It really works!,This app is great! I have used the discount codes several times now and always get what’s expected!,This app is great! I have used the discount codes several times now and always get what’s expected!,foodguruzzz,1.62.0,2026-10-02T02:40:28Z,False,itunes_rss_mostRecent,False,False
671ea948722e2dc5fd6eba40745dfddeb945f6150eb7684f96b399f04fea9a0b,14617217408,6745274862,DealSeek,us,5,Calidad de Deal Deek,"Buenas ofertas, algunas de las ofertas no funciona el código.","Buenas ofertas, algunas de las ofertas no funciona el código.",Juanlancara,1.62.0,2026-10-02T02:32:56Z,False,itunes_rss_mostRecent,False,False
eb86c4da4e0f65d491d64e69ef33dc95ba5f8b2d75c18a16b76abb7e2a669061,14617172197,6745274862,DealSeek,us,5,Amigable,Buenos descuentos,Buenos descuentos,El Pyti,1.62.0,2026-10-02T02:15:02Z,False,itunes_rss_mostRecent,False,False
60fbbe02ebafcd3ef4ffb221b4072ac13adc28dcea524352de1d82f54e800cb0,14617034218,6745274862,DealSeek,us,5,WHY DID I WAIT SO LONG?????,"This site is SUPER EASY TO USE,THERES GREAT DISCOUNTS ON REALLY GREAT PRODUCTS!!","This site is SUPER EASY TO USE,THERES GREAT DISCOUNTS ON REALLY GREAT PRODUCTS!!",ALPHA310549,1.62.0,2026-10-02T01:21:48Z,False,itunes_rss_mostRecent,False,False
644b66bf338dafbbf7169020becb5fbf8bca0463f819db4574bbe809f3a1ba12,14616074489,6745274862,DealSeek,us,5,Accurated,All deal from this Apps are accurate.,All deal from this Apps are accurate.,Ana NS,1.62.0,2026-10-01T19:11:37Z,False,itunes_rss_mostRecent,False,False
bc723d586cb7201f262503cbbd7a19d631c8ebe7dcc1d341c59a6bdf58a21075,14615852753,6745274862,DealSeek,us,5,Super discounts,Love it,Love it,Tairifm,1.62.0,2026-10-01T17:56:53Z,False,itunes_rss_mostRecent,False,False
dc279f981d1d6bdeceb485285d58e80762bde3f6635ba1945f2d4bf302e830e5,14615650909,6745274862,DealSeek,us,5,Great Deals,Shopping here first.,Shopping here first.,Spicey01,1.62.0,2026-10-01T16:53:06Z,False,itunes_rss_mostRecent,False,False
fe0770dd7030453ffe69763fc6e19419c93b0a136cc234b1b467b1ee94a25949,14615638920,6745274862,DealSeek,us,5,Le,Pham,Pham,Le hoan pham,1.62.0,2026-10-01T16:49:21Z,False,itunes_rss_mostRecent,False,False
159f98de0bec1d1b51019df93b34ebff5dcf4fa67c41740aa0080293b90227a7,14615245270,6745274862,DealSeek,us,5,Review,"I love this app! I have gotten many deals although some deals are not matching in Amazon. Either way, a deal is a deal!","I love this app! I have gotten many deals although some deals are not matching in Amazon. Either way, a deal is a deal!",Tammy_MiMi,1.62.0,2026-10-01T14:53:47Z,False,itunes_rss_mostRecent,False,False
ccee0f9dabd4526c4bee5ac7fb2b35e2966174876fee3b07239788297047786e,14615112873,6745274862,DealSeek,us,5,Excelente para tus compras,"Los códigos que aparecen te ayudan a bajar el porcentaje de tus compras, 100% recomendable","Los códigos que aparecen te ayudan a bajar el porcentaje de tus compras, 100% recomendable",Roxanaestrada,1.62.0,2026-10-01T14:16:13Z,False,itunes_rss_mostRecent,False,False
18d6aabb8e69c89db29ed183a8f462646174ecc7a9731b546d929cefd3ae7b3c,14614607825,6745274862,DealSeek,us,5,Deals!,The deals I have purchased has been Great!,The deals I have purchased has been Great!,OHBuckeyeGirl1223,1.62.0,2026-10-01T11:47:12Z,False,itunes_rss_mostRecent,False,False
376346d6e56c72f5fab8492be19002ca52d371d68759fc5a18d49a6dc1950df5,14614561294,6745274862,DealSeek,us,5,Review,100%,100%,B & B HWRD,1.62.0,2026-10-01T11:32:10Z,False,itunes_rss_mostRecent,False,False
19e2310010a7ab2c51b0c567a7d3a5791e675aaecd3589886c55a6a76916d646,14614117922,6745274862,DealSeek,us,5,Nice app,I really love it,I really love it,Dayron vb,1.62.0,2026-10-01T08:40:20Z,False,itunes_rss_mostRecent,False,False
7d1867855811409c7a0fce617032a533628bc8c2a460c5b42943f21494bf9b83,14613793237,6745274862,DealSeek,us,5,Nonnegotiable Must Have,The best $0.00 ever spent. I love this app. Talk about recommendations. This here is that. 100% 10/10.,The best $0.00 ever spent. I love this app. Talk about recommendations. This here is that. 100% 10/10.,HoochiePapi Supreme,1.62.0,2026-10-01T06:17:36Z,False,itunes_rss_mostRecent,False,False
bec57fef946e5850c91f90f28528e1c66bb5e41cb1379d6a07c430482a5d4e0a,14613571189,6745274862,DealSeek,us,5,Love love love 👌🏽👌🏽👌🏽 zzz,Absolutely love this app and I spread it to whoever I know that uses Amazon thank you so much!!!!!,Absolutely love this app and I spread it to whoever I know that uses Amazon thank you so much!!!!!,Baby time 💖🤎💖,1.62.0,2026-10-01T04:40:42Z,False,itunes_rss_mostRecent,False,False
f0e9009be2a55e57f829634c875e591a8808e7c2718177f150e2985b2f54b2d2,14613302558,6745274862,DealSeek,us,5,Pj set,I love it get more save on my shopping  thank you for best product and less money,I love it get more save on my shopping  thank you for best product and less money,solesito24,1.62.0,2026-10-01T02:49:11Z,False,itunes_rss_mostRecent,False,False
d1929a94526cdaf1861d476f2d99dc15fb4e72b60303ec9ce0c545a6161badff,14612306382,6745274862,DealSeek,us,5,Wonderful,You can find a lot of great deals on this app.,You can find a lot of great deals on this app.,Reci1221,1.62.0,2026-09-30T20:25:28Z,False,itunes_rss_mostRecent,False,False
e7c7f93d6cd275ed97db6c1062e918ba7337cce334b1da10b591e670d19ce362,14612239996,6745274862,DealSeek,us,5,Muy buenas,Es la mejor aplicación de ofertas,Es la mejor aplicación de ofertas,Marce24200,1.62.0,2026-09-30T20:01:08Z,False,itunes_rss_mostRecent,False,False
c2aa37ec003342b488658be3c714ca6bcb782ad512cf90cb9e63321b8b7779a4,14612034907,6745274862,DealSeek,us,5,Comisión que Paga,"Me encanta la aplicación, muy buenos descuentos.","Me encanta la aplicación, muy buenos descuentos.",Descubres,1.62.0,2026-09-30T18:49:40Z,False,itunes_rss_mostRecent,False,False
1195e02b1f37643dd5836c17acb159ccee88cf5bd0d0dc2e8606f872614a5abb,14610874570,6745274862,DealSeek,us,5,Great app,I’ve only been a member for a couple of months but so far everything has worked like it’s supposed. Easy to navigate and the codes work.,I’ve only been a member for a couple of months but so far everything has worked like it’s supposed. Easy to navigate and the codes work.,Wadsteen,1.62.0,2026-09-30T12:59:07Z,False,itunes_rss_mostRecent,False,False
f557f9bba1bc9b1e85cb37bcac519c8955c4bc2cc7cdabac70954b34769563ae,14610703242,6745274862,DealSeek,us,5,Awesome deals,Great price,Great price,#hescaredme into confessing,1.62.0,2026-09-30T12:05:52Z,False,itunes_rss_mostRecent,False,False
744df12a08038459bbc9e167a7840f05b8dcbbcdc732c4885d54ac8cf5eb8c04,14610668120,6745274862,DealSeek,us,5,Love the variety of items!,Great App,Great App,NSBGIRLLKD,1.62.0,2026-09-30T11:54:40Z,False,itunes_rss_mostRecent,False,False
9b91fbc510a3db8de721e95b150dc9e5be65703a710056e98653f79ec9f07326,14610539708,6745274862,DealSeek,us,5,Fun previews,So many good things I didn’t know I needed.,So many good things I didn’t know I needed.,ChrisN1189,1.61.79,2026-09-30T11:11:28Z,False,itunes_rss_mostRecent,False,False
aab33075b9ba6f2d33b86ed6c34bfe7573da00c0176393f8a6475c4d4b2574c0,14610052180,6745274862,DealSeek,us,5,Deal seek,Great deals,Great deals,Largedong9,1.61.79,2026-09-30T07:45:08Z,False,itunes_rss_mostRecent,False,False
a92c76ee3616c904fe4c32ef586fcdb0509c7732247c73e74712d5eeef3da7b6,14609624306,6745274862,DealSeek,us,5,It Works Great!,"I always use DealSeek when looking for an item I want to buy from Amazon. I just found a Vic Voy Titanium 12"" nonstick professional frying pan. It listed for $139.00. The DealSeek  code brought it down 79% to $29.00. I applied a gift card I had on file so I got it for FREE! DealSeek  ROCKS!","I always use DealSeek when looking for an item I want to buy from Amazon. I just found a Vic Voy Titanium 12"" nonstick professional frying pan. It listed for $139.00. The DealSeek  code brought it down 79% to $29.00. I applied a gift card I had on file so I got it for FREE! DealSeek  ROCKS!",red82vett777,1.61.79,2026-09-30T04:21:04Z,False,itunes_rss_mostRecent,False,False
1a96506db636f0c5db461f0e197c40d4e250a899f30e9aa3baff00cdd19dba66,14609217029,6745274862,DealSeek,us,5,Great deals,"User-friendly app, I've been able to find good deals on many of my searches!","User-friendly app, I've been able to find good deals on many of my searches!",luzskc,1.61.79,2026-09-30T01:27:12Z,False,itunes_rss_mostRecent,False,False
7b92b24b3ce5f05b84e3685ed6274699a035a1b2c10202630b5e4cebb92a6b92,14609156659,6745274862,DealSeek,us,5,Me encanta,Me encanta esta app,Me encanta esta app,sabd32,1.61.79,2026-09-30T01:03:25Z,False,itunes_rss_mostRecent,False,False
23ae6d9d0964f046ddbda7926f639c47f0269b8aa64fe2ed096adef52d509e77,14608061298,6745274862,DealSeek,us,5,Excellent shopping,Great deals. Must check when ordering on Amazon and get better deals with discount codes,Great deals. Must check when ordering on Amazon and get better deals with discount codes,Silver Mountain Joe,1.61.79,2026-09-29T18:04:24Z,False,itunes_rss_mostRecent,False,False
e48ca7eb6399bc8d66020ceb770b54bd07c3ec3e52397e6f1030034b2b6c36ba,14608039927,6745274862,DealSeek,us,5,Night dress,I got goodiscount,I got goodiscount,Sangeeta y,1.61.79,2026-09-29T17:57:19Z,False,itunes_rss_mostRecent,False,False
5bad1257a6530cbd5db3a35c5ad671684d193ce1b85030ea396a6b5a2945b84b,14607930905,6745274862,DealSeek,us,5,Love!!,They offer so many amazing coupon codes for Amazon. I am officially hooked on this app!,They offer so many amazing coupon codes for Amazon. I am officially hooked on this app!,Beat0810,1.61.79,2026-09-29T17:21:33Z,False,itunes_rss_mostRecent,False,False
a4faa9a4d41004d494ed072544f86c464dba9615cb86b105843ef4ec465306bf,14607474011,6745274862,DealSeek,us,5,Definitely look,"I have gotten so many discounts it is crazy.  You have to try it.
Remember when you put the promotion code you must click on the arrow.","I have gotten so many discounts it is crazy.  You have to try it. 
Remember when you put the promotion code you must click on the arrow.",Jeff41983,1.61.79,2026-09-29T15:01:46Z,False,itunes_rss_mostRecent,False,False
d4ef669770cc4a4150a9c23515a159cd59d592bbd1456f4a0fc85c0b885e2286,14607336574,6745274862,DealSeek,us,5,Discounts & Deep Savings-All in 1 App,"I have saved SO much money by using this! User friendly - just search what you want, and it pulls up all the discounts available.","I have saved SO much money by using this! User friendly - just search what you want, and it pulls up all the discounts available.",Sissykiser,1.61.79,2026-09-29T14:21:59Z,False,itunes_rss_mostRecent,False,False
4d4e47dd7449d9797052597dc7849c0743e023465f4d03b509237ac346a71265,14606936221,6745274862,DealSeek,us,5,Mi favorito,Me encanta siempre encuentro nuevas ofertas y puedo pagar menos de lo que cuesta el producto,Me encanta siempre encuentro nuevas ofertas y puedo pagar menos de lo que cuesta el producto,Aplicacion fab,1.61.79,2026-09-29T12:21:22Z,False,itunes_rss_mostRecent,False,False
c6661cf19c6e97b231f0f7eda59b30bfe3f6190776eab99ee208af096dd92d9c,14606888180,6745274862,DealSeek,us,5,Bra,Great price hope they fit,Great price hope they fit,jan benick,1.61.79,2026-09-29T12:05:50Z,False,itunes_rss_mostRecent,False,False
fdd2242ab51d2b6883c8de598575658c9067f944d58589a26a3062cdd6dcca2c,14605640167,6745274862,DealSeek,us,5,Awesome Deals,Used this app for the first time and the discount code really works.,Used this app for the first time and the discount code really works.,Kiko Sanchez,1.61.79,2026-09-29T02:51:32Z,False,itunes_rss_mostRecent,False,False
89300fa10bb84ca00ba3ddfb1741874ef1cd7730849e289542eb4e326a1da721,14605281140,6745274862,DealSeek,us,5,Great,Love it,Love it,Pip￼,1.61.79,2026-09-29T00:26:09Z,False,itunes_rss_mostRecent,False,False
b18cef0eaeae6e244aac14000689475f2ff9c51990065dae94c385f581e6ebc9,14604951752,6745274862,DealSeek,us,5,Florida Shoppe,Have shared as many deals as I have found… wouldn’t shop without involving DealSeek!,Have shared as many deals as I have found… wouldn’t shop without involving DealSeek!,Sullijp,1.61.79,2026-09-28T22:11:30Z,False,itunes_rss_mostRecent,False,False
e2ce09f5fd7e9fd2a6cf05587b4bd0a99ac17e64c73f93afd6d7a3b9cfc9126c,14604929240,6745274862,DealSeek,us,5,Washer Cleaning,Easy to use the promo code. It does work. A $26 savings.,Easy to use the promo code. It does work. A $26 savings.,Maidmarion529,1.61.79,2026-09-28T22:02:24Z,False,itunes_rss_mostRecent,False,False
c21c27a4f9dccec59eeca3f8e90bda0484dc1955f7d9df58357651a591c29e7f,14604178175,6745274862,DealSeek,us,5,Great app,You can’t beat this app,You can’t beat this app,Shall1963,1.61.79,2026-09-28T17:31:33Z,False,itunes_rss_mostRecent,False,False
fe2c3e7b636ed5f96ae99484979228c2504a2afc2a3cc4b150faef020d49d716,14604155405,6745274862,DealSeek,us,5,Love Love Love,I really appreciate this site. Anytime a company helps me save money makes me happy!! Download app asap!!,I really appreciate this site. Anytime a company helps me save money makes me happy!! Download app asap!!,LatinJewel,1.61.79,2026-09-28T17:24:03Z,False,itunes_rss_mostRecent,False,False
e7d951044428e283e95d71aa9e394a52f41c7039a9cfa6834977d4404554936b,14603697701,6745274862,DealSeek,us,5,Raji,&,&,"fb hv de n ),$;&",1.61.79,2026-09-28T15:02:06Z,False,itunes_rss_mostRecent,True,False
1638d4dca50709899b531230ebe43c5ec9bf3cb00dd1444b4022e0a9aa9b14bd,14603466450,6745274862,DealSeek,us,5,Money Saver,I didn’t think it really work it does. This is an amazing app if you want to save money.,I didn’t think it really work it does. This is an amazing app if you want to save money.,CJE1977,1.61.79,2026-09-28T13:53:47Z,False,itunes_rss_mostRecent,False,False
f17220a27d77d953c79c901c03ffd08a56cfbf19d92f7275e3c76bef02c76bfa,14603445104,6745274862,DealSeek,us,5,Definitely a must,I have saved a bundle of cash using DealSeek!,I have saved a bundle of cash using DealSeek!,Gordonmb,1.61.79,2026-09-28T13:47:26Z,False,itunes_rss_mostRecent,False,False
cec70e810ecc42d5beb430df15e7ccbddfd6151cf3898a5b50e0784a8cbfbebe,14603403261,6745274862,DealSeek,us,5,Money Saver!,"Whenever I need to purchase something from Amazon, I go to Deal Seek first to see if they have a promo code for what I need. This little app has saved me a lot of money and it’s easy to use. I like it so much that I’ve shared it with my friends. If you like saving money, Deal Seek is the way to go!","Whenever I need to purchase something from Amazon, I go to Deal Seek first to see if they have a promo code for what I need. This little app has saved me a lot of money and it’s easy to use. I like it so much that I’ve shared it with my friends. If you like saving money, Deal Seek is the way to go!",Ledo 21,1.61.79,2026-09-28T13:35:08Z,False,itunes_rss_mostRecent,False,False
528667d0cb09e7339095059fd0e05809b0b130e3e00a275af10e800c4466ef55,14603174721,6745274862,DealSeek,us,5,Great tool to find deals,The app is great for finding deals at multiple locations and a good tool for browsing for possible purchases. Very useful even if sometimes a promo code doesn’t work.,The app is great for finding deals at multiple locations and a good tool for browsing for possible purchases. Very useful even if sometimes a promo code doesn’t work.,techatplay,1.61.79,2026-09-28T12:24:20Z,False,itunes_rss_mostRecent,False,False
f72a64b32755f6b8df7cf5e2c38242741fb230715df8503f49666795ce25e8a9,14602048727,6745274862,DealSeek,us,5,Nice app,Well layed out,Well layed out,Liddieepinkoooo,1.61.79,2026-09-28T04:09:57Z,False,itunes_rss_mostRecent,False,False
05649e139c7822feaf1c7b9a32dba6c133fdcd99f286eaeade1f9f94d0891f06,14601786868,6745274862,DealSeek,us,5,App,Excelente app,Excelente app,Pupo m,1.61.79,2026-09-28T02:13:59Z,False,itunes_rss_mostRecent,False,False
f11af355c1997fabaacc08769edd588763ec0f5dfe184bbf57b2c7313c3f6649,14601553356,6745274862,DealSeek,us,5,Deal Seek,100% recomendado si quieres ahorrar,100% recomendado si quieres ahorrar,Jun681,1.61.79,2026-09-28T00:39:11Z,False,itunes_rss_mostRecent,False,False
5bdecc085b1a09be31c9759762267be8698db9dcf82f213a31813ccd01078bbf,14601536422,6745274862,DealSeek,us,5,Great Deals and a Great Website,"I have had a very good experience with DealSeek overall. I receive the daily deals by email, and although I have tried to purchase several of the items featured, unfortunately, I haven’t always been successful in getting the items I wanted.
Besides that, I really enjoy the DealSeek website. I have purchased other items directly through the site and have been very happy with the deals I’ve found. There are some fantastic bargains, and I enjoy checking the website to see what’s available.
Overall, I would definitely recommend DealSeek. Even though I haven’t always been able to purchase the daily deal items I’m interested in, I have found some great deals through the website and have had a positive experience overall.","I have had a very good experience with DealSeek overall. I receive the daily deals by email, and although I have tried to purchase several of the items featured, unfortunately, I haven’t always been successful in getting the items I wanted.
Besides that, I really enjoy the DealSeek website. I have purchased other items directly through the site and have been very happy with the deals I’ve found. There are some fantastic bargains, and I enjoy checking the website to see what’s available.
Overall, I would definitely recommend DealSeek. Even though I haven’t always been able to purchase the daily deal items I’m interested in, I have found some great deals through the website and have had a positive experience overall.",Dz from Mass,1.61.79,2026-09-28T00:32:19Z,False,itunes_rss_mostRecent,False,False
1727a178c779c60d8edab131552596df7a6a83e3330d5903a9966982897f8f64,14601512492,6745274862,DealSeek,us,5,Solar powered camera for bird feeder.,"I have honestly saved atleast 100 dollars so far just by checking this app first for my items  before goingbon Amazon to make my purchase.  Sometimes my exact item or brand may not be showing as the one with the discount, however there are always others that are basically the same that I simply would never have known about. I really do appreciate this app and the fact that it’s free to use, I am always needing to save money anywhere i possibly can and this app makes  that possible without being hard to navigate and use- thanks again!!","I have honestly saved atleast 100 dollars so far just by checking this app first for my items  before goingbon Amazon to make my purchase.  Sometimes my exact item or brand may not be showing as the one with the discount, however there are always others that are basically the same that I simply would never have known about. I really do appreciate this app and the fact that it’s free to use, I am always needing to save money anywhere i possibly can and this app makes  that possible without being hard to navigate and use- thanks again!!",AEG575,1.61.79,2026-09-28T00:22:29Z,False,itunes_rss_mostRecent,False,False
d9fcadb96af8d83ec2945b6ad632fb214ff06f705e23d86cdd471cacd6ee1bc6,14601441835,6745274862,DealSeek,us,5,Great,Great app for everyday deals,Great app for everyday deals,Kobee2,1.61.79,2026-09-27T23:53:23Z,False,itunes_rss_mostRecent,False,False
088cb7114b4ff70dee5713b64c146ee2cc226febd8ca121a06861b8feaab7683,14601356477,6745274862,DealSeek,us,5,Buena aplicación,Ofertas reales,Ofertas reales,Wiliam Jovel,1.61.79,2026-09-27T23:16:54Z,False,itunes_rss_mostRecent,False,False
7d77f32fb11198b062a63ed6ff495e19058629ab35946860e2dde9323b68287b,14601308688,6745274862,DealSeek,us,5,Good app,Ok,Ok,kenfirrer,1.61.79,2026-09-27T22:56:55Z,False,itunes_rss_mostRecent,True,False
94513f97c5db8b48c928915c2008f3553302d835beab01d3923d47c55bae3d44,14600759172,6745274862,DealSeek,us,5,Best Sight to Save $$$,A lot of great deals I would have missed! Thanks to Deal Seek I FOUND the best money saver around !,A lot of great deals I would have missed! Thanks to Deal Seek I FOUND the best money saver around !,𝚂𝚚𝚞𝚒𝚛𝚕𝚎𝚢𝚋,1.61.79,2026-09-27T19:29:09Z,False,itunes_rss_mostRecent,False,False
90f30d4e6d7e3f0de0d2dc861bb50f9ff73cb7f80747597d765ae721847f239f,14600739816,6745274862,DealSeek,us,5,Easy way to save,Takes you right to Amazon and gets you the sale !,Takes you right to Amazon and gets you the sale !,chazrachelle,1.61.79,2026-09-27T19:22:44Z,False,itunes_rss_mostRecent,False,False
20448a613b8cee49738f9b3272786e497ee3d996ac403c3d5f2c671db32de0bf,14600709875,6745274862,DealSeek,us,1,App is trash,Doesn’t give you promo codes anymore just a link to Amazon business app,Doesn’t give you promo codes anymore just a link to Amazon business app,The M.R,1.61.79,2026-09-27T19:12:49Z,False,itunes_rss_mostRecent,False,False
bcf56ce410f2a8bf61e09596d2c60f6cef397a2e2f913df8d6191695383934b6,14600335322,6745274862,DealSeek,us,5,Awesome find!,"I have been wanting a multi-color face mask. Well, I finally bought one but not at the $90 price! After applying the promo code from DeelSeek, I was able to get one for $4.42. Yes! That’s right. Download and start really saving money on item you are purchasing anyway or on something you didn’t ever realized you needed until you found a generous discount!","I have been wanting a multi-color face mask. Well, I finally bought one but not at the $90 price! After applying the promo code from DeelSeek, I was able to get one for $4.42. Yes! That’s right. Download and start really saving money on item you are purchasing anyway or on something you didn’t ever realized you needed until you found a generous discount!",MichiganMom1,1.61.79,2026-09-27T17:16:12Z,False,itunes_rss_mostRecent,False,False
40229382028e6dfd108ba596b1b2cb73912ed1a7fb6fe34fe182e2f1fd00b540,14600154962,6745274862,DealSeek,us,5,What are you waiting for,So many amazing deals from this site.  🤯 I now check this before I buy anything.,So many amazing deals from this site.  🤯 I now check this before I buy anything.,Amber from Texas originally,1.61.79,2026-09-27T16:23:23Z,False,itunes_rss_mostRecent,False,False
ccff27a067c7c4ced852b62943cdd87a65e65cfda7eb6d700f674dac2b3feb0c,14600032504,6745274862,DealSeek,us,1,Muy buena,Me encanta,Me encanta,Stickflehs,1.61.79,2026-09-27T15:48:06Z,False,itunes_rss_mostRecent,False,False
fffd7e5ca075e98874438afbaf6750d2cc0a4c14761369319fcf9bb3a4539037,14599824292,6745274862,DealSeek,us,5,It  works!,I saved a lot of money with this app. It really works. I saved a lot of money with this app. It really works. I recommend this App 100%,I saved a lot of money with this app. It really works. I saved a lot of money with this app. It really works. I recommend this App 100%,Maestitch,1.61.79,2026-09-27T14:49:02Z,False,itunes_rss_mostRecent,False,False
b155916cc23bcdef6f7898686a002399d90023d2e6fdcce26898703961b7d272,14599542243,6745274862,DealSeek,us,5,Must have app,"Who doesn’t love promo codes? This is the top app to keep more of your money in your pocket. Best part is, it’s totally free!","Who doesn’t love promo codes? This is the top app to keep more of your money in your pocket. Best part is, it’s totally free!",We'reTheMiller's,1.61.79,2026-09-27T13:28:03Z,False,itunes_rss_mostRecent,False,False
d80772a5f32ed65543e7194d7be5ddf35adb53b73c37b8b08494b1433085f2f7,14599540514,6745274862,DealSeek,us,3,The good sales don’t work! So frustrating!!,The daily promo codes don’t work and they use to change the daily specials! My account got closed and I had to join amazon prime again and since then I am not liking deel seek I’ll give it a couple more weeks and see what happens! Take the deals that don’t work out of the options to choose from.,The daily promo codes don’t work and they use to change the daily specials! My account got closed and I had to join amazon prime again and since then I am not liking deel seek I’ll give it a couple more weeks and see what happens! Take the deals that don’t work out of the options to choose from.,paccully,1.61.79,2026-09-27T13:27:33Z,False,itunes_rss_mostRecent,False,False
c8834b9631c52a30c4cb8fece0200187686d52d5d0c69657cd7ab64121c22da1,14599522341,6745274862,DealSeek,us,5,Perfect gift,Compact Air Compressor,Compact Air Compressor,Ang Ortiz,1.61.79,2026-09-27T13:22:12Z,False,itunes_rss_mostRecent,False,False
7c20f088acba01080fbf9cc5689d62aca2a4781942d62585daa9f92867bd3b4f,14599427170,6745274862,DealSeek,us,5,Fun,This app is wonderful for anyone who enjoys saving money. I look at it every day often buying stuff.,This app is wonderful for anyone who enjoys saving money. I look at it every day often buying stuff.,Mellyvwilly,1.61.79,2026-09-27T12:53:21Z,False,itunes_rss_mostRecent,False,False
d3b9bd27c8ea76c94f001130f436aa6c3367e0940119102bf25e56a53f7ef127,14599119067,6745274862,DealSeek,us,5,My Go-To,So glad to have found this app! Saves ⏰and 💰. Love it!,So glad to have found this app! Saves ⏰and 💰. Love it!,ArandaCat,1.61.79,2026-09-27T11:08:25Z,False,itunes_rss_mostRecent,False,False
ddc870772d021d2cf7504cb33f36b3a79be0478029cca87cdf445ed386f7758b,14598127304,6745274862,DealSeek,us,5,Great Finds,I have found so many great prices and great  deals on DealSeek. I’ve recommended it to family and friends.,I have found so many great prices and great  deals on DealSeek. I’ve recommended it to family and friends.,XOXOTxChrmXOXO,1.61.79,2026-09-27T04:11:29Z,False,itunes_rss_mostRecent,False,False
fbace25253fe6e111d373ffb4c22c148ce04f713866fc4fff8892b35ca2b0942,14598043846,6745274862,DealSeek,us,1,Don’t install,Took over phone and keep pushing ads,Took over phone and keep pushing ads,Stop438,1.61.79,2026-09-27T03:36:17Z,False,itunes_rss_mostRecent,False,False
b88195ce8f9f2f800a1b8f7ab0d33f80977b8995fc3912a8364b833f653465c6,14597796749,6745274862,DealSeek,us,1,Fake,"A complete scam this app, shows the same as there stores itself","A complete scam this app, shows the same as there stores itself",Erick’,1.61.79,2026-09-27T01:57:52Z,False,itunes_rss_mostRecent,False,False
732b821ca29f34a680ca33ae0d6257447ab7a3d7606067c9117c27667f725ebd,14597683660,6745274862,DealSeek,us,3,Mixed feelings,"80% of the deals want work for me
Some that do work are different discounts than what are quoted
What I have I bought have been great  deals and happy
Wish they could fix issues, so very discounted when it doesn’t work","80% of the deals want work for me 
Some that do work are different discounts than what are quoted 
What I have I bought have been great  deals and happy 
Wish they could fix issues, so very discounted when it doesn’t work",Jerri Grandmother,1.61.79,2026-09-27T01:13:56Z,False,itunes_rss_mostRecent,False,False
10b6f5db8a42580a4aa44ec4abcaab648087f4e25c9edf2fa5a591dd9eaaca52,14597677077,6745274862,DealSeek,us,5,"New to DS - Some codes don't work; but, some do work.","I am still undecided as to the value of the DS app. Many advertised great discounts were not accepted by Amazon which is a huge disappointment. After being denied the discount, DS requests feedback and, after giving this feedback, it seems empty and hollow. The DS reply to my feedback is even more disappointing and frustrating because it does nothing to bring satisfaction to the customer! DS should have to perform better due diligence, perform ongoing assessments of the validity of the codes being advertised, and stand behind their claims by providing points or some other rewards for customers who tried to use the code but were ultimately unable to!","I am still undecided as to the value of the DS app. Many advertised great discounts were not accepted by Amazon which is a huge disappointment. After being denied the discount, DS requests feedback and, after giving this feedback, it seems empty and hollow. The DS reply to my feedback is even more disappointing and frustrating because it does nothing to bring satisfaction to the customer! DS should have to perform better due diligence, perform ongoing assessments of the validity of the codes being advertised, and stand behind their claims by providing points or some other rewards for customers who tried to use the code but were ultimately unable to!",Éire26+6,1.61.79,2026-09-27T01:11:27Z,False,itunes_rss_mostRecent,False,False
adacec6f689819a39e6ccb67ae2768c70806c8ccdf24528b8d0f786e2cbd08b9,14596892055,6745274862,DealSeek,us,5,Real coupons!,Everyone clicked on worked as stated. Love this app!,Everyone clicked on worked as stated. Love this app!,BeanDiva78_,1.61.79,2026-09-26T19:58:15Z,False,itunes_rss_mostRecent,False,False
52c9f73fa250e3c5e0bada2b42328afb60236ac3eec1ad4c72bcebcb2f616347,14596323923,6745274862,DealSeek,us,5,LOVE THIS APP!!!!,Saved so much money.,Saved so much money.,Sharon K53,1.61.79,2026-09-26T16:53:05Z,False,itunes_rss_mostRecent,False,False
3d35147aba3be0947318c25b91ccd21ebd69e9fc5dd9ce99f9825fba5081c76c,14595970644,6745274862,DealSeek,us,5,Love this app,"I always seem to find what I’m looking for, for great deals and I love it.","I always seem to find what I’m looking for, for great deals and I love it.",0308-Joey,1.61.79,2026-09-26T15:10:01Z,False,itunes_rss_mostRecent,False,False
5d913f4a44a86e64dc6e6af56eacb8b7adaa7674271e2a853e5309f5da588ccc,14594745257,6745274862,DealSeek,us,5,Espectácular,Realmente me encanta,Realmente me encanta,chapis😛,1.61.79,2026-09-26T08:15:26Z,False,itunes_rss_mostRecent,False,False
b96e218050dbc4faf26aa8faa5aaecddbb21ff3a2ea680d6d4c1be2841d40651,14594339574,6745274862,DealSeek,us,5,Save money!,I will be the first to admit I have a shopping addiction. I don’t drink or do drugs anymore but shipping will always be a weakness. And when I can find something I have been wanting for half the price! Sold! 10 out of 10! Sometimes the deal doesn’t work but that just means it’s not meant to be at that time. I live this app and the money it saves me.,I will be the first to admit I have a shopping addiction. I don’t drink or do drugs anymore but shipping will always be a weakness. And when I can find something I have been wanting for half the price! Sold! 10 out of 10! Sometimes the deal doesn’t work but that just means it’s not meant to be at that time. I live this app and the money it saves me.,Haze_623,1.61.79,2026-09-26T05:20:54Z,False,itunes_rss_mostRecent,False,False
a481f7900958339885a1cd26ec8e3e37ce2925fc8bba7b3aabb51f63a8932388,14594059647,6745274862,DealSeek,us,5,Super save money!,It’s help me save a lot of money!,It’s help me save a lot of money!,Floopdoot21,1.61.79,2026-09-26T03:18:56Z,False,itunes_rss_mostRecent,False,False
72a77a05bbf11d206f2162994102422b8e2cb6de1ded4c73f3e2f9288d58e406,14593708140,6745274862,DealSeek,us,4,Huge discounts,I’m not sure why everyone isn’t using this app. Great deals on things listed and it changes often,I’m not sure why everyone isn’t using this app. Great deals on things listed and it changes often,Like shiny stuff,1.61.79,2026-09-26T01:02:06Z,False,itunes_rss_mostRecent,False,False
3af13deab903f6d7f366c41d9727bfcc04b8195cf72e80c5859fdd6a3955db94,14593706748,6745274862,DealSeek,us,5,Best deals!,This place is the best for any and all deals you didn’t know you needed!!,This place is the best for any and all deals you didn’t know you needed!!,Idkidc2026,1.61.79,2026-09-26T01:01:34Z,False,itunes_rss_mostRecent,False,False
d0707b7b0eecefffd0f35e27aed35f26a8c75a31202487d68c20ab3faccd2462,14593503144,6745274862,DealSeek,us,5,Yes!!,Got my vacuum I’ve been needing for a great deal!!,Got my vacuum I’ve been needing for a great deal!!,Jessmoon90,1.61.79,2026-09-25T23:41:36Z,False,itunes_rss_mostRecent,False,False
efc99ccb7a398145172264bf106457a0831098fd2633303b25aa688e57d7d08a,14593441476,6745274862,DealSeek,us,5,I’ve used it!…,"I think it’s great to get even better deals on Amazon and Walmart, especially that the prices are already lower than average. I’ve used this app and got good deals every time. I recommend it!","I think it’s great to get even better deals on Amazon and Walmart, especially that the prices are already lower than average. I’ve used this app and got good deals every time. I recommend it!",Katzy55,1.61.79,2026-09-25T23:16:31Z,False,itunes_rss_mostRecent,False,False
dcb62fa567e7c3757c66f6b2bd00786871d30770ee21fe3556b9fbf1997fae6f,14593203735,6745274862,DealSeek,us,5,Awesome,I have found multiple promo codes and discounts on this app and it is awesome!!,I have found multiple promo codes and discounts on this app and it is awesome!!,cgraham5507,1.61.79,2026-09-25T21:39:09Z,False,itunes_rss_mostRecent,False,False
6839389f0560189b9dd5d56bdb728e63bddfa6c4b786c889931a0b31b1463ee7,14593117506,6745274862,DealSeek,us,5,The best app!,Must have this savings app.,Must have this savings app.,𝑬𝒓𝒊𝒌𝒂 𝑹𝒐𝒔𝒂,1.61.79,2026-09-25T21:05:10Z,False,itunes_rss_mostRecent,False,False
c785ca8db33ecf5b634a447c38d92951ba97e426bf56c06384cfcc70ae241e90,14593102710,6745274862,DealSeek,us,4,Filter content,"Love the app and there are some good deals; I have taken advantage of a few of them.

Biggest issue is the inability to filter the content. There are some items that I would want to remove do to inappropriate for the audience.","Love the app and there are some good deals; I have taken advantage of a few of them. 

Biggest issue is the inability to filter the content. There are some items that I would want to remove do to inappropriate for the audience.",Delapch,1.61.79,2026-09-25T20:59:29Z,False,itunes_rss_mostRecent,False,False
a0c0129a2ea7e8805d9ddafc46bf992b8d92139f632b751bc6ac0a8a6d3702f5,14592974635,6745274862,DealSeek,us,5,Good app,I bought several items with good prices.,I bought several items with good prices.,mageleslo,1.61.79,2026-09-25T20:10:45Z,False,itunes_rss_mostRecent,False,False
9d1aac710673ca128b482f3acfbca244d1b0fac7d8f1cf34d2c388fa1d8ab57f,14592426431,6745274862,DealSeek,us,1,Good LUCK,Codes never work on Amazon!!  Waste of time.,Codes never work on Amazon!!  Waste of time.,zippo parkenhaven,1.61.79,2026-09-25T17:02:20Z,False,itunes_rss_mostRecent,False,False
3496885a87ae1c101d2bbf5de2b24561aea2a129afbcf5c93781eafa4fce3ae7,14592057794,6745274862,DealSeek,us,4,Pretty good app,"I’ve used these coupon several times for purchases and I’ve always been delighted with the outcome. I have found several coupon codes that did not work. However, those they did work made it all worthwhile.","I’ve used these coupon several times for purchases and I’ve always been delighted with the outcome. I have found several coupon codes that did not work. However, those they did work made it all worthwhile.",Beetlejuice&Me,1.61.79,2026-09-25T15:10:55Z,False,itunes_rss_mostRecent,False,False
a28e7b87a7b8e24b016228e9d6f1b2be27036364c0c25419529c802b073bf031,14592047255,6745274862,DealSeek,us,5,Save,Who doesn’t like saving money. I love this site.,Who doesn’t like saving money. I love this site.,Fluffy Gmom,1.61.79,2026-09-25T15:07:51Z,False,itunes_rss_mostRecent,False,False
997ff88f644e3d10edb643d5f2e74271d75c26df3fde4904d33013ecb9992008,14591302891,6745274862,DealSeek,us,5,Great savings,I can always count on this app to save money shopping on Amazon.,I can always count on this app to save money shopping on Amazon.,MillySMar,1.61.79,2026-09-25T11:23:39Z,False,itunes_rss_mostRecent,False,False
fafb9b81a968dc2ee59959ccffb7ff91ac1a25240f3f7c27503c6abdea191ad5,14590770019,6745274862,DealSeek,us,5,Deals,I have had a great expensive so far.,I have had a great expensive so far.,Mamie  J,1.61.79,2026-09-25T07:49:11Z,False,itunes_rss_mostRecent,False,False
d8054d5ad3c2c0833fa753bc65932b64f74dff740550507818b01f0bb1011f18,14590190090,6745274862,DealSeek,us,5,Best deals I’ve ever gotten,I always check DealSeek before I check anywhere else when I’m looking for something,I always check DealSeek before I check anywhere else when I’m looking for something,Sue Bruh72,1.61.79,2026-09-25T03:32:42Z,False,itunes_rss_mostRecent,False,False
f98566320c41a0b03d4cc7cf8476835a6813e9c5ab7c7efeb81fbebeafb1f50d,14589703320,6745274862,DealSeek,us,5,beautiful,AMAZINGGGG,AMAZINGGGG,sksudjxbbx wnanalxmd,1.61.79,2026-09-25T00:22:44Z,False,itunes_rss_mostRecent,False,False
80967ffe945de77f398cf46a6d338d2723893fb5e73ee59323808ca985c810cf,14589401870,6745274862,DealSeek,us,1,Advertised Discount vs. Actual Discount: Big Gap,"This app used to be great, and I found a lot of great deals through it. But lately, almost every single deal I select is wrong — it either doesn’t work or gives only a very tiny discount instead of the large discount shown on the DealSeek app. Please fix it.","This app used to be great, and I found a lot of great deals through it. But lately, almost every single deal I select is wrong — it either doesn’t work or gives only a very tiny discount instead of the large discount shown on the DealSeek app. Please fix it.",GabrieIIe,1.61.79,2026-09-24T22:20:30Z,False,itunes_rss_mostRecent,False,False
527e66223f4615c75853d482a49769c55f43ad68ad1be005204fefdc283825a7,14589195259,6745274862,DealSeek,us,5,Mi opinión,Muy buena app me encanta porque es muy fácil de usar,Muy buena app me encanta porque es muy fácil de usar,Mexicana78,1.61.79,2026-09-24T20:56:54Z,False,itunes_rss_mostRecent,False,False
4b5679413ba6998dc666e33824baeff6fb95ac914007755a0951d943961d3a4d,14589176426,6745274862,DealSeek,us,5,Useful,Helps me save $$$,Helps me save $$$,Mgoethals,1.61.79,2026-09-24T20:49:29Z,False,itunes_rss_mostRecent,False,False
d0b873d0dd86dc2d57bf6c734345b3fcce4b5a205c7b0d00a1fec37fb7eb10b8,14588480617,6745274862,DealSeek,us,5,I Love DealSeek,I always check DealSeek before I make any purchases. The discount are phenomenal.,I always check DealSeek before I make any purchases. The discount are phenomenal.,Fbutterflyfairy,1.61.79,2026-09-24T16:44:56Z,False,itunes_rss_mostRecent,False,False
36402e4a17bd37791aa0f3616eaacffd9bcf43a5045f2bfb33563fec9136c384,14587390417,6745274862,DealSeek,us,5,It’s Real!!!!,It actually works and it’s very useful and I can get stuff for cheaper,It actually works and it’s very useful and I can get stuff for cheaper,Agustngsh,1.61.79,2026-09-24T11:15:50Z,False,itunes_rss_mostRecent,False,False
03db2f4abff75d709578319a9b44d464ca26893b7ddde929a1ea16a1ad9cd84b,14587356812,6745274862,DealSeek,us,5,Shop,I love deal seek the best sales on Amazon ever,I love deal seek the best sales on Amazon ever,Ivozap,1.61.79,2026-09-24T11:04:11Z,False,itunes_rss_mostRecent,False,False
e73d00da913df3cc00efb35206a929a0b91390229a067a32ff9905aeb9c6d387,14586744232,6745274862,DealSeek,us,5,Financial friendly,All types of products and name brands at discounts. Great for holiday and gift shopping,All types of products and name brands at discounts. Great for holiday and gift shopping,Remm Remington,1.61.79,2026-09-24T06:36:01Z,False,itunes_rss_mostRecent,False,False
ea4e424c4d64f8d9e85e4ac1e8ee3d4439605d47b0903e87b4772471d37accf4,14586600497,6745274862,DealSeek,us,5,Must have,Saved so much money with this app. Thanks.,Saved so much money with this app. Thanks.,DiVaLa_,1.61.79,2026-09-24T05:26:35Z,False,itunes_rss_mostRecent,False,False
6b064d26c500aacfc5899b3a70ad8f4e04e41f9745288eca63a710d88dd52890,14586506769,6745274862,DealSeek,us,5,Wow,Took me a min to find were to add promo and turning it on.  But I got it.  Blown away. I paid $10 for a shirt I usually pay $19,Took me a min to find were to add promo and turning it on.  But I got it.  Blown away. I paid $10 for a shirt I usually pay $19,Bixby E,1.61.79,2026-09-24T04:42:51Z,False,itunes_rss_mostRecent,False,False
6ae88c830df57c10fe55df00a73376b754837d1ac13c407670fe2c796955bf0f,14586355446,6745274862,DealSeek,us,4,Satisfied,So far I been enjoying all the savings I got from DealSeek. I know where I’m going to buy my bday present(s).,So far I been enjoying all the savings I got from DealSeek. I know where I’m going to buy my bday present(s).,Gurlfy,1.61.79,2026-09-24T03:32:01Z,False,itunes_rss_mostRecent,False,False
c2c640368408bbf4a1cd13a26b3f8f364274a2b6b622559b721e19c49b1df139,14586080755,6745274862,DealSeek,us,5,Amazing Deals,I wish I knew about this app years ago. It’s extremely user friendly and there are some really awesome deals. It helps me save money every time!,I wish I knew about this app years ago. It’s extremely user friendly and there are some really awesome deals. It helps me save money every time!,Teach5215!,1.61.79,2026-09-24T01:37:18Z,False,itunes_rss_mostRecent,False,False
bde1bfec409eac47cdfdfe74ade422a71d224cab1ec1f48d0191f1c53a9ee990,14586066394,6745274862,DealSeek,us,3,Real deals..but fix the app,"I love this app and have gotten some great deals. But the recent app updates are HORRIBLE! When looking at an individual item from a category list it scrolls all the way back to the top when I go back to the main list. The ability to sort individual lists is gone and when I search for a particular item (ex: Levi jeans) and then filter down to promo codes it tells me there are none, but then the next suggested item is Levi jeans with a promo code. Infuriating","I love this app and have gotten some great deals. But the recent app updates are HORRIBLE! When looking at an individual item from a category list it scrolls all the way back to the top when I go back to the main list. The ability to sort individual lists is gone and when I search for a particular item (ex: Levi jeans) and then filter down to promo codes it tells me there are none, but then the next suggested item is Levi jeans with a promo code. Infuriating",hchsjdnsj,1.61.79,2026-09-24T01:31:44Z,False,itunes_rss_mostRecent,False,False
af7e79529631c7c36ebf2931a0848db2abe90556760f69f278f1e060a7cacfdd,14585443892,6745274862,DealSeek,us,5,Easy.,Love to get notified of any deals.,Love to get notified of any deals.,Mimijanet,1.61.79,2026-09-23T21:21:22Z,False,itunes_rss_mostRecent,False,False
6e13049a9c8bfa44011f1b145f11068d11ed1b689508fc65a336e1fdcb5046a3,14585285627,6745274862,DealSeek,us,5,Excellent Cupons,You can always find a good deal and the items are in excellent condition,You can always find a good deal and the items are in excellent condition,A. Margot,1.61.79,2026-09-23T20:20:32Z,False,itunes_rss_mostRecent,False,False
747b58d7efdbecd21a0563406197488b036c44cf415ce0ff68b38fe4a7258660,14585158627,6745274862,DealSeek,us,5,Amazing savings,You’re missing out if you don’t have this app!!,You’re missing out if you don’t have this app!!,Thewafflez73,1.61.79,2026-09-23T19:34:20Z,False,itunes_rss_mostRecent,False,False
89a587cfbcab0cdcb4efdbbc2a67d43cb020d7dd22310a2742eaaa78e57c7b85,14584576304,6745274862,DealSeek,us,5,Coupons,They do work,They do work,Elunay1,1.61.79,2026-09-23T16:20:47Z,False,itunes_rss_mostRecent,False,False
20efb2a06ce7a64eb087edc333a7ff5bfdc9220515ede2bd0f02bca1ec67bcf3,14584315007,6745274862,DealSeek,us,5,The cream,Good product 100% recommend,Good product 100% recommend,(Guty,1.61.79,2026-09-23T15:02:31Z,False,itunes_rss_mostRecent,False,False
006689bafb8323a9b76990d483f2850d408d69ff97d67cb5685bc74509bb59a9,14584020266,6745274862,DealSeek,us,3,Great if it worked,Just don’t like when a lot of the codes don’t work,Just don’t like when a lot of the codes don’t work,Candace Rin167,1.61.79,2026-09-23T13:37:40Z,False,itunes_rss_mostRecent,False,False
8265e0dbbe9796fc16469b33ec8faa2fe2d5db171dfa6e1d85727b7b17f56741,14583626201,6745274862,DealSeek,us,5,Fabulous site,Why pay anything fulll price when you can find it here?!,Why pay anything fulll price when you can find it here?!,pd2pour,1.61.79,2026-09-23T11:39:03Z,False,itunes_rss_mostRecent,False,False
63a40ec97a48b8a120d7aa44b16abcca2c05554bdb260285cb50a53650514e5d,14583532545,6745274862,DealSeek,us,5,I love it here,If u don’t wanna pay full price on Amazon look here first 10/10 I recommend,If u don’t wanna pay full price on Amazon look here first 10/10 I recommend,the fluffy person,1.61.79,2026-09-23T11:07:30Z,False,itunes_rss_mostRecent,False,False
46de77357cd65eff94da839ededfd609e3ff18524a064e3dc1178f4faf132272,14582747498,6745274862,DealSeek,us,5,First time success,First time using the app and pleasantly surprised. Found this time under the specials and copied the code. Clicked on buy on Amazon and finished I setting my code. Christmas has an excited shopper!,First time using the app and pleasantly surprised. Found this time under the specials and copied the code. Clicked on buy on Amazon and finished I setting my code. Christmas has an excited shopper!,Pocono's,1.61.79,2026-09-23T05:21:46Z,False,itunes_rss_mostRecent,False,False
851801a245230d9f88b1b37d1b828d8d9c4b41108bb14dd9c934f7a3d527c912,14582333320,6745274862,DealSeek,us,5,Received my first deal today!  Ice maker,A great addition to ice at home.  No more buying ice at the store,A great addition to ice at home.  No more buying ice at the store,Grammy K.,1.61.79,2026-09-23T02:23:47Z,False,itunes_rss_mostRecent,False,False
7d4df28dfc072c9b5536d7123706e0143aa74ebe2eb19eb0c8f800afc30c7454,14582242313,6745274862,DealSeek,us,5,Excelente aplicación,Tiene muchos oferta de buena calidad.,Tiene muchos oferta de buena calidad.,Rosa yupi,1.61.79,2026-09-23T01:49:31Z,False,itunes_rss_mostRecent,False,False
001c93d0e004400610294bebb6cdf2146d58bee6c909860936883ce2777458cb,14582155712,6745274862,DealSeek,us,4,It does give you a discount,It’s the same coupon you clip when in the Amazon app. It’s a silly app to have. 4 stars so it can be seen by all lol,It’s the same coupon you clip when in the Amazon app. It’s a silly app to have. 4 stars so it can be seen by all lol,stephanie.m96,1.61.79,2026-09-23T01:17:23Z,False,itunes_rss_mostRecent,False,False
ace7b92cd9611dbd82911c19aec619e9ef4b51ab7f73efaebe843e5d3f7dfb6e,14581663604,6745274862,DealSeek,us,5,Best app ever!,I have found so many amazing deals and products from this app! Thankful for finding it🤲🤩,I have found so many amazing deals and products from this app! Thankful for finding it🤲🤩,zadhrhsv,1.61.79,2026-09-22T22:08:45Z,False,itunes_rss_mostRecent,False,False
29d7b4202d5e4d88d681f5dc1fbcb298fad31fd72ff47da39fa945a5f9def49b,14581609814,6745274862,DealSeek,us,5,Awesome deals!,"I came across this website on TikTok and I am so happy I did. I’ve gotten some products at half the price than it would normally be on Amazon. The bigger deals are ones with promotion codes, usually 50% off or more. You clip it then apply it to your Amazon order. I’ve already started some Christmas shopping because of the great prices. I check every day because they add new products. I’m hooked! Love this site.","I came across this website on TikTok and I am so happy I did. I’ve gotten some products at half the price than it would normally be on Amazon. The bigger deals are ones with promotion codes, usually 50% off or more. You clip it then apply it to your Amazon order. I’ve already started some Christmas shopping because of the great prices. I check every day because they add new products. I’m hooked! Love this site.",Shash102,1.61.79,2026-09-22T21:47:18Z,False,itunes_rss_mostRecent,False,False
ed3f1dcd5098b1deca56b001c36c462ae743dd036f52080318e9ef27c19e369f,14581406604,6745274862,DealSeek,us,5,Review,Good application I save a lot of money the discount,Good application I save a lot of money the discount,shackylove,1.61.79,2026-09-22T20:29:13Z,False,itunes_rss_mostRecent,False,False
9508db24e071ee148d8c834b42d6c192969c6923aa0378596390ad25f449de96,14581008397,6745274862,DealSeek,us,5,Tools,10,10,Fernando@2000,1.61.79,2026-09-22T18:11:40Z,False,itunes_rss_mostRecent,True,False
d5fda525c61fc1f953656a4fbe56019411109c346b7a56ae7ad1717c2587f939,14580781747,6745274862,DealSeek,us,5,Great app,Hice mi primera compra con ahorro y me fue muy bien,Hice mi primera compra con ahorro y me fue muy bien,WenQDY1989,1.61.79,2026-09-22T16:57:44Z,False,itunes_rss_mostRecent,False,False
e29c4c9ce12b97412aa79922fd7353519f4baf262dddccb5f9a62e5bfe424f10,14580493166,6745274862,DealSeek,us,5,Deals,All the endless possibilities of getting a good deal. Things I wouldn’t buy cause of the cost. With this app it finds the greatest deal possible.,All the endless possibilities of getting a good deal. Things I wouldn’t buy cause of the cost. With this app it finds the greatest deal possible.,pringlez21,1.61.79,2026-09-22T15:29:51Z,False,itunes_rss_mostRecent,False,False
9456f934eaeb9656cd6e2b5cbd0d4e786b490854de99e8848cd3339344e99fda,14580286500,6745274862,DealSeek,us,5,Love DealSeek,I’ve saved a lot of money with deal seek. It’s so easy to use. I recommend it for anyone if I can do it you can too,I’ve saved a lot of money with deal seek. It’s so easy to use. I recommend it for anyone if I can do it you can too,Nana0622,1.61.79,2026-09-22T14:29:23Z,False,itunes_rss_mostRecent,False,False
c6bb6d561e165bd3d0d4819bdb7a0f375b5453d87470d21cabe691f435c79dcd,14580086851,6745274862,DealSeek,us,5,Saving Money,A great tool to save money on items you need and want,A great tool to save money on items you need and want,Purrty Girls,1.61.79,2026-09-22T13:31:25Z,False,itunes_rss_mostRecent,False,False
1706e2881801c643528c6542204fc9e182041965dcdc116e7a693052f18aa18a,14580075713,6745274862,DealSeek,us,5,Great Deals,"I have found great deals on Deal Seek!
I look for what I’m needing and it usually has it on deal seek saving quite a bit. I would rather have that savings in my pocket than theirs.","I have found great deals on Deal Seek!
I look for what I’m needing and it usually has it on deal seek saving quite a bit. I would rather have that savings in my pocket than theirs.",shoesshoes,1.61.79,2026-09-22T13:28:05Z,False,itunes_rss_mostRecent,False,False
f935d00457abdcb0008f993b615bf9f7806df87faec9c1b72a8efb11a685bd64,14579736704,6745274862,DealSeek,us,5,Nice app,👍🏻👍🏻👍🏻👍🏻👍🏻,👍🏻👍🏻👍🏻👍🏻👍🏻,ام علي٢٠٢٠,1.61.79,2026-09-22T11:43:22Z,False,itunes_rss_mostRecent,True,False
7a11d1d767ca52ef3d3be4088ba804e9350b821e6d229987f1a8e3e98de7c243,14579700723,6745274862,DealSeek,us,5,It’s legit,It’s legit!!! Best deal app,It’s legit!!! Best deal app,keeksvaj,1.61.79,2026-09-22T11:31:05Z,False,itunes_rss_mostRecent,False,False
0cc20a02c7db6c2a8128ba82729b3d92458437708c1ca1da524a4eb8edac7745,14579606607,6745274862,DealSeek,us,5,LOVING THIS APP,I’m still learning this. Jeff Rossen recommended it and I watched the video. I’ve saved a bit but as I learn how to navigate it and as it becomes more intuitive I’m certain to save more!,I’m still learning this. Jeff Rossen recommended it and I watched the video. I’ve saved a bit but as I learn how to navigate it and as it becomes more intuitive I’m certain to save more!,Ganniej,1.61.79,2026-09-22T10:57:35Z,False,itunes_rss_mostRecent,False,False
d6ceb77052aa28872ebc2ea67394d7619b432602e5470248437e753e3806f015,14578286683,6745274862,DealSeek,us,5,Favorite app,Great deals i can’t stop buying,Great deals i can’t stop buying,Camilo26557,1.61.79,2026-09-22T01:13:31Z,False,itunes_rss_mostRecent,False,False
a6e9799f7b3d034f0d127b377b5bffa4b191c5ea07921d043b5368fc2aa108c5,14577757102,6745274862,DealSeek,us,5,Must have shopping app,This app saved me a great amount of money. Thank you.,This app saved me a great amount of money. Thank you.,#yaroha,1.61.79,2026-09-21T21:45:13Z,False,itunes_rss_mostRecent,False,False
354d301bd761f0746fa2274e85b93dc39ca45abf9486866715db875ca1f4df1d,14577662116,6745274862,DealSeek,us,5,Love save money,Helps me to buy and save money showing me savings 😍😍😍😍 and everybody loves that,Helps me to buy and save money showing me savings 😍😍😍😍 and everybody loves that,Manolito aracena enamora,1.61.79,2026-09-21T21:08:30Z,False,itunes_rss_mostRecent,False,False
66887e923ccdda5b1aff031fd8d41a7719dc3bcc3a5acecb760552ef361a5b89,14577176560,6745274862,DealSeek,us,2,Infiltrated with added shipping costs,"I used to love this app but now it seems whenever I find a great deal it’s because the seller on Amazon has increased the shipping price to offset the cost. For example, I’ll find an item for $4.99 but the shipping will be $20.00… that’s not a deal, that’s plain false advertising. This has happened so many times that I don’t trust the advertised deal prices on the app anymore.","I used to love this app but now it seems whenever I find a great deal it’s because the seller on Amazon has increased the shipping price to offset the cost. For example, I’ll find an item for $4.99 but the shipping will be $20.00… that’s not a deal, that’s plain false advertising. This has happened so many times that I don’t trust the advertised deal prices on the app anymore.",kd_bear,1.61.79,2026-09-21T18:19:47Z,False,itunes_rss_mostRecent,False,False
ad15f2ae39a950a3d765f1133c16a793e3d427cf6acfaa6f7982426386279b39,14577008465,6745274862,DealSeek,us,5,Best deals!,Always helps me find the best deals!,Always helps me find the best deals!,A. Rene H,1.61.79,2026-09-21T17:25:55Z,False,itunes_rss_mostRecent,False,False
8f72e5518912f11fdef9163fdfa4ef2a79862a2267d4ef51b392a9585b4a7fac,14576669798,6745274862,DealSeek,us,5,FANTASTIC DEALS FOUND HERE,"I have found incredible deals on this site, some I thought were unreal, but I ordered and I got them! I’ve already started Christmas shopping with unbelievable savings. In today’s economy every penny counts, you’ll be thrilled at the amount of dollars you will save here.","I have found incredible deals on this site, some I thought were unreal, but I ordered and I got them! I’ve already started Christmas shopping with unbelievable savings. In today’s economy every penny counts, you’ll be thrilled at the amount of dollars you will save here.",Saving money today,1.61.79,2026-09-21T15:42:59Z,False,itunes_rss_mostRecent,False,False
21e1c9c0d386a62013f5891c73abb04bf7ae3093ae8d743ef6816a1f257cf382,14576433267,6745274862,DealSeek,us,5,Tooth breush,Is the best that i have clean perfect,Is the best that i have clean perfect,g CB njm,1.61.79,2026-09-21T14:33:38Z,False,itunes_rss_mostRecent,False,False
395c14cfc46d0aaf36e4d009a03e9c3ac7f40bdf6bad53c2b2fbc7a713bd5254,14576260239,6745274862,DealSeek,us,5,Great Deals,Easy to find great deals.   Site is user friendly.,Easy to find great deals.   Site is user friendly.,Wendysdahl,1.61.79,2026-09-21T13:42:30Z,False,itunes_rss_mostRecent,False,False
6bce9ebc75228650c4152ef130eb387e831381301cc648dde166482da9dce0d0,14576230313,6745274862,DealSeek,us,5,AWESOME!,AWESOME!!!,AWESOME!!!,Cinderssss,1.61.79,2026-09-21T13:33:34Z,False,itunes_rss_mostRecent,False,False
33fd7d959f617bb034576da83b4594809c70421901e694925ce2a6a59e73f75a,14576185170,6745274862,DealSeek,us,5,Pretty cool app,Highly addictive and amazing for this economy,Highly addictive and amazing for this economy,Ladez727,1.61.79,2026-09-21T13:19:48Z,False,itunes_rss_mostRecent,False,False
830392e3d59239b27f3d853a66033a8307df23fc144e00f3088a0497f4ebd4af,14575925167,6745274862,DealSeek,us,5,Great App for Saving Money! ⭐,"I love this app! It’s easy to use and helps me find great deals and promo codes. I’ve already found some useful savings, and I highly recommend it to anyone who loves shopping and saving money. Definitely worth trying!","I love this app! It’s easy to use and helps me find great deals and promo codes. I’ve already found some useful savings, and I highly recommend it to anyone who loves shopping and saving money. Definitely worth trying!",Scar.mya,1.61.79,2026-09-21T11:56:13Z,False,itunes_rss_mostRecent,False,False
647be91dd232f3918c1e6c72a7c0bcb3c313d19a0798ca92c569be8468ba09c3,14575234551,6745274862,DealSeek,us,5,I love this app,Helps me find really really really good deals,Helps me find really really really good deals,Sam haley jr,1.61.79,2026-09-21T07:03:30Z,False,itunes_rss_mostRecent,False,False
8929c61d04e2f7ab8fff61432ef2d31a5e5964ec9a16d2794b4f4a32bec177ca,14575102153,6745274862,DealSeek,us,5,Coupons,It’s amazing all 👏👏👏,It’s amazing all 👏👏👏,Gabbana2026,1.61.79,2026-09-21T06:00:09Z,False,itunes_rss_mostRecent,False,False
8fddc4199903336d25d7f8ef597da313b9bb23663654002ffbe1a3087abcd017,14574972654,6745274862,DealSeek,us,5,Overall benefits,If you find the right one and it’s something you need it’s definitely a bonus so that’s better than not utilizing 🤷‍♀️,If you find the right one and it’s something you need it’s definitely a bonus so that’s better than not utilizing 🤷‍♀️,Quigs168,1.61.79,2026-09-21T04:58:41Z,False,itunes_rss_mostRecent,False,False
0dad8145e946786a4fc6be61d72157b713f4f125b7bf06daf43887df946f04ce,14574897314,6745274862,DealSeek,us,5,App,Lovely,Lovely,Kingdavii,1.61.79,2026-09-21T04:23:30Z,False,itunes_rss_mostRecent,False,False
7c95f26fac759c3fcf938c75c8910daadeb9903d5c025568d100ddda422743fb,14574816627,6745274862,DealSeek,us,4,Very good deals,Muy buenos cupones la app es muy buena,Muy buenos cupones la app es muy buena,Nice&Great,1.61.79,2026-09-21T03:46:44Z,False,itunes_rss_mostRecent,False,False
2e0017b7b7e623fae46f6399392e2d494cb3f63776b3b657ee2c8eff96fbc071,14574740129,6745274862,DealSeek,us,3,A few good deals,"I have gotten a few good deals.  However, there have been many more times that the codes do not work or it says to use an online coupon to get a discount, and there is no box to check for a coupon.  Some of the clothing offered on Amazon seem like a great deal until you find out that the shipping fees are astronomical because the items are not shipped by Amazon but come from another supplier.  Just be prepared to be disappointed and to weed through a lot of false deals before you find a bargain.","I have gotten a few good deals.  However, there have been many more times that the codes do not work or it says to use an online coupon to get a discount, and there is no box to check for a coupon.  Some of the clothing offered on Amazon seem like a great deal until you find out that the shipping fees are astronomical because the items are not shipped by Amazon but come from another supplier.  Just be prepared to be disappointed and to weed through a lot of false deals before you find a bargain.",jkptxvngrszvhuujbcdeesx,1.61.79,2026-09-21T03:12:49Z,False,itunes_rss_mostRecent,False,False
7ef4817fa5a43bab8d5e42f1a8a46507c1c5216edaec8bf656245f53302eb21e,14574644422,6745274862,DealSeek,us,5,Best way to save,The best way to save money on almost anything,The best way to save money on almost anything,Arnie To,1.61.79,2026-09-21T02:32:34Z,False,itunes_rss_mostRecent,False,False
0ecf1af7f3e8bb172c7e01373e129b2dff067abb67a75e703515d7f6b17919b0,14573992504,6745274862,DealSeek,us,5,Deals,It has great deals hoy save a lot,It has great deals hoy save a lot,Ichp3,1.61.79,2026-09-20T22:13:23Z,False,itunes_rss_mostRecent,False,False
56a55e088f87a48099b27a0022758a58736e795f81ba6f7976c6a25d470be33d,14573631329,6745274862,DealSeek,us,4,Coupons,"I ALWAYS
Search for all products on ur app. Always get the best deal !","I ALWAYS 
Search for all products on ur app. Always get the best deal !",MsColumba,1.61.79,2026-09-20T20:00:34Z,False,itunes_rss_mostRecent,False,False
f99bc7af32bdc9499fc2b1bfc406396284e7cf98e663da83ab68545621894561,14573098072,6745274862,DealSeek,us,5,La mejor,I love,I love,negrita t,1.61.79,2026-09-20T17:14:01Z,False,itunes_rss_mostRecent,False,False
5164a428a7b4c86cd9eca8d549d81b7165f80e08bf3614ba9d2e34879c55bfea,14573049121,6745274862,DealSeek,us,5,♥️ it,Saves me $,Saves me $,Lonleylioness,1.61.79,2026-09-20T16:59:46Z,False,itunes_rss_mostRecent,False,False
f46cb92222f7b1b33e4087dcc91da1f0dee728fc3b8529d060dd6ed4524202e3,14572845956,6745274862,DealSeek,us,5,Best app,"Reason why I give a 5 star it is because it is real, you just copy the code and put it on amazon or any other site compatible and will give you the promo price. I saw it on TikTok and it is very cool","Reason why I give a 5 star it is because it is real, you just copy the code and put it on amazon or any other site compatible and will give you the promo price. I saw it on TikTok and it is very cool",JokerMasterTTV,1.61.79,2026-09-20T16:03:37Z,False,itunes_rss_mostRecent,False,False
35e922c568a7913de7e4e3e8ef9ced934762f1c0d7afde76c4ca7140f483dfab,14572785985,6745274862,DealSeek,us,5,Great Deals!,Gives amazing deals for Amazon and the promo codes!,Gives amazing deals for Amazon and the promo codes!,nateehof,1.61.79,2026-09-20T15:46:48Z,False,itunes_rss_mostRecent,False,False
10cd21b62bd3f74cc766223aa1c90e95f8683cb077b0be3c0287a37369c71181,14572704115,6745274862,DealSeek,us,4,No se ven todas los discounts,Muchas veces no se hacen los discounts,Muchas veces no se hacen los discounts,okanaful,1.61.79,2026-09-20T15:24:20Z,False,itunes_rss_mostRecent,False,False
49474a8a5f61146ec848f95a40fd33fde9041b09be4a566099f53da1303b2661,14572578752,6745274862,DealSeek,us,5,Save money,Who doesn’t like to save money?? Especially in today’s economy things are becoming more and more expensive for everyone. This app helps cut back costs on things you need.,Who doesn’t like to save money?? Especially in today’s economy things are becoming more and more expensive for everyone. This app helps cut back costs on things you need.,Lilma456,1.61.79,2026-09-20T14:50:25Z,False,itunes_rss_mostRecent,False,False
a082091011247f049591cdbe785aab7f62a63e77750ccecc535fc08bf41dab69,14572461269,6745274862,DealSeek,us,5,Deals,Got some great deals! I’m sorry I did  not know about this before,Got some great deals! I’m sorry I did  not know about this before,Cole' mom,1.60.0,2026-09-20T14:18:21Z,False,itunes_rss_mostRecent,False,False
8a4087e544dc74e30814cd0d4173ee3ae13def21c2aa0cedc5661285945e9748,14572355960,6745274862,DealSeek,us,5,Great app,Good deals,Good deals,Miri2304,1.61.79,2026-09-20T13:49:11Z,False,itunes_rss_mostRecent,False,False
9557586914ee8ea0e597063316e0bf3a5663a34c82516148ea1734cb7764ddba,14572334701,6745274862,DealSeek,us,5,Me encanta,Excelente página para encontrar descuentos 😍😍😍,Excelente página para encontrar descuentos 😍😍😍,YumiGrow,1.61.79,2026-09-20T13:43:07Z,False,itunes_rss_mostRecent,False,False
87bece6c2722d55fa93c428c9565999bd6217e370ab94fcb1998192e536440f5,14570924502,6745274862,DealSeek,us,5,Magic coupons,This site has been very helpful and amazing since I found it has saved me a lot of money!!!,This site has been very helpful and amazing since I found it has saved me a lot of money!!!,CHANTYLANETTE,1.61.79,2026-09-20T04:38:58Z,False,itunes_rss_mostRecent,False,False
340980a142cff17be2e758f96775cdf229e1e9d1c4ab5eb0cfcff4d624a111b2,14570512465,6745274862,DealSeek,us,4,Good for finding deals.,Sometimes you can find great deals here. Love the promo codes. Unfortunately they don’t always work or account for high shipping cost.,Sometimes you can find great deals here. Love the promo codes. Unfortunately they don’t always work or account for high shipping cost.,sixsarro1231,1.61.79,2026-09-20T01:47:18Z,False,itunes_rss_mostRecent,False,False
abc799617bf16b107879665163865fbd176c1ce7e2a87298aee0fd1d63f27009,14570067341,6745274862,DealSeek,us,5,Mag Safe iPhone wireless charger 3 in 1,Good deal!,Good deal!,Amarillogal,1.61.79,2026-09-19T22:49:44Z,False,itunes_rss_mostRecent,False,False
af1ba2610e1dc2e9c936d40b7ed6c8e1f1a469450a5cf5373f066fb5bcc3291e,14569740657,6745274862,DealSeek,us,5,Awesome,Saving $$$,Saving $$$,Sjj0305,1.61.79,2026-09-19T20:42:40Z,False,itunes_rss_mostRecent,False,False
3cd864cd9a181582e5e6dae2ca6317444aeb88f629efb957e5d2f45dafdcb713,14569477044,6745274862,DealSeek,us,5,Love it!,Great!,Great!,D. Spalten,1.61.79,2026-09-19T19:11:30Z,False,itunes_rss_mostRecent,False,False
b68f8a00c92e57692c4e2bd2b538fcbe9c41a75fbf55eee7e3dce9f7e60411f0,14569187853,6745274862,DealSeek,us,5,Great deals!,Excellent app love it!,Excellent app love it!,Isabel PR 🇵🇷,1.61.79,2026-09-19T17:39:57Z,False,itunes_rss_mostRecent,False,False
72915f2a9cbae6e1d30ec40781cc62e0fc95a4a75b987d121d910c8fcf31082b,14568137253,6745274862,DealSeek,us,5,Really good,Got good stuff for cheap,Got good stuff for cheap,Wes24646,1.61.79,2026-09-19T12:39:54Z,False,itunes_rss_mostRecent,False,False
4d47ee7bb677ea3f63061c2d362e082b4a088ba2cb63c87a67955b7346ef0349,14568080698,6745274862,DealSeek,us,5,Espectacular,"Muy buena, la aplicación me encanta","Muy buena, la aplicación me encanta",🙏Linda noche,1.61.79,2026-09-19T12:22:29Z,False,itunes_rss_mostRecent,False,False
c7ad104e040d3cc0d315bf54af7f469a25dce007a4843e2992a82b4350ab2cd7,14567101133,6745274862,DealSeek,us,5,Great app,It’s very very great app I love it trust mee,It’s very very great app I love it trust mee,ÁMMÂ4,1.61.79,2026-09-19T06:08:50Z,False,itunes_rss_mostRecent,False,False
b9a0d052c9f7e98d2fb8df8a5905117e3d9ea90c9524225b0e160756c5756266,14566917767,6745274862,DealSeek,us,5,Great Deal,Love all the great discount they give us. Great time to scroll through and start that Christmas shopping,Love all the great discount they give us. Great time to scroll through and start that Christmas shopping,AmandaR83,1.61.79,2026-09-19T04:49:10Z,False,itunes_rss_mostRecent,False,False
f3c85f0bdf18f7d014487e1c83db7cb2964362485d0528ad335a39f259be2d1a,14566607795,6745274862,DealSeek,us,5,Amo,LA MEJOR,LA MEJOR,🏀⛹️⛹️‍♀️🏀⛹️‍♀️,1.61.79,2026-09-19T02:40:21Z,False,itunes_rss_mostRecent,False,False
c8e9b259da9834ea27e2eafb7f4dab2b2b216d82de42ec7c227c855fd73cdf1d,14566091902,6745274862,DealSeek,us,5,Very satisfied user,I am beyond impressed with this app. I purchased 5 items that totaled at least 250$ and I  paid 43$. I am SOLD on this app!,I am beyond impressed with this app. I purchased 5 items that totaled at least 250$ and I  paid 43$. I am SOLD on this app!,Jojomommy46,1.61.79,2026-09-18T23:22:26Z,False,itunes_rss_mostRecent,False,False
9f369765f17580fdfd2a3a2dfbc1d841da6fa2233bda55ec721775209f68f676,14565912995,6745274862,DealSeek,us,5,Great deal!,I used deal seek on a IPL hair remover. I got a great deal and was super easy! I am hooked! Highly recommend!,I used deal seek on a IPL hair remover. I got a great deal and was super easy! I am hooked! Highly recommend!,Sweetness nurse,1.61.79,2026-09-18T22:11:32Z,False,itunes_rss_mostRecent,False,False
8f3fca8d2b6c4104d8dcd33d795b070400217b2ae2cf4848fd300323e040c1d6,14565634844,6745274862,DealSeek,us,5,Great discounts !,Love it!!,Love it!!,Dotty5722,1.61.79,2026-09-18T20:26:39Z,False,itunes_rss_mostRecent,False,False
09d3d0c14be42eeb78b2918b144c2e3677aae61ec73e2ef6728fd96a70ce9f7e,14565632381,6745274862,DealSeek,us,4,Easy yo use,"Love this- if doubts how yo, look at the tutorial - easy and worked.  One thing was sold out or unavailable by the time I got to it- but generally it’s a breeze.","Love this- if doubts how yo, look at the tutorial - easy and worked.  One thing was sold out or unavailable by the time I got to it- but generally it’s a breeze.",P in Hawaii,1.61.79,2026-09-18T20:25:46Z,False,itunes_rss_mostRecent,False,False
eccf0a8bf100b658deabfa348b80b22bf170c1defb7f5bbe407341191ed04f34,14565010790,6745274862,DealSeek,us,5,Exclusivo,Excelente,Excelente,Maycobarillas,1.61.79,2026-09-18T16:58:21Z,False,itunes_rss_mostRecent,False,False
41c86b8ae164c6adb1d366f0caa6bf9a7f858bc587ce1da6149f207ae67a46af,14564735197,6745274862,DealSeek,us,5,Great deals,Nice app to use and find great deals at Amazon. Make sure to use the code during the final payment in the gif card section and hit return to get the discount coupon credited,Nice app to use and find great deals at Amazon. Make sure to use the code during the final payment in the gif card section and hit return to get the discount coupon credited,Planetas,1.61.79,2026-09-18T15:36:44Z,False,itunes_rss_mostRecent,False,False
7d5085308f5e2ab96bc71e97fcbc2396313cd64069af94e0c8bb62b00f28e887,14564162663,6745274862,DealSeek,us,5,Ahorros,"Gracias por ayudarnos a obtener artículos a precios accesibles y bajos, me encanta","Gracias por ayudarnos a obtener artículos a precios accesibles y bajos, me encanta",Grandma Tata,1.61.79,2026-09-18T12:54:13Z,False,itunes_rss_mostRecent,False,False
dbb1e24445d7111178ef0b02060c73435cdef2a3291a552057de092c5c90830c,14563934387,6745274862,DealSeek,us,5,Great app!,It really works!,It really works!,digitharry1,1.61.79,2026-09-18T11:43:26Z,False,itunes_rss_mostRecent,False,False
4aa94e763123b1ba0d4cf3950ac25eef6065c8e8ba0155331b5d3d65a7482f75,14563667987,6745274862,DealSeek,us,3,I’m new,"Just opened this app. Haven’t made a purchase yet, just navigating, so far okay","Just opened this app. Haven’t made a purchase yet, just navigating, so far okay",Pitbossmom,1.61.79,2026-09-18T10:08:42Z,False,itunes_rss_mostRecent,False,False
ef0853583d4a70c02b7ce175e857f6af8f5f901a67963d58cda04440d858bf1a,14563171271,6745274862,DealSeek,us,5,My go to!,I come here first before i shop Everytime !,I come here first before i shop Everytime !,🤓🧐🤓🧐🤨,1.61.79,2026-09-18T06:27:45Z,False,itunes_rss_mostRecent,False,False
4478fb903bd588919fe578fb2d875588fde1ce5d8f2e361f6a8cfe96bc2d1f27,14562544047,6745274862,DealSeek,us,5,Me encanta,Esta app es lo mejor cuando necesitas ahorrar,Esta app es lo mejor cuando necesitas ahorrar,Ise1992,1.61.79,2026-09-18T01:46:23Z,False,itunes_rss_mostRecent,False,False
6a28d76ca4b999f450fdc36eeba273ab1c4f75523d79e7443294d1d21da4aefd,14561970152,6745274862,DealSeek,us,5,Reseñas,Me encanta tiene productos que son muy cómodos a nuestro presupuesto ☺️,Me encanta tiene productos que son muy cómodos a nuestro presupuesto ☺️,Mari 👩🏻,1.61.79,2026-09-17T21:58:17Z,False,itunes_rss_mostRecent,False,False
f8f0f2515e9194867ee208719db6bf877fd527c703699313b9d83ba3ab455de0,14561876898,6745274862,DealSeek,us,5,REAL DISCOUNTS,I love this app because the discounts work more often than not and if they don’t work you can report,I love this app because the discounts work more often than not and if they don’t work you can report,MrsFowler2,1.61.79,2026-09-17T21:22:01Z,False,itunes_rss_mostRecent,False,False
ed225a4558a435fa409506e60140acc1606a3055e655f676d7f846df0e1a5829,14561526194,6745274862,DealSeek,us,5,Some work,Some codes work some don’t,Some codes work some don’t,kim65453,1.61.79,2026-09-17T19:14:51Z,False,itunes_rss_mostRecent,False,False
37b4cb88dc4195a4c4a0f2d28bbda5dc7b0289b942f55c23efc4fabbd17f88aa,14561385181,6745274862,DealSeek,us,5,Real Good Stuff,"This app is amazing, definitely money saver .","This app is amazing, definitely money saver .",CheapShopper96,1.61.79,2026-09-17T18:27:08Z,False,itunes_rss_mostRecent,False,False
a372211bf42290dc3a692358dc347d3703d12e2191d3ba7f7c8d5a2f42bd10c0,14561279429,6745274862,DealSeek,us,5,Great,This is the most amazing app♥️,This is the most amazing app♥️,Dooney & Nana,1.61.79,2026-09-17T17:52:32Z,False,itunes_rss_mostRecent,False,False
6388bf700f46110f9b42752bb8e55a3ea48986e524bc1498fddcf8f9cadf5795,14561208215,6745274862,DealSeek,us,1,Code,Most of the codes don’t work,Most of the codes don’t work,Mrs 3D,1.61.79,2026-09-17T17:29:37Z,False,itunes_rss_mostRecent,False,False
1d10970590acb8460eab37720844e7162bc7ee75bbc73e63b0430fbb4b6c6ae4,14560775409,6745274862,DealSeek,us,5,Saved lots of money,This site has saved me so much money with finding great deals!,This site has saved me so much money with finding great deals!,Punkylu,1.61.79,2026-09-17T15:17:56Z,False,itunes_rss_mostRecent,False,False
6b08d187fee19ddc9030a4820b8dc9c667294108d2547fb9bb8c387bed2cd841,14560656442,6745274862,DealSeek,us,5,Deep Seek =Delightful,"Great app , so many bargains!","Great app , so many bargains!",Property protector,1.61.79,2026-09-17T14:43:41Z,False,itunes_rss_mostRecent,False,False
2e3f8ff412eb105747f518623fb45c11b64602724dc3c6dd9e6160f2171b6d75,14560588730,6745274862,DealSeek,us,5,Buena,Perfecto,Perfecto,yamile ramirez,1.61.79,2026-09-17T14:24:27Z,False,itunes_rss_mostRecent,False,False
1cf648eb04b19b58673ee5224e346b3a7f6022e80813d83cbd21111195a412f4,14560247709,6745274862,DealSeek,us,5,Amazing app,This app has saved me a lot recommend for everyone to have this a catch some savings,This app has saved me a lot recommend for everyone to have this a catch some savings,Marysmith81,1.61.79,2026-09-17T12:45:20Z,False,itunes_rss_mostRecent,False,False
8f7b4c13f7b16918a66a39914efd4fde5a7ea470a1cc1f3da86dd51b3c8ad5c3,14560081439,6745274862,DealSeek,us,5,Best app ever,Five star,Five star,cindy's card,1.61.79,2026-09-17T11:53:47Z,False,itunes_rss_mostRecent,False,False
fe9040bde89ec00ddc8cc6b0521cbe14ce641a72c5d2e7a0be4ab809362bcecc,14560013374,6745274862,DealSeek,us,5,Coupons,Deal seek is the only way to shop if you use Amazon and want the best prices. I just saved $15.00,Deal seek is the only way to shop if you use Amazon and want the best prices. I just saved $15.00,Neach boat hair,1.61.79,2026-09-17T11:31:29Z,False,itunes_rss_mostRecent,False,False
415cda1eda84d8e1e92258ac9c2520075c17a2bb8e6c3e1957cddc8ee584c915,14559127781,6745274862,DealSeek,us,5,Ohhh yeah,Best app iv downloaded saved me $$$$,Best app iv downloaded saved me $$$$,karinicolekline,1.61.79,2026-09-17T04:57:18Z,False,itunes_rss_mostRecent,False,False
fe6a5b82341b847f95fc943ece51f19502e76ece982201763fdcd88b8fa335cd,14559032847,6745274862,DealSeek,us,5,Satisfied,"Best app, great deal no regrets!","Best app, great deal no regrets!",Bori 2025,1.61.79,2026-09-17T04:12:38Z,False,itunes_rss_mostRecent,False,False
7cda6abd5b05f6f9ba4c68dbcedd4398e576bacf9628465a2113cae8509d4f18,14558467736,6745274862,DealSeek,us,5,best app eva,i love this app so much,i love this app so much,Vivi284,1.61.79,2026-09-17T00:17:52Z,False,itunes_rss_mostRecent,False,False
b970a60e53dc7c7a1c28916fccd98766f9c996112c7af3ddd9c67d8286898339,14557709985,6745274862,DealSeek,us,5,Love it!,Who doesn’t like saving money? It’s legit!,Who doesn’t like saving money? It’s legit!,Sjelich,1.61.79,2026-09-16T19:26:34Z,False,itunes_rss_mostRecent,False,False
c3f17cd5d9dec5fd4663fe987503a10c21c5843ef6748d2b1a3b32239ce71af9,14557685560,6745274862,DealSeek,us,5,excited,"I haven’t bought anything yet, but I just found this site. Maybe I’m behind the times but it’s pretty nice. Great deals.","I haven’t bought anything yet, but I just found this site. Maybe I’m behind the times but it’s pretty nice. Great deals.",debishka,1.61.79,2026-09-16T19:18:16Z,False,itunes_rss_mostRecent,False,False
79c42395bb0558a79b4efa848c227b41fc9e6d644fe35ff00c107d7c6e24d67c,14556988291,6745274862,DealSeek,us,5,Cushionare,Amazing deals,Amazing deals,wanda's i pod,1.61.79,2026-09-16T15:38:17Z,False,itunes_rss_mostRecent,False,False
937189bcd25b4e68870b65aece0eea2471837f3cc32a850ea5c00b346397f00e,14556823563,6745274862,DealSeek,us,5,Got a great deal in under eight hours!,"I saw the app advertised on another game that I play on my phone and decided to give it a try. In just a matter of hours I found a deal for a new laptop backpack. My current backpack was literally falling apart. I never would’ve found this deal on Amazon if not for this app. I got the backpack for 50% off and so, not counting tax, it cost me less than $16. I’m very happy! 🙌🏼","I saw the app advertised on another game that I play on my phone and decided to give it a try. In just a matter of hours I found a deal for a new laptop backpack. My current backpack was literally falling apart. I never would’ve found this deal on Amazon if not for this app. I got the backpack for 50% off and so, not counting tax, it cost me less than $16. I’m very happy! 🙌🏼",JBDonlevy,1.61.79,2026-09-16T14:51:12Z,False,itunes_rss_mostRecent,False,False
abebccc1a52ee852f70446f8fd979b5733afde19055f41446fc6bc3178be0138,14556777865,6745274862,DealSeek,us,5,Caregiver,Brookdale,Brookdale,Goodjs.,1.61.79,2026-09-16T14:38:21Z,False,itunes_rss_mostRecent,False,False
d383f4dc02bf1a31df3311affd3f39464911a1640f47252ac9f571f5879eb415,14556462397,6745274862,DealSeek,us,5,Awesome,I love the deep deep DEEP discounted savings codes! The money you save with this app is amazing! If you shop Amazon you definitely need this app!,I love the deep deep DEEP discounted savings codes! The money you save with this app is amazing! If you shop Amazon you definitely need this app!,Jay Dude bird man,1.61.79,2026-09-16T13:08:22Z,False,itunes_rss_mostRecent,False,False
ac5c41deb2c789bf057551c845818c479d66ad4be2c65787da976ef99d5805c0,14556332752,6745274862,DealSeek,us,5,Sundress,I bought a sundress swore it to an elegant affair. I got soooo many compliments. I only paid &14.99,I bought a sundress swore it to an elegant affair. I got soooo many compliments. I only paid &14.99,Bashti1,1.61.79,2026-09-16T12:30:04Z,False,itunes_rss_mostRecent,False,False
90713afcb058b26d90aa4e0a261053e1c5005a6999995a09e0da068a3b827a54,14556166273,6745274862,DealSeek,us,5,Boss lady,$$$$$$,$$$$$$,Juju 0825,1.61.79,2026-09-16T11:38:18Z,False,itunes_rss_mostRecent,True,False
791706a29f3de0a2aa0c56598ee3fa3e98198be5d7394f4d8495f024636ad2e8,14556034039,6745274862,DealSeek,us,5,Great,I love this app,I love this app,barolis,1.61.79,2026-09-16T10:53:53Z,False,itunes_rss_mostRecent,False,False
d0e3ba926f4f40a2f45bea1a21fefecc1b2a16236a63d75f1a3e48571906751f,14555057059,6745274862,DealSeek,us,5,Best deals,Best deals I can find and all my needs,Best deals I can find and all my needs,Rbnvindiola,1.61.79,2026-09-16T03:51:35Z,False,itunes_rss_mostRecent,False,False
34056c0dff3a5f7420c2f2e86ff8cb3b982b5dc554288cff37df4e58eed80627,14554669561,6745274862,DealSeek,us,5,Wowza!,A table dealer in Vegas told me about this app and I’m so glad she did. I immediately got my first deal within minutes of downloading. Now I’m hooked!,A table dealer in Vegas told me about this app and I’m so glad she did. I immediately got my first deal within minutes of downloading. Now I’m hooked!,kj41313,1.61.79,2026-09-16T01:10:08Z,False,itunes_rss_mostRecent,False,False
894b4fe093ef299824a7d0db37e65eedc321fe5e53d624cb9f3938e111199f8d,14553981523,6745274862,DealSeek,us,5,Wow,Excelente app para ahorrar dinero,Excelente app para ahorrar dinero,A dreamy,1.61.79,2026-09-15T20:39:01Z,False,itunes_rss_mostRecent,False,False
e3a1a209f53630b88ce05e074ec36b4a988f343984111f83c959ba8654c8c135,14553901537,6745274862,DealSeek,us,5,Must download,Tremendous deal galore… in love with this app,Tremendous deal galore… in love with this app,Florida Dolphin,1.61.79,2026-09-15T20:09:42Z,False,itunes_rss_mostRecent,False,False
adec1a05a0381c894aa9f7d932989d9994fe2a31efd77e6824430591030190d3,14553822514,6745274862,DealSeek,us,5,Great app,Love this app they have sucha good deals! This is where im doing all my Christmas shopping!!,Love this app they have sucha good deals! This is where im doing all my Christmas shopping!!,marreinaa,1.61.79,2026-09-15T19:40:57Z,False,itunes_rss_mostRecent,False,False
f0206b2e5c427779c86cc4d222938af8d2f310153f48e9d23fa3858230b50094,14553767601,6745274862,DealSeek,us,5,iPhone charger,Great deal,Great deal,Beth-child of God,1.61.79,2026-09-15T19:21:10Z,False,itunes_rss_mostRecent,False,False
76b3e3b475c3c899a8ca36440ec59ac22697675a98a9d20f09913930d5920409,14553076026,6745274862,DealSeek,us,5,Best ever,Awesome site great deals,Awesome site great deals,Nancy M 212,1.61.79,2026-09-15T15:30:36Z,False,itunes_rss_mostRecent,False,False
74ff96f6f4c96b2ca5d966f3c722a0add00813ade6b2f2f26329f27d20158d3f,14552276536,6745274862,DealSeek,us,5,La mejor app,Es espectacular y fácil de usar,Es espectacular y fácil de usar,Alhsjsjs,1.61.79,2026-09-15T11:22:20Z,False,itunes_rss_mostRecent,False,False
5f4a6f8d8d71bf01fab5b61603ac08c5de8c568a9b3f50d0dfef1c328d3b5117,14552032567,6745274862,DealSeek,us,5,Very useful,There is lots of great discounts on popular items,There is lots of great discounts on popular items,DracoSS1,1.61.79,2026-09-15T09:46:37Z,False,itunes_rss_mostRecent,False,False
77b0bb9bc5ebcdc5a0ac426d7bc4cdde7ee25ba9d61fad7069a9de331186a85c,14550645985,6745274862,DealSeek,us,5,Deals,I can find great deals on things I need.,I can find great deals on things I need.,Skywings_25,1.61.79,2026-09-14T23:17:44Z,False,itunes_rss_mostRecent,False,False
7dce3d02cecfc72d63b1649426503b5ac35fc661b418188c63c9de42ca74f254,14550560516,6745274862,DealSeek,us,1,Not good,I used it to buy a skirt and a men’s t shirt came instead,I used it to buy a skirt and a men’s t shirt came instead,Sofia the first 55,1.61.79,2026-09-14T22:42:31Z,False,itunes_rss_mostRecent,False,False
94597658750d3edca18b7d74e05798e55d4d111a1749ebc9ad99f188b5477040,14550366966,6745274862,DealSeek,us,4,Sale every day,It’s a app to buy every day,It’s a app to buy every day,Karinacuerpo,1.61.79,2026-09-14T21:23:47Z,False,itunes_rss_mostRecent,False,False
6b007d53480bef57575162b15ed4bc498cf43daad586123b82ecda743472e91e,14549739437,6745274862,DealSeek,us,5,Best thing I have ever used,This is the best thing I have ever seen. I go here before I purchase anything from Amazon. I have saved so much money by doing this. I would recommend it to anybody and I do. I’ll tell people at the store whenever I bump into them and they’re getting ready to order something. I tell them to go to DOT first sometimes directions on how to do it I love this you will too.,This is the best thing I have ever seen. I go here before I purchase anything from Amazon. I have saved so much money by doing this. I would recommend it to anybody and I do. I’ll tell people at the store whenever I bump into them and they’re getting ready to order something. I tell them to go to DOT first sometimes directions on how to do it I love this you will too.,Tonif33,1.61.79,2026-09-14T17:38:06Z,False,itunes_rss_mostRecent,False,False
ddbd55adab64edd21aa468350308838e81763dd448f585f1d858e39e0bb7c534,14549724132,6745274862,DealSeek,us,5,Great,I love the app cause I love the deals I get with the promo codes .,I love the app cause I love the deals I get with the promo codes .,Peanutbaby38,1.61.79,2026-09-14T17:33:01Z,False,itunes_rss_mostRecent,False,False
b7194e7238daf1e3e5b762b49ba5c9e1bff731cd132418316f869bb79bfa41fc,14549592857,6745274862,DealSeek,us,5,👍,Amazing!!! 😍😍😍,Amazing!!! 😍😍😍,Joysyryl,1.61.79,2026-09-14T16:50:23Z,False,itunes_rss_mostRecent,False,False
0d2bf774c2442de901ae362819fd2f18aede5b5e098f3e395b4effc9401593b5,14549531631,6745274862,DealSeek,us,5,Awesome Deals,Easy to use and fun to save money!,Easy to use and fun to save money!,Ddwitty,1.61.79,2026-09-14T16:30:54Z,False,itunes_rss_mostRecent,False,False
1668227cdca5c459b8580773b9f3a7d3a59788defb20bc2d494b9507755de02c,14548819935,6745274862,DealSeek,us,5,Deal Seek,Love the product that the sell,Love the product that the sell,Seek great deals,1.61.79,2026-09-14T12:55:32Z,False,itunes_rss_mostRecent,False,False
98456dfb314519fda8e610412836274fdc4ef988e8be4b3331e040880cfa9e80,14547359586,6745274862,DealSeek,us,5,Don’t miss out on great deals!,"Enjoying all the deals, can’t believe it took me so long to find this App!","Enjoying all the deals, can’t believe it took me so long to find this App!",M.H Reviews,1.61.79,2026-09-14T02:26:09Z,False,itunes_rss_mostRecent,False,False
c127c16a223d7cbd77839958bbfdcfa29c002e15394dcfcd89ff5f7d6a7d180b,14547330655,6745274862,DealSeek,us,5,Dealseek,Bueno bonito y barato lo recomiendo encarecidamente 100%,Bueno bonito y barato lo recomiendo encarecidamente 100%,cotunto,1.61.79,2026-09-14T02:14:05Z,False,itunes_rss_mostRecent,False,False
9580f006cbf88c55beab71be334b2fd1ac94212167b8ca0e938b6d357d8e594b,14547146752,6745274862,DealSeek,us,5,Ame la app,"Buena app, muy amigable e intuitiva su eres nuevo en esta.","Buena app, muy amigable e intuitiva su eres nuevo en esta.",Marce line,1.61.79,2026-09-14T00:59:16Z,False,itunes_rss_mostRecent,False,False
f82d95732b274f180b4bd6a2f8bff3b391fcadd419752ed7037216e13c18847c,14546832573,6745274862,DealSeek,us,5,Yes! Download !!!,Great app - I have been saving bundles!! Not any funny business THIS one works!!,Great app - I have been saving bundles!! Not any funny business THIS one works!!,Suzanne0213,1.61.79,2026-09-13T22:50:25Z,False,itunes_rss_mostRecent,False,False
b44497ef48bba3e8c23d4562203f267f4b5999ecfc113b853b735f40d2409229,14546765680,6745274862,DealSeek,us,5,Love this site!,"Great Deals, easy shopping.","Great Deals, easy shopping.",GKBurns,1.61.79,2026-09-13T22:23:17Z,False,itunes_rss_mostRecent,False,False
b632c9330c16f184e12c837e01188eb7ab2d685d41a0edef7396b3486e5f3b01,14546406650,6745274862,DealSeek,us,5,Absolutely LOVE this but so addictive!,I bought this item last week and it shipped very fast!  When I received it I was doubtful that it would work because I had been having horrible sciatic pain for the last few weeks.  The directions were simple and easy to understand. As soon as I applied it and pulled the second two belts tight I could feel the pain subsiding that had been going down my bottom and back of my legs.  I ordered two more for friends of mine who have been having similar issues.,I bought this item last week and it shipped very fast!  When I received it I was doubtful that it would work because I had been having horrible sciatic pain for the last few weeks.  The directions were simple and easy to understand. As soon as I applied it and pulled the second two belts tight I could feel the pain subsiding that had been going down my bottom and back of my legs.  I ordered two more for friends of mine who have been having similar issues.,BlairBean,1.61.79,2026-09-13T20:09:00Z,False,itunes_rss_mostRecent,False,False
673653d7e55e476cacc6114e9d4f96799790959d120c54f110d0d3597565753a,14546264934,6745274862,DealSeek,us,5,One car in the best website there is,This is the best thing I I’ve ever downloaded,This is the best thing I I’ve ever downloaded,￼ linkyn Carr,1.61.79,2026-09-13T19:21:41Z,False,itunes_rss_mostRecent,False,False
6e32e213802e8196d6f1ac834450126ab559a9427a30d36ee5b0cb9612698481,14545578111,6745274862,DealSeek,us,5,Good app,I like that deals are across different websites,I like that deals are across different websites,Ashl007,1.61.79,2026-09-13T15:57:53Z,False,itunes_rss_mostRecent,False,False
be9dd5162a01cde534621679e728f49b8af931fae96bdb26f7fa6255b96dd7fa,14544783690,6745274862,DealSeek,us,5,Excelente,Me encanta esta aplicación,Me encanta esta aplicación,Actualización terrible mala,1.61.79,2026-09-13T12:09:44Z,False,itunes_rss_mostRecent,False,False
204ac0d0666d2ab6e3b4c9db00c2f4a82acb47d8f7ded5384cbd894bb3742ec4,14544783076,6745274862,DealSeek,us,5,What a deal!!!,"This app saves me so much money. I look at this app every day, and, typically order something everyday because the deals are amazing!  I have saved so much money on clothing, household items and even snacks. My most favorite app, you’re missing out of some great deals if you don’t use this app!!","This app saves me so much money. I look at this app every day, and, typically order something everyday because the deals are amazing!  I have saved so much money on clothing, household items and even snacks. My most favorite app, you’re missing out of some great deals if you don’t use this app!!",Watcher2430,1.61.79,2026-09-13T12:09:32Z,False,itunes_rss_mostRecent,False,False
6bb0ce75f2a3ee1bd273881ab737dfb4354df803940390c65f131fcec5439643,14544503201,6745274862,DealSeek,us,5,Saved me hundreds,I was in the market for a mattress and looked at every store online that sold mattresses and none of them had any good deals. The one I liked the best was $1500 so one last ditch effort before giving up I googled if there were any apps that auto applied coupons and came across this app. I typed in the name of the mattress I wanted and it showed that Amazon had it for $150 off + 15% cash back if I use my prime store card so I got $150 off instantly plus I should get about another $200 in cash back rewards. I was so close to just going with my second option that was $500 but now that I was able to save $350 I had to pull the trigger. Would definitely recommend.,I was in the market for a mattress and looked at every store online that sold mattresses and none of them had any good deals. The one I liked the best was $1500 so one last ditch effort before giving up I googled if there were any apps that auto applied coupons and came across this app. I typed in the name of the mattress I wanted and it showed that Amazon had it for $150 off + 15% cash back if I use my prime store card so I got $150 off instantly plus I should get about another $200 in cash back rewards. I was so close to just going with my second option that was $500 but now that I was able to save $350 I had to pull the trigger. Would definitely recommend.,imtheshizzniyee,1.61.79,2026-09-13T10:29:08Z,False,itunes_rss_mostRecent,False,False
afdf6f73b9653d2e92a7a31745e441548c22a0acadef12d047a561133fa2fbab,14544455062,6745274862,DealSeek,us,5,Best promo code app!,"Simple and easy to use!
5 stars!","Simple and easy to use! 
5 stars!",powerbubblemom,1.61.79,2026-09-13T10:10:29Z,False,itunes_rss_mostRecent,False,False
faace6b7fdcb8f923428b1867b566f2dc51482cc4def913d7c41d605641f0125,14543910110,6745274862,DealSeek,us,5,Chef,The best app ever,The best app ever,Yaralaguerre;),1.61.79,2026-09-13T06:29:09Z,False,itunes_rss_mostRecent,False,False
14d32c88add22521ac668181c5d3bba6706e208c23301c765316bcee75401c46,14543689592,6745274862,DealSeek,us,5,Andrés,Muy buena app,Muy buena app,Bravos jensndnd,1.61.79,2026-09-13T04:53:01Z,False,itunes_rss_mostRecent,False,False
a73396252d0ff060c2beef043084cddcd66ee6253e6b80bef44b2cdc75549ece,14543479731,6745274862,DealSeek,us,5,Hidden Gem,This site is amazing and 100% free!,This site is amazing and 100% free!,Aliawash7,1.61.79,2026-09-13T03:25:06Z,False,itunes_rss_mostRecent,False,False
2ba621e3e5a9109eb9755fe94bffa8ca027225f031d8d783bcbf6cc42e0d742f,14543335550,6745274862,DealSeek,us,5,Save $$$,Love this app!!,Love this app!!,Step@89,1.61.79,2026-09-13T02:29:24Z,False,itunes_rss_mostRecent,False,False
44fb974cfbe817c6655b8ce8d13de12291b9a745d454ca1d7f4507bfea420484,14542983530,6745274862,DealSeek,us,5,Excellent,Excellent,Excellent,Hggsdj fjkd,1.61.79,2026-09-13T00:15:13Z,False,itunes_rss_mostRecent,False,False
65f81e6bf1d944fcc422c642866c09ecd8181a018588d71b9011b57f391849e2,14542453301,6745274862,DealSeek,us,5,Great deals,Great deals on quality good with codes.This sight does all the work at finding them for you! All you have to do is Peruse through them and choose what you like!,Great deals on quality good with codes.This sight does all the work at finding them for you! All you have to do is Peruse through them and choose what you like!,JML1bean,1.61.79,2026-09-12T20:43:31Z,False,itunes_rss_mostRecent,False,False
3f2d067e798b611ca2d4b20099213f34ceee914e92f6ea15cc2001d78473bf94,14542362076,6745274862,DealSeek,us,5,Very good app,It’s helping a lot,It’s helping a lot,Mahergadallah,1.61.79,2026-09-12T20:10:19Z,False,itunes_rss_mostRecent,False,False
49d83feee1d1fa2cb9f3f5ca3de21507d2ac59d7137395037ebe25c6917a876b,14542107976,6745274862,DealSeek,us,5,My experience,This is very helpful with things that I couldn’t imagine that I could save on. Very useful,This is very helpful with things that I couldn’t imagine that I could save on. Very useful,MaiTai❤️🙏,1.61.79,2026-09-12T18:44:22Z,False,itunes_rss_mostRecent,False,False
116fd9619754954624ca607a45039dedeb6bfccf3bd34d854e3fd51117fe51b5,14541836922,6745274862,DealSeek,us,2,"Amazon: $4 , DealSeek: $6",Waste of time,Waste of time,bobatap,1.61.79,2026-09-12T17:19:11Z,False,itunes_rss_mostRecent,False,False
1a2660595c160f2fc3786a6a3eb852ef200dcae2a4efc71fe8df32e200dd11d6,14541818910,6745274862,DealSeek,us,5,Mr,Good update for items to be more cheaper and made life easy.,Good update for items to be more cheaper and made life easy.,noahsky409,1.61.79,2026-09-12T17:13:48Z,False,itunes_rss_mostRecent,False,False
1e5d8f95012be72bf93d472177e8f205ef0e2d9a9c36cfc06fd4198aef48a8ba,14541754145,6745274862,DealSeek,us,1,Hi,Um ur mom,Um ur mom,Fox$$$#&&*,1.61.79,2026-09-12T16:54:34Z,False,itunes_rss_mostRecent,False,False
193e62b9dc4e59eefd55f6555b40ce678b058006c071b7d3814b83de701d29fa,14541586888,6745274862,DealSeek,us,4,Fun and cheap!,Found great deals,Found great deals,Mrs g$,1.61.79,2026-09-12T16:06:21Z,False,itunes_rss_mostRecent,False,False
2506c0a297d7d5f570b04f5af5aa1a50507238184588d11015fb4f1e1aeb050e,14540924230,6745274862,DealSeek,us,5,Excelente,Me encanta. Tienen buenas promociones. Lo recomiendo.,Me encanta. Tienen buenas promociones. Lo recomiendo.,Omy Tapia,1.61.79,2026-09-12T13:02:25Z,False,itunes_rss_mostRecent,False,False
dd5a471a0880acda7c5a79d4b0bb0acb493725ac58c0860b3b49e27f3d3ae66a,14540897101,6745274862,DealSeek,us,5,Great savings,With this economy this app is a great tool to save money.,With this economy this app is a great tool to save money.,love ive,1.61.79,2026-09-12T12:54:23Z,False,itunes_rss_mostRecent,False,False
e5408e57ac83c0fcd6c1f1bdf25f22da46dc511a6856949fff54ae972090769e,14540868461,6745274862,DealSeek,us,5,Perfect Deal Seek App,Help us to save a huge money. Thanks Deal Seek,Help us to save a huge money. Thanks Deal Seek,Sadness&@,1.61.79,2026-09-12T12:45:51Z,False,itunes_rss_mostRecent,False,False
e1da32eb5e1293aef24bc9859d32e9aa448904d38f1adb44b343986f2009f595,14539874629,6745274862,DealSeek,us,5,GREAT DEALS,I love this app. The Amazon deals are great!!!,I love this app. The Amazon deals are great!!!,Ciesu,1.61.79,2026-09-12T06:33:04Z,False,itunes_rss_mostRecent,False,False
9d818928f29915c5138f55631956995d8446baba517d48218e5b75e07b14ab63,14539537768,6745274862,DealSeek,us,1,Fake Product,I’ve been trying to purchase a product.I follow procedures that are required a promo code to buy product and it tells me I have 3hours to purchase every time I enter it it says code isn’t good for this product.I reported it that it was a scam .they said they would check it and remove it 3 hours later nothing.,I’ve been trying to purchase a product.I follow procedures that are required a promo code to buy product and it tells me I have 3hours to purchase every time I enter it it says code isn’t good for this product.I reported it that it was a scam .they said they would check it and remove it 3 hours later nothing.,Ziggy1768,1.61.79,2026-09-12T04:07:38Z,False,itunes_rss_mostRecent,False,False
5941895f84da45eac4cd07ddeea6006ef125be81472a2d2f392cf50886a906cf,14538767451,6745274862,DealSeek,us,5,BEST DEAL APP,Deal seek is the greatest app for great deals!,Deal seek is the greatest app for great deals!,Cburg 1,1.61.79,2026-09-11T23:06:09Z,False,itunes_rss_mostRecent,False,False
ebf74bf713ebf8f0eba0b24eb4f8cd43e7ea5e947085f79b6655287d64a2cfe3,14538664283,6745274862,DealSeek,us,5,My favorite app I tell everyone I know about this app ❤️,I have found some INCREDIBLE deals on here. I also love thrifting and feel like this is kind of similar but something that I check every so often to see what’s on there! Must have ❤️❤️❤️,I have found some INCREDIBLE deals on here. I also love thrifting and feel like this is kind of similar but something that I check every so often to see what’s on there! Must have ❤️❤️❤️,karen not karen,1.61.79,2026-09-11T22:24:29Z,False,itunes_rss_mostRecent,False,False
47876407c049e5f12b5a30a7f279b9402ee08d79e976518ff7faf72768d65af1,14538307801,6745274862,DealSeek,us,5,Great,Love it,Love it,Pinky42761,1.61.79,2026-09-11T20:06:41Z,False,itunes_rss_mostRecent,False,False
e07170c3d5311d24a24ed0aaca6e984b200a39ad1549da5fdd47be105ba31cd6,14538162525,6745274862,DealSeek,us,4,Verified Coupons,Excellent app and provide verified coupons,Excellent app and provide verified coupons,Rajus111,1.61.79,2026-09-11T19:14:36Z,False,itunes_rss_mostRecent,False,False
3210cf03d5ab1b3a761c4e2e70a15a9e1222568b2d0616120062f596f6377d69,14538084000,6745274862,DealSeek,us,5,Amazing,Love it!,Love it!,Nadia Mechta,1.61.79,2026-09-11T18:47:02Z,False,itunes_rss_mostRecent,False,False
61eee5ce89ea57b21780e1e1c59ffb2cb86898cf52e84aebddd196c40690e0b4,14537665930,6745274862,DealSeek,us,5,Great,Great,Great,idkanyothername,1.61.79,2026-09-11T16:30:25Z,False,itunes_rss_mostRecent,False,False
c486f8b73ef45caf4aef887a15e7ba9b85fb499943cc09c520645486caeeb5d1,14537519176,6745274862,DealSeek,us,5,Love this app,Gives promo codes and best deals for cheap on Amazon and Walmart. Every day items you can find so much cheaper using deal seek,Gives promo codes and best deals for cheap on Amazon and Walmart. Every day items you can find so much cheaper using deal seek,Carolinagirlieqt,1.61.79,2026-09-11T15:46:20Z,False,itunes_rss_mostRecent,False,False
302b1339b78403a934f6ffef95ba5d8b33198f1b62581903f216c16cdc452208,14537089392,6745274862,DealSeek,us,5,Deal seeker,Great deals from different stores!!,Great deals from different stores!!,Garza.A*68,1.61.79,2026-09-11T13:43:04Z,False,itunes_rss_mostRecent,False,False
bb79a2c95b9ef3597ff123a607ee5fadae4dce2d9eb67132e0f8cd0d0beab10a,14535949501,6745274862,DealSeek,us,5,Excelente,Excelente gracias,Excelente gracias,pipilamstrum,1.61.79,2026-09-11T06:37:22Z,False,itunes_rss_mostRecent,False,False
aa8863299f0a3c991a4efd8d17dff394ddbbd513375ea162bec98b865a7d8faa,14535879858,6745274862,DealSeek,us,5,Great app,The real deal,The real deal,Steve-o Burnley,1.61.79,2026-09-11T06:04:25Z,False,itunes_rss_mostRecent,False,False
e011ab6792a68797b60153bbfe318071fe5e42c1a1dedcd284a16d737ff9da34,14535091835,6745274862,DealSeek,us,2,Frustrating,"I have found some very good deal but recently it seems like more often than not when I enter the code and I get “this promo can’t be applied to your perchase” message. I think I have found a good deal on an item I want and it doesn’t work.

I still always check DealSeek before I make an Amazon purchase. I don’t always find the best deal but often there are deals and coupons that I would not have found on my own.","I have found some very good deal but recently it seems like more often than not when I enter the code and I get “this promo can’t be applied to your perchase” message. I think I have found a good deal on an item I want and it doesn’t work. 

I still always check DealSeek before I make an Amazon purchase. I don’t always find the best deal but often there are deals and coupons that I would not have found on my own.",YerihatesYI,1.61.79,2026-09-11T00:24:49Z,False,itunes_rss_mostRecent,False,False
2f3a88f5a2df8466bbb9cf7f8ce9b569661e3703a0d791062b3685dad56a5c82,14534927144,6745274862,DealSeek,us,4,Great deals,Overall picks are fine tuned the more you scroll and like certain deals that interest you.,Overall picks are fine tuned the more you scroll and like certain deals that interest you.,MrClickr,1.61.79,2026-09-10T23:19:27Z,False,itunes_rss_mostRecent,False,False
5eb1c1fc08e8767b854f695119f89c2cc4fac84d2e1644f81b0b0100c7db658a,14534925793,6745274862,DealSeek,us,5,Wow,Just wow,Just wow,Jesssuna,1.61.79,2026-09-10T23:18:55Z,False,itunes_rss_mostRecent,False,False
dc09bbeb829c8dec98d8a8fb939b0c14d253cede2d590a538682cabf43db9b56,14534925630,6745274862,DealSeek,us,5,Great deals,I have just discovered this site and I’ve already saved so much money. It’s so easy the way they have it set up! You just click the link and voila!! Once you try you’ll be hooked!,I have just discovered this site and I’ve already saved so much money. It’s so easy the way they have it set up! You just click the link and voila!! Once you try you’ll be hooked!,Sunfunmash,1.61.79,2026-09-10T23:18:51Z,False,itunes_rss_mostRecent,False,False
307e978f8593d3835c6cdba63cad89b87ec6fbcb60582b59a9cf81bce7eb09f9,14534805216,6745274862,DealSeek,us,5,Great Deals,I love this app! Gives great discounts!,I love this app! Gives great discounts!,Skipper🌺,1.61.79,2026-09-10T22:30:54Z,False,itunes_rss_mostRecent,False,False
906c1cbaf2f602625a09a79730126c780e77343aacaa59becb838c3ed146457f,14534665193,6745274862,DealSeek,us,5,Great app!!,I can find almost anything on here and have utilized it a ton!!,I can find almost anything on here and have utilized it a ton!!,ARF0999,1.61.79,2026-09-10T21:35:38Z,False,itunes_rss_mostRecent,False,False
eba4e668d96e0a8953d6508ac3e8220eaca69b29a5ea9b8ee668b1b1b7d70d34,14534080520,6745274862,DealSeek,us,5,Mari,2026,2026,Command_ER,1.61.79,2026-09-10T18:08:30Z,False,itunes_rss_mostRecent,False,False
ecfc2243ff25bea30e70f28d8b447f206032a622e1a7b6f475f073d701e72177,14534078270,6745274862,DealSeek,us,5,De facil uso,App que no es complicado aplicar.,App que no es complicado aplicar.,Valeria 25,1.61.79,2026-09-10T18:07:46Z,False,itunes_rss_mostRecent,False,False
63fe2ca96ab8d5141776b646d508cc366402df90952d6d23b52391f9b0e96ad5,14533780415,6745274862,DealSeek,us,5,Amazing,10/10,10/10,Cassie2699,1.61.79,2026-09-10T16:34:31Z,False,itunes_rss_mostRecent,False,False
0d2f2b5d61d28020d1ec554d9977b9059d5f21505400e9bf79070a9280a30790,14533761107,6745274862,DealSeek,us,5,It’s a great deal in a big deal,Someone told me about DealSeek and I have trusted to find all the great things and our great discount with Walmart,Someone told me about DealSeek and I have trusted to find all the great things and our great discount with Walmart,BigDealSway,1.61.79,2026-09-10T16:28:40Z,False,itunes_rss_mostRecent,False,False
569d8f39df6a15b351bbada4fdc1f934cae60c1ec7e843f8dcca926b0725e977,14533667437,6745274862,DealSeek,us,5,Los ahorros son super buenos,Me encanta puedo ahorrar tanto,Me encanta puedo ahorrar tanto,Lil23$,1.61.79,2026-09-10T16:00:53Z,False,itunes_rss_mostRecent,False,False
5cc41078cee3eb78d3316e922c4c070ff2c65a039f7c9f7106b32ae5b00827a0,14533410822,6745274862,DealSeek,us,5,Great website,"I love a good deal and this website seems to have a bunch. I haven’t used any yet, but I look forward to using a lot of them.!","I love a good deal and this website seems to have a bunch. I haven’t used any yet, but I look forward to using a lot of them.!",Beading forever,1.61.79,2026-09-10T14:46:57Z,False,itunes_rss_mostRecent,False,False
8c195fddf76d88eff861c14f2d4503e3d9a31fe4179bf16fc993a3c2c64a4721,14532353617,6745274862,DealSeek,us,5,Nice so far,I like it,I like it,Beauty$$$$&&&@@@,1.61.79,2026-09-10T09:05:00Z,False,itunes_rss_mostRecent,False,False
3e85141646e0448f339cd2e0a24f13ede70cf9e43aa4a6a972d7cc85b6ac5f85,14532067097,6745274862,DealSeek,us,5,Good deals,Good opportunity to obtain some discounts,Good opportunity to obtain some discounts,😊JL Disney😉🎶😃,1.60.0,2026-09-10T06:54:39Z,False,itunes_rss_mostRecent,False,False
d1f0d7478154bca4d68e367a87b5a705d665311b8f677bdb1058c78c3870e87c,14532026077,6745274862,DealSeek,us,5,Love the savings,I just found your app and I’ve spent the last 4 hours looking at everything on my wish list. You have saved me over $500 already.,I just found your app and I’ve spent the last 4 hours looking at everything on my wish list. You have saved me over $500 already.,Troyfish432,1.61.79,2026-09-10T06:35:47Z,False,itunes_rss_mostRecent,False,False
c80e1a19cfded876746c2c7a8290c28ee552e98ee4e75cc8c6cbb169d669e25b,14531567275,6745274862,DealSeek,us,5,Awesome deals,I’ve purchased several items and I’ve received awesome deals!!,I’ve purchased several items and I’ve received awesome deals!!,Pas ang,1.61.79,2026-09-10T03:06:59Z,False,itunes_rss_mostRecent,False,False
ea1d8b5b4772a4b9d629f71a772d91421085ba2e882b80ace35db4518662d4ac,14531428545,6745274862,DealSeek,us,5,What a deal!,Was looking for a pillow for a reasonable price for my shoulder pain was so glad to find a coupon code that took 58% off so excited!,Was looking for a pillow for a reasonable price for my shoulder pain was so glad to find a coupon code that took 58% off so excited!,dolifawset,1.61.79,2026-09-10T02:10:58Z,False,itunes_rss_mostRecent,False,False
776d9e3c3faa1fb33b9fe5604733b2035776478712386237b398ca0d53876aed,14530930440,6745274862,DealSeek,us,5,Excelente,Me apareció buenos precios,Me apareció buenos precios,Súper esta aplicación recomend,1.60.0,2026-09-09T22:58:52Z,False,itunes_rss_mostRecent,False,False
980fdd5cc3c21fa89a29e5e50f318dfc624acb469b4eaa464d5aa3545d508582,14530844400,6745274862,DealSeek,us,5,Found great codes and coupons!,"I have been living this app, and it has saved me money on things that I wanted to buy! I tell everyone about it because you never know what deals you might find!","I have been living this app, and it has saved me money on things that I wanted to buy! I tell everyone about it because you never know what deals you might find!",MskarioKitty,1.60.0,2026-09-09T22:25:12Z,False,itunes_rss_mostRecent,False,False
d24aed12c97953e70210bc8955f8eb8e1c1d26ed7db1cb84c6fbc36fb24f05ad,14530671146,6745274862,DealSeek,us,4,Awesome score!,Turns out this was a great find! Thank you for this!!!,Turns out this was a great find! Thank you for this!!!,Marmsrocks50,1.61.79,2026-09-09T21:19:05Z,False,itunes_rss_mostRecent,False,False
82c247852bc6b7e03fd934ef6f6dd459127f38a29386dfb3571cc13baa31b6b7,14530218911,6745274862,DealSeek,us,5,Items I love,I have found great deals with the app I love it,I have found great deals with the app I love it,Happy to Walk,1.60.0,2026-09-09T18:39:24Z,False,itunes_rss_mostRecent,False,False
418c501bcf2d4513dabede3399117778ea8342759a700102023b88c12822f65f,14530176338,6745274862,DealSeek,us,5,I thought it was too good to be true…but it’s REAL Savings!,"I watch the ads of Deal Seek on TikTok and I said to myself….let me try it to see if it’s real…..and it is!
I had used coupons to purchase, specially on Amazon. Wished I knew it sooner!","I watch the ads of Deal Seek on TikTok and I said to myself….let me try it to see if it’s real…..and it is! 
I had used coupons to purchase, specially on Amazon. Wished I knew it sooner!",Lucia_estetica,1.60.0,2026-09-09T18:25:24Z,False,itunes_rss_mostRecent,False,False
b03a4299b48920203e138372345186c39da57e7170a3578d51a790889bf7491b,14530064148,6745274862,DealSeek,us,5,Great finds!!!,Saves my time and love shopping these great deals. Ty,Saves my time and love shopping these great deals. Ty,Butterfly KP,1.60.0,2026-09-09T17:48:52Z,False,itunes_rss_mostRecent,False,False
10ed75e313d1ea837bec7680d83fe599a6adb72356ab4f8a849a5bdafdac9031,14529078505,6745274862,DealSeek,us,5,Awesome,Love this website,Love this website,blueluvr6,1.60.0,2026-09-09T12:58:05Z,False,itunes_rss_mostRecent,False,False
da22ed17cc591f26677f2dd2e7658f44b52252cf40651d0d7eb1780e7a8bf6ba,14529041804,6745274862,DealSeek,us,5,Calificación,Me encanta,Me encanta,Ares Denver,1.60.0,2026-09-09T12:47:08Z,False,itunes_rss_mostRecent,False,False
2d17383d9a6a5743c0d3b0efb1c082133dc7bf3c92a20bd8b905d88f144fff7e,14529012447,6745274862,DealSeek,us,5,Love this app,Easy to use and always have great deals!,Easy to use and always have great deals!,Kikibaybeee,1.60.0,2026-09-09T12:38:24Z,False,itunes_rss_mostRecent,False,False
8db12a89c904fc9b3a30456358e02a6942d8538ccf4ac1137004c50f5c52a3fa,14527559722,6745274862,DealSeek,us,5,I love your deals & promo codes!!,"I have saved so much since I started following you, thank you for taking away the headaches of searching for deals!! Christmas will be much cheaper this year 😆 🥰💜","I have saved so much since I started following you, thank you for taking away the headaches of searching for deals!! Christmas will be much cheaper this year 😆 🥰💜",bbschultz51703,1.60.0,2026-09-09T02:31:16Z,False,itunes_rss_mostRecent,False,False
5c2853f2d61318758613c164fd254e699dc8853de0d95988aad533f22a464824,14527511848,6745274862,DealSeek,us,5,Money saving bonanza,"If you like to save your money DealSeek is for you ,they come to you daily one better than the other","If you like to save your money DealSeek is for you ,they come to you daily one better than the other",Dealorama,1.60.0,2026-09-09T02:12:00Z,False,itunes_rss_mostRecent,False,False
ccad02aa9607842aad785fe11b9e136a07d8196683875d6ce4a322883eea9966,14527477904,6745274862,DealSeek,us,5,AWESOME APP,I LOVE this app… easy to use and súper Great deals.,I LOVE this app… easy to use and súper Great deals.,Amy 🌷,1.60.0,2026-09-09T01:58:33Z,False,itunes_rss_mostRecent,False,False
b64370c2f6f23c9f01511c82fc659262d623682c7e37a7afd85b0c45c427b00c,14526931427,6745274862,DealSeek,us,5,Amazing!!,I can pop on and grab a great deal anytime. I have saved so much $$. You can put in anything you may be buying and you can find a coupon or discount. Such a good app and easy to use!,I can pop on and grab a great deal anytime. I have saved so much $$. You can put in anything you may be buying and you can find a coupon or discount. Such a good app and easy to use!,Sweetestpea78,1.60.0,2026-09-08T22:23:33Z,False,itunes_rss_mostRecent,False,False
6a38fd082f04fe86317761ade4353d169e92f8039855761bf4660145175d62c2,14526904998,6745274862,DealSeek,us,5,Love Deal Seek!,I just joined and already found some amazing deals! Thank you so much for finding some awesome deals!!,I just joined and already found some amazing deals! Thank you so much for finding some awesome deals!!,teresaandchip,1.60.0,2026-09-08T22:13:04Z,False,itunes_rss_mostRecent,False,False
f6e2a21a8cb2c4f0ec94ac06a6e002ec83fbf3bf3e2465d95df150c4978f723d,14526756719,6745274862,DealSeek,us,5,Deals Galore,I love the huge discounts I get when I use promo codes from Deal Seek. I’m so glad I discovered it!,I love the huge discounts I get when I use promo codes from Deal Seek. I’m so glad I discovered it!,sempcon,1.60.0,2026-09-08T21:16:11Z,False,itunes_rss_mostRecent,False,False
e23f0eac4d07d0ebb152e5767ae0b44548c4e04da35acd87f3b60148bc26161e,14526199127,6745274862,DealSeek,us,5,Amazing App,This App is saving me so much money!,This App is saving me so much money!,Vickie Lea,1.60.0,2026-09-08T18:05:11Z,False,itunes_rss_mostRecent,False,False
885e3803b97a6e1d24336f9b6e0b918fe8edd60fcd11c059566f303575f50297,14526075239,6745274862,DealSeek,us,5,Fenomenal sales,I found everything you will think & great prices!,I found everything you will think & great prices!,EnidInisuap,1.60.0,2026-09-08T17:25:31Z,False,itunes_rss_mostRecent,False,False
1e65466131a5b442bf37371d05f336ad7016d545a8adcd5d922fabdcf4a1306d,14525358114,6745274862,DealSeek,us,5,Killer find!,"Love this app so much, it’s a game changer for sure!","Love this app so much, it’s a game changer for sure!",jennreed020,1.60.0,2026-09-08T13:51:17Z,False,itunes_rss_mostRecent,False,False
45de6bba99ba41fda8fb2c347cbdd27817fa5428a2f21de2412ffa4df923a837,14525309493,6745274862,DealSeek,us,5,i love it,Very interesante,Very interesante,Dayoo123,1.60.0,2026-09-08T13:36:59Z,False,itunes_rss_mostRecent,False,False
f656af0a6d5c31ebedf724db43915afce60aacd47cb60ff0436a20a10ec22900,14524877782,6745274862,DealSeek,us,5,Great Deals,Loving this app!!,Loving this app!!,Donnadeepe,1.60.0,2026-09-08T11:20:50Z,False,itunes_rss_mostRecent,False,False
723d8b1af5261ddb882149789d58d1e68a73272ff60f9cf3369046df2b3c7843,14523340673,6745274862,DealSeek,us,5,Best app I have ever seen,Best app I have ever seen,Best app I have ever seen,ShreeGanesh5,1.60.0,2026-09-08T00:06:11Z,False,itunes_rss_mostRecent,False,False
b2d5d74cbfe2a501ce634858d05377ce4b007a6b17ef9779d6996036d2ff86d8,14523311738,6745274862,DealSeek,us,5,Great!,Nice discounts on things you’ll use!,Nice discounts on things you’ll use!,L21A11,1.60.0,2026-09-07T23:54:29Z,False,itunes_rss_mostRecent,False,False
e475d3535b57e1749ba2a9d5b51e6a3abd4f3ad49d8aeab8abc81e0f6b45ea95,14523061729,6745274862,DealSeek,us,5,Awesome,Great app. Lots of deals!,Great app. Lots of deals!,Ywgeyeb,1.60.0,2026-09-07T22:14:42Z,False,itunes_rss_mostRecent,False,False
e08f4c230e8fbd18fc584e48bf4621b7736b54014484cbff31ef620bc424e263,14522901046,6745274862,DealSeek,us,5,Nice,Nice,Nice,Ozil GM,1.60.0,2026-09-07T21:13:03Z,False,itunes_rss_mostRecent,False,False
719e8272576c50534aec5700bdf00f1b8f43a1afa40525ea020cacf222a1a2b2,14522853284,6745274862,DealSeek,us,5,Amazing,This is one of the best apps I’ve ever used. They’ve got great deals and can help you save a buck. I cannot recommend enough.,This is one of the best apps I’ve ever used. They’ve got great deals and can help you save a buck. I cannot recommend enough.,Mommurphy15,1.60.0,2026-09-07T20:55:22Z,False,itunes_rss_mostRecent,False,False
521a392711fa7cad87e71a3be737fa04f7c6c9d3fa1dd79e7b3e0f30a551a58c,14522197907,6745274862,DealSeek,us,5,Saving Money!,"I love how this app gives me a deeper discount on items that I need to purchase. Quick, easy, and affordable. Who doesn’t like saving money? Download this app now and thank me later.","I love how this app gives me a deeper discount on items that I need to purchase. Quick, easy, and affordable. Who doesn’t like saving money? Download this app now and thank me later.",Davis-Vaught,1.60.0,2026-09-07T17:21:58Z,False,itunes_rss_mostRecent,False,False
226eb8c2754e72d877e3d0c634d71757f1c5fcb694c157a4ed38ef318bcfe93a,14521778431,6745274862,DealSeek,us,5,Great app,"Great app. You don’t always find deals on everything you’re looking for, but most of the time you do.","Great app. You don’t always find deals on everything you’re looking for, but most of the time you do.",Player 01,1.60.0,2026-09-07T15:20:31Z,False,itunes_rss_mostRecent,False,False
86321d299c7574352ee492c8fdcfc75d5d27b5e7ba37423e307a56191cd89b55,14521665463,6745274862,DealSeek,us,5,Cupones,Excelente aplicación me gusta mucho y buenas ofertas,Excelente aplicación me gusta mucho y buenas ofertas,BebéDesi,1.60.0,2026-09-07T14:48:59Z,False,itunes_rss_mostRecent,False,False
805870138fc21d5dba0475f6fb8a49c65e82eecda14a50e05dae2e2f938050ec,14521211617,6745274862,DealSeek,us,5,Mrs,Great deals and saved 50 percent on purchases!,Great deals and saved 50 percent on purchases!,SaheimC,1.60.0,2026-09-07T12:34:49Z,False,itunes_rss_mostRecent,False,False
de921be05f5070ce62aa11ee61509f0b2018e458ebe196a793d5010d87a42cbc,14521154621,6745274862,DealSeek,us,5,Great Site,Great site!  Great prices!  Well worth the time to graze through the low priced products!,Great site!  Great prices!  Well worth the time to graze through the low priced products!,terrysuchma,1.60.0,2026-09-07T12:15:46Z,False,itunes_rss_mostRecent,False,False
8a8ce6f63aa827ed83361c37fba2ad0cef8ebdf5a7a99a265fcbc6774b52648a,14520976826,6745274862,DealSeek,us,5,Great deals!,Able to purchase items at low prices. Great selections daily.,Able to purchase items at low prices. Great selections daily.,Mcltch,1.60.0,2026-09-07T11:11:30Z,False,itunes_rss_mostRecent,False,False
02a408d30245728a632b1eef7dc525dcf30abae3e11df39b299cffb3d096f572,14520964053,6745274862,DealSeek,us,5,Excelente app,"Súper buena la app, deberían de crear más","Súper buena la app, deberían de crear más",Ninoskaro,1.60.0,2026-09-07T11:06:34Z,False,itunes_rss_mostRecent,False,False
98f8623d6b19afd352da053a053b8812c9daf98cb9d52fc0a22114ebb2e260e1,14520932002,6745274862,DealSeek,us,5,Awesome!,"Whenever I need to buy something, I’ll always have to check it on the DealSeek and most of the time I will find it. Thank you DealSeek!!","Whenever I need to buy something, I’ll always have to check it on the DealSeek and most of the time I will find it. Thank you DealSeek!!",SNHLCWater,1.60.0,2026-09-07T10:54:04Z,False,itunes_rss_mostRecent,False,False
458230b63c67a5922d60d6e0ca1e1eb9135bb3d2d97be4b39df9450f94c6cb12,14519862947,6745274862,DealSeek,us,1,Constantly crashes,"This app worked maybe 3 days and then every time I would open it, all I get is a solid black screen.","This app worked maybe 3 days and then every time I would open it, all I get is a solid black screen.",Beanle,1.60.0,2026-09-07T02:42:54Z,False,itunes_rss_mostRecent,False,False
df2e22585a2016512793f82c008fda2a338d2a8c4a3cf11ad36d26ea4e44f6ca,14519773284,6745274862,DealSeek,us,5,First time user,Have been having lots of good luck using this app.,Have been having lots of good luck using this app.,19crystal86,1.60.0,2026-09-07T02:06:00Z,False,itunes_rss_mostRecent,False,False
80c461aa712fdcda39635adb03136a16ba226db2f1f68020c9661db6287b4627,14519263412,6745274862,DealSeek,us,4,Good deals,I like the app,I like the app,56ggme,1.60.0,2026-09-06T22:35:18Z,False,itunes_rss_mostRecent,False,False
1aaec0e25fcc05c69b2426dfac3ead1ca555b9c987d5d194bb98ba1f73fcd081,14519155480,6745274862,DealSeek,us,5,Deals!!,Love the coupons. I was able to purchase many things I was in the market for with 40-75% off. So much saving!,Love the coupons. I was able to purchase many things I was in the market for with 40-75% off. So much saving!,tahooos,1.60.0,2026-09-06T21:51:13Z,False,itunes_rss_mostRecent,False,False
6fa1f49f68ff27f55dfd846c1696ecf4ea6d5c0a6d128ab8894bcc92cc99713a,14518915397,6745274862,DealSeek,us,4,Finding deals,So far this site has shown them as a potential for great deals,So far this site has shown them as a potential for great deals,m0nkey27*,1.60.0,2026-09-06T20:19:02Z,False,itunes_rss_mostRecent,False,False
7f3d0f2b9acd46ab422163b8ded53a2f042e2f100d4fcfdf727db8748739f7f3,14518900814,6745274862,DealSeek,us,5,Wow. Great deals on here,Amazing how easy it is to use and the great deals. Love this app,Amazing how easy it is to use and the great deals. Love this app,Proudhawkmom,1.60.0,2026-09-06T20:13:49Z,False,itunes_rss_mostRecent,False,False
39405ffc3c2d8200b53070aa1ae4e54d8a344aacafa1a84fbee1acd656f4acfc,14518884549,6745274862,DealSeek,us,5,Mary G,I absolutely love DealSeek,I absolutely love DealSeek,MemawWGCG,1.60.0,2026-09-06T20:08:01Z,False,itunes_rss_mostRecent,False,False
b20e2d17908280d287285aa1fb5b441ec306d30423cca9e6eaa45decde1af7e7,14518879453,6745274862,DealSeek,us,5,Great app!,Easy to use and lots of great deals.,Easy to use and lots of great deals.,CarieMc,1.60.0,2026-09-06T20:06:13Z,False,itunes_rss_mostRecent,False,False
232d545ae9d61559875316f5f24832c15a0d2781b97e414fb627c0dc203a01ae,14518381844,6745274862,DealSeek,us,5,Best Option,Excellent deals i would recommended to anyone.,Excellent deals i would recommended to anyone.,JOR-0127,1.60.0,2026-09-06T17:22:31Z,False,itunes_rss_mostRecent,False,False
9861e5539242af0602e4fa96c464e5be1522a0b535f98dee34f1a6e3932fb3ce,14518274105,6745274862,DealSeek,us,5,Amazon’s Better Deals,"I was going to shop on Amazon anyway, but heading to DealSeek first means finding discounts and  saving even more money.","I was going to shop on Amazon anyway, but heading to DealSeek first means finding discounts and  saving even more money.",NoMartha,1.60.0,2026-09-06T16:49:44Z,False,itunes_rss_mostRecent,False,False
52dcff0f74f32ae0022276c0d1a8a683494345d97c3ead16928a3f991a0de137,14518199140,6745274862,DealSeek,us,5,My daily fix,Enjoy checking in every day to see all the goodies I don’t need but can’t resist because of the outstanding prices.,Enjoy checking in every day to see all the goodies I don’t need but can’t resist because of the outstanding prices.,pattio1942,1.60.0,2026-09-06T16:27:34Z,False,itunes_rss_mostRecent,False,False
3b27a43a36abb4b457f0e0e96ec7f79e48ff1e6f4249846134e086d0c117ae5c,14517531620,6745274862,DealSeek,us,5,Great discounts,Awesome deals,Awesome deals,Deals for great prices,1.60.0,2026-09-06T13:15:51Z,False,itunes_rss_mostRecent,False,False
fc0b20bbcd6960f789f874ad34ee0e723be53641390ee852430432536ab7407c,14517431961,6745274862,DealSeek,us,5,DEALS LOCATED,This is an easy way to find good to great deals. Loving it!,This is an easy way to find good to great deals. Loving it!,Pallua83,1.60.0,2026-09-06T12:45:39Z,False,itunes_rss_mostRecent,False,False
2b321b2749e0830c9f5e2ae820c5b008c328d1deadf9c29c6c8a999d53f6f3f4,14517327292,6745274862,DealSeek,us,5,Legit,Love it,Love it,Jelyan2,1.60.0,2026-09-06T12:11:53Z,False,itunes_rss_mostRecent,False,False
87b5870f2fd852f3047da29d574e4b7db8d811533abb023528b66b12b73de923,14517180022,6745274862,DealSeek,us,5,Deals,Great to have,Great to have,Eina R G,1.60.0,2026-09-06T11:21:04Z,False,itunes_rss_mostRecent,False,False
dd6686cde51fc096e1b032947177842bb466b7be7bdc46d74216671ff1de6328,14516425559,6745274862,DealSeek,us,5,real deal,always check here before i make purchases.. never disappointed,always check here before i make purchases.. never disappointed,Sirsweetnessofthevallry,1.60.0,2026-09-06T06:16:37Z,False,itunes_rss_mostRecent,False,False
9a6b21b9508b5a3c76b3a0ef78909afe6fc41dd7436229427c9a54a293206429,14515631728,6745274862,DealSeek,us,5,Fantastic!,I love seeing the deals.,I love seeing the deals.,Tlan1969,1.60.0,2026-09-06T00:51:49Z,False,itunes_rss_mostRecent,False,False
b7d7bca9e8097244e2a856aad7b4a27772b773ef776c32d8e2d1b2b3f416c709,14515101814,6745274862,DealSeek,us,5,Save with couponing,"Why not save with DealSeek coupons and discounts on different sites Walmart Amazon, and other stores they help you save money especially when you’re on a budget. Try it out. What do you have to lose? Have fun shopping while saving money.","Why not save with DealSeek coupons and discounts on different sites Walmart Amazon, and other stores they help you save money especially when you’re on a budget. Try it out. What do you have to lose? Have fun shopping while saving money.",Gespinoza266,1.60.0,2026-09-05T21:17:39Z,False,itunes_rss_mostRecent,False,False
0e055ee3a6d535a90a9bfe504fdb7c23f83a5eb561e3ec5f921b85ab3e9a9683,14514904568,6745274862,DealSeek,us,5,Just began using and 2 thumbs up,Did not know this app existed but have saved money already on products I have used in the past.,Did not know this app existed but have saved money already on products I have used in the past.,Shoguth,1.60.0,2026-09-05T20:04:29Z,False,itunes_rss_mostRecent,False,False
04f5f70fc803a5c9bc47547792e8cd5573f7a960b042581dab22bd3c3550e458,14514458812,6745274862,DealSeek,us,5,Great,Very good deals,Very good deals,denaweena,1.60.0,2026-09-05T17:36:58Z,False,itunes_rss_mostRecent,False,False
04302f39d2c7805ac978af920e129629799c157eacde8b4d5b8b54af80bc1fa3,14514372979,6745274862,DealSeek,us,5,Greats deals,Download the app before the take down! You find great deals and save money,Download the app before the take down! You find great deals and save money,Dnvarela,1.60.0,2026-09-05T17:10:49Z,False,itunes_rss_mostRecent,False,False
98aa3e6aaf24bd50c79a0a4491d076354ba47cdd3dfba5f066e2e40b8acff48b,14514182924,6745274862,DealSeek,us,5,Amazing deals,I have saved so much money on things I was already getting on Amazon. Love the app.,I have saved so much money on things I was already getting on Amazon. Love the app.,harry potter fan 😜🙄🎂🎉🤩❤️,1.60.0,2026-09-05T16:15:44Z,False,itunes_rss_mostRecent,False,False
40042351258d4af1606b8b2b12edbe5f647b726fb43a9470b4c3775484f9d7af,14513405212,6745274862,DealSeek,us,5,good deals,One of the best deals related app i ever see,One of the best deals related app i ever see,david rocco,1.60.0,2026-09-05T12:35:57Z,False,itunes_rss_mostRecent,False,False
fa66a5379db3090e72edbba86932c5c08647ef1c57dd4de3f72513d709f37b4d,14512572381,6745274862,DealSeek,us,5,Deal Seek,Great site for great deals!,Great site for great deals!,???4356,1.60.0,2026-09-05T07:24:14Z,False,itunes_rss_mostRecent,False,False
8564428aa753e02df657f6c119790daaf0ad8b3ebcfe10253e5ded829ec73466,14512310133,6745274862,DealSeek,us,5,What-a-Deal,"If you’re feeling skeptical, then I’ll just write this…if you’re not using DealSeeker, you’re losing money!!
Don’t second guess it, just download it and thank me later!!","If you’re feeling skeptical, then I’ll just write this…if you’re not using DealSeeker, you’re losing money!! 
Don’t second guess it, just download it and thank me later!!",BigMFCountry,1.60.0,2026-09-05T05:32:34Z,False,itunes_rss_mostRecent,False,False
dba23a8ad3ded14f534349d9e45167aff386daeeb85be493a0ce7290ff9e2628,14511653176,6745274862,DealSeek,us,5,Very helpful,Recommend awesomeness,Recommend awesomeness,ginfun123,1.60.0,2026-09-05T01:06:18Z,False,itunes_rss_mostRecent,False,False
6eca8858e95d597c71cb600aa3bd3ddb846ab3ce17ec4f52316ebce0bdf70911,14511475709,6745274862,DealSeek,us,5,Love this app,Good app if you are trying to save some money,Good app if you are trying to save some money,Tazz2818,1.60.0,2026-09-04T23:58:14Z,False,itunes_rss_mostRecent,False,False
b4341be5e49add28e1a5583a1fe52a48ce6916dfc32630844ef836e3a42f49af,14510602069,6745274862,DealSeek,us,5,Amo esta app,"Amo esta app, la uso bastante me ha ayudado bastante cuando quiero comprar algo me ahorro mucho","Amo esta app, la uso bastante me ha ayudado bastante cuando quiero comprar algo me ahorro mucho",Chanti0813,1.60.0,2026-09-04T18:31:43Z,False,itunes_rss_mostRecent,False,False
dc38f177c70a4b54bb071ba72d811143341093fd403e5522998ffab50a72cd92,14510491354,6745274862,DealSeek,us,5,Awesome App!,Love hunting for deals!!,Love hunting for deals!!,AhwahneeAngel,1.60.0,2026-09-04T17:55:02Z,False,itunes_rss_mostRecent,False,False
f2cdf8f8bc3eddf9ec19bf966db24f1a7d1c282db1007ad16486730597398165,14510260562,6745274862,DealSeek,us,5,Love DealSeek,I really enjoy this app. Save money while doing so.,I really enjoy this app. Save money while doing so.,ltjohnnyq,1.60.0,2026-09-04T16:41:58Z,False,itunes_rss_mostRecent,False,False
b07669a2d023c139694aef549b96a499bcb292c909a244eecac988cf8e47c4ad,14509937366,6745274862,DealSeek,us,5,Love it!!!,Great app to have I love deals and this absolutely helps! With the cost of living continuing to rise this helps make things a bit lighter on your pocket and if you have kids and you know they want everything lol or even just needing a break from all the expensive products then this app is for you!! Enjoy your shopping experience one e again!!!,Great app to have I love deals and this absolutely helps! With the cost of living continuing to rise this helps make things a bit lighter on your pocket and if you have kids and you know they want everything lol or even just needing a break from all the expensive products then this app is for you!! Enjoy your shopping experience one e again!!!,Tbabyevans2,1.60.0,2026-09-04T15:07:22Z,False,itunes_rss_mostRecent,False,False
fb4e7fae591121989110b7b18647d931ef65b4a2eb4798ce6f0ee81d8a860d0b,14509816199,6745274862,DealSeek,us,4,Lo mejor,"He quedado muy contenta con esta pagina me ha sido de gran ayuda,gracias","He quedado muy contenta con esta pagina me ha sido de gran ayuda,gracias",Maribelsan,1.60.0,2026-09-04T14:33:28Z,False,itunes_rss_mostRecent,False,False
0523dc166842efab6a65926e9d036b92e08b53ca7f3af6d3e5faa394af99b891,14509666481,6745274862,DealSeek,us,1,Coupon price was 24.99. Price was 39.99.,I followed the instructions and the price was not the same in checkout,I followed the instructions and the price was not the same in checkout,Ja Ja from Philly,1.60.0,2026-09-04T13:52:10Z,False,itunes_rss_mostRecent,False,False
1ed8a50b1b6ffaa47955f8fe72b9cb25e39d1cb482071a67ef4e763ffafd511a,14508601467,6745274862,DealSeek,us,5,Súper recomendable,En esta app e encontrado las mejores ofertas,En esta app e encontrado las mejores ofertas,"Carl,.",1.60.0,2026-09-04T07:37:15Z,False,itunes_rss_mostRecent,False,False
300509195ae34b7c9cf06960f1835e4da02e87ffb214fb1d98aae368fcf30fcd,14507432137,6745274862,DealSeek,us,5,great way to save,save money get the best deal,save money get the best deal,Jesusisreturningsoon,1.60.0,2026-09-03T23:12:46Z,False,itunes_rss_mostRecent,False,False
0322a955fca3b2c3dc8464598f6ade33315a8e17433de3a74b0471e1cbecfe4b,14507136555,6745274862,DealSeek,us,5,WOW! TOTALLY LEGIT AND HASSLE FREE!💖,"You can definitely trust this app. I love finding great deals and you can surely find them on Deal Seek. I was able to purchase a birthday gift for my twin granddaughters using a promo code that I wouldn't have been able to afford otherwise. And, I especially love that Deal Seek verifies the codes and discounts they post. I will use Deal Seek from now on. So glad my daughter told me about it!","You can definitely trust this app. I love finding great deals and you can surely find them on Deal Seek. I was able to purchase a birthday gift for my twin granddaughters using a promo code that I wouldn't have been able to afford otherwise. And, I especially love that Deal Seek verifies the codes and discounts they post. I will use Deal Seek from now on. So glad my daughter told me about it!",BCK62,1.60.0,2026-09-03T21:15:52Z,False,itunes_rss_mostRecent,False,False
c6d5d7b3cd266ae3f9de17947a1866916ec61bab97ad129a59197c0da9801173,14507027153,6745274862,DealSeek,us,5,Compras,Me gusta mucho esta opción..,Me gusta mucho esta opción..,pazluz,1.60.0,2026-09-03T20:34:31Z,False,itunes_rss_mostRecent,False,False
b26ec096d61d1ebe11a33001727908edd3c12c3c8b184638cb4c5a21b0905b51,14506973297,6745274862,DealSeek,us,5,Saving,I love saving money and just about Everytime I look on Amazon I check Deal Seek first,I love saving money and just about Everytime I look on Amazon I check Deal Seek first,Sherrysomnitz,1.60.0,2026-09-03T20:14:43Z,False,itunes_rss_mostRecent,False,False
1b9584af5a36ff8f485c0bcb40ee276faffd01bb04b17ce38be076a548baf83a,14506702043,6745274862,DealSeek,us,5,Great,Wonderful,Wonderful,don't say a cuss word,1.60.0,2026-09-03T18:39:10Z,False,itunes_rss_mostRecent,False,False
7dc2c6217092e8771a2dde1255b649907cd3d0a5770a88661bfe55f6f45965fa,14506621750,6745274862,DealSeek,us,5,Deal Seek,Love this website!,Love this website!,citrus way,1.60.0,2026-09-03T18:12:21Z,False,itunes_rss_mostRecent,False,False
d84a2774230044d11cf3c58d93ce3fceffb812922330eae72fc574f5dfc96c30,14506567616,6745274862,DealSeek,us,1,Pointless,It honestly didn’t help AT ALL.,It honestly didn’t help AT ALL.,Kzizzle76,1.60.0,2026-09-03T17:54:54Z,False,itunes_rss_mostRecent,False,False
d914f31f22cee5a735c6b22b8f8450bb792c554e18d227cb0d94b2e4c4dc4f55,14506333329,6745274862,DealSeek,us,4,Deals don't mention extra shipping,Twice I was wicked excited to purchase. Too good to be true. Price of $269 sectional was $137 buy not Prime it was shipped separate for $199 extra.,Twice I was wicked excited to purchase. Too good to be true. Price of $269 sectional was $137 buy not Prime it was shipped separate for $199 extra.,gabbigailcolors,1.60.0,2026-09-03T16:39:46Z,False,itunes_rss_mostRecent,False,False
370464a5e44fcc4dac3cf00184f214ef609f314989b3b79f9ce51d815939c3cc,14506276168,6745274862,DealSeek,us,2,Misleading,"I’ve used it and although it applies a promo code with Amazon, it’s not the same value as shown on this app.
Plus the discount that the app shows is NOT the correct percentage savings.","I’ve used it and although it applies a promo code with Amazon, it’s not the same value as shown on this app. 
Plus the discount that the app shows is NOT the correct percentage savings.",Echo KardioGram,1.60.0,2026-09-03T16:22:02Z,False,itunes_rss_mostRecent,False,False
bc874d69a67fe3f7d95c8144417e98784eb1b159274d32d462ab670e9ef02860,14506198982,6745274862,DealSeek,us,5,Awesome App,Great way to find great deals,Great way to find great deals,Mcnt521,1.60.0,2026-09-03T15:58:28Z,False,itunes_rss_mostRecent,False,False
ab874c85ca439d6d56372f283c0ece686eaf863e8c77342095e8ec7ddbf45909,14505580315,6745274862,DealSeek,us,5,Highly happy customer,The coupons work most of the time. No hassle😁,The coupons work most of the time. No hassle😁,PB/Hueytown,1.60.0,2026-09-03T12:57:24Z,False,itunes_rss_mostRecent,False,False
77128da76f09ad4633305fc4871a564b08f65b6dd9e509c6954d4543d649a461,14505534725,6745274862,DealSeek,us,5,DealSeek,Excellent app to find great deals,Excellent app to find great deals,mago037,1.60.0,2026-09-03T12:43:33Z,False,itunes_rss_mostRecent,False,False
2b6d7db2ab5a12ebc24162acd55177140c0007288a8b58b7b0c61393e8bcf08c,14505505205,6745274862,DealSeek,us,5,Awesome,Great way to find amazing sales,Great way to find amazing sales,dimont@,1.60.0,2026-09-03T12:34:32Z,False,itunes_rss_mostRecent,False,False
fa67e1437041c9a20b0e1db08fcd34098291ea44b4331f85449eac3353635eaa,14505297126,6745274862,DealSeek,us,5,What Temu strives to be!,Love this app.,Love this app.,Erock5482,1.60.0,2026-09-03T11:28:49Z,False,itunes_rss_mostRecent,False,False
b85cce3449a2b7aab222f962bad8cb9c8c91c6d16a88bf92f135a6f94d5aa273,14504312359,6745274862,DealSeek,us,5,Price,Very good,Very good,Dib896flooring 896,1.60.0,2026-09-03T04:18:41Z,False,itunes_rss_mostRecent,False,False
97753c0235836b0715ca7e78380a11560509c846e216468c763bf712ca37da7d,14504110723,6745274862,DealSeek,us,5,😍,Súper me encanta 😍😍😍,Súper me encanta 😍😍😍,me encanta ♥️♥️♥️,1.60.0,2026-09-03T02:50:01Z,False,itunes_rss_mostRecent,False,False
47044dfda64c1f48bba1e3b0a80b9528cfe7202339bfd6feb208c9687bd60ab1,14504061313,6745274862,DealSeek,us,5,Great Deals and Promo Codes,"If you’re not using Deal Seek when you shop, you’re missing out on some great savings!  I always check Deal Seek before I buy anything online.","If you’re not using Deal Seek when you shop, you’re missing out on some great savings!  I always check Deal Seek before I buy anything online.",floydfix,1.60.0,2026-09-03T02:29:40Z,False,itunes_rss_mostRecent,False,False
feec7f20f595ab28080c9ab2353f03b9c981caf3ed0b5ea6f44975fc4312babe,14503467562,6745274862,DealSeek,us,5,Love this app!!,"I just started using DealSeek… I’m replacing all of my kitchen items, dishes, pots and pans, etc. and I put a whole bunch of stuff in my Amazon cart. Then I went to DealSeek and searched those items and found great deals on them! Thank you, DealSeek for saving me money!","I just started using DealSeek… I’m replacing all of my kitchen items, dishes, pots and pans, etc. and I put a whole bunch of stuff in my Amazon cart. Then I went to DealSeek and searched those items and found great deals on them! Thank you, DealSeek for saving me money!",Karalea G.,1.60.0,2026-09-02T22:34:06Z,False,itunes_rss_mostRecent,False,False
ade66b5eccce101acc6bef148036703a758ec729125a896a67bc6893ce560345,14503429144,6745274862,DealSeek,us,5,Happy,Happy,Happy,BoraZana,1.60.0,2026-09-02T22:18:51Z,False,itunes_rss_mostRecent,False,False
d711990946ad7c3c572e5f78c0ba772d3b2afd3993d3f32044935975632e832c,14503050506,6745274862,DealSeek,us,5,Check daily!,I have gotten so many great deals here! You have to check it daily to run up on the deals you may want!,I have gotten so many great deals here! You have to check it daily to run up on the deals you may want!,ReeRee1901,1.60.0,2026-09-02T19:55:06Z,False,itunes_rss_mostRecent,False,False
34ff1bad5aaf1c8db19c0008f5ccef6cf93524c00780a90f730bb8b5e67c492a,14502755196,6745274862,DealSeek,us,5,súper,excellent,excellent,Cuquera,1.60.0,2026-09-02T18:13:28Z,False,itunes_rss_mostRecent,False,False
4e3e1b662ba499e14e3453f6c03e31cb262a32599c24f558ea1f3bf35ea4ef05,14502407264,6745274862,DealSeek,us,5,Great deals,This the first time a brought myself a gift on my birthday 🤦🏽‍♀️8/21. Thanks to DealSeek 🥰,This the first time a brought myself a gift on my birthday 🤦🏽‍♀️8/21. Thanks to DealSeek 🥰,RAW#1,1.60.0,2026-09-02T16:22:41Z,False,itunes_rss_mostRecent,False,False
d16d3d76c44141b1131596325339905f2c55f0de8b3b9e322142f2b748871f7c,14502141788,6745274862,DealSeek,us,5,It works !,First time on site. All codes worked and I saved money!,First time on site. All codes worked and I saved money!,Mar3261,1.60.0,2026-09-02T15:04:06Z,False,itunes_rss_mostRecent,False,False
a898379c1893221ea8eb19bc7ba21124cdf36fcbb13811075224165695e3d3fa,14501741659,6745274862,DealSeek,us,5,Muy bueno,Fácil de usar,Fácil de usar,rosaaleja,1.60.0,2026-09-02T13:10:07Z,False,itunes_rss_mostRecent,False,False
1153cda742df9a74d40cb95c4246757dc61f6cfeba8cf2d19864e28f9557c442,14501533781,6745274862,DealSeek,us,4,😁,Great App!,Great App!,AMT8769,1.60.0,2026-09-02T12:08:47Z,False,itunes_rss_mostRecent,False,False
67b0ac115db45a42786f7c072f2c6b663417c84d58d4e9d35addf74f5d64ac42,14501445277,6745274862,DealSeek,us,4,Love this apps,Is a very good app and they have a big category of good quality stuff.,Is a very good app and they have a big category of good quality stuff.,Hello-Alo,1.60.0,2026-09-02T11:41:10Z,False,itunes_rss_mostRecent,False,False
e6e509f1e278f2c35363a1224e5d96cb14fe0a70256c002528dafe510e4a460b,14501223268,6745274862,DealSeek,us,1,Too many notifications,Too annoying,Too annoying,Meloweep,1.60.0,2026-09-02T10:24:13Z,False,itunes_rss_mostRecent,False,False
6dc5953441a22ea2f3be06a3f62249bf009d04a9e3d90f9f94ae7ab43fe4b951,14500690708,6745274862,DealSeek,us,5,Great deals,It’s always great to get a good deal,It’s always great to get a good deal,Liannaf620,1.60.0,2026-09-02T06:32:19Z,False,itunes_rss_mostRecent,False,False
642335dbe231b37aed7ca5449b37672b28e7c3ee9455860ae572d51b4e26b1f0,14500124890,6745274862,DealSeek,us,5,Wow!!,Can’t believe I have saved over $20 on just 2 items!! This is awesome!!! Thank you!!,Can’t believe I have saved over $20 on just 2 items!! This is awesome!!! Thank you!!,Nana3 1/2,1.60.0,2026-09-02T02:21:39Z,False,itunes_rss_mostRecent,False,False
dc9373daede685fe2985e1e32bd93c7d20e9c628ae3e47d555c4df4f65fb6d46,14499953990,6745274862,DealSeek,us,5,Mamoy,Asta el momento es verdad lo de los descuentos.,Asta el momento es verdad lo de los descuentos.,Yaxale,1.60.0,2026-09-02T01:16:07Z,False,itunes_rss_mostRecent,False,False
86f60996f5691c3feb28af5eed3e17bcb1ab0f9a409c1b7c4a6ce2c2c13620be,14499872159,6745274862,DealSeek,us,1,Dupe,None of the codes seem to work!  Kinda annoyed.,None of the codes seem to work!  Kinda annoyed.,Tina love 911,1.60.0,2026-09-02T00:45:07Z,False,itunes_rss_mostRecent,False,False
c27aa1cee1b204e36ae36ad1bb08d5436571f299cb5aab083e2f076be3fceb28,14499474620,6745274862,DealSeek,us,5,Súper,Me encanta,Me encanta,Buen formulario,1.60.0,2026-09-01T22:09:05Z,False,itunes_rss_mostRecent,False,False
4f9ffd18ccc0f65afb4ef74f3b9c76ea91fc53523146f06f747d87fb790211ac,14499347058,6745274862,DealSeek,us,5,Genuinely 10/10,I downloaded this app off of instagram and just saved $145 on a GoPro style camera as well as a motion stabilizer. I’ve been wanting to buy one for a birthday trip coming up and this just made is feasible. I’ve already sent this app to like 10 people. Absolutely recommend.,I downloaded this app off of instagram and just saved $145 on a GoPro style camera as well as a motion stabilizer. I’ve been wanting to buy one for a birthday trip coming up and this just made is feasible. I’ve already sent this app to like 10 people. Absolutely recommend.,Meggiedoodlee,1.60.0,2026-09-01T21:20:30Z,False,itunes_rss_mostRecent,False,False
e4c6aa37eb26d21390517aca9c2114a909e6c09c929da730275ed92f8f783f62,14499121915,6745274862,DealSeek,us,5,Newby,"Just downloaded, haven’t used a promo code yet - but love the deals I’m seeing 😊","Just downloaded, haven’t used a promo code yet - but love the deals I’m seeing 😊",ItzMe23!,1.60.0,2026-09-01T19:59:20Z,False,itunes_rss_mostRecent,False,False
69bb671ba6c495b279e05211ddfc1e915d287ef882f6ee24d4194dd3b5c7e8c4,14498831467,6745274862,DealSeek,us,5,Save  $,Love this app. I always check what DealSeek has before making my purchases. I do end up getting stuff I didn’t know I needed but I’m happy with what I’ve gotten so far!!! Keep up the good work!,Love this app. I always check what DealSeek has before making my purchases. I do end up getting stuff I didn’t know I needed but I’m happy with what I’ve gotten so far!!! Keep up the good work!,Jentoh,1.60.0,2026-09-01T18:22:36Z,False,itunes_rss_mostRecent,False,False
81e39c553a1b120186e6a06022eb66e57c23e69e56c4387823fa4ca3986c151b,14498789995,6745274862,DealSeek,us,1,Codes never work,I’ve tried so many codes and none of them work.,I’ve tried so many codes and none of them work.,carlapep,1.60.0,2026-09-01T18:09:15Z,False,itunes_rss_mostRecent,False,False
dcaf6ed65ece5bc3351c1d5316c5a245e5b03bad06cbaf422127f4a4e06bf0fb,14498674132,6745274862,DealSeek,us,5,Great idea,Great pricing and variety of products!,Great pricing and variety of products!,Luvkats4,1.60.0,2026-09-01T17:32:38Z,False,itunes_rss_mostRecent,False,False
b18815b7b6179d6366e181d863e6ad74a2a8bbdd2141b2ce3b3e0ee0a08d294c,14498445593,6745274862,DealSeek,us,5,The BEST APP,Best app for those who are serious about finding great finds,Best app for those who are serious about finding great finds,789watdidueat,1.60.0,2026-09-01T16:23:32Z,False,itunes_rss_mostRecent,False,False
505fc0d03d67ddeadb50295cdbe4be163ccb2ae12b53c6e2ff0a01b7f0d72fc8,14498334802,6745274862,DealSeek,us,5,Good app to find deals on Amazon,"If you ever feel like you’re spending to much money on Amazon, download this app as it gives deals/promotion codes  for you to use. It is super simple and straightforward. 10/10","If you ever feel like you’re spending to much money on Amazon, download this app as it gives deals/promotion codes  for you to use. It is super simple and straightforward. 10/10",Carter madden,1.60.0,2026-09-01T15:51:05Z,False,itunes_rss_mostRecent,False,False
9fcc4a68091b9becdf143a4bcd46e487780800550b36a045243439aca7567a73,14498252916,6745274862,DealSeek,us,5,I like it,It’s so amazing and save a lots of money,It’s so amazing and save a lots of money,Secololy2,1.60.0,2026-09-01T15:27:32Z,False,itunes_rss_mostRecent,False,False
7f804fe0d52042251445c6fbf9a9d62ef7147bd202ebc64150b41f53f352531d,14497804720,6745274862,DealSeek,us,5,Very good deals.,I’m impressed with the price cuts on many great products.,I’m impressed with the price cuts on many great products.,Farm357,1.60.0,2026-09-01T13:22:38Z,False,itunes_rss_mostRecent,False,False
77b457e0670005961e462805bae823a722509d32f51df1ded9ec334ed356379f,14497791552,6745274862,DealSeek,us,5,Get this now!!,"If you don’t have this app, you need to get it. You never know what’s gonna be on here and there’s always something good. I shop for Christmas and birthdays early so this is great for me.","If you don’t have this app, you need to get it. You never know what’s gonna be on here and there’s always something good. I shop for Christmas and birthdays early so this is great for me.",wildflower20!,1.60.0,2026-09-01T13:19:02Z,False,itunes_rss_mostRecent,False,False
ea57646f503d2a3100b122347215c40d672e6a0765ea149b768ca3348b5089c3,14497788956,6745274862,DealSeek,us,5,Love this site,Awesome deals on great products!,Awesome deals on great products!,Shohannenberg,1.60.0,2026-09-01T13:18:17Z,False,itunes_rss_mostRecent,False,False
31dd2c862bc06fedd4ce7af06334f5c68aadd27b5b3f1c851d1ddeb2558093fd,14497769090,6745274862,DealSeek,us,5,The best app,"Amo esta apk , las ofertas son maravillosas","Amo esta apk , las ofertas son maravillosas",Jenn.perez93,1.60.0,2026-09-01T13:12:33Z,False,itunes_rss_mostRecent,False,False
f8f9383cd9e09ec0ee6a43093bc6bd3828c965b4ad989a1781dc54c0e3e75148,14497438236,6745274862,DealSeek,us,5,I’m not new to SEEKING DEALS and this app has saved me some $$$,"I’ve gotten some great deals, told friends about it & showed them how to do it. I’m all about daily life hacks but $$$ hacks are even better!","I’ve gotten some great deals, told friends about it & showed them how to do it. I’m all about daily life hacks but $$$ hacks are even better!",TEENASQUARE,1.60.0,2026-09-01T11:22:47Z,False,itunes_rss_mostRecent,False,False
146b6c1cc75eddcbfebf24773294414171e808d4e3fbb1d10649d61b22f2cd92,14496874409,6745274862,DealSeek,us,5,Money Saver!,This app is amazing. Great deals and discounts,This app is amazing. Great deals and discounts,MrSkinny2one3,1.60.0,2026-09-01T07:48:07Z,False,itunes_rss_mostRecent,False,False
724cbbccd763a38a99d3f4a985fe2f524ab0b37ef427a765a517afb99eadc6cb,14496805457,6745274862,DealSeek,us,5,Súper,Súper 🥰🥰🥰🥰🥰,Súper 🥰🥰🥰🥰🥰,Cookie 🥰🥰🥰,1.60.0,2026-09-01T07:16:56Z,False,itunes_rss_mostRecent,False,False
0e9f9515888242edd1da39c9557653dc9fbeaf5f25d61fa0d524d9feb4a7cd1c,14496717806,6745274862,DealSeek,us,5,SOS,I’ve never downloaded this app before and so I need some help on it works,I’ve never downloaded this app before and so I need some help on it works,Tahj7_,1.60.0,2026-09-01T06:36:41Z,False,itunes_rss_mostRecent,False,False
1f16b3058d10433ca6304df683081ce825619bcb286da7c8f0707de2c5693cfb,14496499721,6745274862,DealSeek,us,5,love it,easy to shop and find things for a lesser price,easy to shop and find things for a lesser price,me shelly lee,1.60.0,2026-09-01T04:55:27Z,False,itunes_rss_mostRecent,False,False
f4187af1cc98fcb3665dbe6b8621856e31ca7a3aa752c99c191afafbdb813dc5,14496411256,6745274862,DealSeek,us,5,Michelle,Love the app,Love the app,Furry Baby,1.60.0,2026-09-01T04:15:03Z,False,itunes_rss_mostRecent,False,False
b3c901397d095753124946b8329553efd5cb90ee50ceb1043848837059f484e3,14496274053,6745274862,DealSeek,us,5,Love,Highly recommended this sight is so amazing!,Highly recommended this sight is so amazing!,Tammy-777Moore,1.60.0,2026-09-01T03:14:48Z,False,itunes_rss_mostRecent,False,False
a2f0764249a53e9663298a74c5756fedf690fd8451b678ecd1746d36307ba1b7,14495385281,6745274862,DealSeek,us,5,It’s legit,Saw an ad on tik tok about this app. Figured it couldn’t hurt to try it. So far I’ve used 3 different promo codes and they have all worked. I have only used the ones through Amazon thus far. I have already told all my friends and family to download it.,Saw an ad on tik tok about this app. Figured it couldn’t hurt to try it. So far I’ve used 3 different promo codes and they have all worked. I have only used the ones through Amazon thus far. I have already told all my friends and family to download it.,MI Mom of 3,1.60.0,2026-08-31T21:27:26Z,False,itunes_rss_mostRecent,False,False
baea7b10d974c2f58bb085d13a8e466136d0c7b2661723b70d58d7d62f9df101,14495090086,6745274862,DealSeek,us,5,Lowest prices!!,So exited I came across this app!,So exited I came across this app!,Bella2826,1.60.0,2026-08-31T19:41:31Z,False,itunes_rss_mostRecent,False,False
aeb376d4bf0ee9801c11bf8ed8d561d26f2e6ce8a0efd820090916f655812982,14494812857,6745274862,DealSeek,us,5,Deals,"I have found that the deals are legit and if you don’t have DealSeek downloaded, you’re missing out","I have found that the deals are legit and if you don’t have DealSeek downloaded, you’re missing out",HonnieBee71,1.60.0,2026-08-31T18:08:33Z,False,itunes_rss_mostRecent,False,False
8761d83fbb5a9cf1f0e095bf235ac3f29e7f60dd45c85a59e7b5cc23ac223308,14494182145,6745274862,DealSeek,us,5,Deal seek unbelievable,What a great app loving it,What a great app loving it,1125cg,1.60.0,2026-08-31T14:55:42Z,False,itunes_rss_mostRecent,False,False
50bd757e91811e16a7adc58c524fbb801d6bc578cc677d77da00048aed276170,14493716806,6745274862,DealSeek,us,5,Great deals!!,"Everything is relevant to life!!! You need one, or two, of everything the have a deal on!!","Everything is relevant to life!!! You need one, or two, of everything the have a deal on!!",marlybird,1.60.0,2026-08-31T12:39:45Z,False,itunes_rss_mostRecent,False,False
2394863df15602ad0dd943dd5c57de9643e88b4c6f4d3ce6d9bdf0850f2c121e,14493533704,6745274862,DealSeek,us,5,Useful,Perfect app to buy great finds,Perfect app to buy great finds,Julibren,1.60.0,2026-08-31T11:41:50Z,False,itunes_rss_mostRecent,False,False
d8efa6b52119922306cf7f727512f380623251ced0c66d3e59870b7721b52400,14493514026,6745274862,DealSeek,us,4,Great deals! Highly recommend,All deals I tried worked. I never shop on Amazon before coming here for deals first.  Recommended to all my family and friends!,All deals I tried worked. I never shop on Amazon before coming here for deals first.  Recommended to all my family and friends!,Ladydnyce,1.60.0,2026-08-31T11:35:24Z,False,itunes_rss_mostRecent,False,False
52e9f951cac9b2f2aa725ef329b32c5d234487081f1782c0bc0a2b19d958ef9d,14493480933,6745274862,DealSeek,us,5,Perfecto,Esta aplicación es perfecta tiene buenos descuentos aplicables a otras tiendas.,Esta aplicación es perfecta tiene buenos descuentos aplicables a otras tiendas.,YaVaCo,1.60.0,2026-08-31T11:24:25Z,False,itunes_rss_mostRecent,False,False
1fa6022c3f926a333aa77c009b2f3e3693a28b203548a3d3fb7127c4debd2399,14493355039,6745274862,DealSeek,us,5,Easy app and guaranteed discounts,"Will not disappoint, I thought it was a hoax or hard to use, but sure enough, definitely the best eye before you buy anything online – check this app out type in the product you’re looking for online and it will show you every app that it’s sold on, and the price you can get it for, and all you need to do is just hit the copy button on the promo code and then paste it to Amazon or whatever platform you’re purchasing it off of, and it will lower to that price, guaranteed thank you for helping millions of people as we appreciate it very much!","Will not disappoint, I thought it was a hoax or hard to use, but sure enough, definitely the best eye before you buy anything online – check this app out type in the product you’re looking for online and it will show you every app that it’s sold on, and the price you can get it for, and all you need to do is just hit the copy button on the promo code and then paste it to Amazon or whatever platform you’re purchasing it off of, and it will lower to that price, guaranteed thank you for helping millions of people as we appreciate it very much!",Jadakissed92,1.60.0,2026-08-31T10:40:04Z,False,itunes_rss_mostRecent,False,False
cfc13c504fbcd80efbb9517bef035f1bd3190adee8992df7ba96a86d32d192fc,14492479719,6745274862,DealSeek,us,1,Promo code no work,Promo code no work for $7.49 women flare legging green size M,Promo code no work for $7.49 women flare legging green size M,PamiNail,1.60.0,2026-08-31T04:20:32Z,False,itunes_rss_mostRecent,False,False
e057236d84d1e4493c2a3c7980d5398f840809af37cc768ac4f1fbcd5cef213a,14492437704,6745274862,DealSeek,us,5,Awsome app,This app has saved me soooo much money! I love the deals. I just wish they ALL worked lol,This app has saved me soooo much money! I love the deals. I just wish they ALL worked lol,Just a review 4u,1.60.0,2026-08-31T04:01:39Z,False,itunes_rss_mostRecent,False,False
1e59eff5483c053dd9672ac63fb071a372b0d7cc29096825fb50da0c40b47d8f,14492165396,6745274862,DealSeek,us,5,Great Savings,This app has amazing deals to use along with Amazon. So far I’ve saved over $100 on Christmas,This app has amazing deals to use along with Amazon. So far I’ve saved over $100 on Christmas,SABoehm,1.60.0,2026-08-31T02:08:19Z,False,itunes_rss_mostRecent,False,False
5c0c15c93a8704a36c9d4b5bd3c25cad37b80d3c7fba50e19d30309c4f3a0575,14491923658,6745274862,DealSeek,us,2,App sooooooooo good,ITS A SCAM THE SAME PRICES ARE ON THE APP,ITS A SCAM THE SAME PRICES ARE ON THE APP,Count the abcs,1.60.0,2026-08-31T00:33:20Z,False,itunes_rss_mostRecent,False,False
2593a6616afde766fe9d73ddcd8471dda4068fd2bb5985c64b21ac29ea5b066a,14491880953,6745274862,DealSeek,us,5,Great Deals Every Day,I have been able to save so much using DealSeek! We have three generations in our home and there is always something for everyone. Upgrades at great prices!,I have been able to save so much using DealSeek! We have three generations in our home and there is always something for everyone. Upgrades at great prices!,Our House Gator,1.60.0,2026-08-31T00:16:10Z,False,itunes_rss_mostRecent,False,False
847d5b0af4921b56a76a6dcbbaa9cbd813fe9ef6a59357e5a44668563494a984,14491557786,6745274862,DealSeek,us,5,Great app,Love the lower prices with codes. Can’t beat it!,Love the lower prices with codes. Can’t beat it!,lynsiebee,1.60.0,2026-08-30T22:05:30Z,False,itunes_rss_mostRecent,False,False
a34afd27107c6404cc290539917a83d20927994cc17b78ffb03de7f00bed6a40,14491363238,6745274862,DealSeek,us,4,Codes,Some codes don’t work but overall there are good deals,Some codes don’t work but overall there are good deals,smileme1126,1.60.0,2026-08-30T20:51:44Z,False,itunes_rss_mostRecent,False,False
400f547755b8d4cde76aff94cf0b8ff645c6036aaa158fb164503dccd7d1b933,14491327645,6745274862,DealSeek,us,2,Deals are not as described,Deals are usually less than advertised and already marked on Amazon,Deals are usually less than advertised and already marked on Amazon,justanother#,1.60.0,2026-08-30T20:39:02Z,False,itunes_rss_mostRecent,False,False
f34a378559dfa5fff667ee119424c982dcd727fdbd28803fb1238fa7195b13d9,14491294786,6745274862,DealSeek,us,5,Deals,Used a couple times and had good savings. Worth the download,Used a couple times and had good savings. Worth the download,Rivky342,1.60.0,2026-08-30T20:27:21Z,False,itunes_rss_mostRecent,False,False
19e6c9b07b73e29c60f53ff1b5c3b97c332c338139058690e719105a7f40b850,14491273121,6745274862,DealSeek,us,5,Deal seeker finds,"Thank you guys you’re awesome!  Right on top of listing the lowest price!
I always go to your site before I look anywhere else.  I have even bought this that I wasn’t planning on buying but when I saw the price was so good I had to purchase it.

If you haven’t used them before you are missing out on some great deals.","Thank you guys you’re awesome!  Right on top of listing the lowest price!
I always go to your site before I look anywhere else.  I have even bought this that I wasn’t planning on buying but when I saw the price was so good I had to purchase it. 

If you haven’t used them before you are missing out on some great deals.",Jayebird63,1.60.0,2026-08-30T20:19:48Z,False,itunes_rss_mostRecent,False,False
519418171f486dd21604efa1575195548d3f02ece275095d6a1c48b1f8fb17c8,14490861381,6745274862,DealSeek,us,5,Never buy from anyplace until I check DealSeek,Love this site.  Not only do I get the best deals but suggestions to make our lives better and easier to maintain.   Safe and easy to use,Love this site.  Not only do I get the best deals but suggestions to make our lives better and easier to maintain.   Safe and easy to use,Dove swings,1.60.0,2026-08-30T18:04:06Z,False,itunes_rss_mostRecent,False,False
41a002a784afb1dcdc8c9543892505f876fcb4b15b64233a2237fe31edef8141,14490530265,6745274862,DealSeek,us,4,I just discovered this,So far so good I hope that I can have promo code that can applied for anything,So far so good I hope that I can have promo code that can applied for anything,taytouta04,1.60.0,2026-08-30T16:24:42Z,False,itunes_rss_mostRecent,False,False
60178b93a0988846d1534cac9fec5a999844d71dcf04c0b2e23ec6dff51ae5a7,14490094578,6745274862,DealSeek,us,5,ATTENTION!                 Deal Seekers!!!,Excellent finds! Best deals!,Excellent finds! Best deals!,B4idream*,1.60.0,2026-08-30T14:21:33Z,False,itunes_rss_mostRecent,False,False
bf07a97ad4b3719a48ce0f29dfec1d0184d0614cbc536d39a80dd604bf406be4,14489698975,6745274862,DealSeek,us,5,Great find,I've been using DealSeek for a couple of weeks and cannot believe the deals I have been able to get. I have recommended it to many of my friends.,I've been using DealSeek for a couple of weeks and cannot believe the deals I have been able to get. I have recommended it to many of my friends.,Rie6270,1.60.0,2026-08-30T12:22:52Z,False,itunes_rss_mostRecent,False,False
76bbdd1f84aacd2425c1e924ed7a77db829117854ae887da2fc81f12d8a42fa8,14489604838,6745274862,DealSeek,us,5,See below,YES 🙌,YES 🙌,Sam317😎,1.60.0,2026-08-30T11:51:07Z,False,itunes_rss_mostRecent,False,False
6d5aa69ed6009de86527c9d9ff222e235934d0394ec2dd1c323f721c4ac4d511,14489565451,6745274862,DealSeek,us,5,Offers at any time,You really find deals.,You really find deals.,Marsimoneth,1.60.0,2026-08-30T11:37:19Z,False,itunes_rss_mostRecent,False,False
f7690e8862356c8864b1b7340f2cb6adcc03bf7e56c3da42a68092592530ca71,14489525048,6745274862,DealSeek,us,5,Living the deals,Excited to have found DealSeek. I’m loving the deals,Excited to have found DealSeek. I’m loving the deals,JMC3G,1.60.0,2026-08-30T11:22:43Z,False,itunes_rss_mostRecent,False,False
3c60d53363110fb41f2a2bfb053c283054b6312f2e5ef811c1e39bafe199ed37,14488497703,6745274862,DealSeek,us,5,Amazing money saved,This is officially my favorite app!!,This is officially my favorite app!!,Corky Meadows,1.60.0,2026-08-30T04:10:37Z,False,itunes_rss_mostRecent,False,False
54a7eeb6f927c714da54e012ad06c463d980fb97c5c96fe8c0d7ba062535c2a1,14488317022,6745274862,DealSeek,us,5,Great so far,Does what it says. Finds the best deals so I don’t have to scour Amazon for the best price.,Does what it says. Finds the best deals so I don’t have to scour Amazon for the best price.,Chase Boat Guy,1.60.0,2026-08-30T02:54:52Z,False,itunes_rss_mostRecent,False,False
b7b344d466e8ddcaba55ee1f130dd21b8e6e64fe8c04c8d93a911e32a83316a9,14488255179,6745274862,DealSeek,us,5,Buena,Bueno,Bueno,Hgfyhbnlon,1.60.0,2026-08-30T02:30:14Z,False,itunes_rss_mostRecent,False,False
c5c6b1348c9a6ac9b4a862a4169e4fd832882776085c187b95786fee075ba820,14487742972,6745274862,DealSeek,us,5,Deal deals Deals,Can’t beat these prices!,Can’t beat these prices!,Juicy FruitA,1.60.0,2026-08-29T23:03:52Z,False,itunes_rss_mostRecent,False,False
5f829ca8118d1f92f34c464b02fa62f6510e4b3c9356a29a05025107d41493e9,14487365921,6745274862,DealSeek,us,3,Awesome,Easy to find anything you need,Easy to find anything you need,Shiv-man,1.60.0,2026-08-29T20:34:52Z,False,itunes_rss_mostRecent,False,False
50afec544380097e5eb51d028db24efc0a03cc6685f93d8214d1c3110abbc560,14486382405,6745274862,DealSeek,us,5,Desperate,"To be honest, I just downloaded this and it does look good so far! I’m really doing this review for entrees to win a product. lol","To be honest, I just downloaded this and it does look good so far! I’m really doing this review for entrees to win a product. lol",Ceccy_ray,1.60.0,2026-08-29T15:19:59Z,False,itunes_rss_mostRecent,False,False
23d448ec7fb4596c8b0a586c78a4a9d34b6e9127e1765f68d71e37bbae1dd072,14486198786,6745274862,DealSeek,us,1,Trash,Doesn't have anything I searched for. Useless.,Doesn't have anything I searched for. Useless.,Kidkhbwdcjhbsd,1.60.0,2026-08-29T14:28:31Z,False,itunes_rss_mostRecent,False,False
d1d42b9aa3e8a7b13e694a10f63538e1367e219fbeb18e3530bbb27c4327efb7,14486124072,6745274862,DealSeek,us,5,Interesante,Hay muchas ofertas que te pueden interesar,Hay muchas ofertas que te pueden interesar,☺️💖💖💖,1.60.0,2026-08-29T14:07:35Z,False,itunes_rss_mostRecent,False,False
0291c780b6113329b7292bc1fe9238d26c92d95e3216412b9b04c62092c055ac,14485875121,6745274862,DealSeek,us,5,Big saving,I have saved over $100 so far using DealSeek. It so simple to use. Try it and you won’t be sorry!,I have saved over $100 so far using DealSeek. It so simple to use. Try it and you won’t be sorry!,Memawrobinson,1.60.0,2026-08-29T12:55:27Z,False,itunes_rss_mostRecent,False,False
890f1caed191ac35fafba41c864c068048cd8a3782adef7653f7d160ba3beec6,14485803504,6745274862,DealSeek,us,5,⭐ Excelente app para encontrar ofertas,"Me ha gustado mucho esta aplicación. Es fácil de usar y ayuda a encontrar cupones, descuentos y buenas ofertas para ahorrar en mis compras. La recomiendo para quienes siempre están buscando mejores precios. ⭐⭐⭐⭐⭐","Me ha gustado mucho esta aplicación. Es fácil de usar y ayuda a encontrar cupones, descuentos y buenas ofertas para ahorrar en mis compras. La recomiendo para quienes siempre están buscando mejores precios. ⭐⭐⭐⭐⭐",✨ Patty Finds ✨,1.60.0,2026-08-29T12:33:07Z,False,itunes_rss_mostRecent,False,False
63b457182ad86411f2c825a664411b170aeec0bffa7514f0d895105077ddeceb,14485724677,6745274862,DealSeek,us,4,Jb,"Brought up a lot of items I am interested in, and showed some good prices. Thanks","Brought up a lot of items I am interested in, and showed some good prices. Thanks",Jeff bro b,1.60.0,2026-08-29T12:07:56Z,False,itunes_rss_mostRecent,False,False
7708f51a1683ad6bf2d52fb8575df6f7f32444d482ded3a71db884a1c167a260,14485556201,6745274862,DealSeek,us,5,Deals,Great,Great,1965pmc,1.60.0,2026-08-29T11:09:34Z,False,itunes_rss_mostRecent,False,False
1c742399a1c0ac4de43fce1832a8a75023b88e37d492831841a7430c38f38fc9,14485161927,6745274862,DealSeek,us,5,Bo,Grade,Grade,tonybank66,1.60.0,2026-08-29T08:33:04Z,False,itunes_rss_mostRecent,False,False
3d9017184777ff3aab0689be0b08b80333e6f2a390a86cfceb188e6acbbba362,14484731344,6745274862,DealSeek,us,1,Beware of Malware,I believe dealseek put malware on my phone,I believe dealseek put malware on my phone,Xmnbvqwertyyuopp,1.60.0,2026-08-29T05:26:55Z,False,itunes_rss_mostRecent,False,False
6173b1e0f5492584e1b26360de424d47dc6eb3720b2f5fa741907f8112659c72,14484575001,6745274862,DealSeek,us,5,Pro codes,Love the deals,Love the deals,riorud,1.60.0,2026-08-29T04:16:29Z,False,itunes_rss_mostRecent,False,False
aede1955b6e94190db7a2fe06093d7dcdd4e4e2bbf1d75edf284eec5f188bbe2,14484536767,6745274862,DealSeek,us,5,Excelente,Esta app es muy buena porque orienta a la persona sobre las ofertas del día.,Esta app es muy buena porque orienta a la persona sobre las ofertas del día.,Obtengo,1.60.0,2026-08-29T03:59:45Z,False,itunes_rss_mostRecent,False,False
d7af74e67b5bd4e74b5e58bf196ea149dab18d8644e4eb271c54f5381e75c38d,14484232681,6745274862,DealSeek,us,5,Muy buena,Excelente,Excelente,Moradella,1.60.0,2026-08-29T01:56:27Z,False,itunes_rss_mostRecent,False,False
57eb997c3d477beb71899d64a47e3a9e695204629ce9067d018c7becdd2cf7e8,14484029383,6745274862,DealSeek,us,5,Me encanta !!!,"Estoy súper encantada 🥰 ahora todo lo
Compro por aquí y me economizo mucho 100 de 100","Estoy súper encantada 🥰 ahora todo lo
Compro por aquí y me economizo mucho 100 de 100",syelitza,1.60.0,2026-08-29T00:37:46Z,False,itunes_rss_mostRecent,False,False
b3b32fb1c616c9243695d503421af900722f3c93249be1b2259c14247aad7002,14483971205,6745274862,DealSeek,us,5,It really works,I did not trust it but yes it works.,I did not trust it but yes it works.,Angy6987,1.60.0,2026-08-29T00:14:53Z,False,itunes_rss_mostRecent,False,False
da1c2796bbcd101921bb7176173691977699df4f8f20170fb7416aeda7a456f7,14482927961,6745274862,DealSeek,us,5,Deal,A,A,Schomer3050,1.60.0,2026-08-28T17:44:01Z,False,itunes_rss_mostRecent,True,False
6f45755521cc9053a58096ba46a9ec81a6dcba6565a2f518353e0913403497a1,14482898010,6745274862,DealSeek,us,5,Great discounts,Great discounts on great products!,Great discounts on great products!,Shopping queen 4U,1.60.0,2026-08-28T17:34:09Z,False,itunes_rss_mostRecent,False,False
df82fd25e05979fe03a9507a48fcb30f9c286f6648d34d8388d2ceb4c3bc18c3,14482853046,6745274862,DealSeek,us,4,Helpful shopping,"This app does help when it comes to finding better deals than what we can find on our own. My only complaint is I follow the Rossen Reports, and they have a DEAL SEEK page.  I can find it when I search online, and I for a short time was able to find their page with the phone app, but anymore I cannot access their DealSeek page.  Outside of that, there are codes that help discount items to a price lower than what Amazon offers.","This app does help when it comes to finding better deals than what we can find on our own. My only complaint is I follow the Rossen Reports, and they have a DEAL SEEK page.  I can find it when I search online, and I for a short time was able to find their page with the phone app, but anymore I cannot access their DealSeek page.  Outside of that, there are codes that help discount items to a price lower than what Amazon offers.",Cheryl6490,1.60.0,2026-08-28T17:19:25Z,False,itunes_rss_mostRecent,False,False
665e49011312eee526f7a855b8f6a4d95fc96eb9db3632c8865f111e6fb1687b,14482838605,6745274862,DealSeek,us,5,Great products,Lots of items that are needed!,Lots of items that are needed!,Fishingbabe44,1.60.0,2026-08-28T17:14:46Z,False,itunes_rss_mostRecent,False,False
1d8de3762e25dd73f937c564a70f53fd76a7408837da23991c7340bfa685ba65,14481143148,6745274862,DealSeek,us,5,Use Deal Seek,Great prices,Great prices,Fanzo B,1.60.0,2026-08-28T07:54:23Z,False,itunes_rss_mostRecent,False,False
fa777d1bcb411ee9537a62ed7b7c799c93cd6c90a6820ed080ee79ddac98334a,14480634038,6745274862,DealSeek,us,4,Great Deals,Great way to SAVE,Great way to SAVE,LunaSee11,1.60.0,2026-08-28T04:05:16Z,False,itunes_rss_mostRecent,False,False
2a24ce1fcdd6c380149b24cbd74bffc62bf571002fb73381591d7550e394719d,14480454663,6745274862,DealSeek,us,5,Me encanta,Ahora antes de comprar algo en Amazon primero vengo a revisar esta app para ver si puedo entrar el producto mas barato y casi siempre lo encuentro..,Ahora antes de comprar algo en Amazon primero vengo a revisar esta app para ver si puedo entrar el producto mas barato y casi siempre lo encuentro..,@Yosoymrflow,1.60.0,2026-08-28T02:48:36Z,False,itunes_rss_mostRecent,False,False
118961048aae73d08ffa44201762f96e153813817191fd749294e81a16d7a544,14480216395,6745274862,DealSeek,us,5,Save even more on Amazon,This app has already saved me at least $300 bucks and I have only been using it for a month. You can’t go wrong by downloading this free app.,This app has already saved me at least $300 bucks and I have only been using it for a month. You can’t go wrong by downloading this free app.,Fcrapped,1.60.0,2026-08-28T01:14:03Z,False,itunes_rss_mostRecent,False,False
6280ed044d35de81781fc4b056be6a75626fe8e418e70bf8d45216b34d9ff30b,14479884958,6745274862,DealSeek,us,1,Didn’t work 😢,"I thought this app was going to be life saver, turns out it barely did anything. In the app the deals looked great, but turns out that most of the prices in deal seek are the same price in Amazon. If an item did actually have a deal then it would only take a few dollars off.I saw a huge deal on a portable charger, deal seek said it was going to be 0.00 after the deal. When I went to put in the promo code it only took off 4 dollars. It makes me think why did I even get this app. I saw so many great reviews, and now I’m thinking they’re lying. Please fix this.","I thought this app was going to be life saver, turns out it barely did anything. In the app the deals looked great, but turns out that most of the prices in deal seek are the same price in Amazon. If an item did actually have a deal then it would only take a few dollars off.I saw a huge deal on a portable charger, deal seek said it was going to be 0.00 after the deal. When I went to put in the promo code it only took off 4 dollars. It makes me think why did I even get this app. I saw so many great reviews, and now I’m thinking they’re lying. Please fix this.",Renyrentwown,1.60.0,2026-08-27T23:00:12Z,False,itunes_rss_mostRecent,False,False
18c5131781c787127fc2627f60d42b99af80d9699ca404321b11b6122275e9d3,14479813771,6745274862,DealSeek,us,5,Great app for finding deals!!,"DealSeek makes it easy to find good deals and save money without searching everywhere myself. It’s simple to use, organized, and I love seeing the best deals all in one place. Definitely worth having if you enjoy saving money!","DealSeek makes it easy to find good deals and save money without searching everywhere myself. It’s simple to use, organized, and I love seeing the best deals all in one place. Definitely worth having if you enjoy saving money!",Carrier76,1.60.0,2026-08-27T22:31:10Z,False,itunes_rss_mostRecent,False,False
78638c8fbd30f59e71e01f7946eceadf9cb6cf76e22462acade2a6dfdc83255e,14479707067,6745274862,DealSeek,us,5,Excelentes ofertas,"Está app me ha sorprendido, he encontrado excelentes ofertas y muy buenos productos en Amazon","Está app me ha sorprendido, he encontrado excelentes ofertas y muy buenos productos en Amazon",Lol@97,1.60.0,2026-08-27T21:48:26Z,False,itunes_rss_mostRecent,False,False
b86fde7334d8c26e4476bbc55d37bac2d95a0e1fec63574c284922de6ca1724e,14479675424,6745274862,DealSeek,us,5,John Kissoon,The place to check for all your discount codes,The place to check for all your discount codes,Maliarr,1.60.0,2026-08-27T21:35:59Z,False,itunes_rss_mostRecent,False,False
f4b673687be17422262e29928c1b243b7f4eeeb47ec767f609909c5d303fdd88,14479324282,6745274862,DealSeek,us,5,Amazing savings,Wish I had found this app sooner!  My skin care at half off!!!!,Wish I had found this app sooner!  My skin care at half off!!!!,Kweencg,1.60.0,2026-08-27T19:25:59Z,False,itunes_rss_mostRecent,False,False
434ab2b8e1973e66f511f4fc62f5866b3598521d572e499ab63449a141b6366b,14479150188,6745274862,DealSeek,us,5,Do it! Get this spp❣️🎊,"If you’d like to shop and save money, this is where you need to go! I can’t believe the amazing deals. I have gotten on things that I use every day.","If you’d like to shop and save money, this is where you need to go! I can’t believe the amazing deals. I have gotten on things that I use every day.",FierceIsis😛,1.60.0,2026-08-27T18:25:55Z,False,itunes_rss_mostRecent,False,False
43271b53c521871cd53d49122bf6ecaa018fb9c8a6426f0ed820482d904e0b18,14479077464,6745274862,DealSeek,us,5,No joke,"Awesome coupons, easy to use and I check out deal seek first before any of my Amazon Shopping.","Awesome coupons, easy to use and I check out deal seek first before any of my Amazon Shopping.",Katey the greatey007,1.60.0,2026-08-27T18:01:19Z,False,itunes_rss_mostRecent,False,False
e0525b2270d5d23457e7a4da7468e823c956f6ae6637084870d5c4091d402363,14478947085,6745274862,DealSeek,us,5,Larry Malone,Love this site! So many great deals,Love this site! So many great deals,Larry Malone jr,1.60.0,2026-08-27T17:18:19Z,False,itunes_rss_mostRecent,False,False
9bb93ef852cef1b30a7f09a552788d6f43d05e32020692a28738f4f76f2a6dae,14478824098,6745274862,DealSeek,us,5,Variable!,"Ojo!!!! No todos los productos tienen el descuento a la hora de comprar en la app de Amazon, aparte cuando la puntuación es mala no te deja avanzar por q dice que es apodo ya está  en uso","Ojo!!!! No todos los productos tienen el descuento a la hora de comprar en la app de Amazon, aparte cuando la puntuación es mala no te deja avanzar por q dice que es apodo ya está  en uso",Juan F3,1.60.0,2026-08-27T16:38:56Z,False,itunes_rss_mostRecent,False,False
1851dba23790b5bebed5373fcfdcbe783c4e6eca54e1a39908da65e8296d92b7,14478791349,6745274862,DealSeek,us,3,Fair,Have to purchase too much to get free shipping,Have to purchase too much to get free shipping,ckbox,1.60.0,2026-08-27T16:28:46Z,False,itunes_rss_mostRecent,False,False
627345b19857fdf3a1fa2eb87191c43ee524f276f48617bc5793b65d99d2c328,14478279713,6745274862,DealSeek,us,5,Great savings,"I have gotten some super deals using this app. I’ve purchased clothing, household products, many gifts and things I wouldn’t normally buy but the price was great.","I have gotten some super deals using this app. I’ve purchased clothing, household products, many gifts and things I wouldn’t normally buy but the price was great.",Usefordeals,1.60.0,2026-08-27T13:57:40Z,False,itunes_rss_mostRecent,False,False
be3d1613cab91d4e83f5659714cb2411a959c99eccfb17a936e9e56ad02fd8df,14478179281,6745274862,DealSeek,us,5,Typhoon,Electronic,Electronic,thangbao,1.60.0,2026-08-27T13:28:28Z,False,itunes_rss_mostRecent,False,False
d5e1cb2f11fda112592e928cf58a000c2bb29998f94dee29221d70846d1c8f8a,14478123873,6745274862,DealSeek,us,5,Some great deals!!!,I was a lil nervous at first but I love it now.,I was a lil nervous at first but I love it now.,Ann Beck 4177,1.60.0,2026-08-27T13:12:00Z,False,itunes_rss_mostRecent,False,False
20d6dc9cb7d28ecd77ab9b21b57afdcfa55b7f3e131e70aa0329f4267e0ecb71,13995885756,6745274862,DealSeek,us,5,Amazing site,"I’ve had an excellent experience using DealSeek Coupons! The platform is incredibly easy to navigate, and I love how quickly I can find valid, up-to-date deals without wasting time on expired codes. It’s clear they put real effort into curating offers that actually work, which is a huge plus compared to other coupon sites.

I’ve saved money on everything from everyday essentials to bigger purchases, and the variety of deals is impressive. The site loads fast, is well-organized, and makes the whole process seamless.

If you’re looking for a reliable way to save money online, I highly recommend DealSeek Coupons. It’s become my go-to resource before making any purchase!","I’ve had an excellent experience using DealSeek Coupons! The platform is incredibly easy to navigate, and I love how quickly I can find valid, up-to-date deals without wasting time on expired codes. It’s clear they put real effort into curating offers that actually work, which is a huge plus compared to other coupon sites.

I’ve saved money on everything from everyday essentials to bigger purchases, and the variety of deals is impressive. The site loads fast, is well-organized, and makes the whole process seamless. 

If you’re looking for a reliable way to save money online, I highly recommend DealSeek Coupons. It’s become my go-to resource before making any purchase!",Tricia Luke,1.53,2026-04-25T15:52:39Z,True,itunes_rss_mostHelpful,False,False
a70fb421cb74f246471933caa7a691f601ae9984d1f91576a469fee8a47527b7,14042471510,6745274862,DealSeek,us,5,Dr Harvey Raw Vibrance,"Best Clean Dog Food
I have a 13 year old Yorkie thriving.
I’ve had her since she was born and she has had many medical issues due to her being so small 2 pounds I was advised that she would live to age 5 if lucky.  I have had her on the  best diet as possible, but time and time again she had issues.  About 3 years ago her Vet advised she had stage 4 kidney failure and may have to be put down.  I refused to accept and went to look for the best for supplements possible I had already had her on organic meat and Turkey and lamb but I came across Dr Harvey vegetarian mix that supports kidney and allergies and ever since she is at stage 1 kidney failure and she just turned 13 years old.  She is a very small and healthy Yorkie today.","Best Clean Dog Food 
I have a 13 year old Yorkie thriving.
I’ve had her since she was born and she has had many medical issues due to her being so small 2 pounds I was advised that she would live to age 5 if lucky.  I have had her on the  best diet as possible, but time and time again she had issues.  About 3 years ago her Vet advised she had stage 4 kidney failure and may have to be put down.  I refused to accept and went to look for the best for supplements possible I had already had her on organic meat and Turkey and lamb but I came across Dr Harvey vegetarian mix that supports kidney and allergies and ever since she is at stage 1 kidney failure and she just turned 13 years old.  She is a very small and healthy Yorkie today.",Disneykin,1.53,2026-05-08T18:31:22Z,True,itunes_rss_mostHelpful,False,False
2b355994ad653abede6e0d9edd0a6f7482bc05455b4a4c294f66a9a89b625ebf,14151052329,6745274862,DealSeek,us,5,Lots of great deals with this app,"I downloaded this app on a whim just to see if I can save money. I find so many great deals that I’m not sure it actually is saving me money because I buy so many things, lol. All kidding aside, I find a lot of value in the time that I spend using this app. Great deals and products across multiple categories are always available and 98% of the time the deals that they quote with their coupon codes etc. work just fine. if there is any issue with the deals, it is easy to report them and they correct them quickly. Highly recommend giving this app a try.","I downloaded this app on a whim just to see if I can save money. I find so many great deals that I’m not sure it actually is saving me money because I buy so many things, lol. All kidding aside, I find a lot of value in the time that I spend using this app. Great deals and products across multiple categories are always available and 98% of the time the deals that they quote with their coupon codes etc. work just fine. if there is any issue with the deals, it is easy to report them and they correct them quickly. Highly recommend giving this app a try.",DennisVRice,1.55.0,2026-06-06T15:11:12Z,True,itunes_rss_mostHelpful,False,False
93710557d7dce789f19c5d6e62a8db0d1e0ec312b0264dfd32f6d6b42e4715db,14144089616,6745274862,DealSeek,us,5,Helpful advice,"Hey, thanks for letting me do the application and doing this For a review or something maybe you could add if we put like a store or something. Maybe you could list the things in that store and we could look at things from that store that are. Looking for and maybe if we put in a product put the exact product we’re looking for instead of a bunch of different other things that go with that product maybe that could be helpful.","Hey, thanks for letting me do the application and doing this For a review or something maybe you could add if we put like a store or something. Maybe you could list the things in that store and we could look at things from that store that are. Looking for and maybe if we put in a product put the exact product we’re looking for instead of a bunch of different other things that go with that product maybe that could be helpful.",Ken Jockey ￼,1.55.0,2026-06-04T19:26:55Z,True,itunes_rss_mostHelpful,False,False
db0e21b61750aaa1ae25a8bc6564bf2d1f65f5331eaba782f4559a0b35697a31,13066976462,6745274862,DealSeek,us,5,5 Star Experience!,"I’ve had an amazing experience with Dealseek! The platform is super easy to use, and I always find great deals quickly without any hassle. What I love most is the custom filtering. It makes it so easy to search for brand-name products, promo codes, and more. The listings are always reliable and up to date, so I never waste time with expired offers. Dealseek has definitely become my go-to for finding the best deals online, and I recommend it to anyone who loves saving time and money!","I’ve had an amazing experience with Dealseek! The platform is super easy to use, and I always find great deals quickly without any hassle. What I love most is the custom filtering. It makes it so easy to search for brand-name products, promo codes, and more. The listings are always reliable and up to date, so I never waste time with expired offers. Dealseek has definitely become my go-to for finding the best deals online, and I recommend it to anyone who loves saving time and money!",QuinnDeals,1.17,2025-08-27T15:13:36Z,True,itunes_rss_mostHelpful,False,False
3a85afd2aee5a0df208281226982c69926e5778f5da2a88ec6d319e90ab9c43b,14201752237,6745274862,DealSeek,us,5,The best deals!,"I absolutely love DealSeek! It has helped me discover amazing discounts, promo codes, and special offers that save me money on products I already planned to buy. The app is easy to use, updated regularly, and makes finding great deals quick and hassle-free. I’m very grateful for all the savings and the convenience it provides. Highly recommend it to anyone who loves finding the best bargains and stretching their budget further. Thank you, DealSeek, for making shopping smarter and more affordable! ⭐⭐⭐⭐⭐","I absolutely love DealSeek! It has helped me discover amazing discounts, promo codes, and special offers that save me money on products I already planned to buy. The app is easy to use, updated regularly, and makes finding great deals quick and hassle-free. I’m very grateful for all the savings and the convenience it provides. Highly recommend it to anyone who loves finding the best bargains and stretching their budget further. Thank you, DealSeek, for making shopping smarter and more affordable! ⭐⭐⭐⭐⭐",Abbybel08,1.58.0,2026-06-19T15:43:08Z,True,itunes_rss_mostHelpful,False,False
7564509d2716c9bf67c418123d1d32c725a4b15d2eea9b17cbe82eeb73ce41c9,14400191983,6745274862,DealSeek,us,5,Love this app,"I have a strong appreciation for this application. It offers excellent deals, allowing me to save a significant amount of money. My spouse frequently questions my spending habits; however, I find it difficult to pass up a bargain when I encounter one. Typically, if I secure a good deal, I find myself contemplating why I did not acquire it sooner. This application effectively satisfies my needs. I use it daily to explore available bargains and maximize savings. I am truly grateful for an application of this nature.","I have a strong appreciation for this application. It offers excellent deals, allowing me to save a significant amount of money. My spouse frequently questions my spending habits; however, I find it difficult to pass up a bargain when I encounter one. Typically, if I secure a good deal, I find myself contemplating why I did not acquire it sooner. This application effectively satisfies my needs. I use it daily to explore available bargains and maximize savings. I am truly grateful for an application of this nature.",21da,1.60.0,2026-08-07T19:56:18Z,True,itunes_rss_mostHelpful,False,False
ea4da20a380ce6bfd6e1caf4daa35dd4ea3a2e065c6bfa989d35f8c1bf06e62c,14311869208,6745274862,DealSeek,us,5,My Go-To App for Discount,"I’ve had a great experience using the Deal Seek app. It’s easy to navigate and makes finding discounts and special offers quick and convenient. I like that it helps me save money without spending hours searching for deals. The app is simple, fast, and regularly updated with new offers. It’s become a useful tool whenever I’m shopping online. Definitely worth trying if you enjoy finding good deals and saving money.","I’ve had a great experience using the Deal Seek app. It’s easy to navigate and makes finding discounts and special offers quick and convenient. I like that it helps me save money without spending hours searching for deals. The app is simple, fast, and regularly updated with new offers. It’s become a useful tool whenever I’m shopping online. Definitely worth trying if you enjoy finding good deals and saving money.",soniya33,1.60.0,2026-07-16T22:19:14Z,True,itunes_rss_mostHelpful,False,False
a7dc0521e3b9b4dd2db67d72acc37afb917ffd93b3ae07f66ce1e74c1f16e333,14100837384,6745274862,DealSeek,us,5,Great app for finding amazing deals,"I’ve been using DealSeek for more than a dozen purchases now, and I’ve been impressed with the prices I’ve found. It’s helped me discover some really good deals on items I probably would have paid more for otherwise. The app is easy to use, and I like being able to browse and find discounts all in one place. Definitely worth checking out if you enjoy saving money and finding great prices.","I’ve been using DealSeek for more than a dozen purchases now, and I’ve been impressed with the prices I’ve found. It’s helped me discover some really good deals on items I probably would have paid more for otherwise. The app is easy to use, and I like being able to browse and find discounts all in one place. Definitely worth checking out if you enjoy saving money and finding great prices.",MarvRGarcia,1.55.0,2026-05-24T14:41:41Z,True,itunes_rss_mostHelpful,False,False
170b26a03788959efc0f50ea5e1840a0258b1eab275bd81d08cd8ccb27f2fe04,14193427067,6745274862,DealSeek,us,5,"Good, but…","They notify way too much. They have good deals, but I do not want to be contacted 25 times a day.

ETA. I have never had a developer who is so responsive to a review. I was contacted and they agreed with me and they provided information about how to control my notifications. They even offered to help me out with it. (Do they know I’m a boomer?)

I continue to appreciate the deals, and now my notifications are completely under my control! Well done!","They notify way too much. They have good deals, but I do not want to be contacted 25 times a day.

ETA. I have never had a developer who is so responsive to a review. I was contacted and they agreed with me and they provided information about how to control my notifications. They even offered to help me out with it. (Do they know I’m a boomer?)

I continue to appreciate the deals, and now my notifications are completely under my control! Well done!",KansasMom411,1.58.0,2026-06-17T13:25:22Z,True,itunes_rss_mostHelpful,False,False
1a6dd8dab4d8c4b5e2da892c8cb8c853f431c47dd220a78b84b3f450b449e87d,14293585599,6745274862,DealSeek,us,5,"⭐⭐⭐⭐⭐

Deelseek is a great resource for finding coupons and discounts from a wide variety of stores.","⭐⭐⭐⭐⭐

Deelseek is a great resource for finding coupons and discounts from a wide variety of stores. The website is easy to use, and I like that it brings together deals in one place, making it much faster to save money when shopping online. I’ve found several working promo codes and special offers that helped me cut costs on purchases I was already planning to make.

The site is well organized, updates frequently, and makes it simple to search for discounts by store or category. I would definitely recommend Deelseek to anyone who enjoys saving money and wants a quick, convenient way to find the latest deals before checking out.","⭐⭐⭐⭐⭐

Deelseek is a great resource for finding coupons and discounts from a wide variety of stores. The website is easy to use, and I like that it brings together deals in one place, making it much faster to save money when shopping online. I’ve found several working promo codes and special offers that helped me cut costs on purchases I was already planning to make.

The site is well organized, updates frequently, and makes it simple to search for discounts by store or category. I would definitely recommend Deelseek to anyone who enjoys saving money and wants a quick, convenient way to find the latest deals before checking out.",FariaGiltoN,1.60.0,2026-07-12T10:22:13Z,True,itunes_rss_mostHelpful,False,False
04748243c31a5f82fd4caccfa9e169e10757e13bb9bf53c088fc49eb756acab2,14057426663,6745274862,DealSeek,us,5,Saves me money,"I’ve been using DealSeek for a little while now and I’m honestly impressed with how many working promo codes and discounts it finds. The app is super easy to use, and I’ve saved money on things I was already planning to buy. I also like that it updates deals often, so there’s usually something new to find. Definitely worth downloading if you like saving money and finding good deals quickly.","I’ve been using DealSeek for a little while now and I’m honestly impressed with how many working promo codes and discounts it finds. The app is super easy to use, and I’ve saved money on things I was already planning to buy. I also like that it updates deals often, so there’s usually something new to find. Definitely worth downloading if you like saving money and finding good deals quickly.",Kitty09pie cutie,1.53,2026-05-12T20:00:50Z,True,itunes_rss_mostHelpful,False,False
c3bdc7193ec65a6c3a0766aca7ae283caf5c93f29122b7a2e1a619238a7a4fc9,14211572942,6745274862,DealSeek,us,5,Great savings app,"I’ve been using DealSeek for a while and have had a great experience. The app is easy to use, the coupon codes are easy to find, and I’ve saved money on several purchases. I like that new deals are added regularly, and it helps me find discounts I might have otherwise missed. Definitely worth downloading if you enjoy saving money when shopping online. ⭐⭐⭐⭐⭐","I’ve been using DealSeek for a while and have had a great experience. The app is easy to use, the coupon codes are easy to find, and I’ve saved money on several purchases. I like that new deals are added regularly, and it helps me find discounts I might have otherwise missed. Definitely worth downloading if you enjoy saving money when shopping online. ⭐⭐⭐⭐⭐",fraijojr,1.58.0,2026-06-22T04:32:56Z,True,itunes_rss_mostHelpful,False,False
2a24001fa125a4ad7c15032b0211e5e52c6802a66b96749796bfc4c780afeadf,14019872957,6745274862,DealSeek,us,5,Great App for Finding Deals,"Been using DealSeek - Coupons & Discounts for a bit now and it’s actually pretty useful. It’s easy to find deals, and the coupons I’ve tried have worked without any issues. The app is straightforward and not cluttered, which makes browsing quick and simple. Nice little app to have if you like saving a few bucks when shopping","Been using DealSeek - Coupons & Discounts for a bit now and it’s actually pretty useful. It’s easy to find deals, and the coupons I’ve tried have worked without any issues. The app is straightforward and not cluttered, which makes browsing quick and simple. Nice little app to have if you like saving a few bucks when shopping",Girart,1.53,2026-05-02T12:19:09Z,True,itunes_rss_mostHelpful,False,False
a44ec138b450cff2259ecd9d08acde0d66a88a5b4791130f49e313d38d5e4e9f,14314863370,6745274862,DealSeek,us,5,This is legit!,"I have to be honest - when I first saw this app I thought it was some kind of scam however, I’ve been using it for a while and have been referring it to all my friends and family. I always wondered how some people get these coupon codes for major discounts and now I know. Check out this app and you won’t be disappointed.","I have to be honest - when I first saw this app I thought it was some kind of scam however, I’ve been using it for a while and have been referring it to all my friends and family. I always wondered how some people get these coupon codes for major discounts and now I know. Check out this app and you won’t be disappointed.",Shaqmeister,1.60.0,2026-07-17T16:11:22Z,True,itunes_rss_mostHelpful,False,False
1ce8dca743c4fbfeb700dbfc896878d718337c31c8c4f6bebdb5c89bb79e8d64,14163067569,6745274862,DealSeek,us,4,Just Started Seeking,"I am new to this site, so I am unsure if I will find deals on things I am looking to purchase anyway, but so far, I can see a lot of practical things people buy daily at deep discounts. I will continue to check this website for deals…it is definitely worth trying, especially since you are in the business of looking to purchase anyway. Why not see if there is money to be saved. 👍🏼","I am new to this site, so I am unsure if I will find deals on things I am looking to purchase anyway, but so far, I can see a lot of practical things people buy daily at deep discounts. I will continue to check this website for deals…it is definitely worth trying, especially since you are in the business of looking to purchase anyway. Why not see if there is money to be saved. 👍🏼",JJJJMAY,1.55.0,2026-06-09T17:48:45Z,True,itunes_rss_mostHelpful,False,False
be84df1bb3d317967ebefa43578d29bcd08962f75f7000808ab22b10b74624e3,14282552961,6745274862,DealSeek,us,5,"Savings, Heck ya!","I stumbled across this app from a video ad. I guess the repetitiveness worked because I figured I would try it out. While some of the deals are only a couple dollars savings, other deals are over half off. Either way it’s saving money and it does work. Not everything you want is on this, but I’m not complaining in anyway. Love it.","I stumbled across this app from a video ad. I guess the repetitiveness worked because I figured I would try it out. While some of the deals are only a couple dollars savings, other deals are over half off. Either way it’s saving money and it does work. Not everything you want is on this, but I’m not complaining in anyway. Love it.",Emstef5,1.60.0,2026-07-09T15:50:52Z,True,itunes_rss_mostHelpful,False,False
e7fd256512401d09ef043dfcdb2cb6e40f9d548d5c008b01e571f4f589077847,14347314783,6745274862,DealSeek,us,5,If you’re on a tight budget…,Discovered this on FB and have saved $$$ using it to get quality products at unbelievable prices. Has also really been a money saver for my granddaughter who is trying to get set up in an apt for college. Thank you to the person that developed this app and not only saved me $$$ but also many hours of research!!,Discovered this on FB and have saved $$$ using it to get quality products at unbelievable prices. Has also really been a money saver for my granddaughter who is trying to get set up in an apt for college. Thank you to the person that developed this app and not only saved me $$$ but also many hours of research!!,GigiMs07,1.60.0,2026-07-25T17:48:17Z,True,itunes_rss_mostHelpful,False,False
ae0c750f77b5f18655c3513351af8afba85ceb147e9874ea6a440430a6b37f47,14115867418,6745274862,DealSeek,us,5,Great App!!,"Who doesn’t like to save money? If you couldn’t care less about saving money, this is not your app. For the rest of us that like a deal, THIS IS FOR YOU! I found some fantastic coupons here. I will always check here first before buying anything from here on out.
Very easy to apply codes. User friendly app. You may be surprised at what you can save.","Who doesn’t like to save money? If you couldn’t care less about saving money, this is not your app. For the rest of us that like a deal, THIS IS FOR YOU! I found some fantastic coupons here. I will always check here first before buying anything from here on out. 
Very easy to apply codes. User friendly app. You may be surprised at what you can save.",Clearlyliving,1.55.0,2026-05-28T14:35:53Z,True,itunes_rss_mostHelpful,False,False
fea5a504c4c58edab37f0ea9451e332a29b814b3b496ab541cce3d01d25dbf30,14338785977,6745274862,DealSeek,us,5,Excellent for finding discounts.,"I’ve been using DealSeek for a while, and it has helped me find great deals and coupons on various products. The app is easy to use and navigate. There are still a few things that could be improved, but overall, it has been a good experience and is worth trying out.","I’ve been using DealSeek for a while, and it has helped me find great deals and coupons on various products. The app is easy to use and navigate. There are still a few things that could be improved, but overall, it has been a good experience and is worth trying out.",Us26200,1.60.0,2026-07-23T15:03:10Z,True,itunes_rss_mostHelpful,False,False
1154992b244ac0ab9df7613e1919719c1e98ad872e445856fa124167771a4096,14065502907,6745274862,DealSeek,us,5,Kismile coffeemaker,"Just got the Kismile coffee maker and saved like 75% off the regular price. I had been wanting this one but it was above my budget until I downloaded the DealSeek app. I love this coffee maker and I love this fabulous money saving app. Now, before I order anything, I check DealSeek before any purchases! Wish I had know about it before but now it’s my go to happy place!","Just got the Kismile coffee maker and saved like 75% off the regular price. I had been wanting this one but it was above my budget until I downloaded the DealSeek app. I love this coffee maker and I love this fabulous money saving app. Now, before I order anything, I check DealSeek before any purchases! Wish I had know about it before but now it’s my go to happy place!",EasyPeachers,1.54.0,2026-05-15T01:33:12Z,True,itunes_rss_mostHelpful,False,False
69790da84f16c6b10384e435e0e009f63fdb1ad508166c852d623614897bb05e,14146844256,6745274862,DealSeek,us,5,Great deals,"I’ve been using DealSeek for a while now and have found some amazing discounts and promo codes. The app is easy to use, updated regularly, and has helped me save money on purchases I was already planning to make. Definitely worth checking out if you like finding good deals and coupons. Highly recommend! ⭐⭐⭐⭐⭐","I’ve been using DealSeek for a while now and have found some amazing discounts and promo codes. The app is easy to use, updated regularly, and has helped me save money on purchases I was already planning to make. Definitely worth checking out if you like finding good deals and coupons. Highly recommend! ⭐⭐⭐⭐⭐",Sagetylerdonne,1.55.0,2026-06-05T13:52:56Z,True,itunes_rss_mostHelpful,False,False
013382e49568de3af7d4973b0f2e901f8bcb81351d9189f91ee8a783b8ec9846,14145061635,6745274862,DealSeek,us,5,Good for those with self control!!! 🤣,Some of the deals are quite a steal!!! I was afraid some of the products would be low quality but surprisingly every item I’ve gotten in so far has exceeded my expectations. When I’m in the market for something one of the first places I check is my Deal app to see what treasure I can find!,Some of the deals are quite a steal!!! I was afraid some of the products would be low quality but surprisingly every item I’ve gotten in so far has exceeded my expectations. When I’m in the market for something one of the first places I check is my Deal app to see what treasure I can find!,Adpeyton08,1.55.0,2026-06-05T01:47:24Z,True,itunes_rss_mostHelpful,False,False
b96db3dba90210301621c93f2308c75cd0e9e57275e6e1e22d52e961e7c132f5,14010913808,6745274862,DealSeek,us,5,Excellent deals and truly outstanding discounts,"I’ve been able to to conveniently combine outstanding deals on items I want but have put off buying because the price wasn’t quite right or the quality wasn’t there.  Deal seek puts everything together for you, including the best promo codes available. 😎","I’ve been able to to conveniently combine outstanding deals on items I want but have put off buying because the price wasn’t quite right or the quality wasn’t there.  Deal seek puts everything together for you, including the best promo codes available. 😎",TD VV,1.53,2026-04-29T23:52:16Z,True,itunes_rss_mostHelpful,False,False
6abf4bdd2eb090576ae75510f955c711d7e5d1fb282bb04a3add6859d1207bc8,14347425092,6745274862,DealSeek,us,5,It works!!,"I was skeptical because I saw it on TikTok and you know nothing can be trusted anymore since AI. I decided to download and try it bcuz no harm in doing so, and it sure works. The deals are good, sometimes you don’t get the exact item you’re looking for in terms of brand but the alternative is the same quality. Give it a shot!","I was skeptical because I saw it on TikTok and you know nothing can be trusted anymore since AI. I decided to download and try it bcuz no harm in doing so, and it sure works. The deals are good, sometimes you don’t get the exact item you’re looking for in terms of brand but the alternative is the same quality. Give it a shot!",slickmaister,1.60.0,2026-07-25T18:25:15Z,True,itunes_rss_mostHelpful,False,False
054e5ef5c0d65903fb92778541fc618c84df3e5d3a75062b38402274b454e89a,13984076918,6745274862,DealSeek,us,5,The more you save. The more things you get to buy without going broke.,"Yes, of course they have discounts on horrible reviewed products,  BUT. They have some deals and promos on things that have great reviews.

It’s worth the moment it takes you to open the app and search for the item you are interested in.","Yes, of course they have discounts on horrible reviewed products,  BUT. They have some deals and promos on things that have great reviews. 

It’s worth the moment it takes you to open the app and search for the item you are interested in.",Pati O,1.53,2026-04-22T06:19:34Z,True,itunes_rss_mostHelpful,False,False
5580c28448c1ae699ba316f64a9bed2a31b2272630a600a78629f5fe312bba95,14342165055,6745274862,DealSeek,us,5,You’ll definitely finds some awesome deals!,Love checking out this site. I have found some amazing promo codes that saved me a lot of money. Definitely check this site often especially before making your purchases you just may find extra savings!!!!,Love checking out this site. I have found some amazing promo codes that saved me a lot of money. Definitely check this site often especially before making your purchases you just may find extra savings!!!!,Tking71,1.60.0,2026-07-24T11:50:12Z,True,itunes_rss_mostHelpful,False,False
075698ca8a074abb2561080e960114eb94e5d823a4835f83daecfe6492189d5a,14443109174,6745274862,DealSeek,us,3,Liked deals,"I was loving this app, but for the past few months it hasn’t allowed me to view my liked deals. I go into my profile and there is no option for liked deals until you go into favorites. But listed under favorites is nothing. And there is only about 5 liked deals at the top, and it won’t let me click on liked deals. Hopefully this bug gets fixed soon.","I was loving this app, but for the past few months it hasn’t allowed me to view my liked deals. I go into my profile and there is no option for liked deals until you go into favorites. But listed under favorites is nothing. And there is only about 5 liked deals at the top, and it won’t let me click on liked deals. Hopefully this bug gets fixed soon.",sie0720,1.60.0,2026-08-18T14:51:17Z,True,itunes_rss_mostHelpful,False,False
b41f2e88959ce356cc8d1da0b012883d9f45b0ccec0a6273dcd41b397b62fa13,13968338830,6745274862,DealSeek,us,5,Love your money,Thanks to Jeff Rosen and the team here on Deal Seak this is my new social media lol. I find a deal  almost anything I put into the  search bar. I also appreciate that alternative recommendations if the product I’m searching is not found (at that moment). Thanks again for your hard work and to the creator of this app!,Thanks to Jeff Rosen and the team here on Deal Seak this is my new social media lol. I find a deal  almost anything I put into the  search bar. I also appreciate that alternative recommendations if the product I’m searching is not found (at that moment). Thanks again for your hard work and to the creator of this app!,S. A. A marriage,1.53,2026-04-17T18:44:42Z,True,itunes_rss_mostHelpful,False,False
d6b1eb47d67d23df8cb4cc8ab7f5ffebb78fba5ea97e4806a2fc0f84fc86f101,14204645513,6745274862,DealSeek,us,5,absolutely love this app,"i’m so glad I found this app. It saved me so much money. It is very easy to navigate. You never know what you’re gonna find and how much money off how much you’re gonna save etc. it also saves me a lot of time as well if I could, I would give this happy 10 star","i’m so glad I found this app. It saved me so much money. It is very easy to navigate. You never know what you’re gonna find and how much money off how much you’re gonna save etc. it also saves me a lot of time as well if I could, I would give this happy 10 star",lilthis N that,1.58.0,2026-06-20T09:58:17Z,True,itunes_rss_mostHelpful,False,False
2fd001cce510f048b434fc0725095677826eda62cafbe9b780bf2116796e9c4b,14049585368,6745274862,DealSeek,us,5,Great Deals!,"I was a little doubtful at first that this app would be useful. Well, I bought something the first time I used it. I’ve bought a few items through Deal Seek. I love a great deal and will continue using the app. It’s really easy to use if you read and follow the directions. I’m here to stay.","I was a little doubtful at first that this app would be useful. Well, I bought something the first time I used it. I’ve bought a few items through Deal Seek. I love a great deal and will continue using the app. It’s really easy to use if you read and follow the directions. I’m here to stay.",ShellShell01,1.53,2026-05-10T16:31:19Z,True,itunes_rss_mostHelpful,False,False
0dd9156efa35a1c11318002d9c52327050b9f49978d6a01581b72403705e35ea,14105676799,6745274862,DealSeek,us,5,Get Deal Seek asap!,U will not believe the offers on Deal Seek. U can’t top getting items for ridiculous prices. But U have to be quick as some sales are limited. I have purchased so many great items. And U find out about items U never knew existed. So glad I’m a Deal Seeker! And U should be too! Check it out.,U will not believe the offers on Deal Seek. U can’t top getting items for ridiculous prices. But U have to be quick as some sales are limited. I have purchased so many great items. And U find out about items U never knew existed. So glad I’m a Deal Seeker! And U should be too! Check it out.,madraste13,1.55.0,2026-05-25T20:24:29Z,True,itunes_rss_mostHelpful,False,False
05f7128377d9404d556637bf854622296be824fa95c5bfe3bc75f351b57eb8dd,14074861609,6745274862,DealSeek,us,5,Deals,I started out skeptical and found something for four dollars over 67% off and it worked and it was shipped for free deals is a real DealSeek and they seen you really good email options for something you might be looking for. You should try them out you won’t regret it.,I started out skeptical and found something for four dollars over 67% off and it worked and it was shipped for free deals is a real DealSeek and they seen you really good email options for something you might be looking for. You should try them out you won’t regret it.,DLMG60,1.55.0,2026-05-17T13:56:52Z,True,itunes_rss_mostHelpful,False,False
090c63156919ff5cd5a68ba4c746b41893e66d6aaadb4dde8a027adaa2831c8b,14063927949,6745274862,DealSeek,us,5,Unbelievable Deals,"incredible low prices with numerous coupons and discounts on a wide variety of items. Shop smart and save money on products, allowing you to use your savings to purchase even more or save for future buys. Don't miss out on these amazing deals and finds!","incredible low prices with numerous coupons and discounts on a wide variety of items. Shop smart and save money on products, allowing you to use your savings to purchase even more or save for future buys. Don't miss out on these amazing deals and finds!",15Gucci18,1.53,2026-05-14T15:34:52Z,True,itunes_rss_mostHelpful,False,False
e4061761dad8c8838968de52d988694b1d93f2015da0a96ecb63b69613adadfb,14379045233,6745274862,DealSeek,us,5,Best Deals Ever,I love deal seek. I have gotten more deals and I mean like 50% off codes for so many things I needed some things you don’t think about that your every day needs water hoses. The dog brushes that I usually pay you know 60 bucks for I got them for 30. It’s just crazy and amazing. Great deals.,I love deal seek. I have gotten more deals and I mean like 50% off codes for so many things I needed some things you don’t think about that your every day needs water hoses. The dog brushes that I usually pay you know 60 bucks for I got them for 30. It’s just crazy and amazing. Great deals.,Hemcgill,1.60.0,2026-08-02T15:15:56Z,True,itunes_rss_mostHelpful,False,False
5e601757e4c9fd804c7aa852d601ecc12ec2a84b06eb00ba4ccbb3ec63a8bd54,14108091580,6745274862,DealSeek,us,5,Great tool and easy to use,"Deal Seeker has been super helpful and easy to use. It makes finding and managing deals so much more organized and efficient, it saves us budget seekers a lot of time and money, I absolutely love it . Overall, it’s a great tool for keeping everything moving smoothly.","Deal Seeker has been super helpful and easy to use. It makes finding and managing deals so much more organized and efficient, it saves us budget seekers a lot of time and money, I absolutely love it . Overall, it’s a great tool for keeping everything moving smoothly.",Process Queen,1.55.0,2026-05-26T13:17:31Z,True,itunes_rss_mostHelpful,False,False
7549510c6811c4230e55d117b1964df3990c26348abc9190766daecb1644bdc9,13933812006,6745274862,DealSeek,us,5,Worthwhile,"I’ve found a few really good bargains with this app.

Watch the reviews of the products, sometimes they’re not the best. Double check other retailers, at times you’ll find comparable prices to Dealseek’s lowest prices. Overall worth looking through routinely for good, often unexpected deals.","I’ve found a few really good bargains with this app. 

Watch the reviews of the products, sometimes they’re not the best. Double check other retailers, at times you’ll find comparable prices to Dealseek’s lowest prices. Overall worth looking through routinely for good, often unexpected deals.",Quilted Earlobe,1.52,2026-04-07T23:21:26Z,True,itunes_rss_mostHelpful,False,False
24a8494268cf7d64a18527bb033dcab773f77c5ad1e9d789e34dbc9b3b6dcb78,13983464943,6745274862,DealSeek,us,4,Good but could be better,"I really like this app so far. However, it is a little glitchy. When I want to sort by low to high, or any other parameters, it keeps glitching and cycling back through the same few items. Or if I search my highest percentage off, it still shows everything. Hopefully, an update will help.","I really like this app so far. However, it is a little glitchy. When I want to sort by low to high, or any other parameters, it keeps glitching and cycling back through the same few items. Or if I search my highest percentage off, it still shows everything. Hopefully, an update will help.",Wrenfyre,1.53,2026-04-22T01:13:22Z,True,itunes_rss_mostHelpful,False,False
fab6f5a53f2d4d8f01eaf788aed8a9dd88416bca5234a6b69584adcb2f6029f6,14374160581,6745274862,DealSeek,us,5,Great App for Finding Deals!,"I absolutely love DealSeek! It’s easy to use and makes finding coupons, promo codes, and great discounts so much easier. I’ve found some really good deals through the app and appreciate how convenient it is. Definitely worth having if you love saving money! ⭐️⭐️⭐️⭐️⭐️","I absolutely love DealSeek! It’s easy to use and makes finding coupons, promo codes, and great discounts so much easier. I’ve found some really good deals through the app and appreciate how convenient it is. Definitely worth having if you love saving money! ⭐️⭐️⭐️⭐️⭐️",GamerVel,1.60.0,2026-08-01T10:41:51Z,True,itunes_rss_mostHelpful,False,False
d744dce6c9e963a5f9bdb67adf1522d4bd76cce0d49cc76c1b698ee0636b2ba0,14022221792,6745274862,DealSeek,us,5,Great savings!,"I’m amazed at how many deals and promotions are published here! There are so many that, unless I need something right away, I’ll hold off on buying things until I see them on this app. And eventually they do show up I can buy what I want with a discount that I wasn’t expecting.","I’m amazed at how many deals and promotions are published here! There are so many that, unless I need something right away, I’ll hold off on buying things until I see them on this app. And eventually they do show up I can buy what I want with a discount that I wasn’t expecting.",pm21871,1.53,2026-05-03T02:31:05Z,True,itunes_rss_mostHelpful,False,False
eef32f1f370d35b39a671d6c29b095347996b70ea784a14c90ec609a9c663e33,14185513243,6745274862,DealSeek,us,5,This saves so much,"I have saved so many dollars with this site
I don’t have to hunt for coupon codes on social media sites and buy things I don’t need! Don’t deny it you do too! Here you hope in what you are looking for and it shows you what discounts are available!","I have saved so many dollars with this site
I don’t have to hunt for coupon codes on social media sites and buy things I don’t need! Don’t deny it you do too! Here you hope in what you are looking for and it shows you what discounts are available!",cee cee1977,1.55.0,2026-06-15T12:56:10Z,True,itunes_rss_mostHelpful,False,False
0dd6350ca58f55d1718f61348b4d042e09ec6177b3075def816aec919170c9d0,14123264796,6745274862,DealSeek,us,5,Wow,My husband just came across DealSeek and sent me the info. This is the first time I’ve browsed through a little and already ordered 2 items today at an awesome savings!  This may be dangerous as I can see myself ordering tons of things I never knew I needed….lol. Happy shopping everyone.  Thanks deal seek!,My husband just came across DealSeek and sent me the info. This is the first time I’ve browsed through a little and already ordered 2 items today at an awesome savings!  This may be dangerous as I can see myself ordering tons of things I never knew I needed….lol. Happy shopping everyone.  Thanks deal seek!,eeniemarie,1.55.0,2026-05-30T12:57:23Z,True,itunes_rss_mostHelpful,False,False
db445b1036d8489024009d57ca09c49e4cb53df32595fab9cc59e2654497f7f2,14274705131,6745274862,DealSeek,us,5,Great Deals!,"Just when you are happy you got a great deal then you get added promos making  it even better. I feel drawn to visit the sight just to see what I would miss out on!   Then I buy even more. I love this site especially Rossen’s deals!  Love him and his program ,too!","Just when you are happy you got a great deal then you get added promos making  it even better. I feel drawn to visit the sight just to see what I would miss out on!   Then I buy even more. I love this site especially Rossen’s deals!  Love him and his program ,too!",Cister Cis,1.59.0,2026-07-07T16:44:22Z,True,itunes_rss_mostHelpful,False,False
75457763abf4d3716e658f11a087a94642b71d30bc2096b2871556b4d1a001c6,14056424074,6745274862,DealSeek,us,5,Good Deals,There are a lot of really good deals and easy to apply the coupon but it did take me a while to put the coupon through correctly.  Make sure you double check price to make sure the coupon gets applied.,There are a lot of really good deals and easy to apply the coupon but it did take me a while to put the coupon through correctly.  Make sure you double check price to make sure the coupon gets applied.,Andedm,1.53,2026-05-12T14:27:37Z,True,itunes_rss_mostHelpful,False,False
9a5d9e42fc63cb9aa6b53da81bd748dcb8677f65cb9b37f9f3026ef8d0b38cfb,14135527100,6745274862,DealSeek,us,5,I love… husband not so much 😉,I start everyday going through the top 50 deals. I could literally - & I kinda do to my husbands dismay - buy something. The deals are so good. Haven’t had as much luck searching for a particulate item but I hope they can work on that as they grow.,I start everyday going through the top 50 deals. I could literally - & I kinda do to my husbands dismay - buy something. The deals are so good. Haven’t had as much luck searching for a particulate item but I hope they can work on that as they grow.,TheAceto5,1.55.0,2026-06-02T15:03:21Z,True,itunes_rss_mostHelpful,False,False
f8e3e3ea742e5ca2488ad038080d4f6097425599418d81f646c16afdbf0193ff,14071112911,6745274862,DealSeek,us,5,DealSeek review,"Great deals offered, have bought many items with coupons & discounts.  Only drawback is some coupons & discounts don’t work to purchase more of the same items after it arrives and you love it and want to buy more.","Great deals offered, have bought many items with coupons & discounts.  Only drawback is some coupons & discounts don’t work to purchase more of the same items after it arrives and you love it and want to buy more.",Ilicowi,1.55.0,2026-05-16T14:10:39Z,True,itunes_rss_mostHelpful,False,False
7eff81cb74659f715430da06ad871cce1d3fdf966afb7a71e8407febdb4baa4d,14179165868,6745274862,DealSeek,us,5,ThankYou Deal Seek,"Deal Seek is for everyone. From the household struggling to make ends meet to the white collar executive living the dream. Food & pantry items, kids items from newborn to teen, items for mechanics. It’s all here at eye-popping prices most of the time. I hope this never goes away. Thank you Deal Seek.","Deal Seek is for everyone. From the household struggling to make ends meet to the white collar executive living the dream. Food & pantry items, kids items from newborn to teen, items for mechanics. It’s all here at eye-popping prices most of the time. I hope this never goes away. Thank you Deal Seek.",SuzHall,1.55.0,2026-06-13T20:18:47Z,True,itunes_rss_mostHelpful,False,False
e0a2624d17f85fadc8cfb85bf838bca57a5441f66996ee8023f44c399b230886,13909358949,6745274862,DealSeek,us,5,Awesome App!,"This is a fantastic app, and a shopper that wants to find a deal, this is the best place to buy any item you can think of. I have saved hundreds of dollars buying several different types and to brands of shirts , pants, lights for the home etc. You have to try it to believe it!","This is a fantastic app, and a shopper that wants to find a deal, this is the best place to buy any item you can think of. I have saved hundreds of dollars buying several different types and to brands of shirts , pants, lights for the home etc. You have to try it to believe it!",dajfed,1.52,2026-04-01T04:31:05Z,True,itunes_rss_mostHelpful,False,False
66eb2660805b8391ba16d7a0252c71a1a2326c1392e51f24f4af3bdbe6eca55b,14368179524,6745274862,DealSeek,us,5,Savings!,I have definitely saved money with DealSeek! It’s pretty easy although sometimes you need to retry if it doesn’t work the first time. Just follow the easy instructions. And there’s prizes you can win too. I highly recommend this app!!,I have definitely saved money with DealSeek! It’s pretty easy although sometimes you need to retry if it doesn’t work the first time. Just follow the easy instructions. And there’s prizes you can win too. I highly recommend this app!!,CRPSFighter,1.60.0,2026-07-30T22:17:12Z,True,itunes_rss_mostHelpful,False,False
4222884608c743c791c7609d8bfe895abe4c137a8e9e9e4ce529bb0a79a9fad7,14282355950,6745274862,DealSeek,us,5,Game Changer,"I came across quite by accident. I noticed a post that happened to mention “DealSeek” and describe what is is.
I did my research on the website (fraud, scam etc.) my conclusion: Fantastic!! I have used their codes and experience nothing but satisfaction with their ez to use instruction. In conclusion, a great site.","I came across quite by accident. I noticed a post that happened to mention “DealSeek” and describe what is is. 
     I did my research on the website (fraud, scam etc.) my conclusion: Fantastic!! I have used their codes and experience nothing but satisfaction with their ez to use instruction. In conclusion, a great site.",Dbillington,1.60.0,2026-07-09T14:55:19Z,True,itunes_rss_mostHelpful,False,False
3ae0a7153ad6f52a61cad7da54556ca13474e52816b0ee63e1b864e2ed467862,14307128793,6745274862,DealSeek,us,5,Great deals,I saw this advertised on Instagram and immediately downloaded the app and started shopping for things that I needed and some that I didn’t but because they were at such a great price I took advantage of the deals. I’ve been shopping DealSeek ever since.,I saw this advertised on Instagram and immediately downloaded the app and started shopping for things that I needed and some that I didn’t but because they were at such a great price I took advantage of the deals. I’ve been shopping DealSeek ever since.,Do It Right.,1.60.0,2026-07-15T18:08:22Z,True,itunes_rss_mostHelpful,False,False
139b5710a7972aa20e580f568a682fc8cde6aba85a91ca12ed12178423d82f0e,14155754598,6745274862,DealSeek,us,5,Loads of fun,I bought this for my great granddaughter about two years ago and she just loved it played with a constantly. Somehow she broke the microphone and lost the other one. The price was amazing compared to what I paid for two years ago. I love this DealSeek site.,I bought this for my great granddaughter about two years ago and she just loved it played with a constantly. Somehow she broke the microphone and lost the other one. The price was amazing compared to what I paid for two years ago. I love this DealSeek site.,lovingnurse,1.55.0,2026-06-07T19:34:03Z,True,itunes_rss_mostHelpful,False,False
386dd9e623537d1f6b55d841310fa9aeee2bd823278ca664c5fdb5f9ab1440c5,14127506068,6745274862,DealSeek,us,5,Money saver,Saves a lot of money and when your looking for specific things they sometimes have it which helps out a lot! Not any scams! Actually a pretty handy app! I’ve gotten my whole family using the app now!,Saves a lot of money and when your looking for specific things they sometimes have it which helps out a lot! Not any scams! Actually a pretty handy app! I’ve gotten my whole family using the app now!,Acton$,1.55.0,2026-05-31T14:36:47Z,True,itunes_rss_mostHelpful,False,False
f458ae5b7528ef0b4936bacaa6ab2c809e9876b72fffdfb6361de6e4fa49915b,14463385785,6745274862,DealSeek,us,5,I look forward every day to see the great deals they offer,Everything I have purchased I have saved a lot of money on the products I would have never been able to afford,Everything I have purchased I have saved a lot of money on the products I would have never been able to afford,Jbd1987,1.60.0,2026-08-23T17:34:48Z,True,itunes_rss_mostHelpful,False,False
7c3c37647c5a5e99ec35595ddd52a6b1fe10be47b8f7c8add058fc3f1829138d,14069197827,6745274862,DealSeek,us,5,This is great,"I have recently discovered DealSeek after watching the podcast. I want to thank you all for your time in helping us find excellent deals. Thank you, thank you , especially now that everything is so expensive. God bless you.","I have recently discovered DealSeek after watching the podcast. I want to thank you all for your time in helping us find excellent deals. Thank you, thank you , especially now that everything is so expensive. God bless you.",diadorah,1.55.0,2026-05-16T01:26:34Z,True,itunes_rss_mostHelpful,False,False
1ba6bd0fe7a78711984c105834482409952c6c53b8eb500fae7cddb61f149619,14379716386,6745274862,DealSeek,us,5,Worth downloading!,"Love this app! I check DealSeek before I buy anything online, and it’s already helped me save money more than once. It’s simple to use, and finding deals is quick and easy. Definitely worth downloading!","Love this app! I check DealSeek before I buy anything online, and it’s already helped me save money more than once. It’s simple to use, and finding deals is quick and easy. Definitely worth downloading!",Avasmom33,1.60.0,2026-08-02T18:39:25Z,True,itunes_rss_mostHelpful,False,False
0bd23b45bbd4187c825967a0ff848d7cdac0d2b1dd667b5223e7263de311477d,14349855570,6745274862,DealSeek,us,5,Great but……,Absolutely top notch for finding lower prices on items but the “favorites” option has not functioned properly for me yet. I save a favorite but it doesn’t show in my list of favorites. Annoying but not a deal breaker. I still LOVE this app.,Absolutely top notch for finding lower prices on items but the “favorites” option has not functioned properly for me yet. I save a favorite but it doesn’t show in my list of favorites. Annoying but not a deal breaker. I still LOVE this app.,35MMreel,1.60.0,2026-07-26T10:40:24Z,True,itunes_rss_mostHelpful,False,False
6ab2bebe9c4ba4762cb021e589dcd85273bbc7ddf746b4d0395dfeee00f1f798,14291482121,6745274862,DealSeek,us,5,Great app for saving money!,"I’ve been using DealSeek to find discounts and promo codes, and it’s been very helpful. The app is easy to use, offers great deals, and helps me save money on my purchases. I definitely recommend it to anyone looking for the best discounts!","I’ve been using DealSeek to find discounts and promo codes, and it’s been very helpful. The app is easy to use, offers great deals, and helps me save money on my purchases. I definitely recommend it to anyone looking for the best discounts!",Rac9609,1.60.0,2026-07-11T20:26:53Z,True,itunes_rss_mostHelpful,False,False
dc46e3c17fd951a1e0c46cf8f87bff99ea23af48aa66b7df9e5c3e5e5c16ca47,14098457844,6745274862,DealSeek,us,5,Personal values that count,I love that I’m shown the deals for what I am looking for and related items that I can use or might be interested in. I appreciate not having to search through things I have no interest in so I don’t waste time on it.,I love that I’m shown the deals for what I am looking for and related items that I can use or might be interested in. I appreciate not having to search through things I have no interest in so I don’t waste time on it.,Fantastically Me,1.55.0,2026-05-23T22:57:19Z,True,itunes_rss_mostHelpful,False,False
7664c24459d54d3ba6eda337ad416a17ba464e6fbabdb12a41c98e75c6698896,14048934518,6745274862,DealSeek,us,5,DeelSeek coupons discount,"This program is amazing and helping those who needs these discounts to be able to buy things they need, like laundry, household items, clothes and items that have risen due to the out of site economy. Thank you!","This program is amazing and helping those who needs these discounts to be able to buy things they need, like laundry, household items, clothes and items that have risen due to the out of site economy. Thank you!",Walleye09,1.53,2026-05-10T13:17:13Z,True,itunes_rss_mostHelpful,False,False
54819bbf8b326ec5995ac59a22bdd3c4429c500ba27e2308cc381fd1847e28d4,13906817200,6745274862,DealSeek,us,5,Wahoo what a discovery,I just happen to follow up on this app. I can’t believe I didn’t know about this sooner gonna spread the word to all my friends family neighbors Community. This is an amazing app. If you don’t have it yet download it now saving so much money.,I just happen to follow up on this app. I can’t believe I didn’t know about this sooner gonna spread the word to all my friends family neighbors Community. This is an amazing app. If you don’t have it yet download it now saving so much money.,butteflyeyes711,1.52,2026-03-31T12:50:05Z,True,itunes_rss_mostHelpful,False,False
85b4c9ffbb6f54150ecc520d1ae10639383be4bdd018dbc36ae50b0e6d104f76,14415070833,6745274862,DealSeek,us,5,Saving so much,I really appreciate when someone offers a service that helps others save money.  This is exactly what this app does.  I have used it several times and have gotten GREAT deals.  Highly recommend,I really appreciate when someone offers a service that helps others save money.  This is exactly what this app does.  I have used it several times and have gotten GREAT deals.  Highly recommend,Shoptr,1.60.0,2026-08-11T15:38:43Z,True,itunes_rss_mostHelpful,False,False
a4ae5093ee00bd383ee58c41afbc58fad14b7cc3dc0be80ac14f3da093b0fd60,14280585643,6745274862,DealSeek,us,5,For Real,"I was worried it was just going to be another app down load that never works.
But so happy to say that isn’t the case at all. It has worked every time I have used it. Thank you for sharing the great deals with us.","I was worried it was just going to be another app down load that never works. 
But so happy to say that isn’t the case at all. It has worked every time I have used it. Thank you for sharing the great deals with us.",hvc nbd TV n,1.59.0,2026-07-09T04:11:44Z,True,itunes_rss_mostHelpful,False,False
56a9452c574d7cdd19a5c7987f9be87a59de553dd41533de28ba0fa09613a25e,14185535827,6745274862,DealSeek,us,5,Amazing,"this website has amazing day-to-day necessities that either jog your memory of something you need or want enhanced!
great prices and flexible payment options as well, couldn’t really ask for anything better.","this website has amazing day-to-day necessities that either jog your memory of something you need or want enhanced!
great prices and flexible payment options as well, couldn’t really ask for anything better.",Neisen.W,1.55.0,2026-06-15T13:03:12Z,True,itunes_rss_mostHelpful,False,False
1562246945ff0aaaba7d1a999cd366080f67e048e9bc93b261ca4fa58100178d,13924961235,6745274862,DealSeek,us,5,Love It,Was able to get great deals on items I had been looking at every now and then but never got them because of the price. Now - I can view the deals and find what the wanted at over 50% off!,Was able to get great deals on items I had been looking at every now and then but never got them because of the price. Now - I can view the deals and find what the wanted at over 50% off!,NH Native Here,1.52,2026-04-05T12:15:15Z,True,itunes_rss_mostHelpful,False,False
65e43a2d7b17e7e76a5c4dfa5448bafa73ee7c074e3c788ddb6a4eae5724478f,14253881939,6745274862,DealSeek,us,5,Deal seekers is great. I,"always check this before I order anything I need. I’ve gotten some great deals. Easy to use.
I recently got the rechargeable salt and pepper unit on  sale from Deal seakers. Loving it! Although it needs to charge on a cord which is included but not the plug","always check this before I order anything I need. I’ve gotten some great deals. Easy to use. 
I recently got the rechargeable salt and pepper unit on  sale from Deal seakers. Loving it! Although it needs to charge on a cord which is included but not the plug",home bills,1.59.0,2026-07-02T14:07:08Z,True,itunes_rss_mostHelpful,False,False
69dbe3153dcd9d228de4b2fd524e4a1112472d5b728e56d62a5cbbde1d74db58,14028569063,6745274862,DealSeek,us,5,Great Deals,"I love surfing through their top 50 deals! I often find something I’ve been looking for and it’s too good a deal to pass up. Occasionally, the coupons don’t work, but I would say 90% of the time they do. Thank you, Deal Seek!","I love surfing through their top 50 deals! I often find something I’ve been looking for and it’s too good a deal to pass up. Occasionally, the coupons don’t work, but I would say 90% of the time they do. Thank you, Deal Seek!",Jibemama,1.53,2026-05-04T20:13:22Z,True,itunes_rss_mostHelpful,False,False
ebb4ad6121256378f792eba1768c8235424156f5da862c580b3e0ccd2bd672c1,14458512309,6745274862,DealSeek,us,5,Check here before you purchase!,"More times than not, I find what I’m looking for at a better price by using this app. We saved a good bit putting together my daughter’s dorm room. Highly recommend!","More times than not, I find what I’m looking for at a better price by using this app. We saved a good bit putting together my daughter’s dorm room. Highly recommend!",Hookin'Em,1.60.0,2026-08-22T12:25:21Z,True,itunes_rss_mostHelpful,False,False
90a50fdc1ae37a78adb5e801e17111ae4ffa623dbfb431ca7f9f50c58ff35e30,14447224377,6745274862,DealSeek,us,5,Value & Big Savings,Every time I open the app there is savings on items I buy all the time with coupon codes and or rebates & cash back depending on the Deal. Highly recommend this site for savvy shoppers!,Every time I open the app there is savings on items I buy all the time with coupon codes and or rebates & cash back depending on the Deal. Highly recommend this site for savvy shoppers!,Waldo Narducci,1.60.0,2026-08-19T15:21:01Z,True,itunes_rss_mostHelpful,False,False
c3928a4a6bc0dc20fbeda12e5b89eee4a2d6004a2b2cc1dd84956f90705a1db8,14201289928,6745274862,DealSeek,us,5,Awesome assortment of products,I enjoy deal seek because after you get a good price on a product or a low low price on a product that you’ve been wanting it makes you feel good inside so they make me happy,I enjoy deal seek because after you get a good price on a product or a low low price on a product that you’ve been wanting it makes you feel good inside so they make me happy,Horsies$1,1.58.0,2026-06-19T13:29:33Z,True,itunes_rss_mostHelpful,False,False
54d816628aabc512be6ec2bcf0bdb1dad4ccd44108d87a4bc57f94257b2650bc,14299143972,6745274862,DealSeek,us,5,DealSeek Coupons,I recently learned about DealSeek. It is definitely worth adding the app as I am amazed at the savings on items I was already planning to purchase. The items with promo codes are also high quality.,I recently learned about DealSeek. It is definitely worth adding the app as I am amazed at the savings on items I was already planning to purchase. The items with promo codes are also high quality.,Lorie Bo,1.60.0,2026-07-13T18:41:39Z,True,itunes_rss_mostHelpful,False,False
a4bd00eb30a52292e1314c8987eaa9ca3667f2293554607d10187d9a046ea09c,14169456129,6745274862,DealSeek,us,5,Easy to use,"DealSeek is a really handy app for finding great deals without any hassle. It’s easy to use, has useful offers, and actually helps save money. I like how simple and quick it is to find discounts that are worth it.","DealSeek is a really handy app for finding great deals without any hassle. It’s easy to use, has useful offers, and actually helps save money. I like how simple and quick it is to find discounts that are worth it.",Jorge Papa,1.55.0,2026-06-11T11:00:04Z,True,itunes_rss_mostHelpful,False,False
43173d8ec98ad678325182171be59e942c28fec9e598efc8000e37ea1a3bc4ad,13993078821,6745274862,DealSeek,us,5,I did get a good deal on a couple of things,I was pretty skeptical and basically overlooked this opportunity for quite a long time and then I decided to give it a try and save quite a bit of money so I’m on board with this,I was pretty skeptical and basically overlooked this opportunity for quite a long time and then I decided to give it a try and save quite a bit of money so I’m on board with this,Boisecvl,1.53,2026-04-24T20:25:06Z,True,itunes_rss_mostHelpful,False,False
9c6492358e58962f025efb961959c430b149bfa763c1d787d35df8b40f9fe035,14388197413,6745274862,DealSeek,us,5,Money saved,I’ve made about 4 purchases so far and I and a happy camper. Every coupon has worked and took off 50% as advertised I will continue to use and recommend this app,I’ve made about 4 purchases so far and I and a happy camper. Every coupon has worked and took off 50% as advertised I will continue to use and recommend this app,Bingo blitz best game,1.60.0,2026-08-04T20:13:08Z,True,itunes_rss_mostHelpful,False,False
b335163891762f8df2e59e6fc8dd895529117fe108c8647718519919a1241713,14450633874,6745274862,DealSeek,us,4,Used one time only,I think this is amazing! So far I purchased one thing and paid less than 50% of the actual cost of a product. I will definitely check this out before I make another purchase again.,I think this is amazing! So far I purchased one thing and paid less than 50% of the actual cost of a product. I will definitely check this out before I make another purchase again.,LilySRose,1.60.0,2026-08-20T12:26:51Z,True,itunes_rss_mostHelpful,False,False
7568b769d938571b31e9273c35c8a86581a1c2564d4458b3e8fab70e12cd9ab3,14210018020,6745274862,DealSeek,us,5,AN APP THAT ACTUALLY WORKS!!!!,The app works great. You can find deals on things you’ll actually use and at a very good price. I have purchased with the discount codes many times already and it always works. It’s super easy to use. I highly recommend!,The app works great. You can find deals on things you’ll actually use and at a very good price. I have purchased with the discount codes many times already and it always works. It’s super easy to use. I highly recommend!,Ericks313,1.58.0,2026-06-21T18:14:21Z,True,itunes_rss_mostHelpful,False,False
1a4efe04b156d16dea27a7e445a9851df69b7889d48ea811b024c7af7da0c668,14063236484,6745274862,DealSeek,us,5,Wonderful Way to Save,I check e every morning to see if there is a way to stretch my limited fixed income. I find many everyday items to make my budget go just a little farther each month.,I check e every morning to see if there is a way to stretch my limited fixed income. I find many everyday items to make my budget go just a little farther each month.,Nitaq89,1.53,2026-05-14T11:57:19Z,True,itunes_rss_mostHelpful,False,False
769957f3e08114989b783112ebc6629f0cfc9ba1ef30d211b6b268b16e9fdc40,13956845501,6745274862,DealSeek,us,5,Great App,Always has great deals and you can add in your own request to see if they have a sale on something you want and don’t see it in the listing or if you don’t want to go through the entire listing,Always has great deals and you can add in your own request to see if they have a sale on something you want and don’t see it in the listing or if you don’t want to go through the entire listing,Old But Can Do It,1.53,2026-04-14T12:27:22Z,True,itunes_rss_mostHelpful,False,False
f77e4bdf8cb3adc8b2739557d0082eec8475a5aa41dc597b57b4718ef9c387f2,14307328669,6745274862,DealSeek,us,5,Love to save,Getting great savings is important and this app has helped me save on multiple items. I’ve been telling anyone who would listen about DealSeek! I don’t shop online without checking this app first!,Getting great savings is important and this app has helped me save on multiple items. I’ve been telling anyone who would listen about DealSeek! I don’t shop online without checking this app first!,Micheme26,1.60.0,2026-07-15T19:12:04Z,True,itunes_rss_mostHelpful,False,False
daabf5bd5b13e1b61ff3c465026ce893e0e66b24b2e7fc723fa10cb7b5237a45,14307115507,6745274862,DealSeek,us,5,Some great items,Some great items for 😂great prices. Enjoy searching the site multiple times a week. I probably should stay off it as I’ve purchased multiple things. 😂😂,Some great items for 😂great prices. Enjoy searching the site multiple times a week. I probably should stay off it as I’ve purchased multiple things. 😂😂,Bamma611,1.60.0,2026-07-15T18:04:14Z,True,itunes_rss_mostHelpful,False,False
adc97f40ab84d074b9f5f4a9a0edf3e3e3980376804d21ecebf6a6514c127245,14202072884,6745274862,DealSeek,us,5,Great,Found my first deal within 3 minutes of downloading the app. They didn’t have any deals on what I was specifically looking for but there’s so many others that are available!,Found my first deal within 3 minutes of downloading the app. They didn’t have any deals on what I was specifically looking for but there’s so many others that are available!,Norahwld,1.58.0,2026-06-19T17:20:27Z,True,itunes_rss_mostHelpful,False,False
4284a45a08491ea213d7a4f229b5ae4d97b0d71d18cab2fc641f4372e04271a6,14179427354,6745274862,DealSeek,us,5,Great site!,"When I first heard about Deal Seek I thought it was just another gimmick. But I tried it out and was quite surprised that it actually worked! So now, I use it frequently and am so happy to have found this!","When I first heard about Deal Seek I thought it was just another gimmick. But I tried it out and was quite surprised that it actually worked! So now, I use it frequently and am so happy to have found this!",Misslilymt,1.55.0,2026-06-13T21:55:41Z,True,itunes_rss_mostHelpful,False,False
e80eb0c4a589493ee4bf0679a04d589dfefba69cd64716619124e791788dbef4,14402297061,6745274862,DealSeek,us,5,Great App for Finding Deals!,Easy to use and really helpful for finding coupons and discounts. I’ve already found some good deals and saved money. Definitely worth having! 😊,Easy to use and really helpful for finding coupons and discounts. I’ve already found some good deals and saved money. Definitely worth having! 😊,Boo-Face!,1.60.0,2026-08-08T10:22:32Z,True,itunes_rss_mostHelpful,False,False
f76d6d0989f3577ed5be7561613fe06303db0506da00cd1984b85cc590fbac60,14296347136,6745274862,DealSeek,us,5,Saving money is fun!,I now come to Deal Seek before I go to other shopping sites when I need to buy something.  They have most everything I’ve searched for and at the best prices available!  Loving the savings!!,I now come to Deal Seek before I go to other shopping sites when I need to buy something.  They have most everything I’ve searched for and at the best prices available!  Loving the savings!!,DBlack1001,1.60.0,2026-07-13T02:15:14Z,True,itunes_rss_mostHelpful,False,False
c7ab4ea8f85b2a9a8fa0daae7d8dc607a9f6dfc10dd7ec42d5b40959d42da532,14377646243,6745274862,DealSeek,us,5,The app,This app gives you the BEST deals! Don’t waste your money ordering from amazing when you can get it for half the price or so. Any saved money is money saved no matter how big or small!,This app gives you the BEST deals! Don’t waste your money ordering from amazing when you can get it for half the price or so. Any saved money is money saved no matter how big or small!,Tinneyann,1.60.0,2026-08-02T07:08:04Z,True,itunes_rss_mostHelpful,False,False
0a32e59f34e0ba9af6cb49cb8efa2b2d1ee6c7540c2700ca01ede9baa9a1e6ee,14389512636,6745274862,DealSeek,us,5,Easy on pocket,I’m in love with DealSeek coupons and discounts as it saves $100’s of dollars on items you wish to buy. It comes up with affordable prices for products with great reviews and excellent quality.,I’m in love with DealSeek coupons and discounts as it saves $100’s of dollars on items you wish to buy. It comes up with affordable prices for products with great reviews and excellent quality.,Zufi15,1.60.0,2026-08-05T04:32:24Z,True,itunes_rss_mostHelpful,False,False
2cac18d2f64dfef549248e0eea0c087945cf21cce75d15d503831197c63b2927,14241738802,6745274862,DealSeek,us,5,"Great deals, links directly!","I’ve gotten several super deals on items I’ve been looking for. The codes work but you have to go to your cart to apply them, so don’t miss that step.","I’ve gotten several super deals on items I’ve been looking for. The codes work but you have to go to your cart to apply them, so don’t miss that step.",TamaraK_Realtor,1.59.0,2026-06-29T17:12:27Z,True,itunes_rss_mostHelpful,False,False
3e7ff4367ffd114155237dfbc2775153470d59a22408f2db261e90bd5bcf40b7,14208927570,6745274862,DealSeek,us,5,Great!,So far every item I have used one of their codes for has worked. I like getting deals and being able to search for deals on things I am looking for.,So far every item I have used one of their codes for has worked. I like getting deals and being able to search for deals on things I am looking for.,DScott1970,1.58.0,2026-06-21T12:40:05Z,True,itunes_rss_mostHelpful,False,False
b6a32a538fdcc901bd0aedde49ba542b1026b6940d51274d6e69be8948eff93d,14450728172,6745274862,DealSeek,us,5,Saved money,I am really happy I looked into this. I found some great discounts and was able to buy some things I would not have if they were full price.,I am really happy I looked into this. I found some great discounts and was able to buy some things I would not have if they were full price.,Fink1992,1.60.0,2026-08-20T12:55:37Z,True,itunes_rss_mostHelpful,False,False
735ccf4df3a5110e39cf33198a51a42093f5eb62b5fd55aea0e5d8e7b7b04cc6,14255514698,6745274862,DealSeek,us,5,Money Saver,First off Rossen Reports Rocks has taught me so much and Deal Seek wow wow wish I knew sooner and I show friends and they are so excited to save… So thanks to all who work hard to bring us these deals we all need them we all struggle God Bless America,First off Rossen Reports Rocks has taught me so much and Deal Seek wow wow wish I knew sooner and I show friends and they are so excited to save… So thanks to all who work hard to bring us these deals we all need them we all struggle God Bless America,sprybraggg,1.59.0,2026-07-02T22:27:49Z,True,itunes_rss_mostHelpful,False,False
d99b40ca07a76966b6ea19b92b2e1cb030de586ec31fdb1fa21e801067681d22,14230302743,6745274862,DealSeek,us,5,Awesome,I saw this app featured on a Web tech show.  I decided to download and try it since prime days was coming up. By using the app I saved a lot more than I would have without it. It is very worth downloading.,I saw this app featured on a Web tech show.  I decided to download and try it since prime days was coming up. By using the app I saved a lot more than I would have without it. It is very worth downloading.,Dane diggity,1.59.0,2026-06-26T22:02:31Z,True,itunes_rss_mostHelpful,False,False
76cc96b03003e651b0fccb2e47eaaea1400d4e65c9f237751dd86576607fb18c,14178513119,6745274862,DealSeek,us,5,Lists very good deals daily,"I was a bit skeptical when I downloaded the app and waited a bit to be sure it was legitimate before I ordered.  My purchase arrived fast, exactly as shown, in perfect condition,  and best of all 50% off!","I was a bit skeptical when I downloaded the app and waited a bit to be sure it was legitimate before I ordered.  My purchase arrived fast, exactly as shown, in perfect condition,  and best of all 50% off!",Itunes5811,1.55.0,2026-06-13T16:44:01Z,True,itunes_rss_mostHelpful,False,False
126b938786b090886fec498f93195a14e3b96c2cf85eb5e0d719e32988c6787f,14020434000,6745274862,DealSeek,us,5,Amazing Finds,"I always read the reviews before buying. While you always find great prices here on Deal Seek, you “get what you pay for”. I can usually find a great price for a good, and even great product. Do your research.","I always read the reviews before buying. While you always find great prices here on Deal Seek, you “get what you pay for”. I can usually find a great price for a good, and even great product. Do your research.",jwmdds,1.53,2026-05-02T15:14:05Z,True,itunes_rss_mostHelpful,False,False
949e3e631e09e74ecf27f561ca3befccd1f6d2cba31aa643c0efe918fa5d980b,14430115181,6745274862,DealSeek,us,5,Excellent deals,I just started using this site and have already gotten great deals and savings on things I needed. I have shared this with my family and friends because of the great savings.,I just started using this site and have already gotten great deals and savings on things I needed. I have shared this with my family and friends because of the great savings.,Incredible Savings,1.60.0,2026-08-15T09:33:48Z,True,itunes_rss_mostHelpful,False,False
efbf8560e12936883702bb867bdf39543f76971101f0e66d2c78b2781ea7528b,14217188511,6745274862,DealSeek,us,5,"So far, Great app",I have only used the app for a little over 2 months. Have purchased 2 times off it and they both were a excellent price and great products! Recommend!!,I have only used the app for a little over 2 months. Have purchased 2 times off it and they both were a excellent price and great products! Recommend!!,"So Far, Great app",1.59.0,2026-06-23T15:51:02Z,True,itunes_rss_mostHelpful,False,False
d4b113ed80de249ecff16b93f7913ab0afa70bd6c08803c39f1ddb53b90d8912,14011831399,6745274862,DealSeek,us,5,Great deals!!,I have purchased a couple of items recently since I have started with Deal Seek and I couldn't be happier! Now when I am looking for something I come here first to see if there are any deals! Love it!!,I have purchased a couple of items recently since I have started with Deal Seek and I couldn't be happier! Now when I am looking for something I come here first to see if there are any deals! Love it!!,BCoggin,1.53,2026-04-30T07:04:25Z,True,itunes_rss_mostHelpful,False,False
ffcd7e366fa721aef280ea9cc40503412dc4967fa2b34ef0ebed82650c9f8cfe,14431703560,6745274862,DealSeek,us,5,It’s great when it works,"I have got several promos from this app and when it works, it does make a difference of what you’re going to pay in the long run","I have got several promos from this app and when it works, it does make a difference of what you’re going to pay in the long run",Douchebagery,1.60.0,2026-08-15T17:49:23Z,True,itunes_rss_mostHelpful,False,False
4d24cf7b3b1b78976cd7466574d88764c2004ed60c1e380c9b716b87280e40da,14270686690,6745274862,DealSeek,us,5,Saved some$$,"I’m old I’m slow and don’t have much extra cash to spend so thanks to Deal Seek I’ve been able to save some money. Thanks again, couldn’t enjoy some items without ya.","I’m old I’m slow and don’t have much extra cash to spend so thanks to Deal Seek I’ve been able to save some money. Thanks again, couldn’t enjoy some items without ya.",North Carolina Mikey,1.59.0,2026-07-06T16:50:42Z,True,itunes_rss_mostHelpful,False,False
002548bf391f83aa766435f07c5281261489c02811eae456c7f9fe79725fbcc4,14147501125,6745274862,DealSeek,us,5,Finding coupons,It’s a little confusing how to find coupons maybe make the codes a little bigger to see,It’s a little confusing how to find coupons maybe make the codes a little bigger to see,Mamaur333,1.55.0,2026-06-05T17:01:50Z,True,itunes_rss_mostHelpful,False,False
c0f2053697e25dc7944e8a33e20fa09592b29833ca0642c21e348741632ddb78,14120987704,6745274862,DealSeek,us,5,Amazing Value,I’ve made several purchases and saved many dollars. This is another example of a company that helps you find the greatest value for your dollar.,I’ve made several purchases and saved many dollars. This is another example of a company that helps you find the greatest value for your dollar.,Wonderful Grandpa,1.55.0,2026-05-29T21:42:53Z,True,itunes_rss_mostHelpful,False,False
b8b82e33bcf9b678c2bd86b1d7b7aba337ebe7f48b72153040887583de198e37,14053518522,6745274862,DealSeek,us,5,Awesome Deals,The deals on this website are better than most other websites that say their deals are good.  I would recommend them to anyone looking to save a little money.,The deals on this website are better than most other websites that say their deals are good.  I would recommend them to anyone looking to save a little money.,RickDap,1.53,2026-05-11T18:21:29Z,True,itunes_rss_mostHelpful,False,False
4778575e330dfb105dadfdf99e8bcda3c651b55657ed0fa028db993c522a1de9,14023424940,6745274862,DealSeek,us,5,Really good deals,I have made several purchases using the coupon codes with Deal Seek.  I am very happy with the savings.  I open the app several times a day to see what’s new.  Highly recommend!,I have made several purchases using the coupon codes with Deal Seek.  I am very happy with the savings.  I open the app several times a day to see what’s new.  Highly recommend!,BlessedbyhisWord,1.53,2026-05-03T11:34:31Z,True,itunes_rss_mostHelpful,False,False
13431ec390fda5a2c9a3ae3dd0f7dc8545c3fb1dbae2059c9d9f12c40070b9d6,14221574547,6745274862,DealSeek,us,5,1st timer,They give you many options to choose from and they show you some great deals.  Looking for the new ones down the road!,They give you many options to choose from and they show you some great deals.  Looking for the new ones down the road!,Shanti 27,1.59.0,2026-06-24T18:12:30Z,True,itunes_rss_mostHelpful,False,False
7a91d125cdd74b87c40de1fed1083dc5512cadff4beee8d86bfdfaf35ac81524,14354400781,6745274862,DealSeek,us,4,Pretty good,"I think the layout is really nice and I like the app the only problem ive add is with the favoriting, when I favorite something 90%of the time it doesn’t show up in my favorites and that’s really annoying, but other then that it’s good","I think the layout is really nice and I like the app the only problem ive add is with the favoriting, when I favorite something 90%of the time it doesn’t show up in my favorites and that’s really annoying, but other then that it’s good",EnvyTheBirds,1.60.0,2026-07-27T13:49:49Z,True,itunes_rss_mostHelpful,False,False
02e85e85ab072feebe3536c3ebbd022288d898faf809dc3886983a3347930d86,14212739877,6745274862,DealSeek,us,5,DEAL SEEK STEALS,Wow Wow Wow.  Don’t miss out on these DEALS.  There is something for EVERYBODY!  Grab them while they are listed cause it’s limited time and quantities.  Products are legit not some rip off too good to be true.  I’ve talented advantage of numerous offers and the DO NOT Disappoint.  What are you waiting for?,Wow Wow Wow.  Don’t miss out on these DEALS.  There is something for EVERYBODY!  Grab them while they are listed cause it’s limited time and quantities.  Products are legit not some rip off too good to be true.  I’ve talented advantage of numerous offers and the DO NOT Disappoint.  What are you waiting for?,"!$@&($(:,?!",1.58.0,2026-06-22T12:50:36Z,True,itunes_rss_mostHelpful,False,False
b617d7ab792680e3fce8c4b3398b6c7d4a5347196bf88298cdd341038ebcee75,14464735842,6745274862,DealSeek,us,5,Great deals,I love to search for needed items here and find them at a fantastic price!  It’s also fun to look through the top deals.  You never know what you’ll find.,I love to search for needed items here and find them at a fantastic price!  It’s also fun to look through the top deals.  You never know what you’ll find.,Cinnamon-Pie,1.60.0,2026-08-24T02:01:14Z,True,itunes_rss_mostHelpful,False,False
0c2208dabdfae69d36ed975fa042637f6ca253f0a506ea7cfaaf718a35d58a38,14436139680,6745274862,DealSeek,us,5,Great site,I’m giving this review about Deal Seek I am so happy I found this site for purchases .I ordered a sweatsuit and aprons for work and only paid 25 dollars 😳😍😍😍😍. I’m truly happy you to have found and used this app.,I’m giving this review about Deal Seek I am so happy I found this site for purchases .I ordered a sweatsuit and aprons for work and only paid 25 dollars 😳😍😍😍😍. I’m truly happy you to have found and used this app.,Pookie mommy,1.60.0,2026-08-16T20:19:26Z,True,itunes_rss_mostHelpful,False,False
121a1b6b587638eb68f1eedf79e08bfac2e4497999b105e79722ae3d058d0326,14343505957,6745274862,DealSeek,us,5,Kitchen ceiling fan with the light,I’ve been looking for this item for about two weeks now and you guys are fantastic. You saved me a lot of money. Thank you so much much respect for you.,I’ve been looking for this item for about two weeks now and you guys are fantastic. You saved me a lot of money. Thank you so much much respect for you.,Eddie 949710,1.60.0,2026-07-24T18:32:17Z,True,itunes_rss_mostHelpful,False,False
dff2988bd0813a311feba8b6061d40d831f33743af517ae29ee041872855b1d5,14002370029,6745274862,DealSeek,us,5,Consistent great deals,"I often find great deals that I must have, I can afford to. Worth a daily check. They also notify you when there are new deals during the day.","I often find great deals that I must have, I can afford to. Worth a daily check. They also notify you when there are new deals during the day.",nananasha,1.53,2026-04-27T13:14:08Z,True,itunes_rss_mostHelpful,False,False
78c129d20986ad1456ac57858172a118ee3fe78588350815b7b4cd1d43caf3ab,14414149751,6745274862,DealSeek,us,5,Great deals,"This is by far the best thing I’ve joined this year. It has saved me lots of money. I don’t always buy everything I click on but when I do, it is a great savings.","This is by far the best thing I’ve joined this year. It has saved me lots of money. I don’t always buy everything I click on but when I do, it is a great savings.",can-do-lady,1.60.0,2026-08-11T11:11:43Z,True,itunes_rss_mostHelpful,False,False
7e3ae17258c0c3c5b9726a4ffebfb7cdec4c1d413c71b0597315cc835efed5af,14326194056,6745274862,DealSeek,us,5,Unbelievable Deals,I thought it was too good to be true! The deals they find are real and the products are great quality. You will be amazed….check them out!,I thought it was too good to be true! The deals they find are real and the products are great quality. You will be amazed….check them out!,Driizwall,1.60.0,2026-07-20T12:47:00Z,True,itunes_rss_mostHelpful,False,False
1d2752fe4135f145f2a3582b9f448bca23c6e4e2d62e864ffbe16e502d054a9e,14146848105,6745274862,DealSeek,us,5,Happy Customer/Parent,"I love a good deal or saving on things my family needs.  I was skeptical at first but this app is so easy to work with, I am truly happy I found this app!  It definitely helps save money.","I love a good deal or saving on things my family needs.  I was skeptical at first but this app is so easy to work with, I am truly happy I found this app!  It definitely helps save money.",JazAlexis,1.55.0,2026-06-05T13:54:01Z,True,itunes_rss_mostHelpful,False,False
61a47cc7e87b26c44b661d96b8a0b23132cf1635f4d4fead15e17c43313caa89,14121412726,6745274862,DealSeek,us,5,Shop save buy more,I’ve used deal seek on a few purchases to buy a few things and saving money allowed me to buy more things I needed and wanted,I’ve used deal seek on a few purchases to buy a few things and saving money allowed me to buy more things I needed and wanted,Shop save spend money,1.55.0,2026-05-30T00:30:39Z,True,itunes_rss_mostHelpful,False,False
afd26ae70f8242266a193b8afd44e022a6d16d9fc09fad313e849be84b042278,13933417714,6745274862,DealSeek,us,5,Finally,Finally an easy to use app that does what it says and saves you real money with a few clicks you can be sure you are paying the lowest price possible.,Finally an easy to use app that does what it says and saves you real money with a few clicks you can be sure you are paying the lowest price possible.,The Real Pammy,1.52,2026-04-07T20:31:43Z,True,itunes_rss_mostHelpful,False,False
2f55e964091b5bad680ae46b81732e19a0c440b22af4a69f40d3449313197f5c,14468038713,6745274862,DealSeek,us,5,Superb savings,Great savings on items that I don’t see anywhere else. Download their app and it’s easier than going through their website.,Great savings on items that I don’t see anywhere else. Download their app and it’s easier than going through their website.,Luv ro hike,1.60.0,2026-08-24T22:15:36Z,True,itunes_rss_mostHelpful,False,False
e30b0ed5f16f122187ad09bff7aba61fc75a252b2e2efdb57f917ba4c3bc2e54,14363665204,6745274862,DealSeek,us,5,Deal seek,For me this is the best thing since sliced bread!  I can now order things that I would have had to pass on before.  Thank you for providing this opportunity!,For me this is the best thing since sliced bread!  I can now order things that I would have had to pass on before.  Thank you for providing this opportunity!,MsJojogunn,1.60.0,2026-07-29T19:32:08Z,True,itunes_rss_mostHelpful,False,False
072b3bafa8d1bd9c513ae416c7ba3dcf853859db5192527176f2e73b42440c31,14362431999,6745274862,DealSeek,us,5,DealSeak 100% recommend!!,"I absolutely love the savings I get with this app .! every day it’s something new and it can be up to 70% off! I love this app and as the title says, I 100% recommend if you enjoy discount, saving money!!","I absolutely love the savings I get with this app .! every day it’s something new and it can be up to 70% off! I love this app and as the title says, I 100% recommend if you enjoy discount, saving money!!",CHeabbaus,1.60.0,2026-07-29T13:19:14Z,True,itunes_rss_mostHelpful,False,False
82cfe184970cc5c4145d0e14d759b8fad2fe58cc49e5ea38231751004ff25c52,14340285423,6745274862,DealSeek,us,5,Super Deals every day!,"It’s fun to save money, and these days essential. Thanks to this app, I quickly and easily save without having to go through thousands of options—DealSeek does it for me!","It’s fun to save money, and these days essential. Thanks to this app, I quickly and easily save without having to go through thousands of options—DealSeek does it for me!",Cnver,1.60.0,2026-07-23T23:25:49Z,True,itunes_rss_mostHelpful,False,False
016e328544f3545b5b9c3582b7998811d642011d78a59209f0145b57baccba2f,14123085352,6745274862,DealSeek,us,5,Black Friday Everyday,I just discovered DealSeek about a week ago and what a find. I’ve found a few items I’ve been thinking about getting at really great prices. It’s like Black Friday every day.,I just discovered DealSeek about a week ago and what a find. I’ve found a few items I’ve been thinking about getting at really great prices. It’s like Black Friday every day.,Nicksgram1,1.55.0,2026-05-30T11:59:15Z,True,itunes_rss_mostHelpful,False,False
1ab07ed25b6a84d6e2704a452e30063c26b2063ffbc53c1d8c6d23e1b7d18e20,14127546298,6745274862,DealSeek,us,4,Wow!,"Just started using this app the last two days, very impressed! Finding multiple deals way under grocery store price prices, particularly!! Will keep using to save money in these crazy times we’re living in  😳","Just started using this app the last two days, very impressed! Finding multiple deals way under grocery store price prices, particularly!! Will keep using to save money in these crazy times we’re living in  😳",sms@39,1.55.0,2026-05-31T14:48:17Z,True,itunes_rss_mostHelpful,False,False
ee67b4197b6b4fc1621a6992fd30a01773ee9c4e5d21124fdf3b292ed87375ba,14100322368,6745274862,DealSeek,us,5,Love this app!,"I score 2 deals today.  One was about 25% less than I would normally pay, the other was about 45% off…if you want to save money, this app has great deals!","I score 2 deals today.  One was about 25% less than I would normally pay, the other was about 45% off…if you want to save money, this app has great deals!",Rallard,1.55.0,2026-05-24T11:59:50Z,True,itunes_rss_mostHelpful,False,False
445b9f15e886d55fd8c5870e5ca692ede89bb7866da1d5f81f7cfc724647ba15,13993963887,6745274862,DealSeek,us,5,Saved $$$,I am so happy I found Jeff Rossen and deal seek! I have been able to save lots of money! Plus it’s super easy to use and you can stack different coupons and promo codes to save even more! Thank you!,I am so happy I found Jeff Rossen and deal seek! I have been able to save lots of money! Plus it’s super easy to use and you can stack different coupons and promo codes to save even more! Thank you!,o hek no,1.53,2026-04-25T02:47:33Z,True,itunes_rss_mostHelpful,False,False
beb72d32736a7d8a423cbb933c0f0e075c4b1bd32ab0cc593433f54ffe05ecbd,14261876339,6745274862,DealSeek,us,5,Great Timesaver,"Very helpful and saves time by sorting out the true price reductions. It also provides a lot of useful promo codes. Beware -  it's very easy to buy items you didn't know you ""needed.""","Very helpful and saves time by sorting out the true price reductions. It also provides a lot of useful promo codes. Beware -  it's very easy to buy items you didn't know you ""needed.""",Makchicago,1.59.0,2026-07-04T12:27:17Z,True,itunes_rss_mostHelpful,False,False
187375c184c7eb81e62757fe06988855ced04da0d2abc74d9fec31a385cdcb55,14231356052,6745274862,DealSeek,us,5,BEST THING,"When my daughter told me about Deal Seek, I was super sceptical. But it has absolutely been the BEST THING. We have saved so much both on our personal stuff and for our business. I tell everyone about it.","When my daughter told me about Deal Seek, I was super sceptical. But it has absolutely been the BEST THING. We have saved so much both on our personal stuff and for our business. I tell everyone about it.",Century deals,1.59.0,2026-06-27T04:38:40Z,True,itunes_rss_mostHelpful,False,False
ff0840712e00b3871e0b206ee5cac7cae1a7fc1963a9e47b018279433cc8b25c,14222198808,6745274862,DealSeek,us,5,5 Star Deals,I’ve only used DealSeek for a few weeks and so far it has been an amazing app. I’ve probably saved $50 so far on purchases. Highly recommend!,I’ve only used DealSeek for a few weeks and so far it has been an amazing app. I’ve probably saved $50 so far on purchases. Highly recommend!,RestingEasy,1.59.0,2026-06-24T21:48:13Z,True,itunes_rss_mostHelpful,False,False
81b82fea6fa9961dd740783ab04b8933082d229fa98c4ee8b813c9dd027f1e8d,14210812473,6745274862,DealSeek,us,5,1st purchase,I just recently made my first purchase. It was here within two days and it looks like very nice quality. It was an outdoor camera. I'm excited to see how it does.,I just recently made my first purchase. It was here within two days and it looks like very nice quality. It was an outdoor camera. I'm excited to see how it does.,Smammer70,1.58.0,2026-06-21T23:09:55Z,True,itunes_rss_mostHelpful,False,False
3c888ad1a2091f05b3e66868385f0cd6c18c52d38155993e59461c5dab29b5f5,14162922164,6745274862,DealSeek,us,5,A must have app,I love this free app! I have found so many deals on items I was going to purchase. Already have saved probably over $100 in just a month.,I love this free app! I have found so many deals on items I was going to purchase. Already have saved probably over $100 in just a month.,Nanette19,1.55.0,2026-06-09T17:02:45Z,True,itunes_rss_mostHelpful,False,False
16c884233c6d9547b23cbc7a7cfd648d365e4fe823fba642dc0faef7c69df7e9,14205285402,6745274862,DealSeek,us,4,First time user,"First time user and it was a little confusing on how to get the deal. Once I learn it, I think it’ll be a lot faster. I do recommend getting alerts as that’s how I found my first deal. Can’t wait to use it again.","First time user and it was a little confusing on how to get the deal. Once I learn it, I think it’ll be a lot faster. I do recommend getting alerts as that’s how I found my first deal. Can’t wait to use it again.","Miller,M",1.58.0,2026-06-20T13:43:25Z,True,itunes_rss_mostHelpful,False,False
8df831f9c406092ee711bed1e36069b2c9d05d0ab771267e5ed04202c4337e73,13995839359,6745274862,DealSeek,us,5,Easy to use,I’m 55 and not tech savvy but this is so easy I feel as though I’ve struck a gold mine of savings to be had at my fingertips!  I’ll be sharing with friends and family!,I’m 55 and not tech savvy but this is so easy I feel as though I’ve struck a gold mine of savings to be had at my fingertips!  I’ll be sharing with friends and family!,Mojokelley,1.53,2026-04-25T15:37:46Z,True,itunes_rss_mostHelpful,False,False
c8d4586a88692a2f180eeebb4354e909923c949fe1b3e42b5e707c00c2caee57,13979982587,6745274862,DealSeek,us,5,Oh look!,"Love the quality of these products. When I compare the prices, the app always beats it. When the special pops up I have the same reaction as I did at Christmas “oh look! What a good idea!”","Love the quality of these products. When I compare the prices, the app always beats it. When the special pops up I have the same reaction as I did at Christmas “oh look! What a good idea!”",Bellie17,1.53,2026-04-21T00:30:34Z,True,itunes_rss_mostHelpful,False,False
2e67378d699966505072d2db35547e9306bdea9f6de8c34fe1bfa6e40cab9ee7,13908170743,6745274862,DealSeek,us,5,Great deals,I have purchased several items from deal seek and have always been satisfied. Quality items at a fantastic price.,I have purchased several items from deal seek and have always been satisfied. Quality items at a fantastic price.,mcdbirdie,1.52,2026-03-31T20:21:38Z,True,itunes_rss_mostHelpful,False,False
00a49c0aeb299782b8aa6913f435e45b1ff5b1124b9484dcfe68ccf8888250e7,14469025122,6745274862,DealSeek,us,5,Found some great deals on day one,I’m so impressed with the deals that I found that actually worked and saved me lots of money even on the first day,I’m so impressed with the deals that I found that actually worked and saved me lots of money even on the first day,sgtkat,1.60.0,2026-08-25T04:56:18Z,True,itunes_rss_mostHelpful,False,False
97d714794f3ee73db9ca7d5afcaa9d482c1fdd5625617af0b8600e3bf2b572f2,14415828129,6745274862,DealSeek,us,5,Great Finds!,I have been able to purchase items that would normally be too expensive for me to purchase.,I have been able to purchase items that would normally be too expensive for me to purchase.,Martiaroland,1.60.0,2026-08-11T19:36:13Z,True,itunes_rss_mostHelpful,False,False
1b32cb866f4a945117cacbf5104ad10ae2b882a822142ae3e218622524a76588,14379689249,6745274862,DealSeek,us,5,Worth a daily visit,Great deals!  Purchased many times.  The contest?  Eh.  You never find out who won so not so sure anyone ever does.  But the deals are definitely worth the daily visit.,Great deals!  Purchased many times.  The contest?  Eh.  You never find out who won so not so sure anyone ever does.  But the deals are definitely worth the daily visit.,zaneyT211,1.60.0,2026-08-02T18:30:36Z,True,itunes_rss_mostHelpful,False,False
19c85131244f90549af54db3395b9fb977ed32713c81ee3c55460d682ff579bb,14320218827,6745274862,DealSeek,us,5,Great deals at your door step.,I’m addicted to this app. I’m always fighting. Great deals with great prices. I can’t go wrong. You can’t go wrong either. Whatever you need. Is there at a great price thank you DealSeek.,I’m addicted to this app. I’m always fighting. Great deals with great prices. I can’t go wrong. You can’t go wrong either. Whatever you need. Is there at a great price thank you DealSeek.,edgarzep,1.60.0,2026-07-18T23:52:47Z,True,itunes_rss_mostHelpful,False,False
46bc734349719e7047f719b383acfe1c77cf0d00e71753db50ef99876379415a,14077362738,6745274862,DealSeek,us,5,I’ll keep updating as I use,"So far so good, all the deals work and promo codes work ! Was skeptical at first but it does mark down the item when you checkout.","So far so good, all the deals work and promo codes work ! Was skeptical at first but it does mark down the item when you checkout.",Annoyed_Customer_Wow,1.55.0,2026-05-18T05:49:35Z,True,itunes_rss_mostHelpful,False,False
e44d78ea43d0d8c3770beb698b2e0f0e9fae57ae561b3a13d5dbce9e7b9dc459,14042089960,6745274862,DealSeek,us,5,Great deals!,I have saved on items I was already looking to buy and would had to have paid much more without this app,I have saved on items I was already looking to buy and would had to have paid much more without this app,JoXJoXJackie,1.53,2026-05-08T16:17:55Z,True,itunes_rss_mostHelpful,False,False
5519b820c8282a446f6be1c5033b5af2e8c8e4419504b413aa4e2891ffa3f977,13972364882,6745274862,DealSeek,us,5,We all need this app!!,"This app finds all kinds of deals. Something you have been  looking for, something you didn’t know you needed, & things you use every day!! Awesome! Thanks!","This app finds all kinds of deals. Something you have been  looking for, something you didn’t know you needed, & things you use every day!! Awesome! Thanks!",Loloinoz,1.53,2026-04-18T20:46:38Z,True,itunes_rss_mostHelpful,False,False
1b4d498d9c6fcb58ad01ff39093ebf2f1d8a947d6ba39bca71701a3728c4143d,13961309928,6745274862,DealSeek,us,5,Sale items,"Have not been disappointed by anything that I have ordered, which is great and the prices are even better","Have not been disappointed by anything that I have ordered, which is great and the prices are even better",Deb9239,1.53,2026-04-15T18:18:48Z,True,itunes_rss_mostHelpful,False,False
33a5caeca1e14104499f70e6d2df50d2c288dadea62e12514f66bddaffb2227a,13946316950,6745274862,DealSeek,us,5,You will save!,"I do like this app and usually the promo codes work. I’ve saved quite a bit of money, over the last few months.","I do like this app and usually the promo codes work. I’ve saved quite a bit of money, over the last few months.",MollyGram,1.53,2026-04-11T12:45:16Z,True,itunes_rss_mostHelpful,False,False
60484e1724996f8449aa774f0fecda8b9771b58d324e550dd8119246dfd89feb,14387472931,6745274862,DealSeek,us,5,Download NOW!,You will not regret downplay this app! I check this app first when I need to make an online purchase and it has worked out each time!!,You will not regret downplay this app! I check this app first when I need to make an online purchase and it has worked out each time!!,Lillyflwr,1.60.0,2026-08-04T16:22:30Z,True,itunes_rss_mostHelpful,False,False
d54d8439b24c421fbc7340bd019f211b891ea6dd7e6ceb4e55ecb0eb1bb0feb7,13391075299,6745274862,DealSeek,us,1,Fraud,This app is a fraud the deals are useless and doesn’t work and it’s giving me a hard time to delete my account when I try to delete my account it says I’m entering the wrong password but my password and other info is correct I tried chatting with customer service and that is useless as well now I have to ask a cyber security friend of mind to get them to delete my account,This app is a fraud the deals are useless and doesn’t work and it’s giving me a hard time to delete my account when I try to delete my account it says I’m entering the wrong password but my password and other info is correct I tried chatting with customer service and that is useless as well now I have to ask a cyber security friend of mind to get them to delete my account,vanillakiki82,1.36,2025-11-13T01:57:52Z,True,itunes_rss_mostHelpful,False,False
f2dc122a1d4c16a7280448cbb0b26f03fec08d722fad01268d54d6694507f244,14378690295,6745274862,DealSeek,us,5,Coupons and Discounts,Definitely give this a chance before you buy! You won’t be disappointed. 5 Stars!!!!!!,Definitely give this a chance before you buy! You won’t be disappointed. 5 Stars!!!!!!,Grams3XEA,1.60.0,2026-08-02T13:33:52Z,True,itunes_rss_mostHelpful,False,False
693375aa547989bc50c25c0642f0302463bb70b704e89303a64a902479acfd66,14360959251,6745274862,DealSeek,us,5,The real deal,"Already made a half off purchase something already added in my save for later and right when I got on Deal Seek, it was already there ngl. Thanks, DealSeek","Already made a half off purchase something already added in my save for later and right when I got on Deal Seek, it was already there ngl. Thanks, DealSeek",FlyGuyMaq,1.60.0,2026-07-29T03:53:55Z,True,itunes_rss_mostHelpful,False,False
245d57dbc836d0fb04eed945b5a0695df43cf9001cd0a032b5fe82a7cefbb7ba,14242594139,6745274862,DealSeek,us,5,Great deals,"If you are looking for great deals, this can be the place to look.  Some days I don’t find anything I can use.  But other days I hit the jackpot.  Give it a try.","If you are looking for great deals, this can be the place to look.  Some days I don’t find anything I can use.  But other days I hit the jackpot.  Give it a try.",EvDaMan,1.59.0,2026-06-29T21:56:40Z,True,itunes_rss_mostHelpful,False,False
f0743ef699eb172bd6d4ae774e2f2e96bd8ca6e17acbe87b9cc3da9386d7275f,14217405231,6745274862,DealSeek,us,5,Wow!,Needed this since the beginning! Definitely helped and makes a difference in saving. Recommend it to family and friends.,Needed this since the beginning! Definitely helped and makes a difference in saving. Recommend it to family and friends.,Saving with DS,1.59.0,2026-06-23T16:56:55Z,True,itunes_rss_mostHelpful,False,False
cfd823f36e57a31f583b6061a2699113dda5097c3d5129c9b94f926c234e150d,14034466175,6745274862,DealSeek,us,5,I ❤️ Deal Seek,I have used it daily since I discovered it and can't tell you how much I saved on things I wanted and on things I didn't know I wanted until I saw the sale price for them. 😉😌,I have used it daily since I discovered it and can't tell you how much I saved on things I wanted and on things I didn't know I wanted until I saw the sale price for them. 😉😌,Anita Glam-ma!,1.53,2026-05-06T13:24:55Z,True,itunes_rss_mostHelpful,False,False
4c5b81315862f637a06008affe2fb654ed14b698f93529127b275d7cc852b5b8,13937656420,6745274862,DealSeek,us,5,Great deals all the time,I love this app as I have found several items that I have in my cart for later and wait until they pop up for a great deal.,I love this app as I have found several items that I have in my cart for later and wait until they pop up for a great deal.,m$mfrek,1.52,2026-04-09T01:28:54Z,True,itunes_rss_mostHelpful,False,False
77a5e19406560a4e558cea82b979fe1763c7fb1b864f607b54763f35edd496a5,13922554709,6745274862,DealSeek,us,5,Best Deal Seeker App,Have you decided on a product you want to purchase waiting to find the best deal sometimes waiting two weeks or a month take a look at DC this it’s great,Have you decided on a product you want to purchase waiting to find the best deal sometimes waiting two weeks or a month take a look at DC this it’s great,AKiser606,1.52,2026-04-04T18:41:13Z,True,itunes_rss_mostHelpful,False,False
b0ec05ec68886c16b9b90ecedaf4a483a2e0f91fce1700639c3be06e3df7c199,14434696737,6745274862,DealSeek,us,5,The best app,"I’m really saving money using DealSeek, I recommend you check out anything you want before you buying in this app because the real saving is here…!!!","I’m really saving money using DealSeek, I recommend you check out anything you want before you buying in this app because the real saving is here…!!!",GEFDD15,1.60.0,2026-08-16T13:03:11Z,True,itunes_rss_mostHelpful,False,False
51e732a6cebbcd0190afe0ec4850674f032f15085102d4e58a24657ff31090c1,14426307832,6745274862,DealSeek,us,5,Ahhhhhhmazing,"I almost feel guilty about getting such awesome deals. I feel like I belong to a secret , elite society that gets the best for less. Checking this site has become part daily routine.","I almost feel guilty about getting such awesome deals. I feel like I belong to a secret , elite society that gets the best for less. Checking this site has become part daily routine.",CocoConsuelo,1.60.0,2026-08-14T11:09:57Z,True,itunes_rss_mostHelpful,False,False
b1cd46f761d037949e2159ad0d2ae5d64ec81099fa10e3d686eaea25d0a49033,14310805118,6745274862,DealSeek,us,5,Amazing app!,What a great app. I just found out about this yesterday. I assumed it would be like all of those websites that give promo codes that never work. This one actually works!,What a great app. I just found out about this yesterday. I assumed it would be like all of those websites that give promo codes that never work. This one actually works!,Kat867489,1.60.0,2026-07-16T16:20:23Z,True,itunes_rss_mostHelpful,False,False
7ef255f2d9d5643509a4fd1d0f246d401f54c4c899238a608f6922ae533de493,14146897591,6745274862,DealSeek,us,5,It works!,Very easy to use with several different shopping options. Definitely recommended.,Very easy to use with several different shopping options. Definitely recommended.,jimmalloy,1.55.0,2026-06-05T14:07:56Z,True,itunes_rss_mostHelpful,False,False
eba1ffe45cc1b7f416e55155210f27ec2b5f036695d6f97e78376fb96ce1b491,14475221200,6745274862,DealSeek,us,5,Excellent App,I've bought a few things using this app and it worked great. I love saving more on top of an item already marked down! Use it!,I've bought a few things using this app and it worked great. I love saving more on top of an item already marked down! Use it!,putteringer,1.60.0,2026-08-26T18:17:21Z,True,itunes_rss_mostHelpful,False,False
33276139e1ccf9aa7f944f8b520c5c776098f483f3e86331e0a6d2f5f03339aa,14278291545,6745274862,DealSeek,us,5,Such a great resource!,"I love scrolling through all the deals I can find on here. Some are bigger discounts than others, but every little bit helps! Thanks DealSeak!","I love scrolling through all the deals I can find on here. Some are bigger discounts than others, but every little bit helps! Thanks DealSeak!",Chor98,1.59.0,2026-07-08T14:44:52Z,True,itunes_rss_mostHelpful,False,False
d78ef29c97a881bf2f61aab24422d03cec56d65698adff82dc5747cf37c5ceaf,14238443769,6745274862,DealSeek,us,5,Reluctant,I was reluctant about this site but I have used it multiple times and I enjoy the Deals! I share this site with family and friends.,I was reluctant about this site but I have used it multiple times and I enjoy the Deals! I share this site with family and friends.,robinhood623,1.59.0,2026-06-28T21:46:31Z,True,itunes_rss_mostHelpful,False,False
d54b2900b654a6fbdd464ff80f759f166959753728874733eb177ad37b91e041,14175564118,6745274862,DealSeek,us,5,Affordable Options,The daily options often times offer many affordable choices and coming from Amazon….BONUS!!,The daily options often times offer many affordable choices and coming from Amazon….BONUS!!,Lyn1960,1.55.0,2026-06-12T22:27:26Z,True,itunes_rss_mostHelpful,False,False
4a9a74d398b9bcab988a8cab45e11e1c635d9eec75d1f0f3e2d52fa0d34fd8dc,14104997618,6745274862,DealSeek,us,5,Deals and more deals,I simply love this app. No only have I saved $$$ but also I have found new products I did not know were available online!!!!!,I simply love this app. No only have I saved $$$ but also I have found new products I did not know were available online!!!!!,Montanahigh,1.55.0,2026-05-25T16:38:31Z,True,itunes_rss_mostHelpful,False,False
287ebfeef15a06a780f24acda0544e42ee1bb365961d75761027ccb92ff242b7,14078851004,6745274862,DealSeek,us,5,One of the best apps I ever used,I’m impressed with the amount of savings I have gotten in the short time that I’ve been using this app. I will be sharing this app with my friends and coworkers.,I’m impressed with the amount of savings I have gotten in the short time that I’ve been using this app. I will be sharing this app with my friends and coworkers.,flowersluv,1.55.0,2026-05-18T15:40:02Z,True,itunes_rss_mostHelpful,False,False
8d867b00bceb1428f53ff13bfebc9d4865508369ffc6ff70655bfec8a099a5c3,14053146377,6745274862,DealSeek,us,5,Awesome,The app actually finds and gives good coupons for  very useful products I would’ve never bought otherwise.,The app actually finds and gives good coupons for  very useful products I would’ve never bought otherwise.,mwong00,1.53,2026-05-11T16:15:51Z,True,itunes_rss_mostHelpful,False,False
dbea8068566fa365043769331f8a544dabcd67f1dce632d3f710fb20ff74c635,14440341036,6745274862,DealSeek,us,5,Amazing Deals!,I’ve saved a bunch already. I wish I knew about this app sooner. I won’t order now without checking this app for a deal first!!!!,I’ve saved a bunch already. I wish I knew about this app sooner. I won’t order now without checking this app for a deal first!!!!,MoNoLikey,1.60.0,2026-08-17T21:36:13Z,True,itunes_rss_mostHelpful,False,False
f60909178355a7844b9d5c83cfd87aac4c10edab79fb7d0ec38798fdeea53aa2,14375078761,6745274862,DealSeek,us,5,Deals that seem too good to be true,I have gotten a couple of things far less than I would of,I have gotten a couple of things far less than I would of,Sale junkie,1.60.0,2026-08-01T15:21:54Z,True,itunes_rss_mostHelpful,False,False
9172958c56cd6bd928068b72c4b5d823a1bcaeaf0fe9def75d207df807bb3ddc,14312187648,6745274862,DealSeek,us,5,Bargains,Great way to save extra money on items you need or thought about getting. Easy to use coupons codes.,Great way to save extra money on items you need or thought about getting. Easy to use coupons codes.,Bascart,1.60.0,2026-07-17T00:23:19Z,True,itunes_rss_mostHelpful,False,False
daa2344a3a5c59a5fccd92cfe02d40ec9b9b61bcf6b1cfb70b440b8e69e52cdc,14205115917,6745274862,DealSeek,us,5,Getting Useful Deals,Most Coupon Codes sites waste your time with coupon codes that over promise & never deliver! Deal Seek Coupon Codes actually work!,Most Coupon Codes sites waste your time with coupon codes that over promise & never deliver! Deal Seek Coupon Codes actually work!,Sribop,1.58.0,2026-06-20T12:50:48Z,True,itunes_rss_mostHelpful,False,False
8eb0e73ebf04f53ad16fb06f23afbc5aff781eb6a0076a8b7ada04058718964e,14155252048,6745274862,DealSeek,us,5,Savings at your fingertips,I didn’t think I would be interested in this until I tried it and I found it is worth it,I didn’t think I would be interested in this until I tried it and I found it is worth it,Kissyfaced joe,1.55.0,2026-06-07T16:51:20Z,True,itunes_rss_mostHelpful,False,False
8aacf5544d4bba181ac4c1e0f1a21cf92e35129735dce350684b72939777e3eb,13989346921,6745274862,DealSeek,us,5,Save me,"This is legit app, It save me some deal on items for one income household. I recently gave birth and stay one with my little one this sale
Deal save us some money. I highly recommend to anyone.","This is legit app, It save me some deal on items for one income household. I recently gave birth and stay one with my little one this sale
Deal save us some money. I highly recommend to anyone.",Moonlightshine💕,1.53,2026-04-23T18:04:00Z,True,itunes_rss_mostHelpful,False,False
e021b1f564b73e8cf2439eea60616d6300b8d57082613a8d1e3186eeda23863a,14115723308,6745274862,DealSeek,us,4,Love it,Absolutely love dealing with seek.  I haven’t had any issues since using the promo codes and so far it has saved me quite a bit of money on stuff I need or that I know friends of mine are looking for.  Will keep using,Absolutely love dealing with seek.  I haven’t had any issues since using the promo codes and so far it has saved me quite a bit of money on stuff I need or that I know friends of mine are looking for.  Will keep using,Ford_spy,1.55.0,2026-05-28T13:53:46Z,True,itunes_rss_mostHelpful,False,False
4a68e96e03ef91073de3cab0e15266f549cb5b7b925a29c6326254bced373ff0,13928642497,6745274862,DealSeek,us,5,Winner,Deal Seek has indeed helped me with saving money. I have found quite a few items I was looking for and found coupons for them,Deal Seek has indeed helped me with saving money. I have found quite a few items I was looking for and found coupons for them,Bkimh,1.52,2026-04-06T13:11:49Z,True,itunes_rss_mostHelpful,False,False
76cb7807ba93f5332dd44bc6b5b4baa4792d2b2b68c37336bc665321cb0e7709,13912219418,6745274862,DealSeek,us,5,Amazing App,Absolutely love deal seek. I have gotten so many amazing deals on things that I wanted to buy but couldn’t afford. So glad I found this app and I hope others do too.,Absolutely love deal seek. I have gotten so many amazing deals on things that I wanted to buy but couldn’t afford. So glad I found this app and I hope others do too.,BethYoMartinez,1.52,2026-04-01T22:39:10Z,True,itunes_rss_mostHelpful,False,False
7d0db9cf494c840ed545ff5610d5eba94515343f40ab9651d055a748acd9b873,14426522003,6745274862,DealSeek,us,5,Great Savings!,I love DealSeek! I have saved so much on many items/products I was going to pay more for without their coupon codes and more!,I love DealSeek! I have saved so much on many items/products I was going to pay more for without their coupon codes and more!,DianeCustomer,1.60.0,2026-08-14T12:19:20Z,True,itunes_rss_mostHelpful,False,False
59cc6638026b1ec13b2185a4ae41b096fcfbe34a3279f26b7256226ff23e03fe,14400979549,6745274862,DealSeek,us,5,Found deals,Found out about this app less than a week ago. Already found great deals.,Found out about this app less than a week ago. Already found great deals.,Kristen plus 3,1.60.0,2026-08-08T01:02:20Z,True,itunes_rss_mostHelpful,False,False
de112aaa3e7a1258b92ba9fc0b52293c3fbb903842899a4d07f021137f541608,14306187834,6745274862,DealSeek,us,5,Teacher,Love this app for the simple reason that it helps with cutting down the price of items that are needed and allowing me to purchase without hesitation.,Love this app for the simple reason that it helps with cutting down the price of items that are needed and allowing me to purchase without hesitation.,saundrakins32,1.60.0,2026-07-15T13:34:59Z,True,itunes_rss_mostHelpful,False,False
b861d27ca94485126b052660e1b18f28fcf8598af532fc8a11991a2d3df4fcd3,14258079763,6745274862,DealSeek,us,5,Addiction Resolved!,"I have saved so many deals the money I spend feels like is gold. This app is outstanding, just try it for a day or so you will be hooked!","I have saved so many deals the money I spend feels like is gold. This app is outstanding, just try it for a day or so you will be hooked!",OSCS RN,1.59.0,2026-07-03T14:02:44Z,True,itunes_rss_mostHelpful,False,False
6db508c99351bbdb2340123247a641e616c0064977087898190905545424bece,14227420022,6745274862,DealSeek,us,5,Amazing Deals,I have been able to do extra shopping because this really gives me deals all the time!,I have been able to do extra shopping because this really gives me deals all the time!,kikachew,1.59.0,2026-06-26T06:00:35Z,True,itunes_rss_mostHelpful,False,False
6fdd4cf2d8b8416df6d2586f054357e5f9c78e58c72f056236caa0d36aa44e48,14212901253,6745274862,DealSeek,us,5,Deals worth your time,Love to save money. This app is everything discounts and helps lots. Better than paper coupons.,Love to save money. This app is everything discounts and helps lots. Better than paper coupons.,Jandita2,1.58.0,2026-06-22T13:40:33Z,True,itunes_rss_mostHelpful,False,False
5e02b3d89dce721674922f973c712198a1bab5dd84ec139760d4cf7e946f8333,14209673808,6745274862,DealSeek,us,5,This apppp!,This app is amazing. I don’t know how I lived without it before. It’s so much easier than trying to find coupons and discounts on my own. Thank you!,This app is amazing. I don’t know how I lived without it before. It’s so much easier than trying to find coupons and discounts on my own. Thank you!,Tms91491,1.58.0,2026-06-21T16:25:59Z,True,itunes_rss_mostHelpful,False,False
8fc3bfae37b0cd75f5622677d52245f52422513ce88540a04c403301ec5b6cd9,14023892607,6745274862,DealSeek,us,5,Necessity,I’m sure everybody can agree that prices are getting out of control so I need you to way we can save a penny and this app is actually helpful.,I’m sure everybody can agree that prices are getting out of control so I need you to way we can save a penny and this app is actually helpful.,Jossiles,1.53,2026-05-03T14:11:03Z,True,itunes_rss_mostHelpful,False,False
daac0db271384daa6209d637d77384f2f1c41104b563d294cfbbd90e27fac14d,14009167955,6745274862,DealSeek,us,5,Awesome,Love this app yo! One should NOT go shopping online again (or hell 🫡 nor in person for that matter 🤷🏿‍♂️) WITHOUT getting linked up with this app!! I’ll GUARANTEE you’ll save money somewhere before your day Is  done! 👏🏾🤗💯,Love this app yo! One should NOT go shopping online again (or hell 🫡 nor in person for that matter 🤷🏿‍♂️) WITHOUT getting linked up with this app!! I’ll GUARANTEE you’ll save money somewhere before your day Is  done! 👏🏾🤗💯,TrustDaProcess🙏🏾,1.53,2026-04-29T13:02:48Z,True,itunes_rss_mostHelpful,False,False
7abfaef02b924f6f676016e22a8164540ecc1c093df5837d7e4a5f748e2b834e,14431357268,6745274862,DealSeek,us,5,Always find great deals,When I am looking for something I search on deal seek first. I can always count on them to find the best deal.,When I am looking for something I search on deal seek first. I can always count on them to find the best deal.,PRSaint,1.60.0,2026-08-15T16:05:17Z,True,itunes_rss_mostHelpful,False,False
66abba89216e0c1170e96a6b8067ee5fb86711a1f027759eb3240a413b93348b,14471639375,6745274862,DealSeek,us,4,Big savings,Love being able to check out the daily deals to save a lot of extra money on a variety of items!,Love being able to check out the daily deals to save a lot of extra money on a variety of items!,1CrazyNanaGoat,1.60.0,2026-08-25T20:14:42Z,True,itunes_rss_mostHelpful,False,False
ba0d9bc5131447db71fa9471245bcadcb751549181a2f847158cb99f2253b9f0,14402804375,6745274862,DealSeek,us,5,Definitely  a must,I have purchased quite a few things on Deal Seek already and I am very happy with my purchases.  Thank you !,I have purchased quite a few things on Deal Seek already and I am very happy with my purchases.  Thank you !,SO11379,1.60.0,2026-08-08T13:22:03Z,True,itunes_rss_mostHelpful,False,False
9a31b22e33f6c95faeb10e60e94406da4f25bb241643347bee9ee922776cb853,14396266603,6745274862,DealSeek,us,5,"So far, so good!",Brand new user from Rossen Reports- Just made 2 purchases of items I’ve been researching for  a while. Best price and features offered on this site.,Brand new user from Rossen Reports- Just made 2 purchases of items I’ve been researching for  a while. Best price and features offered on this site.,KimmiRN412,1.60.0,2026-08-06T20:07:22Z,True,itunes_rss_mostHelpful,False,False
fb14d1f20fa5eef64a184e3e86ff41184b7bc210ba21f100f5388419ca389a0a,14370925029,6745274862,DealSeek,us,5,Great deals!,I always get great deals on my purchases! I check deal seek first when buying something and I usually find a discount! Deal Seek saves me tons of money.,I always get great deals on my purchases! I check deal seek first when buying something and I usually find a discount! Deal Seek saves me tons of money.,*Jo W.,1.60.0,2026-07-31T14:59:37Z,True,itunes_rss_mostHelpful,False,False
96da309e2e8fa4fb68a8b3d8bcd0b94c68e2c80c337e1ab7f7c644f1c8a25438,14240979451,6745274862,DealSeek,us,5,Money saver,This app has saved me hundreds and I’ve only been using it for a few weeks! Highly recommend..,This app has saved me hundreds and I’ve only been using it for a few weeks! Highly recommend..,JBhustling,1.59.0,2026-06-29T13:46:42Z,True,itunes_rss_mostHelpful,False,False
645298593d8248a4d833fa0555d070f9a4c33881e91ade9e16542cc8e66f166e,14238587962,6745274862,DealSeek,us,5,Love the app!,Have found great deals on things I normally buy and because of the great deals actually trying new things too!,Have found great deals on things I normally buy and because of the great deals actually trying new things too!,Loving life in the south!,1.59.0,2026-06-28T22:44:18Z,True,itunes_rss_mostHelpful,False,False
561386a059d076167ce27910e4b325bfd244a6f609311a8921b74e1d8d35208e,14198126657,6745274862,DealSeek,us,5,Some excellent prices,Have used many of the coupons and found I saved a good bit of cash.,Have used many of the coupons and found I saved a good bit of cash.,Riche47,1.58.0,2026-06-18T17:14:48Z,True,itunes_rss_mostHelpful,False,False
92133e8c560c0ff0c183d857a2eb1384d45ac4d45d4176434ca647509ccb729c,14166083799,6745274862,DealSeek,us,5,Love it,Love deal seek I have bought a few things from this sight I am constantly checking it for deals have found some great ones,Love deal seek I have bought a few things from this sight I am constantly checking it for deals have found some great ones,D brucato,1.55.0,2026-06-10T13:37:24Z,True,itunes_rss_mostHelpful,False,False
5f78a480a5103474e1ed1c766f3c62b4b5e4d2dd4170552e0710ce9cdd561869,14143000574,6745274862,DealSeek,us,5,Daly dose of deals,I’m always looking forward to receive my daily emails from DealSeek. I found so many great deals I could not have found otherwise.,I’m always looking forward to receive my daily emails from DealSeek. I found so many great deals I could not have found otherwise.,"Deco x15,x55",1.55.0,2026-06-04T13:48:12Z,True,itunes_rss_mostHelpful,False,False
591d5a01578b4884b557b3f9ca6a548d5462b8c8dd479bd33e71738f6fa46ad2,14136015610,6745274862,DealSeek,us,5,Deals,I review the daily ads everyday.  I am always delighted when I find things that are at least half off.  Keep up the great work!,I review the daily ads everyday.  I am always delighted when I find things that are at least half off.  Keep up the great work!,Dame ma,1.55.0,2026-06-02T17:29:27Z,True,itunes_rss_mostHelpful,False,False
cf121b394106d007cef20121355b80b8ce941f691919ffbc33cb6ce396612baa,14076043798,6745274862,DealSeek,us,5,Bargains,"I love having these deals pop up on my phone , don’t always need it but sometimes for the price , I can’t live without it","I love having these deals pop up on my phone , don’t always need it but sometimes for the price , I can’t live without it",Rdrys,1.55.0,2026-05-17T20:10:47Z,True,itunes_rss_mostHelpful,False,False
88b89705977281c32369378d3b0662831f6b0299b72453df05598f7cb50d72a7,14037787227,6745274862,DealSeek,us,5,Happy & grateful!!,I’m happy that you find the coolest gadgets with affordable prices….I appreciate that it saves me time from searching.  Thank you for your hard work to make mine easy 🙏,I’m happy that you find the coolest gadgets with affordable prices….I appreciate that it saves me time from searching.  Thank you for your hard work to make mine easy 🙏,happy judith,1.53,2026-05-07T12:08:58Z,True,itunes_rss_mostHelpful,False,False
c1ac8293f037f550e5c9069e5a33ab8237540a662642055611225de278d33af7,14017838361,6745274862,DealSeek,us,5,Love the app!,Great app and has a bunch of great deals that you wouldn’t even imagine! Definitely recommend easy to navigate easy to set up an account😁,Great app and has a bunch of great deals that you wouldn’t even imagine! Definitely recommend easy to navigate easy to set up an account😁,LovelySmiles9,1.53,2026-05-01T21:43:16Z,True,itunes_rss_mostHelpful,False,False
606c175c629b1180c7c11ba3dd841883bad99ff6bb4d9387f076b303291bcbb8,13990323642,6745274862,DealSeek,us,5,Exceptional,Born and raised in Sonoma California so you already know I am particular and not easily impressed. This one has quality discounts that are worth checking out daily!,Born and raised in Sonoma California so you already know I am particular and not easily impressed. This one has quality discounts that are worth checking out daily!,Sagebrush Purified,1.53,2026-04-24T01:04:20Z,True,itunes_rss_mostHelpful,False,False
6a8e01651ca816f9a87205b65cb5df6d920a7847c43dde217a5a269e1e764e95,13347202894,6745274862,DealSeek,us,1,Deceptive,"You can find good deals IF you do more research. I saw a juicer at 75% off. Normal price was around $300, sale price around $80. Research showed normal price around $100. Still a good deal considering but they like to over hype the cost making it sound like a good deal.

Found a robot vacuum cleaner at 60% off. Hyped price around mid $200, sale price under $100. More research showed normal price was the sales price. Again, deceptive.","You can find good deals IF you do more research. I saw a juicer at 75% off. Normal price was around $300, sale price around $80. Research showed normal price around $100. Still a good deal considering but they like to over hype the cost making it sound like a good deal. 

Found a robot vacuum cleaner at 60% off. Hyped price around mid $200, sale price under $100. More research showed normal price was the sales price. Again, deceptive.",Hidden disease,1.30,2025-11-02T14:24:34Z,True,itunes_rss_mostHelpful,False,False
11fedb79530ba39cabf057a960c2246c360c3d05116865ffe652620a84f66d49,14351346030,6745274862,DealSeek,us,5,Unbelievable prices,I was blown away by the prices and also how easy it is to find just about anything!,I was blown away by the prices and also how easy it is to find just about anything!,p. henderson,1.60.0,2026-07-26T18:28:54Z,True,itunes_rss_mostHelpful,False,False
ee5c2362266785951e3902df88b80b047f450797d3308b0cf9e041df52c13c87,14302261823,6745274862,DealSeek,us,5,Money saver,This app has saved me hundreds of dollars. Tons of items with amazing promo codes and they inform you of items that have had a price drop.,This app has saved me hundreds of dollars. Tons of items with amazing promo codes and they inform you of items that have had a price drop.,Aarronodd,1.60.0,2026-07-14T14:12:48Z,True,itunes_rss_mostHelpful,False,False
bda65554789a54045e7870efe088d1bcc87322e28484f1fb6921baa2c17f119a,14299893889,6745274862,DealSeek,us,5,Deals are better then anywhere else,Deals are better than anywhere else. Non stop on here.,Deals are better than anywhere else. Non stop on here.,kierlang,1.60.0,2026-07-13T23:13:13Z,True,itunes_rss_mostHelpful,False,False
cce3e0ad40d42eb6e8bbdc0c0a379ec1fdaa7535faab7118f37f46851d836bec,14267539430,6745274862,DealSeek,us,5,Won’t shop without checking Deal Seek first!,No gimmicks just savings! Can’t believe I didn’t have this app before. Highly recommend,No gimmicks just savings! Can’t believe I didn’t have this app before. Highly recommend,ElleKB123,1.59.0,2026-07-05T21:28:40Z,True,itunes_rss_mostHelpful,False,False
3fb4cfe91e665ef05d0ea88d1762e130b49c21be65a187cb05f032a58b6338d5,14203694951,6745274862,DealSeek,us,5,Amazing!,I really cannot believe this app exists! I have already purchased items saving anywhere from 20 to 50% off!,I really cannot believe this app exists! I have already purchased items saving anywhere from 20 to 50% off!,Alexiastar7,1.58.0,2026-06-20T03:18:37Z,True,itunes_rss_mostHelpful,False,False
ff1c43a00e54eb4a3e7b3b4fda78a96d9e3f70435665dee9925acf65841858d1,14191954299,6745274862,DealSeek,us,5,It actually works!,Always skeptical about these things but decided to validate myself. I just paid 32 cents for a label maker. The app has already exceeded my expectations!,Always skeptical about these things but decided to validate myself. I just paid 32 cents for a label maker. The app has already exceeded my expectations!,Phenomenal performance!!!,1.58.0,2026-06-17T03:27:14Z,True,itunes_rss_mostHelpful,False,False
4fa972bdad50569805a4d188bc169b4260ed6f22f12305f046ee2550b9a4f87f,14171637288,6745274862,DealSeek,us,5,Coupons work,I was very hesitant when I just found this but the coupons have worked about 95% of the time. Great app!,I was very hesitant when I just found this but the coupons have worked about 95% of the time. Great app!,Yellowater321,1.55.0,2026-06-11T22:31:14Z,True,itunes_rss_mostHelpful,False,False
d8ff9328370a89f37cbf4715e059de9c90c54c9a5bafe513ff308c094b435172,14046287304,6745274862,DealSeek,us,5,All about it !,"Great deals easy to access, won't shop without it.  Check availability and you may be winning at savings.","Great deals easy to access, won't shop without it.  Check availability and you may be winning at savings.",MisoMean,1.53,2026-05-09T19:16:16Z,True,itunes_rss_mostHelpful,False,False
34faeaf7ad1ee72074be99d647a89efce6121af6ebc058e61d4b99ff5f0e0564,13991739211,6745274862,DealSeek,us,5,Awesome,This is great to get something at an awesome deal on top of a good deal already. It really helps out in this day and time. We have to stretch our money as far as possible. Thanks deal seek,This is great to get something at an awesome deal on top of a good deal already. It really helps out in this day and time. We have to stretch our money as far as possible. Thanks deal seek,BBD28 79,1.53,2026-04-24T12:28:08Z,True,itunes_rss_mostHelpful,False,False
e90af41a3f7999c33f4762730499193e7718d7318b8cdb0cd02fca48f3fdff2a,13915855625,6745274862,DealSeek,us,5,Big Savings,Easy to use app that saves big time. You can browse for almost anything and find a deal.,Easy to use app that saves big time. You can browse for almost anything and find a deal.,Lusch Group Homes,1.52,2026-04-02T23:01:56Z,True,itunes_rss_mostHelpful,False,False
083f053d01e4c521a8f9606e9a5496ba711bfe519ee40fd42a7ed7bbc7079ecf,13986174933,6745274862,DealSeek,us,4,"New here, already saving money!","New here only four stars because I have no longterm experience

But I can say I’ve already save on what I would have spent anyways.
Would have like to about this site earlier.","New here only four stars because I have no longterm experience

But I can say I’ve already save on what I would have spent anyways. 
Would have like to about this site earlier.",Jakkedog,1.53,2026-04-22T19:24:55Z,True,itunes_rss_mostHelpful,False,False
324fc2bb4bd1492b807575415ccb1212f433cbd5bf1f8c1b33caf97623e6143e,14350070625,6745274862,DealSeek,us,5,Money Saved!,"I don’t do reviews but this I just had to, from my heated ice cream scooper to jelly bras, deal seek has saved me money! I do not go on anything without checking deal seek first!","I don’t do reviews but this I just had to, from my heated ice cream scooper to jelly bras, deal seek has saved me money! I do not go on anything without checking deal seek first!",Chesterley(:,1.60.0,2026-07-26T11:59:17Z,True,itunes_rss_mostHelpful,False,False
4cb6d83667fe1c0fb41831d90e3e13ef461b617dc94c4d906814d195eb084703,14324351970,6745274862,DealSeek,us,5,Great app,This app actually does exactly what it says!  There are great deals on items you were going to buy!  I recommend this one!,This app actually does exactly what it says!  There are great deals on items you were going to buy!  I recommend this one!,Nyl56,1.60.0,2026-07-20T00:26:06Z,True,itunes_rss_mostHelpful,False,False
b92fc3fcf0ecd8c6d012aa69a231404209f167d3973a643717cce8d060491725,14263913971,6745274862,DealSeek,us,5,3day trip review,"I haven’t had this app very long but I am very satisfied
with the amazing deals. This is yet another review I kinda didn’t wanna write. Some things are too good to be shared 😂 I’m stingy what can I say?..  tee-hee","I haven’t had this app very long but I am very satisfied 
with the amazing deals. This is yet another review I kinda didn’t wanna write. Some things are too good to be shared 😂 I’m stingy what can I say?..  tee-hee",TabbyKat#1,1.59.0,2026-07-04T23:50:24Z,True,itunes_rss_mostHelpful,False,False
3a5df406b07d0d4b817e1aea10a74b94d478b91ef87ceb311d4b75396a5bf394,14218864388,6745274862,DealSeek,us,5,Super easy and budgeting dream,This is a dream come true as I can finally receive products I have wanted but were out of my budget! Thank you,This is a dream come true as I can finally receive products I have wanted but were out of my budget! Thank you,Zion1342,1.59.0,2026-06-24T01:51:14Z,True,itunes_rss_mostHelpful,False,False
cbd131272c91b1e4e9773fee6785b8bab756fd08ac8c846515c41a4750607522,14171075105,6745274862,DealSeek,us,5,Love my items!,I have been looking at deals of the day for about 2 weeks.  I have ordered about 8 items and loved them all.,I have been looking at deals of the day for about 2 weeks.  I have ordered about 8 items and loved them all.,Kap363,1.55.0,2026-06-11T19:13:38Z,True,itunes_rss_mostHelpful,False,False
cc34defe97c573ea8c7c301daf630afd9daef26a62a1959c8367619868e90450,14164096176,6745274862,DealSeek,us,5,Great Discounts at your fingertips!,"I have been using the app for about a month now, and I found dozens of deals each week.","I have been using the app for about a month now, and I found dozens of deals each week.",Boz vader,1.55.0,2026-06-10T00:03:55Z,True,itunes_rss_mostHelpful,False,False
505371a0e46aa361d35dea4a848c99a3d2ea83aad6890ec78d5b0bdd11598b2a,14105594291,6745274862,DealSeek,us,5,Great app!,Very convenient and useful app that saves me money! I don’t have to look for the sales - they are there every day!  All I have to do is take advantage of the lower prices!,Very convenient and useful app that saves me money! I don’t have to look for the sales - they are there every day!  All I have to do is take advantage of the lower prices!,OneHappyGrammie,1.55.0,2026-05-25T19:54:46Z,True,itunes_rss_mostHelpful,False,False
a15619edab36ccfd7c7c1addc0e11b6a23880d5f950d646f3e59f31926cc581a,14048751093,6745274862,DealSeek,us,5,Love it!,Love this app you can really get things cheap. Anything you want just type it in and many will pop up. I check it every day.,Love this app you can really get things cheap. Anything you want just type it in and many will pop up. I check it every day.,LuvYorkies2,1.53,2026-05-10T12:17:34Z,True,itunes_rss_mostHelpful,False,False
f4b6806239d815af6b3fc058dd1ba8ad06c3841118ab0c5ec670cbebd606f097,14020359546,6745274862,DealSeek,us,5,This is an awesome thing and I have promoted it because it helps people Thank You,I never promote unless it helps people this does us awesome so Thank You fir your hard works..,I never promote unless it helps people this does us awesome so Thank You fir your hard works..,LALISA MAGDALENO,1.53,2026-05-02T14:51:42Z,True,itunes_rss_mostHelpful,False,False
5aec2846271b0a1773ecf02ee5e2a8f3f9b41f8ef9e83f47d3866b0922bcd04d,13943285492,6745274862,DealSeek,us,5,Worthwhile app,"Finally! An app worthwhile. Deals are legit, well researched, and updated constantly. I’ve scored many items at reduced cost and will continue using this app for seeking the best deals!","Finally! An app worthwhile. Deals are legit, well researched, and updated constantly. I’ve scored many items at reduced cost and will continue using this app for seeking the best deals!",Redrockgeol,1.53,2026-04-10T15:53:03Z,True,itunes_rss_mostHelpful,False,False
5ff55c43994397c51ee354747f826986c33052bebb8a0247d5870828af9b6fcd,14475150270,6745274862,DealSeek,us,5,Unbelievable,This came across my Facebook page and I thought it was a scam. It is not!!!! OH MY GOSH!!! It’s feels like Christmas in August! I found some amazing deals. Be careful because this app is addictive!,This came across my Facebook page and I thought it was a scam. It is not!!!! OH MY GOSH!!! It’s feels like Christmas in August! I found some amazing deals. Be careful because this app is addictive!,Themuffin69,1.60.0,2026-08-26T17:53:18Z,True,itunes_rss_mostHelpful,False,False
63834c8a929fdce4fc466ee4fc0e55178323252c2afe1b44cb022688dad5ac2b,14456709657,6745274862,DealSeek,us,5,Great App!,Great app! Have been sharing with friends and family. Such good deals and savings. Love that the work has already been done to find great deals!,Great app! Have been sharing with friends and family. Such good deals and savings. Love that the work has already been done to find great deals!,vickielynn8,1.60.0,2026-08-22T00:08:20Z,True,itunes_rss_mostHelpful,False,False
fed9fa4c44c99d1e11f492430ab0c8fcd62c45a352316df2b20e25370912ec13,14434681204,6745274862,DealSeek,us,5,Actually works,Have had no issues with codes not working! Some really amazing deals have popped up!,Have had no issues with codes not working! Some really amazing deals have popped up!,YaMutthaa,1.60.0,2026-08-16T12:58:26Z,True,itunes_rss_mostHelpful,False,False
7f8a073964ad642f8887ca4d99b4bed1f38d642bb857db73f813df19bf81cb37,14400614452,6745274862,DealSeek,us,5,Excellent,The one thing from TikTok that is actually worth it!! I’m impressed with the deals and how easy it is to use. Very user friendly.,The one thing from TikTok that is actually worth it!! I’m impressed with the deals and how easy it is to use. Very user friendly.,Commogirl84,1.60.0,2026-08-07T22:36:35Z,True,itunes_rss_mostHelpful,False,False
d62395e249abae48f8836f5bdec34f7aa42efa171facc55d67d4584d726befff,14280016147,6745274862,DealSeek,us,5,Jamie E.,Have only had Deal Seek one day and have already saved so much money on things I buy everyday and deals I would not have known about!,Have only had Deal Seek one day and have already saved so much money on things I buy everyday and deals I would not have known about!,Jamie E.,1.59.0,2026-07-09T00:36:01Z,True,itunes_rss_mostHelpful,False,False
9e900a70b987551ba8aaa6597ea671f564edfe9170cd5cd685a199f352ecd50d,14237570176,6745274862,DealSeek,us,5,Dana,Saw this on Instagram and thought it was another app that was a joke. Have already purchased 3 things and absolutely love it. Saves you so much time,Saw this on Instagram and thought it was another app that was a joke. Have already purchased 3 things and absolutely love it. Saves you so much time,naners66,1.59.0,2026-06-28T16:51:15Z,True,itunes_rss_mostHelpful,False,False
80e9f54452ca292e10d318e0b72462b6142fe904c92234423043b7c79149a4dc,14159181806,6745274862,DealSeek,us,5,Awesome!,I just started shopping on DealSeek and I absolutely love it! I have found so many great deals just using this app.   Thank you for making it so easy to use.,I just started shopping on DealSeek and I absolutely love it! I have found so many great deals just using this app.   Thank you for making it so easy to use.,Benappy,1.55.0,2026-06-08T17:40:37Z,True,itunes_rss_mostHelpful,False,False
c5e5062a68bd2217e2cb34c4582105b8741d20939b198f728c9653ed2d2babe9,14087182594,6745274862,DealSeek,us,5,Has saved me more than once,Great for all the stuff you already buy and surprise purchases for celebrations,Great for all the stuff you already buy and surprise purchases for celebrations,Aj12354,1.55.0,2026-05-20T22:14:49Z,True,itunes_rss_mostHelpful,False,False
c3750ced5f87690e12acdcc8bc4ea475b54a859052795f00a268e1b9d6e1ce2f,14055244123,6745274862,DealSeek,us,5,Save your dollars!,In just a month of use this app has enabled me to save a significant amount on purchases I would have made anyway!,In just a month of use this app has enabled me to save a significant amount on purchases I would have made anyway!,Smoothieruth,1.53,2026-05-12T06:36:56Z,True,itunes_rss_mostHelpful,False,False
1190e8c00c0d3fdf87f8295268e26130f1176deff28eef41c178b03e503fbe67,14466951676,6745274862,DealSeek,us,5,Must Try!,Wonderful app that runs smoothly and you can definitely count on the deals posted.,Wonderful app that runs smoothly and you can definitely count on the deals posted.,Bdavis18,1.60.0,2026-08-24T16:00:03Z,True,itunes_rss_mostHelpful,False,False
dfdb63e38b6c51950ac1fbe6d4efd35a208882ecef976fa666c27b66cfc98679,14444054827,6745274862,DealSeek,us,5,Perfect for people on a budget,I can finally buy my family Christmas and birthday gifts without feeling like I drained my bank account,I can finally buy my family Christmas and birthday gifts without feeling like I drained my bank account,GIGIB32308,1.60.0,2026-08-18T19:46:13Z,True,itunes_rss_mostHelpful,False,False
951c52ce72cc8f2ece9d6f1523c6cceef3b1b66551b5e18c0de248be6c7ddca6,14291394539,6745274862,DealSeek,us,5,Wow,I haven’t quite made my first order though still sick  there are so many great deals to choose from.,I haven’t quite made my first order though still sick  there are so many great deals to choose from.,Drummondmommy,1.60.0,2026-07-11T19:55:29Z,True,itunes_rss_mostHelpful,False,False
017388de2f499272a50f5d9e3bb91cbebd5b49a4e2cfdc505cfaa0da93ebe673,14266421829,6745274862,DealSeek,us,5,Great saving,When I found out about this app. It has been a great savings for the buy. I think it’s gonna become addicting,When I found out about this app. It has been a great savings for the buy. I think it’s gonna become addicting,Cooper 702,1.59.0,2026-07-05T15:31:39Z,True,itunes_rss_mostHelpful,False,False
baee1f6649f038731ca667cde5fded9609370f9c54dba26c29d320338ded8f3a,14158449726,6745274862,DealSeek,us,5,Deals no need of wheels,This app really has saved me money. Some deals are outrageously good! Careful you might be buying stuff you don’t really need because it’s so cheap.,This app really has saved me money. Some deals are outrageously good! Careful you might be buying stuff you don’t really need because it’s so cheap.,Texaspill,1.55.0,2026-06-08T13:57:11Z,True,itunes_rss_mostHelpful,False,False
526dec5ce43615309a0d85add556d41d092d041724011eddf789ad14a24016ec,14152838370,6745274862,DealSeek,us,5,Must-have app,I have used this app numerous times already in the few weeks since downloading and I have saved a TON of money!!! Must-have for Amzn shoppers!!!,I have used this app numerous times already in the few weeks since downloading and I have saved a TON of money!!! Must-have for Amzn shoppers!!!,Kenziesmom04,1.55.0,2026-06-07T01:53:12Z,True,itunes_rss_mostHelpful,False,False
d58ae98cc8b5f38c9d8661894f8c012e37dae2f90355497b28c8c39725c37af7,14067488844,6745274862,DealSeek,us,5,Deal deal deals,"Oh, I thank you so much for looking up all the promo codes. This makes my Shopping days so much easier. Thank you for all the grapevines.","Oh, I thank you so much for looking up all the promo codes. This makes my Shopping days so much easier. Thank you for all the grapevines.",Hillybilly Treasure,1.55.0,2026-05-15T15:01:41Z,True,itunes_rss_mostHelpful,False,False
c30b5cac30051dcef081f9037fb2c1f2588afba377b1bbf8f6fc0b96f0f6212c,13960663489,6745274862,DealSeek,us,5,Love this app!!! My favorite!!!!!,Thank you! This is the best app and it is so easy to navigate!!! I saved thousands and thousands of dollars and the quality of the items is truly amazing!!!,Thank you! This is the best app and it is so easy to navigate!!! I saved thousands and thousands of dollars and the quality of the items is truly amazing!!!,KatNY777,1.53,2026-04-15T14:36:23Z,True,itunes_rss_mostHelpful,False,False
83e4b4dcaeb3b20d2ba4dfba07c6d9d9afb27d1581356015917614ca72c2bc4a,13920511153,6745274862,DealSeek,us,5,Special site,I enjoy looking through the daily deals on this site. I usually stumble across something I can use. Very enjoyable.,I enjoy looking through the daily deals on this site. I usually stumble across something I can use. Very enjoyable.,Bodhi’s Grandpa’s addiction,1.52,2026-04-04T06:12:19Z,True,itunes_rss_mostHelpful,False,False
6ee63784e0b808f0270494e879780e4b9b5ed8b152f86abe81aff0a6d9650569,14462430294,6745274862,DealSeek,us,5,Quality Products,Highlightvsavings on quality and productive items,Highlightvsavings on quality and productive items,Q P O J,1.60.0,2026-08-23T12:47:23Z,True,itunes_rss_mostHelpful,False,False
bb4e1af733b456c7c37e420be423ff68e22d360b168dd13c67fe2c0c3cffe72c,14456531198,6745274862,DealSeek,us,5,Things you didn’t know you needed,You find great deals on things that you didn’t even know you needed!,You find great deals on things that you didn’t even know you needed!,LuGGiam,1.60.0,2026-08-21T22:56:10Z,True,itunes_rss_mostHelpful,False,False
9ab902d37325ad27b6b1436062647726236561dfb1dfb5f52a3f77eb9e57bd9c,14425168083,6745274862,DealSeek,us,5,Get app for deals,"⭐️⭐️⭐️⭐️⭐️

Really easy to use and I’ve found some great deals on here. Definitely worth downloading if you like saving money!","⭐️⭐️⭐️⭐️⭐️

Really easy to use and I’ve found some great deals on here. Definitely worth downloading if you like saving money!",Patty Kuras,1.60.0,2026-08-14T03:25:59Z,True,itunes_rss_mostHelpful,False,False
421376f939ac9b64883123c8c2f8d912d6c1ea0ab1ff1ef4a6630679e184dc61,14405286599,6745274862,DealSeek,us,5,"Not a scam, surprisingly!","Actually works! I thought this would for sure be a scam or waste of time, but the codes work and the deals are real! Love it!","Actually works! I thought this would for sure be a scam or waste of time, but the codes work and the deals are real! Love it!",GabC1992,1.60.0,2026-08-09T04:24:20Z,True,itunes_rss_mostHelpful,False,False
dcb65d17999c6f50f3997e2f9f61b75f2111b6ed58c3930616c4964b3b60518e,14322003216,6745274862,DealSeek,us,5,Absolutely Amazing,I love DealSeek.  It has worked every time I used it.  It has been awesome for notifying me of deep discounts - especially items on my daughter’s baby registry.  I’m a definite fan!,I love DealSeek.  It has worked every time I used it.  It has been awesome for notifying me of deep discounts - especially items on my daughter’s baby registry.  I’m a definite fan!,Jo Give,1.60.0,2026-07-19T11:30:01Z,True,itunes_rss_mostHelpful,False,False
3f18523a1cd542d6abd797c990977c0672b4948fcf3a50655485b57d095ccac8,14292651920,6745274862,DealSeek,us,5,Linda,This app gives amazing deals.  You really save a lot of money.  I️ love the fact that you can use it for  several stores or websites.,This app gives amazing deals.  You really save a lot of money.  I️ love the fact that you can use it for  several stores or websites.,🐷 women,1.60.0,2026-07-12T03:51:05Z,True,itunes_rss_mostHelpful,False,False
8e2fa63e8897ae410be696b9ec102bcc6bb5df2e5a3ce13005a1c8b6ffa35dce,14291337970,6745274862,DealSeek,us,5,Great app!,Always find a better deal looking through this app first! Definitely recommend,Always find a better deal looking through this app first! Definitely recommend,Liviamarie12,1.60.0,2026-07-11T19:35:24Z,True,itunes_rss_mostHelpful,False,False
b017d0582aa044a1cf6d7f0087ea83f04163e7b8932aa7eb94ef4ef7249aa9fd,14221701419,6745274862,DealSeek,us,5,Must try!,"This is a great app! I have found so many deals that I would have paid full price, had I not  had this app!","This is a great app! I have found so many deals that I would have paid full price, had I not  had this app!",Thatgirlin239,1.59.0,2026-06-24T18:54:18Z,True,itunes_rss_mostHelpful,False,False
d2b0fb4786cf87bb97fce938a6b018421a6fd4122caf3c8cc020b58636fa1716,14052945880,6745274862,DealSeek,us,5,Great App and a Must Use,I just downloaded this app and what I have seen so far I love and will keep using it.  I highly recommend it so download it soon.,I just downloaded this app and what I have seen so far I love and will keep using it.  I highly recommend it so download it soon.,Marazul679,1.53,2026-05-11T15:12:14Z,True,itunes_rss_mostHelpful,False,False
1518ecbcc2f61a3fbffcbb886debd4ba480e903d8f44e5d87da547665250672a,14023569202,6745274862,DealSeek,us,5,Check every day!,There are new items in the Top Deals every single day! Always worth a look!,There are new items in the Top Deals every single day! Always worth a look!,nccanuck3,1.53,2026-05-03T12:27:24Z,True,itunes_rss_mostHelpful,False,False
11ce56289ef1a3c063c8f66452d6bb1e0f6077dac5b3058ad736ab33cd3ee231,14012681163,6745274862,DealSeek,us,5,Great prices!,So far we’ve been able to save money. Immediately shared with family and friends. Any money saved is a blessing.,So far we’ve been able to save money. Immediately shared with family and friends. Any money saved is a blessing.,Joemichele,1.53,2026-04-30T13:04:02Z,True,itunes_rss_mostHelpful,False,False
cc5e6cd40684016a8429f9506083230366830127bbd3a00c4f95656e6064f3dc,13990080706,6745274862,DealSeek,us,5,Good stuff,I feel as though I have bought some really good stuff with the outstanding prices on so many great products.,I feel as though I have bought some really good stuff with the outstanding prices on so many great products.,Florida resident living elsewhere,1.53,2026-04-23T23:13:06Z,True,itunes_rss_mostHelpful,False,False
ef66dad906840df7102aef37a529e5257d0ac535daf383eeff46bbf5fed72415,13950076640,6745274862,DealSeek,us,5,DealSeek is the Real Deal,I get so excited every morning to see my DS notifications w/the 50 top deals of the day.  So MANY GREAT SAVING!! My hubby on the other hand isn’t as excited that I’m spending everyday but hey I’M ACTUALLY JUST SAVING HIM MONEY :),I get so excited every morning to see my DS notifications w/the 50 top deals of the day.  So MANY GREAT SAVING!! My hubby on the other hand isn’t as excited that I’m spending everyday but hey I’M ACTUALLY JUST SAVING HIM MONEY :),Success with Sam,1.53,2026-04-12T13:23:24Z,True,itunes_rss_mostHelpful,False,False
77f3f251d9f59f66a7ba697e0e1699ebe5e1d1451fc5444732de8f3bb7481a3e,13929548332,6745274862,DealSeek,us,5,Save Save Save,I just started using the app and I have already found so many deals that I have been able to use!,I just started using the app and I have already found so many deals that I have been able to use!,kmill963,1.52,2026-04-06T18:09:04Z,True,itunes_rss_mostHelpful,False,False
25e32870d71b0c2cd96ada407b01989f62b317d8bb9e27d450d92c0d901f20e6,14303521043,6745274862,DealSeek,us,5,Amazing deals!,I didn’t believe it until I tried it. I will never shop the same again!,I didn’t believe it until I tried it. I will never shop the same again!,Mandyfaith88,1.60.0,2026-07-14T20:36:15Z,True,itunes_rss_mostHelpful,False,False
eae328617ab7c1a25f91fa5f39f41cebad72d1bf4ff92f669e87b21c2f5b282b,14213074674,6745274862,DealSeek,us,5,The best heads up you’ll ever get for sale items and discounts,This is the best app ever. I always look here first before making a purchase.,This is the best app ever. I always look here first before making a purchase.,tallblndgal,1.58.0,2026-06-22T14:32:08Z,True,itunes_rss_mostHelpful,False,False
e60699ba29f095c8f0776f4dfdf1d04cf67bc879501a1a387807d2619fc0a91c,14294911741,6745274862,DealSeek,us,1,LET US TURN OFF DEAL NOTIFICATIONS,"Seriously… i get them every hour. I don’t want notifications about deals on products i already have or don’t need, i want to just manually search deals when I’m looking to purchase something. The fact that turning off Deal Notifications is greyed out is really invasive and unusual. Let us tailor our own app experience.","Seriously… i get them every hour. I don’t want notifications about deals on products i already have or don’t need, i want to just manually search deals when I’m looking to purchase something. The fact that turning off Deal Notifications is greyed out is really invasive and unusual. Let us tailor our own app experience.",She'd juridical,1.60.0,2026-07-12T17:22:46Z,True,itunes_rss_mostHelpful,False,False
80804ae885621f73fdfaf0934dcbd98d3fc4a609dbca78c0284d53e20140c31f,14208666621,6745274862,DealSeek,us,5,Extremely awesome,I find items and safe lots of money with coupons given.,I find items and safe lots of money with coupons given.,CHINOPR28,1.58.0,2026-06-21T11:06:13Z,True,itunes_rss_mostHelpful,False,False
15323c94946793f6c6e2245feeb392c825ed2175976d38a88c220a53827cefe7,14107909161,6745274862,DealSeek,us,5,Great deals,Makes it actually possible to make purchases on the products that I want.,Makes it actually possible to make purchases on the products that I want.,Ms Ferberry,1.55.0,2026-05-26T12:19:02Z,True,itunes_rss_mostHelpful,False,False
c0ab73882b3f7928b6aee4e05e739d0e271e7fed836a49d15c79fbadb4c70176,14101978722,6745274862,DealSeek,us,5,Fabulous offers!,This app is definitely worth getting. It has fabulous deals. Many categories.,This app is definitely worth getting. It has fabulous deals. Many categories.,petmom20,1.55.0,2026-05-24T20:53:54Z,True,itunes_rss_mostHelpful,False,False
b11192efb726406263773f329bab709d9ea025d5d7a6e8f0223bb4abbc73d471,14090604524,6745274862,DealSeek,us,5,Really saves money!,I was skeptical at first but I have bought several things now and the savings are real!,I was skeptical at first but I have bought several things now and the savings are real!,Alindsey1222,1.55.0,2026-05-21T20:49:35Z,True,itunes_rss_mostHelpful,False,False
357f06bc903193c6b731ecc60a8b1070e5895a7d3d19cce749af1d2cb803061b,14068613882,6745274862,DealSeek,us,5,Great deal,"It’s a little confusing, but you eventually catch on. It’s great to get these coupons. Seems like this is a keep it.","It’s a little confusing, but you eventually catch on. It’s great to get these coupons. Seems like this is a keep it.",imichelle l,1.55.0,2026-05-15T21:30:06Z,True,itunes_rss_mostHelpful,False,False
23bf04fde1f08647ab793c47146eac7259c91c726985f6c4dfdda59a1ebbc5fd,14067749902,6745274862,DealSeek,us,5,Wonderful!,"This app has saved me so much money! And yet I buy so many things I’m not sure if I’m saving, if you know what I mean—LOL! But, seriously; I DO ALL my shopping here nowadays! So many awesome finds!!","This app has saved me so much money! And yet I buy so many things I’m not sure if I’m saving, if you know what I mean—LOL! But, seriously; I DO ALL my shopping here nowadays! So many awesome finds!!",evilbrain1964,1.55.0,2026-05-15T16:21:27Z,True,itunes_rss_mostHelpful,False,False
77ac8fd4ae2ada04eb57c54123de20c12364968b77a38dff5ece6926e758b8f4,13948950522,6745274862,DealSeek,us,5,"Reasonable price, good deals",Purchased my first item today the original price was $70 and I got it with the Deal Seek for $40. Can’t wait to use my item.,Purchased my first item today the original price was $70 and I got it with the Deal Seek for $40. Can’t wait to use my item.,Amany8,1.53,2026-04-12T05:22:13Z,True,itunes_rss_mostHelpful,False,False
ee5a2b6b0a57ee28e8a6be4f225f455a4bc649adc501765f8eb64405a1f41f89,13909381105,6745274862,DealSeek,us,5,Solar fence lights,"These lights work as expected, I just wish they would stay lit longer. I absolutely love them they are very bright and work wonderfully.","These lights work as expected, I just wish they would stay lit longer. I absolutely love them they are very bright and work wonderfully.",Opaldust,1.52,2026-04-01T04:41:21Z,True,itunes_rss_mostHelpful,False,False
0bc4732fb928eb346f6ee483e64f1b6e513326cc0b6c30401763c7d5b796a5cc,14444469668,6745274862,DealSeek,us,5,Actually works,"I now look here before any purchase
I have saved a lot using their promo codes. It’s awesome!","I now look here before any purchase
I have saved a lot using their promo codes. It’s awesome!",MarysReview,1.60.0,2026-08-18T22:19:54Z,True,itunes_rss_mostHelpful,False,False
e8000fc01f60c5fcd9942b9fc4f49c3e5ccbac8946ce6835082195081861c904,14348389331,6745274862,DealSeek,us,5,Great app!,I really like this app! I literally got something for 75% off! Definitely recommended. Literally there’s no downside to this app. It’s great! no ads. No fees no nothing except discounts! Yeeeeeeee!,I really like this app! I literally got something for 75% off! Definitely recommended. Literally there’s no downside to this app. It’s great! no ads. No fees no nothing except discounts! Yeeeeeeee!,Da 808 crew,1.60.0,2026-07-26T00:40:24Z,True,itunes_rss_mostHelpful,False,False
134f1a68a1cef4c69cb0ebffc5d52959db5c85b11d15bb81f9f0562068ebde91,14185447132,6745274862,DealSeek,us,5,Great prices,I have used the coupon codes from this app and have always saved money !,I have used the coupon codes from this app and have always saved money !,lraec,1.55.0,2026-06-15T12:35:09Z,True,itunes_rss_mostHelpful,False,False
2eff7968864ef7a16792d2bb441aa676dd58e42eb16a8fab5bf93157984fbd56,14334366424,6745274862,DealSeek,us,4,Great deals,Have great offers sometimes things you don’t need but once in a while you will find something you do and at a lower price,Have great offers sometimes things you don’t need but once in a while you will find something you do and at a lower price,Redrum1229,1.60.0,2026-07-22T13:25:39Z,True,itunes_rss_mostHelpful,False,False
0bc70567fc831766f55b069179afebaf5ed1d2705209c831b16cdfbf9647391f,13906793064,6745274862,DealSeek,us,5,GREAT!,DealSeek is wonderful great deals deals you can pass up. I would turn onto this program by Jeff Rosen and make sure I look at it every day love this program!,DealSeek is wonderful great deals deals you can pass up. I would turn onto this program by Jeff Rosen and make sure I look at it every day love this program!,Gregg2063,1.52,2026-03-31T12:41:48Z,True,itunes_rss_mostHelpful,False,False
3daa4c8be389c0e4e9294de26db9c6f70c6d25002d57e8259626f11b433f63f7,14079851636,6745274862,DealSeek,us,4,So far so good,So far it’s pretty interesting checking it out they’ve applied but I haven’t purchased anything yet just cause I need to save definitely using it for Christmas though,So far it’s pretty interesting checking it out they’ve applied but I haven’t purchased anything yet just cause I need to save definitely using it for Christmas though,Lolz unknown,1.55.0,2026-05-18T21:35:16Z,True,itunes_rss_mostHelpful,False,False
210752e4849f870d591d822b23e8d60b711ee4c15b9aebb5cc21a8fb8acbe608,14455839935,6745274862,DealSeek,us,5,Amazing,This was the most valuable find. I couldn't be happier with the savings. Wish I had found it sooner,This was the most valuable find. I couldn't be happier with the savings. Wish I had found it sooner,ronkimg,1.60.0,2026-08-21T18:36:10Z,True,itunes_rss_mostHelpful,False,False
3146e4abc70afe067b6a050aa46841675847d7b4f8a8b60296fce1f9bbb9bd70,14434475567,6745274862,DealSeek,us,5,Can't beat extra savings,This is a unbelievable app. You get the best of the best using this app for extra saving. Easy to use and the savings are unbeatable.,This is a unbelievable app. You get the best of the best using this app for extra saving. Easy to use and the savings are unbeatable.,State return,1.60.0,2026-08-16T11:51:18Z,True,itunes_rss_mostHelpful,False,False
1471b24303f34be708ce8f8ece83d9ce6bc20a551d21fa284c3cd750f37792b7,14398742369,6745274862,DealSeek,us,5,Very useful,DealSeek is my go to to find the best price or deal. I use it whenever I’m looking for a specific item & want to find the best price.,DealSeek is my go to to find the best price or deal. I use it whenever I’m looking for a specific item & want to find the best price.,Mshopper2of6,1.60.0,2026-08-07T12:25:32Z,True,itunes_rss_mostHelpful,False,False
803819d8b153c466841fa87a1536dde257d9968c0b4a7699155692c8b2cc1ffe,14374335189,6745274862,DealSeek,us,5,Great discounts,"Excellent app, no fail, every single time I attempted to use a discount had no issues to obtain the item at the discounted price the app found.","Excellent app, no fail, every single time I attempted to use a discount had no issues to obtain the item at the discounted price the app found.",Gmzfl,1.60.0,2026-08-01T11:44:09Z,True,itunes_rss_mostHelpful,False,False
0f55ebf28e2d3f1d06de949c8feef3f2efb5b52f43edb52226776110f0c74953,14304814977,6745274862,DealSeek,us,5,You are a fool to not use Deal Seak,I save 20 to 60 percent on products I already planned on purchasing!  Why would you not check here first?,I save 20 to 60 percent on products I already planned on purchasing!  Why would you not check here first?,4paps,1.60.0,2026-07-15T04:57:56Z,True,itunes_rss_mostHelpful,False,False
8d8c656ae7a20a5cddd713ec57b7c19ffc5761597641f25e6a1d220fce6bea48,14296465818,6745274862,DealSeek,us,5,Very cool and convenient,I’ve been using this app for some months now and I have saved tons of money and gotten some awesome deals,I’ve been using this app for some months now and I have saved tons of money and gotten some awesome deals,Brigot2bmii,1.60.0,2026-07-13T03:00:58Z,True,itunes_rss_mostHelpful,False,False
e9eb62b01efd93409bcc3223e50b31b2ebbdc69b7ee24a33bf2674a8958ab216,14221151560,6745274862,DealSeek,us,5,Best deals,I been using deal seek since short time but I am really enjoying it. Saved lot of money. Highly recommended to shoppers.,I been using deal seek since short time but I am really enjoying it. Saved lot of money. Highly recommended to shoppers.,Gurnoor52626,1.59.0,2026-06-24T16:01:55Z,True,itunes_rss_mostHelpful,False,False
ab205a7b4e0983b097e92465aaa122347a906a150327dbce48986f3266c7a542,14183344318,6745274862,DealSeek,us,5,Great deals,If your quick you can get good brand items almost half price,If your quick you can get good brand items almost half price,Flaquibiris,1.55.0,2026-06-14T21:53:11Z,True,itunes_rss_mostHelpful,False,False
c245136f470c1b3e7de141b861d27beb9df606a9c30a767480d4a87c49812283,14080631583,6745274862,DealSeek,us,5,Saved me money within 3 minutes,"Fantastic, easy to use, & ACTUALLY works. Got a $20 plant light for $6 in less than 3 taps. I’m here for this kind of shopping! 😍","Fantastic, easy to use, & ACTUALLY works. Got a $20 plant light for $6 in less than 3 taps. I’m here for this kind of shopping! 😍",Jayyock,1.55.0,2026-05-19T03:05:45Z,True,itunes_rss_mostHelpful,False,False
f350174ce9a981dc3f0fd2dc423b10c5809c0996fa5149835605514983bab9ef,14002078604,6745274862,DealSeek,us,5,Super Savings With Every Click,Found so many deals on a lot of daily useful items.,Found so many deals on a lot of daily useful items.,Nina Garcia Jones,1.53,2026-04-27T11:28:48Z,True,itunes_rss_mostHelpful,False,False
196c2ef595592c2f94e13870f6bc7ddd28b5ed2d0b124f8fe91dc59687d1198b,14078212985,6745274862,DealSeek,us,4,Saving Money is Fun,"I love deal seek. I check here before I purchase anything. I have found some great deals. Occasionally, a coupon doesn’t work or has expired but overall they do great! Jeff Rossen Reports,Thank You!","I love deal seek. I check here before I purchase anything. I have found some great deals. Occasionally, a coupon doesn’t work or has expired but overall they do great! Jeff Rossen Reports,Thank You!",Mamaw Berta,1.55.0,2026-05-18T12:17:50Z,True,itunes_rss_mostHelpful,False,False
a8891ea5a1b6ac87e77b3fb3066e66cb394b05ec28de8af6d5ae5d704459f2be,13932719226,6745274862,DealSeek,us,5,Great site,"I am so excited that I found this app. Within days, I find myself saving all kinds of money on purchases.","I am so excited that I found this app. Within days, I find myself saving all kinds of money on purchases.",bubka67,1.52,2026-04-07T16:18:17Z,True,itunes_rss_mostHelpful,False,False
8ce37d75c3edfe7d38fb717ccae9cea09c571aa4cdeadcbaaa5f54d6f17a81b4,13926711060,6745274862,DealSeek,us,5,Coupons and discounts,I saved 10 dollars on head phones. Looking forward to using this app. So far I like it.,I saved 10 dollars on head phones. Looking forward to using this app. So far I like it.,mmelCar2026,1.52,2026-04-05T22:48:25Z,True,itunes_rss_mostHelpful,False,False
4d243dc86a18dc4e7ce199b909f9693dabeeafa37fcc3620a37cead975d73282,14250520249,6745274862,DealSeek,us,5,Love DealSeek,I absolutely love DealSeek! I’m addicted!! There are so many good deals every day!! Thanks to Jeff and his behind the scenes crew that do magnificent work bring us the best deals around every day!! Love you guys!,I absolutely love DealSeek! I’m addicted!! There are so many good deals every day!! Thanks to Jeff and his behind the scenes crew that do magnificent work bring us the best deals around every day!! Love you guys!,Laurielkiss,1.59.0,2026-07-01T18:13:43Z,True,itunes_rss_mostHelpful,False,False
bf6b6b895d2c0c841a8e1d50b1e6c21e4dd2e9fd5cd74b0a623cef99b21c2706,14218549800,6745274862,DealSeek,us,5,It works!,"I was skeptical, but I have found several coupon codes that I used easily.","I was skeptical, but I have found several coupon codes that I used easily.",Mryjne1975,1.59.0,2026-06-23T23:44:26Z,True,itunes_rss_mostHelpful,False,False
adb78f2381df06870ea6b5a49bdcea0b605b71a096a67aac1bd15b6937c5d347,14230283838,6745274862,DealSeek,us,4,Most coupons work,So far most of the coupons have worked. Good app to use before you go shopping for things.,So far most of the coupons have worked. Good app to use before you go shopping for things.,eddiegazz,1.59.0,2026-06-26T21:55:11Z,True,itunes_rss_mostHelpful,False,False
e581c22177e876c181ba78d7af1e758e4eeabcd5138f5633555da526d7273171,14174494585,6745274862,DealSeek,us,5,Good Deals,I like the app. 95% of the codes work. Sometimes you have to move fast bc it they only have so many for the good deals,I like the app. 95% of the codes work. Sometimes you have to move fast bc it they only have so many for the good deals,Pam$01,1.55.0,2026-06-12T16:26:44Z,True,itunes_rss_mostHelpful,False,False
5ed449c74d622aeb1243253fb8150a549672ea4a82f4a966703b587463bf2280,14124135670,6745274862,DealSeek,us,5,It works!,I’ve used this app to buy multiple things and have gotten some great deals!,I’ve used this app to buy multiple things and have gotten some great deals!,Denise0346,1.55.0,2026-05-30T17:08:29Z,True,itunes_rss_mostHelpful,False,False
ebb878f840602133dda0c4cdabb09874cf83187a8988697d6144f38a4c4a5077,14122275657,6745274862,DealSeek,us,5,Deal Seek,I love Deal Seek!💓🤗💓 I am so happy I can find what I need and better yet… I can get it for a wonderful discount deal savings! And being on a strict budget… this is so perfect for me.🌸🥰🌸🙏Thank you 🙏Deal Seek.🙏🙌🫶,I love Deal Seek!💓🤗💓 I am so happy I can find what I need and better yet… I can get it for a wonderful discount deal savings! And being on a strict budget… this is so perfect for me.🌸🥰🌸🙏Thank you 🙏Deal Seek.🙏🙌🫶,Elegantlady1,1.55.0,2026-05-30T06:30:34Z,True,itunes_rss_mostHelpful,False,False
f87d0087793f7857324560b7f9139f5b9a8ec15408dfbff89d0c21516ffceb12,14033684192,6745274862,DealSeek,us,5,I just bought a baby blender,This work so well the baby blender went from 50 something dollars to 30 dollars,This work so well the baby blender went from 50 something dollars to 30 dollars,hahahasupercool,1.53,2026-05-06T08:13:05Z,True,itunes_rss_mostHelpful,False,False
0524e948fb0365fe17e25e01e0db1346ee4bc0815354f512301e0a6019b3f847,14023438572,6745274862,DealSeek,us,5,Must Have a Look,What ever is on sale you must at least look Deal Seek has great deals every day. I save so much just by looking at the site.,What ever is on sale you must at least look Deal Seek has great deals every day. I save so much just by looking at the site.,Oksoneredhot,1.53,2026-05-03T11:39:43Z,True,itunes_rss_mostHelpful,False,False
a0e70b128c178687b85dae03efec910d6e5287a7b2a91e5e3eb51309398af0d0,14470502070,6745274862,DealSeek,us,5,Great deals,Found what I was looking for 65% off! So I use it each time I’m buying anything to make sure I don’t miss a deal!,Found what I was looking for 65% off! So I use it each time I’m buying anything to make sure I don’t miss a deal!,GGCann,1.60.0,2026-08-25T14:11:45Z,True,itunes_rss_mostHelpful,False,False
c3de286dca24b09c359d6228218c22b6efc68f98555a8b4add6d8390b73f791b,14468567248,6745274862,DealSeek,us,5,Amazing Deals!,There is always something to find for any household! I can always count on DealSeek to have the best deals found.,There is always something to find for any household! I can always count on DealSeek to have the best deals found.,Seachelle0614,1.60.0,2026-08-25T01:44:39Z,True,itunes_rss_mostHelpful,False,False
3c01addf8ca6eb62ffbc146dea808fa3a8d9747604695b2c0ed6c595e1e4c304,14419697335,6745274862,DealSeek,us,5,Love this app,This app has saved me so much money on items that I was planning on buying . I tell everyone about this app.,This app has saved me so much money on items that I was planning on buying . I tell everyone about this app.,JEWELS9375,1.60.0,2026-08-12T18:38:42Z,True,itunes_rss_mostHelpful,False,False
22fccea6293169151a42a97062cb5aa230cf257caeb2eb90e39cab566282d26a,14379382304,6745274862,DealSeek,us,5,Great deals,"Always find great deals on usable products, not junk like some of the sites. Great selection of deals.","Always find great deals on usable products, not junk like some of the sites. Great selection of deals.",Ksummbrooks,1.60.0,2026-08-02T16:54:32Z,True,itunes_rss_mostHelpful,False,False
d3ec1ddc980ef03654fee6366b50edc0675c9308cde485aa434eee2035af323f,14298953662,6745274862,DealSeek,us,5,DealSeek first before buying,I find what I want & then I go to Deal Seek. They always find me the lowest prices. So I don’t have to. This is site is my favorite price finder.,I find what I want & then I go to Deal Seek. They always find me the lowest prices. So I don’t have to. This is site is my favorite price finder.,Vntgshz,1.60.0,2026-07-13T17:40:17Z,True,itunes_rss_mostHelpful,False,False
30d0095517a2f444dccd656e6af2ac790d1dbe23e89e4d7db8137a3cf21d0ea7,14286450785,6745274862,DealSeek,us,5,By far the best deals you will find,Just moved and I have found some many deals,Just moved and I have found some many deals,Mishacoe,1.60.0,2026-07-10T15:02:02Z,True,itunes_rss_mostHelpful,False,False
3e5100774680e5cef8a1cd3f54c572ad6cf7d2e3bd49df8a4ca0de09cd1de28c,14273803940,6745274862,DealSeek,us,5,Awesome!!! 👍🏼👍🏼,Love this site. I have saved so much money on things I was going to purchase anyways definitely worth looking into no spam or scams here.!!!,Love this site. I have saved so much money on things I was going to purchase anyways definitely worth looking into no spam or scams here.!!!,winnie lynne,1.59.0,2026-07-07T12:24:44Z,True,itunes_rss_mostHelpful,False,False
2985b14bcef0ef73bb72b67b917cc9a1c854bf2e1f67fa33fd8005f49f2b1d47,14259475468,6745274862,DealSeek,us,5,Happy customer,Love this app. Help me save and actually find what I search for with and amazing deals.  Definitely recommend this app.,Love this app. Help me save and actually find what I search for with and amazing deals.  Definitely recommend this app.,Mama B’s nails,1.59.0,2026-07-03T21:04:58Z,True,itunes_rss_mostHelpful,False,False
92bfb610a949024e90e945b60828fcb1aa2f8d081425be7aa771c0f50e275609,14241230719,6745274862,DealSeek,us,5,Complicated,too many steps to check out. Sometimes discount works.,too many steps to check out. Sometimes discount works.,Artist-07,1.59.0,2026-06-29T14:53:08Z,True,itunes_rss_mostHelpful,False,False
846ce5c7fedd2f8c930b68be77e8dfb9b2fcb84d11255a58d79b85a4eff622a5,14235767303,6745274862,DealSeek,us,5,Easy!,"Codes actually work, and bring you right to the site!","Codes actually work, and bring you right to the site!",syddizzleee,1.59.0,2026-06-28T06:47:46Z,True,itunes_rss_mostHelpful,False,False
362ddd61561cd12bfd5a1a71971563ef1ec0642004e1a42c8e163317bfa66667,14226230658,6745274862,DealSeek,us,5,App is awesome!!,"Love that I found this app!  I have saved so much money on things I wanted but didn’t want to pull the trigger and buy. Here comes deal seek to the rescue.

Thank you DEALSEEK!!","Love that I found this app!  I have saved so much money on things I wanted but didn’t want to pull the trigger and buy. Here comes deal seek to the rescue. 

Thank you DEALSEEK!!",Tgal0218,1.59.0,2026-06-25T22:05:26Z,True,itunes_rss_mostHelpful,False,False
e736ee1771ad07a50db03252bb5dbc09cfed5585adfb0b6f0b9ac65274234627,14215314563,6745274862,DealSeek,us,5,Amazing App!!,This app saves you so much time by giving you all the promo codes and sales for the day. Highly recommend it.,This app saves you so much time by giving you all the promo codes and sales for the day. Highly recommend it.,Maya158077,1.59.0,2026-06-23T03:44:49Z,True,itunes_rss_mostHelpful,False,False
f9fc2ae6b8aee97bdf65b475a340e94fdee1d73adf93a5830f7149bbcec2ed0e,14061882890,6745274862,DealSeek,us,5,Can’t live without it,This really helps especially now with crazy prices due to the war,This really helps especially now with crazy prices due to the war,BeBenemo,1.53,2026-05-14T01:42:37Z,True,itunes_rss_mostHelpful,False,False
50ca8d4c06e4396e99d22c415e8a1bc9eadda3a3c3165fea914ed6b2298a23c1,14034999991,6745274862,DealSeek,us,5,Smart shopping,I enjoy the conscience of being able to scroll thru and not have to hit  forty eleven different sites,I enjoy the conscience of being able to scroll thru and not have to hit  forty eleven different sites,twingirlNisey,1.53,2026-05-06T16:15:53Z,True,itunes_rss_mostHelpful,False,False
a655c5a0d10918909c1fe695bfa37afef4d42c9a3d1b87f2ce05cbbab2647f00,14350285511,6745274862,DealSeek,us,5,New to app,Just download app after watching Rosen and it looks as promised. Can’t wait to start using it full time,Just download app after watching Rosen and it looks as promised. Can’t wait to start using it full time,roneal6785,1.60.0,2026-07-26T13:08:56Z,True,itunes_rss_mostHelpful,False,False
504467a0bbcc0ab266c70b7be0c61c3b4857d65ea50fc4710f84cd2b0c2dba8b,14298849835,6745274862,DealSeek,us,5,Deals,Always check website for deal very happy and helpful,Always check website for deal very happy and helpful,hairdresser 777,1.60.0,2026-07-13T17:08:10Z,True,itunes_rss_mostHelpful,False,False
ffbf7dc864946555f77f1caa4e298abbd6900a8bc39eae2f9c26a435251a60de,14290130414,6745274862,DealSeek,us,5,Love this app,Definitely able to find quality deals,Definitely able to find quality deals,leefam6,1.60.0,2026-07-11T13:24:09Z,True,itunes_rss_mostHelpful,False,False
247bba283545ea69d44bc058da3ea6ab07b6b34599c57deeeb9498c78a060fee,14155778851,6745274862,DealSeek,us,5,Great Deals,So far I’m loving Deal Seek. Have found some phenomenal deals on items I have wanted but felt a little too pricey. With 50% off it’s a no brainer.,So far I’m loving Deal Seek. Have found some phenomenal deals on items I have wanted but felt a little too pricey. With 50% off it’s a no brainer.,Scariot,1.55.0,2026-06-07T19:42:27Z,True,itunes_rss_mostHelpful,False,False
7ed7c913b87774e1d237dc58a61a26bdad5db62b3aa38d8c8dc5c56c546dd4b1,14154909190,6745274862,DealSeek,us,5,Using coupons,"Very easy to use, just follow the instructions that they give you on the Deal Seek site.","Very easy to use, just follow the instructions that they give you on the Deal Seek site.",cae67,1.55.0,2026-06-07T15:08:45Z,True,itunes_rss_mostHelpful,False,False
c6730237c56f9abd7eda6d8dfc0db93673cc53b42838b764f20e8a8c118886ce,14128125569,6745274862,DealSeek,us,5,Works,I wasn't sure that the app discounts would work but it does I tried one item to see and the price was reduced 🥰 love it,I wasn't sure that the app discounts would work but it does I tried one item to see and the price was reduced 🥰 love it,Jany 72,1.55.0,2026-05-31T17:39:38Z,True,itunes_rss_mostHelpful,False,False
590b746b767d92e355df3461b2fcb16bd99a6b595c04095bffa3adf14792c14f,14115495633,6745274862,DealSeek,us,5,Great savings!,"I have used their
Promo. Odes on several items so far and have several more on my Wish List!","I have used their
Promo. Odes on several items so far and have several more on my Wish List!",Hat110,1.55.0,2026-05-28T12:44:48Z,True,itunes_rss_mostHelpful,False,False
83e80f5b28efa355de58f82aba88b08512da5da4e70ba9a5c2497a7d67c38dfa,14076509399,6745274862,DealSeek,us,5,New user,I just downloaded the app. But so far it looks like this will be very useful! I will review again after I use it!,I just downloaded the app. But so far it looks like this will be very useful! I will review again after I use it!,salty&sassy,1.55.0,2026-05-17T23:18:05Z,True,itunes_rss_mostHelpful,False,False
9775032e96b7ff0bda2e9829d5a24e9ca27bf9fed0f5fd3bcf9c20b530d4939b,14047274127,6745274862,DealSeek,us,5,Review on the deal seek app,"Extremely hooked on it, give the best promo coupons ever will never go shopping online without it best find yet…","Extremely hooked on it, give the best promo coupons ever will never go shopping online without it best find yet…",Lil wet tears,1.53,2026-05-10T01:52:24Z,True,itunes_rss_mostHelpful,False,False
7a8674378b1e58ba004ba6e99e810cf400f153b3b5582e29b3e7d6a158662d78,13989585245,6745274862,DealSeek,us,5,Great deals,"Bought many products after looking the deals
Great deals","Bought many products after looking the deals
Great deals",Ash jha,1.53,2026-04-23T19:36:42Z,True,itunes_rss_mostHelpful,False,False
1a830a85e831bd9f8d2a10e6711d528f181afa5c61cd2b6fa298d879c6e92c23,13936009877,6745274862,DealSeek,us,5,Amazing,I actually really love. They have some amazing deals. Great coupon prices they really do their due diligence and hard work. Thank you.,I actually really love. They have some amazing deals. Great coupon prices they really do their due diligence and hard work. Thank you.,mobile456,1.52,2026-04-08T15:00:39Z,True,itunes_rss_mostHelpful,False,False
9bf3dc1290ae3953f2e93caf6204964f7e97951b6ace9bc0e743214bc1d2a516,13970803471,6745274862,DealSeek,us,4,Deals for sure,"Great site. I have saved a ton of money, but I Dislike how they do the giveaways. I should just be able to enter instead of having to share for entry.","Great site. I have saved a ton of money, but I Dislike how they do the giveaways. I should just be able to enter instead of having to share for entry.",Cori0822,1.53,2026-04-18T12:11:19Z,True,itunes_rss_mostHelpful,False,False
8358bd2d78be7dadc55b752ae8a27df2e5d13c680d4d041f11bb840601887f36,13935727218,6745274862,DealSeek,us,5,Savings saving saved,Excellent for saving money on items you already buy.,Excellent for saving money on items you already buy.,Indianmommy,1.52,2026-04-08T13:30:45Z,True,itunes_rss_mostHelpful,False,False
2ba37c11abc87b4c314b10421ac64b110c6cced4d118b16e3933445d9a8adbc4,14469080014,6745274862,DealSeek,us,5,Coupons,Deals,Deals,cujolou1976,1.60.0,2026-08-25T05:21:19Z,True,itunes_rss_mostHelpful,False,False
f408afb4bfe3abe6fd51831dc1dc0d087b62615790e933c8750c35a4ab6ef139,14460747858,6745274862,DealSeek,us,5,Amazing deals,I have highly  enjoyed using this app never know what will pop up. It’s a great tool to use,I have highly  enjoyed using this app never know what will pop up. It’s a great tool to use,Bigst05,1.60.0,2026-08-23T01:13:44Z,True,itunes_rss_mostHelpful,False,False
7812dd0a50c1557e3975dc7c41f7d0d8167377983b3f629f6b0ba456c5f87542,14413032407,6745274862,DealSeek,us,5,Great deals!,I would not shop without checking this site first now.,I would not shop without checking this site first now.,leavemealobe,1.60.0,2026-08-11T03:47:08Z,True,itunes_rss_mostHelpful,False,False
ecc3e433094addb4b3d0d53872f717ab92bb2405317230dac73b170b8917e23c,14392785175,6745274862,DealSeek,us,5,Love the Deals,Best deals I’ve ever found save a lot of money thanks to Rosen reports I found this site highly recommend,Best deals I’ve ever found save a lot of money thanks to Rosen reports I found this site highly recommend,Shelly6971,1.60.0,2026-08-05T23:25:30Z,True,itunes_rss_mostHelpful,False,False
056e876c4e462b5e6b1bb53e87db56cbc082a4787362d97b5949503504b231bf,14340224743,6745274862,DealSeek,us,5,Amazing deals,I’m so blessed that I found this app all the $$$ I have saved has been a true blessing for my family,I’m so blessed that I found this app all the $$$ I have saved has been a true blessing for my family,Nurselorie09,1.60.0,2026-07-23T23:01:32Z,True,itunes_rss_mostHelpful,False,False
5c15d171a9cbfdf2bc8a36306e838379d8aac36872c5dbc1c181981394db12f3,14329758682,6745274862,DealSeek,us,5,Use this before shopping,You will find a deal,You will find a deal,Suprwmn0007,1.60.0,2026-07-21T10:16:20Z,True,itunes_rss_mostHelpful,False,False
cb3fb6ae0975cc4a4f907f03fd17ce3f620183b00a3326b3b48f7b736fc5c7a4,14315454478,6745274862,DealSeek,us,5,Great deals! I LOVE DealSeek!!!,"I always get great deal here!  Well worth checking all deals out.  FYI, you can put ANYTHING in research that you’re interested in, you WILL always get a great price!  ❤️ DealSeek!","I always get great deal here!  Well worth checking all deals out.  FYI, you can put ANYTHING in research that you’re interested in, you WILL always get a great price!  ❤️ DealSeek!",Moondreamer1966,1.60.0,2026-07-17T19:16:42Z,True,itunes_rss_mostHelpful,False,False
793399574cd2b82079f988d8f141da3156b88687e6c94a4d24557b4e38b7144b,14267868045,6745274862,DealSeek,us,5,Fabulous Deals,"Never disappointed with the deals, quality, ease, and savings!","Never disappointed with the deals, quality, ease, and savings!",Tred Car,1.59.0,2026-07-05T23:37:34Z,True,itunes_rss_mostHelpful,False,False
414579ae81428d612c38a864e01bd65315beeaf220afeb939b98634528d6527d,14221999666,6745274862,DealSeek,us,5,Great job,"Better deals, everything comes with way lower prices","Better deals, everything comes with way lower prices",Kunkushi,1.59.0,2026-06-24T20:35:30Z,True,itunes_rss_mostHelpful,False,False
72423776f8d32fad2ad36c8031ab39578bef7d91b7cd7db227b663025be438ea,14217978522,6745274862,DealSeek,us,5,Great deals,Ordered a couple of things now from the promo codes and have been very pleased with the products ! Thanks Deal Seek!,Ordered a couple of things now from the promo codes and have been very pleased with the products ! Thanks Deal Seek!,SongSoul yes you’re going,1.59.0,2026-06-23T20:05:25Z,True,itunes_rss_mostHelpful,False,False
460748ee4e0d6ef41e37fc9bc553de8a07d3655acd370e754648aa2cab82beef,14210365524,6745274862,DealSeek,us,5,Exceptional,It’s June and I already started Christmas shopping! This app is amazing! I’m gonna use it all the time now it’s very easy to navigate!,It’s June and I already started Christmas shopping! This app is amazing! I’m gonna use it all the time now it’s very easy to navigate!,carolinemoralew,1.58.0,2026-06-21T20:14:09Z,True,itunes_rss_mostHelpful,False,False
ef40f5dbcfd6905fdb1733194e8d767f39e7e8bf4b57981edc8740ae2da04099,14206426238,6745274862,DealSeek,us,5,Deals,Great options across many different areas,Great options across many different areas,Liti ny,1.58.0,2026-06-20T19:40:07Z,True,itunes_rss_mostHelpful,False,False
47a3e53b14c1ce0b0edf323d901e5a1e8d721bd39b42539c656396027ba32982,14208679313,6745274862,DealSeek,us,4,Great deals,"Always gives you direct access to the deals, I wish they made some entries a little easier to obtain but overall good app","Always gives you direct access to the deals, I wish they made some entries a little easier to obtain but overall good app",Joeplayzforntie,1.58.0,2026-06-21T11:11:08Z,True,itunes_rss_mostHelpful,False,False
76e18268b11bb39514a77a5781ca29ce4dbcab30ca2c380318f905310bd16472,14140137257,6745274862,DealSeek,us,5,You have to try it!,Works amazingly. Watch the step by step instructions. Save me more money.,Works amazingly. Watch the step by step instructions. Save me more money.,BergDandB,1.55.0,2026-06-03T18:45:49Z,True,itunes_rss_mostHelpful,False,False
1a393947ea1bcaaf71a12c78d563ca8374da9731b5c9c751d4f75ba5533216d3,14127664533,6745274862,DealSeek,us,5,Great Deals,I already purchase a few items using codes,I already purchase a few items using codes,cardavrod1,1.55.0,2026-05-31T15:22:08Z,True,itunes_rss_mostHelpful,False,False
d479f46d66d1c9c589288310475141812d84f7c38777b1fe7b5e5fcfc4a9c812,14125774867,6745274862,DealSeek,us,5,Easy to use,"Just downloaded app, and was already happy with its easy to use functions..","Just downloaded app, and was already happy with its easy to use functions..",uezmetoo,1.55.0,2026-05-31T03:25:05Z,True,itunes_rss_mostHelpful,False,False
36c51153cf5ef9630c9999ae9771f9dfe8c232d6ff9bbd401318d4755d9bdfcc,14104858153,6745274862,DealSeek,us,5,Great App,"If you like buying quality for less., then this app will help you accomplish just that., and it’s great to see daily deals.","If you like buying quality for less., then this app will help you accomplish just that., and it’s great to see daily deals.",MMACIAS,1.55.0,2026-05-25T15:55:57Z,True,itunes_rss_mostHelpful,False,False
c60608d6d54d2577522339b40908ba3d539e3e4bb2ab7d394870cc86398bef99,14094159304,6745274862,DealSeek,us,5,"Finally, valid coupon codes promo codes that work",Absolutely amazing worked on the very first time,Absolutely amazing worked on the very first time,sadfacerev,1.55.0,2026-05-22T20:04:45Z,True,itunes_rss_mostHelpful,False,False
d2e807ee6d22ccb5e686cbc52774baec7e49d8043645c82a6bcaaa4f9bc36710,14076114942,6745274862,DealSeek,us,5,Try It,Great deals on things you buy anyway! Now you’re getting a much better deal.,Great deals on things you buy anyway! Now you’re getting a much better deal.,OahuLei,1.55.0,2026-05-17T20:36:50Z,True,itunes_rss_mostHelpful,False,False
ec27184445d46bed800feaff0297e8d4d0b59f461b3047b61757d54170ece6d4,14069457124,6745274862,DealSeek,us,5,Real,"This app helps you save so much money, didn't believe it till it actually worked !","This app helps you save so much money, didn't believe it till it actually worked !",Cristalgon,1.55.0,2026-05-16T03:11:26Z,True,itunes_rss_mostHelpful,False,False
e1750c94a6170e38644d3716038d59ba190b9c49c906b40792adba1ec47d7bc2,14056272110,6745274862,DealSeek,us,5,Love it,90% of the time the deals are accurate.  Worth the time to check out the deals,90% of the time the deals are accurate.  Worth the time to check out the deals,Drzzjj,1.53,2026-05-12T13:40:41Z,True,itunes_rss_mostHelpful,False,False
01ede0467410a3df2d1f342c63fb864701a8a1b7cf481fe5c7a7016c3470d4cb,13962250418,6745274862,DealSeek,us,5,It worked!!!!,I was skeptical at first; then I ordered the product!!! 50% off!!!! WOW!!! So many sites promise discounts and never deliver. This worked right out of the chute!!!! WONDERFUL!!! Thank you!!!,I was skeptical at first; then I ordered the product!!! 50% off!!!! WOW!!! So many sites promise discounts and never deliver. This worked right out of the chute!!!! WONDERFUL!!! Thank you!!!,Kevinod77,1.53,2026-04-16T00:49:19Z,True,itunes_rss_mostHelpful,False,False
42772dda23bf59eeac1facd9a23453fdce381bf771de8e5a231bc9e05d24c919,13941268422,6745274862,DealSeek,us,5,Legit app for discounts,I wish I would’ve known about this app years ago! How much money could have I saved up!,I wish I would’ve known about this app years ago! How much money could have I saved up!,LunaTheGoldenR,1.52,2026-04-10T01:50:40Z,True,itunes_rss_mostHelpful,False,False
8d35952d6f15f262879d519db59389c9dcfcadff4c6cb929a13fdf305d931316,13853103713,6745274862,DealSeek,us,5,Amazing website design,"Easy to use, and fun to see. I don’t know how accurate the deals are but they are deals nonetheless.","Easy to use, and fun to see. I don’t know how accurate the deals are but they are deals nonetheless.",TO Madi,1.50,2026-03-16T04:28:25Z,True,itunes_rss_mostHelpful,False,False
72b7147e5a5e3f8cc7f403aee4d93f2aa64ba22bbae8d6892928aa96358aafe6,13740915377,6745274862,DealSeek,us,5,Hard to get,"Even though I follow your steps to get the deal, sometimes I cannot get it","Even though I follow your steps to get the deal, sometimes I cannot get it",Ads reels out,1.42,2026-02-12T11:24:10Z,True,itunes_rss_mostHelpful,False,False
b870f6d191fd74e0d14632ca2560d7235fb52f4455e50ca52cbd96d300ae0f9b,14465594042,6745274862,DealSeek,us,5,No problem so far!,I want to buy everything bc of this app,I want to buy everything bc of this app,daccccch,1.60.0,2026-08-24T08:17:35Z,True,itunes_rss_mostHelpful,False,False
c660e75d3d63cb49e87232c19fcf6312daced81da428f7b65e720e62b0354e58,14443368723,6745274862,DealSeek,us,5,Wish I knew sooner,I love this app!  I bought a new house and I e have been getting great deals on everything!,I love this app!  I bought a new house and I e have been getting great deals on everything!,Homie-Frankie,1.60.0,2026-08-18T16:06:27Z,True,itunes_rss_mostHelpful,False,False
69d8490c59318dd41a00a3f3a13afcd8c33476233309a3933614b99b6a1b61c7,14366622687,6745274862,DealSeek,us,5,$avingz,"I found this app through a social media platform 2yrs ago and honestly this is by far one of my favorite apps to go to get most of my $avingz. Thanks DealSeek.

Tremecia G.","I found this app through a social media platform 2yrs ago and honestly this is by far one of my favorite apps to go to get most of my $avingz. Thanks DealSeek. 

Tremecia G.",Deeper meaning of who God is.,1.60.0,2026-07-30T14:00:18Z,True,itunes_rss_mostHelpful,False,False
bab1c319775da04183d12294a1e405999f279c812018e413ed150111c69b8753,14343619406,6745274862,DealSeek,us,5,Loved the Deal. WOW,"I loved that there were so many pieces in the package.
It looks as if maybe two people could play together and build as awesome object.","I loved that there were so many pieces in the package.
It looks as if maybe two people could play together and build as awesome object.",Ms. Hala,1.60.0,2026-07-24T19:11:12Z,True,itunes_rss_mostHelpful,False,False
3400a6a35725983f0fa713794013aac14222575113b1f0d54bbca3b09ca9948e,14330218908,6745274862,DealSeek,us,5,Learning,Products are better then Temu and discounts are better still figuring it out,Products are better then Temu and discounts are better still figuring it out,PatzyGeez,1.60.0,2026-07-21T12:51:52Z,True,itunes_rss_mostHelpful,False,False
2dbaa0e0dfdaa9218c4745b982e7e341200538659185f468ebe7e933c27dbd00,14304484193,6745274862,DealSeek,us,5,Awesome coupon codes for our favorite online store,It’s easy to use will share,It’s easy to use will share,Smach_14,1.60.0,2026-07-15T02:43:24Z,True,itunes_rss_mostHelpful,False,False
15e0ee1e715e266880db9c7094ed7e43a060031cf25af2b91e82cc296a686d6c,14278851291,6745274862,DealSeek,us,5,Amazing the discounts,"It’s super easy to apply promo codes at checkout. I wish I’d ​​discovered this sooner. It’s the real deal, with no hidden catches. The app is free and reliable. I love it.","It’s super easy to apply promo codes at checkout. I wish I’d ​​discovered this sooner. It’s the real deal, with no hidden catches. The app is free and reliable. I love it.",camimaryi,1.59.0,2026-07-08T17:32:27Z,True,itunes_rss_mostHelpful,False,False
26def57c1dc3575d200e8ddd64dbdcf854c81dc697bb9a97382fb6890af74d02,14278730724,6745274862,DealSeek,us,5,First time,This is my very first time using this app and it absolutely works!! I’m so excited to start saving!! Thank you,This is my very first time using this app and it absolutely works!! I’m so excited to start saving!! Thank you,quiler22,1.59.0,2026-07-08T16:54:39Z,True,itunes_rss_mostHelpful,False,False
045433a0f5e7a615694308e2a2c0dab1e1f887efa0fbc2d5bf71123cb7038d5e,14252068659,6745274862,DealSeek,us,5,Seems to work,I’ve just started using This app but so far seems to be easy to navigate and the deals are AWSOME !,I’ve just started using This app but so far seems to be easy to navigate and the deals are AWSOME !,bryniesgma,1.59.0,2026-07-02T03:21:28Z,True,itunes_rss_mostHelpful,False,False
69ddfa44f2b357b1ca7ad819183fff0f481a657e469e4ac5b330d2cb2780a2cf,14197407344,6745274862,DealSeek,us,5,The deals you’ll want!,I am actually enjoying this app way more than I thought!,I am actually enjoying this app way more than I thought!,Chkn🐓,1.58.0,2026-06-18T13:46:06Z,True,itunes_rss_mostHelpful,False,False
a4005d3ab883ef6ddf75c9672e799c399be0c35e8b03df0964e94d5970ec3fcd,14241678728,6745274862,DealSeek,us,4,Quick link to deals,Great help finding discounts. Only problem is that I don’t need 99% of what they have a coupon for.,Great help finding discounts. Only problem is that I don’t need 99% of what they have a coupon for.,S D Russell,1.59.0,2026-06-29T16:55:06Z,True,itunes_rss_mostHelpful,False,False
033ce494cac715ad888384fc8622238870c289c909c863d5aee5d348c16e88d3,14175819363,6745274862,DealSeek,us,5,Some really deals,Works great. Finding deals is always fun. Sometimes finding things I didn’t know I needed.,Works great. Finding deals is always fun. Sometimes finding things I didn’t know I needed.,Dead Bird Renewal,1.55.0,2026-06-13T00:09:08Z,True,itunes_rss_mostHelpful,False,False
3b7ebb1da9467b1874aa12718d6222c45842229c775cd2d5dfc746c9a8f02f94,14072328561,6745274862,DealSeek,us,5,Wow,"As expensive as things are, you gotta save money every way you can and this is really easy.","As expensive as things are, you gotta save money every way you can and this is really easy.",24dogs,1.55.0,2026-05-16T20:44:53Z,True,itunes_rss_mostHelpful,False,False
913d96ea95c207866a4aa280a9fcc36ff55ff1c3a7dcff2dc88e5340cd865e73,14032837991,6745274862,DealSeek,us,5,It works!,Was skeptical but just used it on two items and it worked! Now I’m hooked!,Was skeptical but just used it on two items and it worked! Now I’m hooked!,heatherrealtor,1.53,2026-05-06T01:25:15Z,True,itunes_rss_mostHelpful,False,False
3dd77114a77d05ed5f31cf74bad076d7b713b3539a91fad23337095209989e1a,14048690810,6745274862,DealSeek,us,4,It’s great most days,Some days it just doesn’t work right instead of working with accounts you already have.,Some days it just doesn’t work right instead of working with accounts you already have.,Just Jack No One Important,1.53,2026-05-10T11:56:34Z,True,itunes_rss_mostHelpful,False,False
68a5c071c258219138ab98ea8fbe0321cb67f80f36994d33dce843d2e104fa98,13925291201,6745274862,DealSeek,us,5,The best ever finds,Just an overall great site to find amazing prices .. this is by far my go to for deals every time .. thank you DealSeek .,Just an overall great site to find amazing prices .. this is by far my go to for deals every time .. thank you DealSeek .,engineer690189,1.52,2026-04-05T14:08:21Z,True,itunes_rss_mostHelpful,False,False
538de02171bd2b8f9b3406c10f91a7d1a8d740c614c67a4356943936a486840f,13907791939,6745274862,DealSeek,us,5,Time saver,Really helps people like me who have a hard time making choices narrow it down.,Really helps people like me who have a hard time making choices narrow it down.,Nakayda's World,1.52,2026-03-31T18:06:37Z,True,itunes_rss_mostHelpful,False,False
f1617cc759ddf994d52a3f075de760fd6f44b9b1e5ce3ec8509c2fcfdb1edc30,14465422978,6745274862,DealSeek,us,5,Saver,Easy to use and saves money and time looking for deals-one stop shopping.,Easy to use and saves money and time looking for deals-one stop shopping.,Cloney06,1.60.0,2026-08-24T07:02:42Z,True,itunes_rss_mostHelpful,False,False
cc4468537a45fe1d8d7c319289fc0462f6038c69bc57f8127272a6abecd6cf29,14308317583,6745274862,DealSeek,us,5,Thanks,"I’m loving the coupon deals.. Some are on top
of already on sale deals. Can’t beat that!","I’m loving the coupon deals.. Some are on top
of already on sale deals. Can’t beat that!",Daisy larae,1.60.0,2026-07-16T01:21:55Z,True,itunes_rss_mostHelpful,False,False
6002df764de0b1dfc823b1f983c710b12d7d66adb0eb7ac377132791af50fcde,14307034969,6745274862,DealSeek,us,5,Game changer,This app has helped me save additional money and is so easy to use. I highly recommend it.,This app has helped me save additional money and is so easy to use. I highly recommend it.,Anonymous63475,1.60.0,2026-07-15T17:39:03Z,True,itunes_rss_mostHelpful,False,False
3bbe78b7aa81b90fc9a43514d3aed132b3c351d0002b552a8dfda7dea085f0d0,14262857742,6745274862,DealSeek,us,5,Great Deals,I enjoy looking at the daily deals. Sometimes I see things I just can’t live without!,I enjoy looking at the daily deals. Sometimes I see things I just can’t live without!,bjogentry,1.59.0,2026-07-04T17:14:53Z,True,itunes_rss_mostHelpful,False,False
30d4f0b3a61c35874f590197dfc73a945716dd715eb796b639d080be40230bf8,14246652743,6745274862,DealSeek,us,5,Excellent Application,"This application is wonderful, easy to use and the best I can find the best offers of the products I want.","This application is wonderful, easy to use and the best I can find the best offers of the products I want.",Wingchar,1.59.0,2026-06-30T20:39:56Z,True,itunes_rss_mostHelpful,False,False
38c98bd355e849e14b696abbd7f8ced133d065c83dca4119f627abab576af845,14156086418,6745274862,DealSeek,us,5,Deal Seek!,Yikes! This site is incredible! Don't stop if you like spending more money. If you like great prices for quality...come look!,Yikes! This site is incredible! Don't stop if you like spending more money. If you like great prices for quality...come look!,SHSUteacher,1.55.0,2026-06-07T21:34:47Z,True,itunes_rss_mostHelpful,False,False
40d1ebf42c67b09615fd2ca047cb0cb8de1f37eb454b4a206d02ac59a8c96451,14127031189,6745274862,DealSeek,us,5,Convenient,Deals are amazingly low. Easy to apply and checkout,Deals are amazingly low. Easy to apply and checkout,Under the Baton,1.55.0,2026-05-31T12:10:49Z,True,itunes_rss_mostHelpful,False,False
436d7ab5ffaceae697235bae938f165a4a1aba61821ae12164d711512e50a126,14060236217,6745274862,DealSeek,us,5,DealSeek is the best!,I have found so many great deals! I check here before I buy anything anywhere else!,I have found so many great deals! I check here before I buy anything anywhere else!,tessiesbooboo,1.53,2026-05-13T15:21:26Z,True,itunes_rss_mostHelpful,False,False
39957c77a85aad461fdbe427cc79001ae19ca459215c633aae5d368591497d15,14422309424,6745274862,DealSeek,us,5,Great coupons,"I use another couponing group, but this one is way better.","I use another couponing group, but this one is way better.",Keep buying ❤️,1.60.0,2026-08-13T11:23:56Z,True,itunes_rss_mostHelpful,False,False
1232cbd85eccf81da05191b922057669a4eac06e3867f54f8d2d70adeb074ba9,14338775734,6745274862,DealSeek,us,5,BIG SAVINGS,"So excited about finding codes to start shopping for school, Christmas and everyday needs.","So excited about finding codes to start shopping for school, Christmas and everyday needs.",Mcnabb2,1.60.0,2026-07-23T15:00:22Z,True,itunes_rss_mostHelpful,False,False
67f0ae98ef8341ed1a93fdbb9b3f28e1afb54ad11036259312182c226955ad15,14286132773,6745274862,DealSeek,us,5,Super enjoyable app,"Every thing is soo good and worth spending .. feels like a really perfect application which with very good offers .
Thanks a lot for it","Every thing is soo good and worth spending .. feels like a really perfect application which with very good offers . 
Thanks a lot for it",Super enjoyable app,1.60.0,2026-07-10T13:33:15Z,True,itunes_rss_mostHelpful,False,False
20601cd8d4f7c92dfd0b7e057cbfc3d78acf8ff528d3b96b0ddcc03f597475a8,14228555469,6745274862,DealSeek,us,5,Great savings,I have already saved so much with this app. Easy to use and great buys on some major products.,I have already saved so much with this app. Easy to use and great buys on some major products.,Anoble1107,1.59.0,2026-06-26T13:02:07Z,True,itunes_rss_mostHelpful,False,False
d1fc417b297c7e71de2857b49c15735e3532be8e29ba6822170d2e41189c5183,14192941267,6745274862,DealSeek,us,5,Great Deals,I found Deal Seek from watching The Rosen Report. I check every time I’m going to buy anything online.,I found Deal Seek from watching The Rosen Report. I check every time I’m going to buy anything online.,S Sobek,1.58.0,2026-06-17T10:46:08Z,True,itunes_rss_mostHelpful,False,False
d7f8a9ac2141b59152f2171fed536eac495cbd924959d0689f916b0ff6e1b8ca,14182655585,6745274862,DealSeek,us,5,Great deals on all of favorite things,I definitely love checking this page for great deals,I definitely love checking this page for great deals,nanabommer,1.55.0,2026-06-14T17:58:55Z,True,itunes_rss_mostHelpful,False,False
21d63ecd46b16bfd35a641ae1504796e8f1535e4229f4fc91874d318a25cd171,13949841469,6745274862,DealSeek,us,5,DealSeek,I look at DealSeek every day and I have bought many items. Great!!! You can get some awesome items at a much lower price.,I look at DealSeek every day and I have bought many items. Great!!! You can get some awesome items at a much lower price.,Crzyforpharos,1.53,2026-04-12T12:01:23Z,True,itunes_rss_mostHelpful,False,False
55c05b222f0a380dff1e877710cad1489febe2a3ec7b93a6fe54f0458edba025,14043045985,6745274862,DealSeek,us,4,Would like more products available,I would like to see more products available,I would like to see more products available,Shirlie Coles Laipple,1.53,2026-05-08T22:15:52Z,True,itunes_rss_mostHelpful,False,False
d454850447615df7301614d01c864b8bf0b59d274715b4f68b7d351e5824d7d8,13980825310,6745274862,DealSeek,us,3,Great deals when codes works,I have used couple of codes that have worked and using those codes significantly slashes the prices but there are also codes that does not work.,I have used couple of codes that have worked and using those codes significantly slashes the prices but there are also codes that does not work.,Eileen2006,1.53,2026-04-21T07:31:42Z,True,itunes_rss_mostHelpful,False,False
e2e1db9308c8d2a88f54819ca477b5fd5e57656e0f544f0960262001291ee68b,14421111856,6745274862,DealSeek,us,5,Actually works!,"I’ve found a lot of great deals using this app, highly suggest!","I’ve found a lot of great deals using this app, highly suggest!",Mackeltackel,1.60.0,2026-08-13T03:23:40Z,True,itunes_rss_mostHelpful,False,False
2d3d05b411cccb0d08583a4f88f41062d0744b3e34b4ef0e8f890e2ea7cc50ca,14432463852,6745274862,DealSeek,us,4,Good products,It’s great that I could look for different categories thank you but that is very helpful! 🙌🏾😇 I had $18 reduced off my price of a power bank!!!,It’s great that I could look for different categories thank you but that is very helpful! 🙌🏾😇 I had $18 reduced off my price of a power bank!!!,Dnorbertg,1.60.0,2026-08-15T22:18:25Z,True,itunes_rss_mostHelpful,False,False
38cce196c6e3758dcea0d4955ab4ab488cf7e8a481b6ee5990c2c627a9eb4ef1,14378255182,6745274862,DealSeek,us,5,I love this app so much,I use this app before I buy something bc I know I can find something halve the price,I use this app before I buy something bc I know I can find something halve the price,Rebekah Duenas,1.60.0,2026-08-02T11:11:25Z,True,itunes_rss_mostHelpful,False,False
96b1bcf5339ab79b81476d578246b25f9155faadee0afbb92a049027405d786a,14358966852,6745274862,DealSeek,us,5,Real Deals,I love this app they have some great deals on a lot of different things!!!! Go find your deal of the day!!!,I love this app they have some great deals on a lot of different things!!!! Go find your deal of the day!!!,Sour Garbage,1.60.0,2026-07-28T16:07:21Z,True,itunes_rss_mostHelpful,False,False
75d840a6ef4dc3df7406f7adf34126b6f24d3459fd56cd89c83fe51096b000b5,14326834035,6745274862,DealSeek,us,5,I’m obsessed!,Such a fabulous tool for saving money! I look here before I buy everything now.,Such a fabulous tool for saving money! I look here before I buy everything now.,CereneOne,1.60.0,2026-07-20T15:53:54Z,True,itunes_rss_mostHelpful,False,False
9915dfaf0cd579220bbcdf14bd096b8533786fa73b83cb980407fb97ea77cf83,14322129566,6745274862,DealSeek,us,5,What a deal,Like the fact I can find things a little cheaper,Like the fact I can find things a little cheaper,ef8789,1.60.0,2026-07-19T12:12:48Z,True,itunes_rss_mostHelpful,False,False
c52262416e267298f3af2858adfc649f529a4f71b3b3fc38cd7f71a668cb9ecf,14303270990,6745274862,DealSeek,us,5,Great app,I’ve found better prices and great deals through this app. It really works,I’ve found better prices and great deals through this app. It really works,MichalThompson,1.60.0,2026-07-14T19:12:04Z,True,itunes_rss_mostHelpful,False,False
3842970539b1667184949b57eb4a675eac7e69ff8b3ca6860ec2b1bc0cd24818,14295091956,6745274862,DealSeek,us,5,Love DealSeel,"I’ve only made one order  and can’t wait to make my next.
I  so glad I received a video about it","I’ve only made one order  and can’t wait to make my next. 
I  so glad I received a video about it",MyraBeatty,1.60.0,2026-07-12T18:21:13Z,True,itunes_rss_mostHelpful,False,False
ae230ea199571b37bab20ad698885073e64417396f47d1f4fcd444fdc02884a5,14291071703,6745274862,DealSeek,us,5,Great deals,I’ve found some pretty awesome deals through Deal Seek . I really love getting great deals and that’s exactly what you get with Deal Seek!,I’ve found some pretty awesome deals through Deal Seek . I really love getting great deals and that’s exactly what you get with Deal Seek!,Lisa Jo 1,1.60.0,2026-07-11T18:04:29Z,True,itunes_rss_mostHelpful,False,False
e7196c749203e7d0537d327c453add3cac3de93b57e5fcd133c0a86241caffa4,14266630522,6745274862,DealSeek,us,5,Save,I have saved so much money looking  here before buying anything,I have saved so much money looking  here before buying anything,over 62,1.59.0,2026-07-05T16:32:15Z,True,itunes_rss_mostHelpful,False,False
9acdb7005c285dfd31fb40ea5bc1ca5d66f0dee55793e28afae9b1da12e5eb4d,14203311722,6745274862,DealSeek,us,5,Must have,I can’t tell you how many deals I’ve gotten from this company,I can’t tell you how many deals I’ve gotten from this company,GLeah1120,1.58.0,2026-06-20T00:50:16Z,True,itunes_rss_mostHelpful,False,False
8e054b33a01a4218d9a21f4badc7f3bbbe81e5461023217917b2fa52473fce67,14194364943,6745274862,DealSeek,us,5,Nice deals,Was looking for some fans and here I found them actually cheaper,Was looking for some fans and here I found them actually cheaper,Nicöhl Moreno,1.58.0,2026-06-17T18:01:50Z,True,itunes_rss_mostHelpful,False,False
97d5221f37470c67bcb93944588007b84cad63b24119401742724e55a5ae41f4,14182049364,6745274862,DealSeek,us,5,Coupons & discounts,"This application helped me a lot, the truth is that its great discounts make me save too much on my purchases","This application helped me a lot, the truth is that its great discounts make me save too much on my purchases",Cuba 1998,1.55.0,2026-06-14T14:56:38Z,True,itunes_rss_mostHelpful,False,False
dfbc2e63f5f361828e0f373962813d670c53041abbb5756a7d6a4877d9d01544,14168156474,6745274862,DealSeek,us,5,Love to Save!,I won’t buy anything until I check this site out first. Amazing deals !,I won’t buy anything until I check this site out first. Amazing deals !,Elizabeth R…..,1.55.0,2026-06-11T01:25:15Z,True,itunes_rss_mostHelpful,False,False
02ca98e66daabfff77943699281ffd4d8747042cf0e0d1acab905db4abe2b8d0,14121808792,6745274862,DealSeek,us,5,This is legit,You get real savings with this app. I bought 3 things in the first 10 minutes,You get real savings with this app. I bought 3 things in the first 10 minutes,DTcitydata,1.55.0,2026-05-30T03:05:41Z,True,itunes_rss_mostHelpful,False,False
ae2adfd802ae86fe5fa282a8839e68c2b2056ba83ce445f8c85988539dab5cb5,14067053270,6745274862,DealSeek,us,5,Why pay more?!,Check feel seek first and keep your money! Have too much money? Great donate it to your community now. God bless Deal Seek,Check feel seek first and keep your money! Have too much money? Great donate it to your community now. God bless Deal Seek,Rad_Van,1.54.0,2026-05-15T12:50:23Z,True,itunes_rss_mostHelpful,False,False
82b05039e2a50850fb790aeeedd2d394080ba06a81bceeb98594c3f9e1f8a044,14065208158,6745274862,DealSeek,us,5,New member,I just got it and haven’t used yet but being older every little bit to save is good.,I just got it and haven’t used yet but being older every little bit to save is good.,schnauzer14,1.54.0,2026-05-14T23:29:52Z,True,itunes_rss_mostHelpful,False,False
77f4989efbb8b0a259fcd50922efd460f17f797f0f320a808fb5432031db252b,14038123481,6745274862,DealSeek,us,5,Addicted!,I’ve found so many good deals. I check daily. Products arrive quickly and as described. Love the app.,I’ve found so many good deals. I check daily. Products arrive quickly and as described. Love the app.,SLP 4 30 + years,1.53,2026-05-07T13:59:50Z,True,itunes_rss_mostHelpful,False,False
4bd7d5581623abcdf0eab46c020502a9ca41ad8849b2cddfe8a9ee8cb3110197,13972721466,6745274862,DealSeek,us,5,Deals,Easy to use app. Verified deals that are removed immediately when the deal ends.,Easy to use app. Verified deals that are removed immediately when the deal ends.,Old is me,1.53,2026-04-18T23:20:25Z,True,itunes_rss_mostHelpful,False,False
9ccfa90bc51f93d3f7354b6a4bac64ae53c7975e5b377f399cb3781c298ac139,14444158883,6745274862,DealSeek,us,5,I love this app!,"This website has saved me a lot of money, and I really appreciate that with this tough economy.","This website has saved me a lot of money, and I really appreciate that with this tough economy.",BlessedHillbilly,1.60.0,2026-08-18T20:22:51Z,True,itunes_rss_mostHelpful,False,False
46c9e66631038c1760b70443e6c4d9c87a18adc87337a0e93a1c32bc2f03d25c,14438655110,6745274862,DealSeek,us,5,The app,"I have just recently gotten this app and I’m a big fan, very easy to navigate and use!","I have just recently gotten this app and I’m a big fan, very easy to navigate and use!",Lorlor2002,1.60.0,2026-08-17T12:47:00Z,True,itunes_rss_mostHelpful,False,False
8ddb9449e60b2b538941b9b381faa20fe7ad47d994cffe84aa3e080a1adc7605,14430618839,6745274862,DealSeek,us,5,Deals Galore,My daughter showed me this app and now I use it all of the time!   It’s easy to use and the deals are amazing!,My daughter showed me this app and now I use it all of the time!   It’s easy to use and the deals are amazing!,Blizzard queen,1.60.0,2026-08-15T12:35:13Z,True,itunes_rss_mostHelpful,False,False
629d5ae6ee4a9a7e6e5906bec57ec44d77e946a7235077b3092a0767d9ea9a21,14427780722,6745274862,DealSeek,us,5,I bought two things thank you very much,I love this thank you very much,I love this thank you very much,mamachex#1,1.60.0,2026-08-14T18:31:07Z,True,itunes_rss_mostHelpful,False,False
5a3fbe92cb52540312798c21401fe8bcfad1af62e2b7dc488972306814a4e270,14424192512,6745274862,DealSeek,us,5,Angela,I’m new as a few minutes ago… but very excited to see how the app can save me money!!!,I’m new as a few minutes ago… but very excited to see how the app can save me money!!!,Hangela9720,1.60.0,2026-08-13T21:14:19Z,True,itunes_rss_mostHelpful,False,False
86e057e63464c502b4662a7cde1cf6aaf00fce9a6e69b90c087c39da821d8182,14412902883,6745274862,DealSeek,us,5,Awesome Deals,I really love deal seek! I’ve bought some of my favorite items at a great price because of deal seek! Try it out!!,I really love deal seek! I’ve bought some of my favorite items at a great price because of deal seek! Try it out!!,#1churchgurl,1.60.0,2026-08-11T02:53:58Z,True,itunes_rss_mostHelpful,False,False
41cbb96bc0eb327fb59ff07c45d15507e50d5facf94126be3bd9d1d6fe68b3a3,14357305950,6745274862,DealSeek,us,5,Very nice,"⭐⭐⭐⭐⭐
“Great app! Easy to use and I’ve found some amazing deals. Highly recommend it to anyone who loves saving money","⭐⭐⭐⭐⭐
“Great app! Easy to use and I’ve found some amazing deals. Highly recommend it to anyone who loves saving money",Meet Noor,1.60.0,2026-07-28T06:49:57Z,True,itunes_rss_mostHelpful,False,False
2a62b467d5317df575c329be3e29908fc4e0562dac1b22ad3e2b80fd32afbdbe,14359011695,6745274862,DealSeek,us,1,Total SCAM,"I downloaded the app and browsed through, feeling confident after reading the reviews and comments. Within 4 hours I received my first scam email notification that items I didn’t order were delayed, providing a link to track. Don’t download, now they won’t stop coming in.","I downloaded the app and browsed through, feeling confident after reading the reviews and comments. Within 4 hours I received my first scam email notification that items I didn’t order were delayed, providing a link to track. Don’t download, now they won’t stop coming in.",Frustrating monthly,1.60.0,2026-07-28T16:20:30Z,True,itunes_rss_mostHelpful,False,False
05d6ddd88422168c64e4313c96741262ae0be97fc5dbfbceda4743fca637583a,14342776019,6745274862,DealSeek,us,5,So convenient!!,I have been waiting forever for an app to come out like this one. It’s so convenient.,I have been waiting forever for an app to come out like this one. It’s so convenient.,WeeZyKeiKs,1.60.0,2026-07-24T14:49:50Z,True,itunes_rss_mostHelpful,False,False
a9dd8d234dd0472d2ca965003db8d339ee2e9d3e89be0f222b187811fa271e51,14338227332,6745274862,DealSeek,us,5,Love this app!,I can find so many really good deals in here ! I will continue to buy with this discounts,I can find so many really good deals in here ! I will continue to buy with this discounts,Fluff💙,1.60.0,2026-07-23T12:23:33Z,True,itunes_rss_mostHelpful,False,False
bbad6b9ea1444c669eaf3bd71bafdfb33c8eda8255f61fe6a29e5f2b0d6c6d1b,14330388092,6745274862,DealSeek,us,5,Best deals,You have got to try this. You will not be disappointed.,You have got to try this. You will not be disappointed.,The rooted nest,1.60.0,2026-07-21T13:41:14Z,True,itunes_rss_mostHelpful,False,False
e4269ee94fb75f32c2fa91096eb4cf56732cc40b9038d81d736cbf04680f684c,14323108511,6745274862,DealSeek,us,5,Good Deals,I have purchased many items with the discount which helps me financially!,I have purchased many items with the discount which helps me financially!,1963redwine,1.60.0,2026-07-19T17:01:41Z,True,itunes_rss_mostHelpful,False,False
a33bb521c63e37ed3e3926e59f54a0a2ecfdc91cf6c6352e7713987bc438a7b6,14298914269,6745274862,DealSeek,us,5,Amazing prices,I never buy from stores anymore because of this app!!,I never buy from stores anymore because of this app!!,byebyejimmy212,1.60.0,2026-07-13T17:28:04Z,True,itunes_rss_mostHelpful,False,False
47d23060de62bda94a18bc5cb9c212b7a133018f0d77c4980f35d78d3b1cdf6f,14278947557,6745274862,DealSeek,us,5,Wow,What an incredible app and easy to use.  Why pay full price.  Thanks for sharing the savings.,What an incredible app and easy to use.  Why pay full price.  Thanks for sharing the savings.,Cheynster,1.59.0,2026-07-08T18:03:18Z,True,itunes_rss_mostHelpful,False,False
fc987c7497186d77603d61b8a4dc60ea3f0123aaf4807a87bf445632af6f7394,14284841724,6745274862,DealSeek,us,4,Definitely great deals!,Definitely great deals on here but you have to be patient and look for them each day.,Definitely great deals on here but you have to be patient and look for them each day.,TallyTu,1.60.0,2026-07-10T05:31:58Z,True,itunes_rss_mostHelpful,False,False
45d6bfeb8bc9f639b6f879624c886e5aa30a28bcc51adab60a49b888e25f0283,14266045498,6745274862,DealSeek,us,5,Love to save money,If you love to save money you will also be addicted to this money saving app.  Don’t wait download this app now,If you love to save money you will also be addicted to this money saving app.  Don’t wait download this app now,fxyldy144,1.59.0,2026-07-05T13:43:55Z,True,itunes_rss_mostHelpful,False,False
9bf75561b6b21440f78d4a13afe71297cad2263b8ddd7f73dd295e8fed16b35a,14230417684,6745274862,DealSeek,us,5,Found My Deal!,Deal Seek is great!  I’ve found so many great deals I never would have known about!  Thank you,Deal Seek is great!  I’ve found so many great deals I never would have known about!  Thank you,Shellydys,1.59.0,2026-06-26T22:46:38Z,True,itunes_rss_mostHelpful,False,False
271ec0877551fa102bddc3f7ff718f9a8ea013c0d5225159d989ff60907f81f8,14209692001,6745274862,DealSeek,us,5,Love it,It is worth trying it.  You never know how much you can save. I’ve saved hundreds,It is worth trying it.  You never know how much you can save. I’ve saved hundreds,sleeplessnow,1.58.0,2026-06-21T16:31:25Z,True,itunes_rss_mostHelpful,False,False
c0f7f50a24e78d85ababaf1f1cebffe4dc5c986eeb528aa1761d83bdcb37675b,14205035683,6745274862,DealSeek,us,5,Deal Seek,This app is great you become your own finder of great deals rather than waiting for influencers to post them 👍🏾,This app is great you become your own finder of great deals rather than waiting for influencers to post them 👍🏾,The Shepherd's,1.58.0,2026-06-20T12:24:23Z,True,itunes_rss_mostHelpful,False,False
59fb5fb0422c1c78f2dd121b77191fe273e3546b5187b5a90a476fa6be3ceabf,14195264946,6745274862,DealSeek,us,5,Coupons,Love this website,Love this website,Tricky Trixi,1.58.0,2026-06-17T23:19:27Z,True,itunes_rss_mostHelpful,False,False
b76067f80dd793b65363025d0126bf5a77a2e8c31b73fb231d1065a4db3e49e1,14136237308,6745274862,DealSeek,us,5,Deals,I like the deals that is offered and products. Fast and easy,I like the deals that is offered and products. Fast and easy,jwcarr,1.55.0,2026-06-02T18:40:14Z,True,itunes_rss_mostHelpful,False,False
cd8674ea12072f4189c421aaf19c226e5dca32aa4179a62a62bac62d0757f61d,14101100621,6745274862,DealSeek,us,5,Awesome,"This is the best app I have ever used, thank you! I’m so upset I didn’t know about sooner, I could have saved thousands of dollars.","This is the best app I have ever used, thank you! I’m so upset I didn’t know about sooner, I could have saved thousands of dollars.",Milly Del Pino,1.55.0,2026-05-24T15:59:08Z,True,itunes_rss_mostHelpful,False,False
5d2bea5c232d158b0bc7ce9c573514ad6f9e32679cd743131abdd506497345b2,14003156661,6745274862,DealSeek,us,5,Great deals,I’ve gotten some great buys off of this site. Check it every day for something new.,I’ve gotten some great buys off of this site. Check it every day for something new.,Cgk/dib,1.53,2026-04-27T17:43:59Z,True,itunes_rss_mostHelpful,False,False
bc05ed7ebd7ba97a49c98f96097d0c3a6b5b1525df50ea949659fd70ca310643,13949748395,6745274862,DealSeek,us,5,Daily Deals on the Need,Love checking and getting my daily deals. There is always something that I’m needing.,Love checking and getting my daily deals. There is always something that I’m needing.,NewToThePodWorld,1.53,2026-04-12T11:25:04Z,True,itunes_rss_mostHelpful,False,False
c209051ed9cf4c50d1d63434e5c8e1720275cf23ab133fc72065464fe896c96e,13939049427,6745274862,DealSeek,us,5,Love the site!,I’ve saved a bunch of money from buying thru this App. I check it daily and love the promo codes!,I’ve saved a bunch of money from buying thru this App. I check it daily and love the promo codes!,Windshield Guy,1.52,2026-04-09T12:09:23Z,True,itunes_rss_mostHelpful,False,False
8405e5ed9505a5d160b4799bd0e100e3bad507f0c12cccb0a3c17873b05ad133,14622681628,6745274862,DealSeek,ca,1,No codes available,"Contrary to the adds, I made 5 querys, and all 5 came back with no discount codes available, so I think I will skip this app","Contrary to the adds, I made 5 querys, and all 5 came back with no discount codes available, so I think I will skip this app",Sylnor,1.62.0,2026-10-03T12:54:47Z,False,itunes_rss_mostRecent,False,False
a83995d312f8d1ae8e780135e909064e7d0aab3af12aaf8898dc0f0fc19b98be,14621318340,6745274862,DealSeek,ca,4,Help desk,She or he answered my question with professionalism.,She or he answered my question with professionalism.,Deby$$$$$,1.62.0,2026-10-03T03:55:30Z,False,itunes_rss_mostRecent,False,False
d2a69162450f9b9d203f4a850bcbe84c75ab0ee5fa7bb387dd54c5d53483c657,14617366263,6745274862,DealSeek,ca,5,Amazon deal seek,The best,The best,covid-sucks 2020,1.62.0,2026-10-02T03:34:16Z,False,itunes_rss_mostRecent,False,False
5cbf27f99dea7f0ffee7c78a4f15015aa53e74d842d82eb874a3dbcc2d73dffe,14609047972,6745274862,DealSeek,ca,1,No Canada use,Wasn’t upfront about not being able to use in Canada,Wasn’t upfront about not being able to use in Canada,tammor05,1.61.79,2026-09-30T00:20:02Z,False,itunes_rss_mostRecent,False,False
f62e4c61017b85ecb48b123ea4a9b9a77ce013a66bb33b4a898471c9ee9c79c4,14588528676,6745274862,DealSeek,ca,3,"Ni tan buena, ni tan mala","A veces funciona los códigos, otras no! Pero es buena app","A veces funciona los códigos, otras no! Pero es buena app",rdswexcssadfrxx,1.61.79,2026-09-24T17:00:05Z,False,itunes_rss_mostRecent,False,False
5a244c73b7efa3dca6836a75466bbe3afcfd85b17f77d845351e818895b825f4,14587851587,6745274862,DealSeek,ca,5,Magestuoso,Una app que te ayuda a economizar facil y rápido,Una app que te ayuda a economizar facil y rápido,Gogui Glez,1.61.79,2026-09-24T13:39:26Z,False,itunes_rss_mostRecent,False,False
097400e618bc3ae2d3defdb440d1f30c4a2d192a71842f36c13bb07785231878,14585900106,6745274862,DealSeek,ca,5,Good deal,Well looks good,Well looks good,Guyfb,1.61.79,2026-09-24T00:26:40Z,False,itunes_rss_mostRecent,False,False
67b4f3c7763c2eb78eb582267cfb59906da0c5b85d2b9b9610442ebd77dc1384,14573827936,6745274862,DealSeek,ca,5,It’s the best way to save money with Amazon,Just download it and thank me later 😉,Just download it and thank me later 😉,Kc3thousand,1.61.79,2026-09-20T21:10:17Z,False,itunes_rss_mostRecent,False,False
ec99bb68fc17401e566536ce4de1481f519dfe3f8908adc06770fa5304881d2a,14572356614,6745274862,DealSeek,ca,5,Love it,Great app,Great app,sidhu010,1.61.79,2026-09-20T13:49:22Z,False,itunes_rss_mostRecent,False,False
376a3707a2f9dc774c75a0e5683cd164c28e394a635ee9863ba992e9f2eb4e02,14562965941,6745274862,DealSeek,ca,1,Not even one of the deals work,"They show lots of deals that looks great, when you click ZERO of them actually works","They show lots of deals that looks great, when you click ZERO of them actually works",RafaelDaRocha,1.61.79,2026-09-18T04:51:21Z,False,itunes_rss_mostRecent,False,False
bc2e4a30ab4b95d3b5be5c2e3b3d00f548c7768e996a6e084fcaca6344fcc2f3,14557585443,6745274862,DealSeek,ca,1,Useless in Canada,Useless in Canada,Useless in Canada,waeyo,1.61.79,2026-09-16T18:44:44Z,False,itunes_rss_mostRecent,False,False
4b3788071e3d0107c05f60d955ca76579864e1e9d617aab8ef226cd6688e420d,14545984399,6745274862,DealSeek,ca,5,This is awesome,I love this app it has helped with my baby stuff and house holds thank you for this amazing opportunity,I love this app it has helped with my baby stuff and house holds thank you for this amazing opportunity,Yeaasssiirrrrr,1.61.79,2026-09-13T17:54:17Z,False,itunes_rss_mostRecent,False,False
40baf2726619ef12509e3997e9ec3236622e55963c6078856f48109733eeb398,14543823129,6745274862,DealSeek,ca,1,Lame,Doesn’t work in Canada,Doesn’t work in Canada,Ruderoblox,1.61.79,2026-09-13T05:51:28Z,False,itunes_rss_mostRecent,False,False
29dc0bf5db2d7d6e7a77f3075a609f788eabb311037bc6706b2009ddea19e27d,14530988943,6745274862,DealSeek,ca,1,Discounts,Almost every item the codes don’t work,Almost every item the codes don’t work,galfromnewest,1.61.79,2026-09-09T23:21:38Z,False,itunes_rss_mostRecent,False,False
0c6c3023524a4fa87cbeadbd21acd9b9f2ea131f170c5e8de6e3e2a8d841f754,14529856880,6745274862,DealSeek,ca,5,Discounts,Easy to find the coupons and discounts,Easy to find the coupons and discounts,Champ@123,1.60.0,2026-09-09T16:44:38Z,False,itunes_rss_mostRecent,False,False
cddd33a64c7a0c32199f5919e14b9cad231d598125824691f30d54a6c7e97858,14519730735,6745274862,DealSeek,ca,1,Not working in Canada 👎🏻,👎🏻,👎🏻,Nicko_Dr,1.60.0,2026-09-07T01:48:46Z,False,itunes_rss_mostRecent,True,False
fdda3195940dc2f8e3679959440f39dcb228d8b43ecafa85789469696499b858,14514763789,6745274862,DealSeek,ca,4,DealSeek,Still testing it. Seems ok.,Still testing it. Seems ok.,Scum1966,1.60.0,2026-09-05T19:15:50Z,False,itunes_rss_mostRecent,False,False
b7ab3d3e6f8df2ab5709d93349cc04ba00aca00b77a077097e644970bb743160,14514194073,6745274862,DealSeek,ca,1,No Deals found,I have viewed many deals on Sept 5th 2026 and not one of them was true. I'm very disappointed in Deal Seek. I won't be wasting my time looking at these anymore.,I have viewed many deals on Sept 5th 2026 and not one of them was true. I'm very disappointed in Deal Seek. I won't be wasting my time looking at these anymore.,Rudy Roost,1.60.0,2026-09-05T16:18:57Z,False,itunes_rss_mostRecent,False,False
9bbd268ce8aa59762aa0b468065daf78b70d08d26ee67ca5dd8edf617ca05116,14497470734,6745274862,DealSeek,ca,5,Great app,"Tons of deals and options, enjoying this app","Tons of deals and options, enjoying this app",J Whittaker,1.60.0,2026-09-01T11:33:03Z,False,itunes_rss_mostRecent,False,False
d388b1ca516bc2261cf138cc923ce448560ae9bf6c178f42a4d62195ba329e79,14476094877,6745274862,DealSeek,ca,1,Does not work,"If, you’re in Canada it won’t work","If, you’re in Canada it won’t work",CamTrudel,1.60.0,2026-08-26T23:46:40Z,False,itunes_rss_mostRecent,False,False
acc53154e9dd0fc50e8f2cda0ca0e6b749965446eb408b482039a43d0071af4b,14444418863,6745274862,DealSeek,ca,1,Garbage,None of the deals work,None of the deals work,Michaud23,1.60.0,2026-08-18T22:00:05Z,False,itunes_rss_mostRecent,False,False
68064d8b94dafb03f89b121868a6875833bb6602f01ca999a61fd4881c41e84d,14435754950,6745274862,DealSeek,ca,5,Cool,"Honestly such a money saver and has SO many helpful deals, example there was like a Betty Crocker mixer with like 6 different mixer attachments for like 400$ with a promo code u could get it for like 120 on amazon, STEALS","Honestly such a money saver and has SO many helpful deals, example there was like a Betty Crocker mixer with like 6 different mixer attachments for like 400$ with a promo code u could get it for like 120 on amazon, STEALS",Dequavious Miller,1.60.0,2026-08-16T18:12:00Z,False,itunes_rss_mostRecent,False,False
2b3e136ed075980eb65aac67aba9b65f463c4c7732d92a8261bd114501bbb0b2,14430646306,6745274862,DealSeek,ca,5,😍,Es fascinante,Es fascinante,😍 Puchis,1.60.0,2026-08-15T12:43:38Z,False,itunes_rss_mostRecent,False,False
bb347852ccd641618296ea3da7ed56b427c29f5f5e892345b26c6234c7f39301,14430170388,6745274862,DealSeek,ca,1,Don’t waste your time if you’re in Canada,Thanks for wasting my time not letting us know that this deal seek thing doesn’t work in Canada maybe be more upfront about not working in Canada so we don’t waste our time,Thanks for wasting my time not letting us know that this deal seek thing doesn’t work in Canada maybe be more upfront about not working in Canada so we don’t waste our time,$kane69,1.60.0,2026-08-15T09:55:48Z,False,itunes_rss_mostRecent,False,False
ab498b74d189eff4ded4b992859f4c5dbc1c6a2cd71071e5c303a40c9e4e2858,14427637278,6745274862,DealSeek,ca,4,First time user,I am finding some huge savings with this app,I am finding some huge savings with this app,dont make it difficult,1.60.0,2026-08-14T17:44:17Z,False,itunes_rss_mostRecent,False,False
bc6a18e8dcb81b4f7602582a35e7aebda33a7e4472006cc51c3d67d4a2e0dcac,14426749133,6745274862,DealSeek,ca,5,it’s a no-brainer!,splurging never felt better,splurging never felt better,Suraj_YVR,1.60.0,2026-08-14T13:26:54Z,False,itunes_rss_mostRecent,False,False
3359b1bf2989dbf44cae79e561ba29b00092015ac10c73ccc784dc73bc6dc35f,14412106576,6745274862,DealSeek,ca,1,Doesn’t work,"I have not yet been able to get any of the listed deals. When I click on an item for Amazon, the prices are always higher than the advertised deal listed.","I have not yet been able to get any of the listed deals. When I click on an item for Amazon, the prices are always higher than the advertised deal listed.",I’m 1Happy Canadian Traveller,1.60.0,2026-08-10T21:47:24Z,False,itunes_rss_mostRecent,False,False
118b5a59aaecd47df5a553c6c4255c6e0bb3d7a71fac6b219ee821d5a8e63857,14409067000,6745274862,DealSeek,ca,1,Sucks for us Canadians,This app sucks,This app sucks,Loweeez,1.60.0,2026-08-10T03:47:28Z,False,itunes_rss_mostRecent,False,False
ababb07e0c1150d5eece68fa0fbd87e5e61c6008d62e3703ab938c9be8dfd590,14404437159,6745274862,DealSeek,ca,1,Does not work in Canada,I was so excited to use this app and show it to my husband. Come to find out - it doesn’t work in Canada. Soooooo disappointing! Please work on getting it usable in Canada soon.,I was so excited to use this app and show it to my husband. Come to find out - it doesn’t work in Canada. Soooooo disappointing! Please work on getting it usable in Canada soon.,Garalirah,1.60.0,2026-08-08T22:30:47Z,False,itunes_rss_mostRecent,False,False
23a3f41b7909dfbc87f90eda7e9e165c68b868f5f5f5b6b4970034758ae72ba6,14400926448,6745274862,DealSeek,ca,1,Fake,Tried multiple items not one code worked on anything,Tried multiple items not one code worked on anything,Pizzed off199,1.60.0,2026-08-08T00:41:22Z,False,itunes_rss_mostRecent,False,False
e622a821cefb93277490b7d4709523438ba5c5da0a04d85060b2f0949924ba7e,14389156094,6745274862,DealSeek,ca,1,Not for Canadians - waste of time,"I downloaded this hoping to get some deals on Amazon come to find out that the deals aren’t for the Canadian market. Why are you allowing your app to be advertised and posted on an App Store in a country that you don’t provide service in?  When I did the search in the Apple App Store, the app comes up under “DealSeek Amazon Canada”. This really is false advertising.","I downloaded this hoping to get some deals on Amazon come to find out that the deals aren’t for the Canadian market. Why are you allowing your app to be advertised and posted on an App Store in a country that you don’t provide service in?  When I did the search in the Apple App Store, the app comes up under “DealSeek Amazon Canada”. This really is false advertising.",Jamaicanmango,1.60.0,2026-08-05T02:12:37Z,False,itunes_rss_mostRecent,False,False
1859cec7c8658d226a6ed8cca0cfa88be091ebf6979204eea0805aaf8ae61da8,14380063502,6745274862,DealSeek,ca,1,Didn’t work,Downloaded app and it had tons of deals. Each one I clicked took me to Amazon and none of the deals worked.  Don’t bother.,Downloaded app and it had tons of deals. Each one I clicked took me to Amazon and none of the deals worked.  Don’t bother.,CGwpg,1.60.0,2026-08-02T20:37:07Z,False,itunes_rss_mostRecent,False,False
74ed7ddb3690a7acace5304544ecb0d712758a538a14e99d8773d659d3bff8fb,14374597508,6745274862,DealSeek,ca,5,Awesome!,Great deals!,Great deals!,yuck78,1.60.0,2026-08-01T13:06:28Z,False,itunes_rss_mostRecent,False,False
02a579a6710e84e60989de0c3df0c7c99d9672ecafe4fb065bc6b00b63ae5fd6,14370132928,6745274862,DealSeek,ca,5,Promo’s,Learning made easy 👍,Learning made easy 👍,Lizzie App 🌺,1.60.0,2026-07-31T11:04:43Z,False,itunes_rss_mostRecent,False,False
7fb7e28763f4c5f0482914c8f29b0c89da0cb34bc89aec8282545993b8358bca,14369166751,6745274862,DealSeek,ca,1,No promo codes work,I downloaded and no promo codes works so I think it’s misleading.,I downloaded and no promo codes works so I think it’s misleading.,ritz*2000,1.60.0,2026-07-31T04:37:38Z,False,itunes_rss_mostRecent,False,False
ae24dd15db16ac055be7e1e0d5b489f01ea7e3a0e13fb44934a95054ca8c33ce,14366401558,6745274862,DealSeek,ca,4,Great tool for finding best discounts and coupons,Can’t recommend this enough.  Best app out there for finding serious deals.,Can’t recommend this enough.  Best app out there for finding serious deals.,OFD old 11,1.60.0,2026-07-30T12:56:17Z,False,itunes_rss_mostRecent,False,False
da130d7b12bf0d6fa9b819ce9ebd9df328b278593d5cd81a86f770e3d427630e,14352959816,6745274862,DealSeek,ca,3,"Very sad, not the devs fault",Very good app love it super easy and simple but I’m Canadian so it doesn’t work sadly I really hope you make it Canadian too because I want my $27.99 COTTON CANDY MACHINE 😭😭😭😫😤😡😡 again not the developers fault just politely asking for you to bring it to Canada 🇨🇦. Thanks,Very good app love it super easy and simple but I’m Canadian so it doesn’t work sadly I really hope you make it Canadian too because I want my $27.99 COTTON CANDY MACHINE 😭😭😭😫😤😡😡 again not the developers fault just politely asking for you to bring it to Canada 🇨🇦. Thanks,ROWDY JIHIEE,1.60.0,2026-07-27T04:47:04Z,False,itunes_rss_mostRecent,False,False
73bd5b538035a0596e7a602e35a87e96510308a3f214e8d9d1d238e9a7285dcd,14345965359,6745274862,DealSeek,ca,5,Great,Génial!!,Génial!!,Chidimma Nwabufo,1.60.0,2026-07-25T10:44:02Z,False,itunes_rss_mostRecent,False,False
c8cdd04796ce6482365ffc5913d5c48c0c3ddbbd654807604c8fbf7ac12fa3ed,14344072567,6745274862,DealSeek,ca,1,scam site,not one deal or discount code work at all. scam site,not one deal or discount code work at all. scam site,bam bam1976123,1.60.0,2026-07-24T21:58:06Z,False,itunes_rss_mostRecent,False,False
7de2d6272b19c12ad4958365a0d781d8d86ded9c7c8d2035b5effd4c707756eb,14342508697,6745274862,DealSeek,ca,5,He,Exelente aplicación,Exelente aplicación,Genedayi,1.60.0,2026-07-24T13:34:23Z,False,itunes_rss_mostRecent,False,False
611449b35cb7799c46cf5d0e48c7404072204ceefbc484a8c01871c1f7e0da4a,14327713367,6745274862,DealSeek,ca,1,Not in Canada,Unfortunately it does not work in Canada.,Unfortunately it does not work in Canada.,BigSliim,1.60.0,2026-07-20T20:39:03Z,False,itunes_rss_mostRecent,False,False
b49c4930407a01a444c5510156836bf3f472f5004b621242abe4dbae4ab5042f,14326992113,6745274862,DealSeek,ca,5,Deal seek,5star,5star,Pamleen$,1.60.0,2026-07-20T16:41:19Z,False,itunes_rss_mostRecent,False,False
e7f525b1a4448112c724f59501df6179f3ed2ad39d12ea76550b419d61ab38b4,14323455409,6745274862,DealSeek,ca,1,Useless app for Canadians!,This is one useless app for Canadians. Any codes here that I’ve tried using doesn’t work! I’ve uninstalled this useless garbage app!,This is one useless app for Canadians. Any codes here that I’ve tried using doesn’t work! I’ve uninstalled this useless garbage app!,karinhiebert,1.60.0,2026-07-19T18:47:53Z,False,itunes_rss_mostRecent,False,False
b4758fc2fb3df10d5ac9e67cd6b13d2ff5324d86f21064f40d02e460d4a7ecc4,14321395512,6745274862,DealSeek,ca,1,Horrible,"Honestly, don’t waste your time, it’s just a graveyard of old coupons.","Honestly, don’t waste your time, it’s just a graveyard of old coupons.",Han2434,1.60.0,2026-07-19T07:50:51Z,False,itunes_rss_mostRecent,False,False
c33f12ca60335c498d952290d7f2faceb3e3783a22e713bc6c7ff3c7cf13b11e,14311791501,6745274862,DealSeek,ca,2,Don’t work,I believe these are American deals as they never apply to my Amazon,I believe these are American deals as they never apply to my Amazon,Joao+isabel,1.60.0,2026-07-16T21:49:36Z,False,itunes_rss_mostRecent,False,False
a3e66d320e6f4a8525bba92b9544df457e9e545d1ecb44b9bfff22f1edc9426d,14303411869,6745274862,DealSeek,ca,5,Come to Canada,Come to Canada soon 😩. The US is getting all the juicy deals,Come to Canada soon 😩. The US is getting all the juicy deals,Eudora🇨🇦,1.60.0,2026-07-14T19:59:00Z,False,itunes_rss_mostRecent,False,False
31b6ed4349b17ca94a6b11b219dc39099baa4f14695777ff1a874a5f61cad9f0,14280713353,6745274862,DealSeek,ca,1,No deals go thru,"When I put in the promo code it’s either not recognized, a different price or not available. Waste of time.
The developer response assumes I didn’t read the faq. I was diligent in applying the promo code and a dozen attempts failed","When I put in the promo code it’s either not recognized, a different price or not available. Waste of time.
The developer response assumes I didn’t read the faq. I was diligent in applying the promo code and a dozen attempts failed",maclugnut,1.59.0,2026-07-09T05:05:14Z,False,itunes_rss_mostRecent,False,False
d008e42d21e2dda39da0c670e0e9d0dd68c6bb0f1e0ee228ab21cfa319ee3995,14279063529,6745274862,DealSeek,ca,1,Not useful in Canada,Have not been able to use effectively in Canada.  Disappointing!,Have not been able to use effectively in Canada.  Disappointing!,Bobsgals,1.59.0,2026-07-08T18:41:35Z,False,itunes_rss_mostRecent,False,False
1b3e3a85f6e12f8a718631b888262056102507636a79bbd80df20c1dcc55c429,14278715226,6745274862,DealSeek,ca,5,Los mejores descuentos,"Aunque no encuentro todos los productos que busco, me da opciones realmente buenas y los descuentos valen la pena, es una página donde debes buscar y encontrarás unos tesoros","Aunque no encuentro todos los productos que busco, me da opciones realmente buenas y los descuentos valen la pena, es una página donde debes buscar y encontrarás unos tesoros",PaolaMeAt,1.59.0,2026-07-08T16:49:53Z,False,itunes_rss_mostRecent,False,False
074d679e5e5ddea5b8df3eb5ab5461cd6d529c26d1b3ee7ffb89469677c8e997,14267037990,6745274862,DealSeek,ca,1,Never works!!,I’ve tried this app for a week. Not even once has the deal worked!,I’ve tried this app for a week. Not even once has the deal worked!,Solongbye!,1.59.0,2026-07-05T18:37:58Z,False,itunes_rss_mostRecent,False,False
43a4352c63f92ae39e85f0dce1b619976f7bb67de6f8d9bf09fb12701f77c73f,14259680730,6745274862,DealSeek,ca,1,Lil hate,Only works in America and not Canada,Only works in America and not Canada,LeBronn games,1.59.0,2026-07-03T22:21:47Z,False,itunes_rss_mostRecent,False,False
fd8a932f5ceba84735ceb3a541d58fb0dc4457cefdc036ac93ffb06fa895b06b,14258786890,6745274862,DealSeek,ca,1,Amazon.ca Code Error,"The promo codes shown in the app does not work on Amazon.ca. When I enter the code, Amazon says the code is not recognized. Amazon.ca does not accept outside promo codes, so the code listed here are invalid for Canadian customers.","The promo codes shown in the app does not work on Amazon.ca. When I enter the code, Amazon says the code is not recognized. Amazon.ca does not accept outside promo codes, so the code listed here are invalid for Canadian customers.",Bynoe48,1.59.0,2026-07-03T17:17:41Z,False,itunes_rss_mostRecent,False,False
88863c83467b28eb8c10ccdcd1b68235cbab90b04328488cc639ed56ca5c3d7a,14250891264,6745274862,DealSeek,ca,1,Not made for Amazon Canada,"Anytime I enter a product that I want to find a deal, it brings me to the US Amazon site vs Canada Amazon so this app is worthless! Time to get your App programmers to design and App that works for more than only US shoppers… Happy Canada Day!","Anytime I enter a product that I want to find a deal, it brings me to the US Amazon site vs Canada Amazon so this app is worthless! Time to get your App programmers to design and App that works for more than only US shoppers… Happy Canada Day!",Jackerydoodle,1.59.0,2026-07-01T20:12:24Z,False,itunes_rss_mostRecent,False,False
4ca2caf1dda787c24dc3064dba13cc77b17351dcf0a1db552b3236fb23236981,14239130188,6745274862,DealSeek,ca,5,Excellent deals,Love it,Love it,yirv7,1.59.0,2026-06-29T02:19:50Z,False,itunes_rss_mostRecent,False,False
3802c8911f2b214e50251eeb04f0937081dbbd9f0b07ae76e31e554098a44b32,14238742202,6745274862,DealSeek,ca,2,Limited,Only on Amazon USA,Only on Amazon USA,superfan from bc,1.59.0,2026-06-28T23:47:14Z,False,itunes_rss_mostRecent,False,False
dea4c9ae2a8468feb4c8ab1d0e0d7f49b38143412978c14835229a4986dfe066,14237930282,6745274862,DealSeek,ca,1,Not for Canada,Why is this app available to Canadians when it’s for the USA only?  Waste of time.,Why is this app available to Canadians when it’s for the USA only?  Waste of time.,Mj10001,1.59.0,2026-06-28T18:44:44Z,False,itunes_rss_mostRecent,False,False
64cb552e6296f56eccae000b42a43fb82ea4ca1f77bcf145360e8cf5d05a36d8,14235241480,6745274862,DealSeek,ca,5,Very good deal you found,100% like it,100% like it,Bedooo100,1.59.0,2026-06-28T03:16:47Z,False,itunes_rss_mostRecent,False,False
b9a41a4f9ea05248920bd9838158d6f0caae05110bc5f383a6588b8e0d7ce567,14230269172,6745274862,DealSeek,ca,1,Not working with Amazon Canada,Not working with Amazon Canada,Not working with Amazon Canada,Kibub,1.59.0,2026-06-26T21:49:30Z,False,itunes_rss_mostRecent,False,False
89e9c899d1e9c5747b7b98b9f7fb3503b6eaa6b91015c83b365e4464719f22fa,14226521385,6745274862,DealSeek,ca,1,No good,When it works it’s for Amazon USA not Amazon Canada,When it works it’s for Amazon USA not Amazon Canada,KidFrost,1.59.0,2026-06-25T23:59:03Z,False,itunes_rss_mostRecent,False,False
64a2152a5117f42eedf5c5b780dfb0a7464a3cbc4f7c6739eb3e740fba3d489b,14222804788,6745274862,DealSeek,ca,1,Doesn’t work,In Canada. Deals are for U.S.,In Canada. Deals are for U.S.,Mary123Mon,1.59.0,2026-06-25T01:40:59Z,False,itunes_rss_mostRecent,False,False
86c9669502a1a7321b372509c61f50e33b1b972b42223ab20ec780c06c345df8,14210900755,6745274862,DealSeek,ca,5,Great,Gives codes and discounts all of them and displays for free,Gives codes and discounts all of them and displays for free,𝖆1002929101,1.58.0,2026-06-21T23:47:07Z,False,itunes_rss_mostRecent,False,False
3bb5ffe959d46a8dd7266beb701c899a6fc0dd412a8306019633d4db36e853ca,14208557923,6745274862,DealSeek,ca,1,Doesn’t work in Canada,I should have read the reviews first before downloading. This doesn’t work in Canada. And if you know it doesn’t work then take it off the Canadian App Store.,I should have read the reviews first before downloading. This doesn’t work in Canada. And if you know it doesn’t work then take it off the Canadian App Store.,Emzero04,1.58.0,2026-06-21T10:22:34Z,False,itunes_rss_mostRecent,False,False
cf84c0f253ee4d6bc7724d968c8f3261e4722e55ce26e15a08e303379b4e1927,14201034484,6745274862,DealSeek,ca,1,Canadian use,I would like to write a better review but it’s not available in Canada why,I would like to write a better review but it’s not available in Canada why,goddi72,1.58.0,2026-06-19T12:09:56Z,False,itunes_rss_mostRecent,False,False
f9782214d1eba2769e2e1fb507bee1d642547d6d39aeccd3f4bd16254f796064,14195365185,6745274862,DealSeek,ca,5,Great deals,Awesome app,Awesome app,boo22!ahhhh,1.58.0,2026-06-18T00:00:04Z,False,itunes_rss_mostRecent,False,False
65d5ffcd5fc89fea9367e09293a938119c53895ac4c5e20e3238de61063a823b,14193873782,6745274862,DealSeek,ca,1,Not in Canada,"Deals are not available in canada, if I click at any deal so that’s not showing in Canada. May be this app works in USA only","Deals are not available in canada, if I click at any deal so that’s not showing in Canada. May be this app works in USA only",Jawad Chaiche,1.58.0,2026-06-17T15:34:45Z,False,itunes_rss_mostRecent,False,False
96a01b0cde682024206b3baeef716ab23a8a6ee5da37e576c0223bd3b7da3a84,14189510300,6745274862,DealSeek,ca,1,Does not work on Amazon Canada,take this off App Store in Canada,take this off App Store in Canada,Kokoshot,1.58.0,2026-06-16T13:34:17Z,False,itunes_rss_mostRecent,False,False
8753cc0191740cdea80e10f04badace044af7d8f3e9880cc8fec2bd7f214b5eb,14188054615,6745274862,DealSeek,ca,5,Some great deals!,I was very surprised with some great merchandise & the cost is very surprisingly low!,I was very surprised with some great merchandise & the cost is very surprisingly low!,AliMcC911,1.55.0,2026-06-16T03:23:37Z,False,itunes_rss_mostRecent,False,False
9b241e55b397f1d2422016c0bb46dab702f1f91996cc946a090d8817e8e0dc56,14183007231,6745274862,DealSeek,ca,5,Awesome,❤️,❤️,Hollywoodmarty,1.55.0,2026-06-14T19:51:59Z,False,itunes_rss_mostRecent,True,False
38b164b86db5230ac93bc6431896044a812d5d5d2bc86156d9fbc449c21c8278,14179872346,6745274862,DealSeek,ca,1,Garbage,Not Canadian!!,Not Canadian!!,Gr8t1,1.55.0,2026-06-14T00:50:26Z,False,itunes_rss_mostRecent,False,False
a5f8e9e04e3a21908927c2a794f52b436015f56d0efc8b47b19ab977f165b84b,14179500339,6745274862,DealSeek,ca,1,Doesn’t work for Canada,Everything I’ve seen so far is only available on .com. Not useful on .ca,Everything I’ve seen so far is only available on .com. Not useful on .ca,Not 4 Canada,1.55.0,2026-06-13T22:23:10Z,False,itunes_rss_mostRecent,False,False
9f28fd08e3f62203a690e75e95867f374fe6ce83c0118da0e2ea44f823221e72,14175678299,6745274862,DealSeek,ca,5,Perfect app,Amazing,Amazing,Wil3032,1.55.0,2026-06-12T23:13:04Z,False,itunes_rss_mostRecent,False,False
f5c6c67dc8f3fb6e69d65eae31849ec82c0ef9ce962f2f2dffe0971381d1e56b,14169694095,6745274862,DealSeek,ca,1,Every item I want. There’s no promo code to click on the item.,I’ve tried everything that was in my box and none of it would show up a spot and the promo code. Prior to checking out. Then went to checkout and automatically went on my credit card and no spots for a promo code there either.,I’ve tried everything that was in my box and none of it would show up a spot and the promo code. Prior to checking out. Then went to checkout and automatically went on my credit card and no spots for a promo code there either.,you're a rip off,1.55.0,2026-06-11T12:22:09Z,False,itunes_rss_mostRecent,False,False
02d49b67efb8105486e511781efcac8a11dd7d5679e6d42cbafcd6d683bf54de,14166544501,6745274862,DealSeek,ca,5,Very good,Exactament,Exactament,Izalcnkj,1.55.0,2026-06-10T15:52:06Z,False,itunes_rss_mostRecent,False,False
16de14068089b5733feac7492b75b6abb5fc5722ca7fbd1c0cf80c058e9fcbc3,14164218385,6745274862,DealSeek,ca,1,Doesn’t work in Canada.,Thanks for wasting 20 minutes of my life trying different codes that don’t work.,Thanks for wasting 20 minutes of my life trying different codes that don’t work.,Jd05mustang,1.55.0,2026-06-10T00:52:53Z,False,itunes_rss_mostRecent,False,False
89fb94715d346749348cd418aa27bc6ff0e0ff09153513bb95b87219275b5606,14163038941,6745274862,DealSeek,ca,5,Wonderful,Amazing deals easy to use app,Amazing deals easy to use app,elly desrochers,1.55.0,2026-06-09T17:39:31Z,False,itunes_rss_mostRecent,False,False
7f9993414da60e2f4f56a12c0b51ba96f0e549d6e0907dc2b8d449c7c4dcbfe7,14154837221,6745274862,DealSeek,ca,5,First time,Bike Seat is an amazing deal the App is pretty easy to use.,Bike Seat is an amazing deal the App is pretty easy to use.,1saints,1.55.0,2026-06-07T14:47:38Z,False,itunes_rss_mostRecent,False,False
ebc997dcdeaca896776a11142278deafd43451df25466ca8c202310d1c1914d3,14152272247,6745274862,DealSeek,ca,5,Tattoo micrblading,Great deal,Great deal,annazaccagnini,1.55.0,2026-06-06T22:01:41Z,False,itunes_rss_mostRecent,False,False
0698c26af26e8e5aecfcbc6a660dd2ff158f9a56975c71739cd431c55a958257,14150716731,6745274862,DealSeek,ca,5,App,Buena en descuentos,Buena en descuentos,Valid_123,1.55.0,2026-06-06T13:33:47Z,False,itunes_rss_mostRecent,False,False
0a1029f1b5686225f5c12714e3737172ace40257c8b3eee43977f03dbd788dfe,14144969299,6745274862,DealSeek,ca,5,good,discount  offer  everything good,discount  offer  everything good,inder134,1.55.0,2026-06-05T01:09:52Z,False,itunes_rss_mostRecent,False,False
b916338c5efa0d70d590d933a3861a693c1d0f6c995bb142331833b1965b5818,14140563011,6745274862,DealSeek,ca,1,Only for USA,Deals link to .com not .ca. All the deals in Us$ and add shipping to Canada.,Deals link to .com not .ca. All the deals in Us$ and add shipping to Canada.,TrixyLix,1.55.0,2026-06-03T21:15:21Z,False,itunes_rss_mostRecent,False,False
962eee581cd0eebf13d11899b14011dbccac691542790a71483d4b2eb31ed485,14134901799,6745274862,DealSeek,ca,5,Always nice to save $$$,Keep up the good work,Keep up the good work,Arebelami,1.55.0,2026-06-02T11:54:53Z,False,itunes_rss_mostRecent,False,False
b796db8c64f3054ceb1a0ec2ac1a7ecb71dccf7c2b7ac4c3d9fb5ca14cede7c8,14132772312,6745274862,DealSeek,ca,5,good,amazing,amazing,Ladies alright,1.55.0,2026-06-01T21:23:56Z,False,itunes_rss_mostRecent,False,False
460227a5afe2d5fde56740b0e60e844b2db8d7a9f0c3f7d5244b73c600f34c9b,14132016783,6745274862,DealSeek,ca,5,Great,Good,Good,Esa.e,1.55.0,2026-06-01T17:25:05Z,False,itunes_rss_mostRecent,False,False
3c099846f4858d9b7b75f3a1c9da597a70335865330a3c78d0896eb44a458eb7,14129552785,6745274862,DealSeek,ca,5,Amazon,100,100,Amanda Batherson,1.55.0,2026-06-01T02:22:51Z,False,itunes_rss_mostRecent,False,False
b04f5c16950476c02f17b99d484ed5abc9804303dcd87bd2a215599d5171281a,14128586024,6745274862,DealSeek,ca,4,Savings,"Still trying to figure out, but does seem to save money.","Still trying to figure out, but does seem to save money.",Troy-War,1.55.0,2026-05-31T20:09:42Z,False,itunes_rss_mostRecent,False,False
aa7531a8171d538027675569e64bd8827a9718dbf5cb6c518c29c31035cf0ca3,14128550833,6745274862,DealSeek,ca,5,Lovely deals,"Got really great deals on the app, been buying every week since I got introduced to it by a friend","Got really great deals on the app, been buying every week since I got introduced to it by a friend",israelohema,1.55.0,2026-05-31T19:57:42Z,False,itunes_rss_mostRecent,False,False
18fba29d521ce5ae74e939ea7e2d3b768adc7fefa59462510659b5d12cfd71c8,14128383981,6745274862,DealSeek,ca,5,Very good,Help you to earn more,Help you to earn more,Kevinam16,1.55.0,2026-05-31T19:02:05Z,False,itunes_rss_mostRecent,False,False
f4c818e38cf8cb6e87b5c0813b6f0b32f406965b196bb4d03d25ccedc87d7866,14125260464,6745274862,DealSeek,ca,5,Great deals,Great deals brought to you,Great deals brought to you,custom installs,1.55.0,2026-05-31T00:00:31Z,False,itunes_rss_mostRecent,False,False
8af45c9cbf9212804b445b4c4356a4d7b65f604978a0c1af3068ff39f61a15a9,14124216318,6745274862,DealSeek,ca,4,No items available,Every thing you check there isn’t any available.,Every thing you check there isn’t any available.,CalaisMan,1.55.0,2026-05-30T17:33:26Z,False,itunes_rss_mostRecent,False,False
0ce8aa9fdea4ddb417ec30c2061181aebc85d23b35c1fdfd244233b5f3e42809,14123729089,6745274862,DealSeek,ca,2,Awesome Concept,Hey! This doesn’t seem to work in Canada as I can’t find matching products. I saw another review had a Developer comment that y’all were hoping to expand to Canada at the end of the year. Is there any way I could be notified when that happens? I love that this is free and awesome for my US people!,Hey! This doesn’t seem to work in Canada as I can’t find matching products. I saw another review had a Developer comment that y’all were hoping to expand to Canada at the end of the year. Is there any way I could be notified when that happens? I love that this is free and awesome for my US people!,CLA-Dawg,1.55.0,2026-05-30T15:11:33Z,False,itunes_rss_mostRecent,False,False
b974844626ebe8d12aa180015b81301d53e291d03caba198c2bf372c0b302dbd,14121380816,6745274862,DealSeek,ca,1,Codes,"Not 1 code or deal works, is this for USA or Canada","Not 1 code or deal works, is this for USA or Canada",CMR81!!,1.55.0,2026-05-30T00:18:04Z,False,itunes_rss_mostRecent,False,False
e9e30d5bbd87f627c69fe8a23e0dd870ed2c4b0980422aa0a85c9fc3f8ff8d48,14104904345,6745274862,DealSeek,ca,2,Doesnt work in Canada,"Good concept but you never get the coupon code to paste, the links take you to US only sites, not super functional","Good concept but you never get the coupon code to paste, the links take you to US only sites, not super functional",SorryForPartyRockin,1.55.0,2026-05-25T16:09:48Z,False,itunes_rss_mostRecent,False,False
587fa3056d4c590aedec818f553a790cab949a74659f7978e746e74750282455,14103070799,6745274862,DealSeek,ca,1,Not true,"Every item I checked was totally wrong, this is a scam","Every item I checked was totally wrong, this is a scam",Lifetime shifter,1.55.0,2026-05-25T04:31:45Z,False,itunes_rss_mostRecent,False,False
0a673ad1cbea9aae369ff23472d6099795f3b21e1d0764c141bb3fea48d8bf1c,14101081709,6745274862,DealSeek,ca,1,Does not work in Canada,Tried to buy numerous things not one deal went through. This does not work in Canada. Do not waste your time.,Tried to buy numerous things not one deal went through. This does not work in Canada. Do not waste your time.,Mmains,1.55.0,2026-05-24T15:53:26Z,False,itunes_rss_mostRecent,False,False
c53a6e87ea1bec5244401ebee9f17a92acca3ead834150172ff92b95e13489ee,14100391805,6745274862,DealSeek,ca,1,Doesnt work for Canada,Deals and coupon codes didn't work,Deals and coupon codes didn't work,Hozefa Ajmerwala,1.55.0,2026-05-24T12:24:04Z,False,itunes_rss_mostRecent,False,False
a41f6cd4295dcd045d4f76dd0efb03383655024d354554e06935d0758ffd0265,14096475763,6745274862,DealSeek,ca,5,New shopper,"So far it looks like a good deal but there is something aren’t like the add says like when you find a product you wish to Buy, the price savings doesn’t match up to what the price is selling for on sale, it calculates its own sales price","So far it looks like a good deal but there is something aren’t like the add says like when you find a product you wish to Buy, the price savings doesn’t match up to what the price is selling for on sale, it calculates its own sales price",New shopper ￼,1.55.0,2026-05-23T11:59:22Z,False,itunes_rss_mostRecent,False,False
0865c17afd91485b588bea8d120aa33245163a84c94db08f6e0f9a89d3db0b14,14095553357,6745274862,DealSeek,ca,4,😍,Genial,Genial,Lilith-Nora,1.55.0,2026-05-23T05:31:45Z,False,itunes_rss_mostRecent,False,False
978aa657277c9f654bbef818aefc54be6ac19a9d39c27a489294d1bc84c18e78,14094716821,6745274862,DealSeek,ca,5,Rip off,Only for Americans.,Only for Americans.,GaleDoggie,1.55.0,2026-05-22T23:46:50Z,False,itunes_rss_mostRecent,False,False
41eaacdb4f69c705c52e8b32e15f0300137d8456795f515141b32e30bec7748a,14092675158,6745274862,DealSeek,ca,5,New to me,Looks Awesome,Looks Awesome,Ja Me C,1.55.0,2026-05-22T12:05:32Z,False,itunes_rss_mostRecent,False,False
e934a8ce6a48d8f88cff0b0fb451d0e2973936a0ce1a0ffd731cfd5c70f5625c,14091109501,6745274862,DealSeek,ca,5,Kevin,None,None,schtick59,1.55.0,2026-05-22T00:18:11Z,False,itunes_rss_mostRecent,False,False
b3cd0af79dd56306cb2ecff2a9b361a775a4d18a678669f8d45bfa2077693701,14073320672,6745274862,DealSeek,ca,4,Real Good!,Love the app. Easier to check for deals. Only thing is that you cannot select an area for the deals. Sometimes it asks me to change country location which would mean the deal is not meant for the place a reside in,Love the app. Easier to check for deals. Only thing is that you cannot select an area for the deals. Sometimes it asks me to change country location which would mean the deal is not meant for the place a reside in,Tuco1997,1.55.0,2026-05-17T03:32:29Z,False,itunes_rss_mostRecent,False,False
5eb8fc851a84dd5b51a4716b471d43d2022b171e08aca5897a78cac5f6d4aa72,14072356971,6745274862,DealSeek,ca,1,Not working in Canada,I tried 5 different items but it’s not working in Canada even though I downloaded Deal Seek Canada. Bummer !!,I tried 5 different items but it’s not working in Canada even though I downloaded Deal Seek Canada. Bummer !!,Chris6619,1.55.0,2026-05-16T20:56:00Z,False,itunes_rss_mostRecent,False,False
3a394334558aed43aa1333cbb5386f4347f5022fc45ac084137198f60ed45ae3,14057853817,6745274862,DealSeek,ca,1,Not for Canada,"On the AppStore search I clicked on DealSeek Canada, but it does NOT work in Canada. Get it together Apple AppStore!","On the AppStore search I clicked on DealSeek Canada, but it does NOT work in Canada. Get it together Apple AppStore!",mike1459,1.53,2026-05-12T22:52:16Z,False,itunes_rss_mostRecent,False,False
0b39eab20e7118d4ff24d0acff2b488c844e1aea5a7f865d3253c7c288a3a6c5,14054735638,6745274862,DealSeek,ca,1,0-4 - app is BS,I tried four small items that cost under $20 via Amazon and every single deal not only didn’t work but the price is much higher when it opens Amazon,I tried four small items that cost under $20 via Amazon and every single deal not only didn’t work but the price is much higher when it opens Amazon,Point4Dave,1.53,2026-05-12T02:26:24Z,False,itunes_rss_mostRecent,False,False
3778f7ad0fc987b76c4bf63f7ca179d6f00de622ab559980d6e55b2f63dacd0f,14051683640,6745274862,DealSeek,ca,5,Nice,I like it,I like it,Moe deraban,1.53,2026-05-11T07:01:56Z,False,itunes_rss_mostRecent,False,False
52cdad6d4a2ed25e7210a43d1d85d6826de79b766b17ad4ad5e7e07bb09952d8,14051223111,6745274862,DealSeek,ca,5,Good deals,I’m amazed about the deals here,I’m amazed about the deals here,Rabbymens,1.53,2026-05-11T03:04:30Z,False,itunes_rss_mostRecent,False,False
8bab31598614c3a1ed851c5329492374e8dc678f85b0b34e163e07a84fe83fa0,14050973959,6745274862,DealSeek,ca,1,Misleading App,No real deals. Most of the items say “currently not available” and other items just don’t appear when clicking open in Amazon. Not sure what all the positive reviews are. I tried to give it an honest chance but I wasn’t able to locate even one actual deal.,No real deals. Most of the items say “currently not available” and other items just don’t appear when clicking open in Amazon. Not sure what all the positive reviews are. I tried to give it an honest chance but I wasn’t able to locate even one actual deal.,StealthSnake69,1.53,2026-05-11T01:12:48Z,False,itunes_rss_mostRecent,False,False
000d4a72149fc50e59b782d4caf3c1ad9b610a238dbbdedfd86fa1658e4a782c,14049626637,6745274862,DealSeek,ca,5,GREAT,Great,Great,jcjxjzjsnn,1.53,2026-05-10T16:43:57Z,False,itunes_rss_mostRecent,False,False
726a404b16c8089353f309bc6a8ec7778da2b20c9d54a20c76681392ca83e5e3,14047702105,6745274862,DealSeek,ca,5,Good job,Good job,Good job,Ibrahim5alili,1.53,2026-05-10T04:55:11Z,False,itunes_rss_mostRecent,False,False
47886bd00e0b431659c8fdea0d2df7687875f1d4a1cd083ac5e30c0f1912684b,14047051255,6745274862,DealSeek,ca,5,Closet for room,Looking for closet deal,Looking for closet deal,Kaut9,1.53,2026-05-10T00:22:55Z,False,itunes_rss_mostRecent,False,False
d71457e60b82bb5bc203ccd905c73a9fea876df5d2fdc8039a1a98fc85eac67a,14039787707,6745274862,DealSeek,ca,5,Great Deals,"Just recently joined and have been looking through all the deals available. There are lots of awesome deals, something for everyone. Join today and check it out for yourself. Happy shopping!","Just recently joined and have been looking through all the deals available. There are lots of awesome deals, something for everyone. Join today and check it out for yourself. Happy shopping!",SaveYo$,1.53,2026-05-08T00:29:21Z,False,itunes_rss_mostRecent,False,False
a141b2d116e51d6deba3324ed576203ac6a5d80f955d71b0363d4d3e846f4642,14038533950,6745274862,DealSeek,ca,1,NO CANADA,Please just be clear that it does not work in Canada,Please just be clear that it does not work in Canada,Alexandra99191,1.53,2026-05-07T16:12:54Z,False,itunes_rss_mostRecent,False,False
7524af480b06f50b8e9ce4bf1ce7522121ec4fb45b4fc58c2d0a2153a24c2d8a,14013225551,6745274862,DealSeek,ca,5,Perfect for US customers,Perfect for US customers,Perfect for US customers,Chad Winker,1.53,2026-04-30T15:59:53Z,False,itunes_rss_mostRecent,False,False
2f780cfa31441a220422e67272d225625eec1be4be0a01c659f118d01029a1ad,14008929242,6745274862,DealSeek,ca,1,Waste of time,The app is listed as Deal Seek Canada but it doesn’t work in Canada.,The app is listed as Deal Seek Canada but it doesn’t work in Canada.,by Bob,1.53,2026-04-29T11:38:31Z,False,itunes_rss_mostRecent,False,False
9b1ae7466835131f8ff1d651c21fc5b03a2f2485cd8ec0ad4a7b559037bbfe6e,13996805805,6745274862,DealSeek,ca,5,Good deals,Found very good deals,Found very good deals,Shivayy73,1.53,2026-04-25T21:30:17Z,False,itunes_rss_mostRecent,False,False
517fb9b5b802b8ed1feb4b31d50c2371464e8fbab7b2b9277c2be6365e6551b0,13976312518,6745274862,DealSeek,ca,1,Worst,Worst,Worst,ammy 10101010,1.53,2026-04-19T22:39:04Z,False,itunes_rss_mostRecent,False,False
cd5c98bf42a9eaf814f7a15c14693dfcf4c7356f17ff48b507df838a898aa66a,13971237523,6745274862,DealSeek,ca,5,K,Great app to get good deals,Great app to get good deals,Khush_________________,1.53,2026-04-18T14:28:06Z,False,itunes_rss_mostRecent,False,False
63b53c4987bbd8ef88e22949bdb69adca07b74cff8fc0ed1cfde49bdb40dbfe6,13958732786,6745274862,DealSeek,ca,1,?,"The coupons and discounts aren’t available in Canada, I hope in the future they will be :(","The coupons and discounts aren’t available in Canada, I hope in the future they will be :(",Jess2004$,1.53,2026-04-15T00:17:03Z,False,itunes_rss_mostRecent,False,False
37bf964af26310e4c4a030d0448ec7c35441b7990dd2fe3796d870c88c95aeb2,13956097159,6745274862,DealSeek,ca,1,None of them working,Lol its dumb app,Lol its dumb app,Kamalx.,1.53,2026-04-14T06:42:39Z,False,itunes_rss_mostRecent,False,False
698865c78300667772f2458d8b6df64180f95bc0fa5592a3554782938eeb8090,13955898030,6745274862,DealSeek,ca,5,"So far, so good",Looks pretty sweet so far. I haven’t bought anything yet so I haven’t had a chance to confirm the deals… I’ll check back!,Looks pretty sweet so far. I haven’t bought anything yet so I haven’t had a chance to confirm the deals… I’ll check back!,PlumbDaddy4000,1.53,2026-04-14T04:54:52Z,False,itunes_rss_mostRecent,False,False
6a078e39a8d07bef3be802f2688b8ebf68b71aa4f8b2665c3cbc75d078db6801,13932356731,6745274862,DealSeek,ca,1,Great app but doesn’t work in Canada.,You should be upfront with this app not working in Canada,You should be upfront with this app not working in Canada,Hdsnhwk1976😞,1.52,2026-04-07T14:19:53Z,True,itunes_rss_mostHelpful,False,False
35192f5f6cd465e60f89e9ecc27c9288f7f21ac1ff3f20734890810c24deedca,13846188281,6745274862,DealSeek,ca,1,Has Potential,NOT for Canadians!,NOT for Canadians!,The Gigi_,1.43,2026-03-14T06:27:41Z,True,itunes_rss_mostHelpful,False,False
29f1ed577b2531f7b85df7a070bdcee4dc826af3b3159eabbcf32db648bd5e14,13916005053,6745274862,DealSeek,ca,5,Help,Amazing,Amazing,Mani 5618,1.52,2026-04-03T00:06:55Z,True,itunes_rss_mostHelpful,False,False
e194cc7221c28fed07e2e84d05abd4717aee63dec1090c537ba278d10f9aca01,13923317464,6745274862,DealSeek,ca,1,Not for Canada,Not working for Canada,Not working for Canada,Val0u_85,1.52,2026-04-04T23:55:06Z,True,itunes_rss_mostHelpful,False,False
f76b30e96b19f11e86257ffd408758da153a3568d09bd3b011a2ad6c45f3cc04,13880284464,6745274862,DealSeek,ca,5,I’m saving so much money- now I can buy more.,I love this app. It is always updating and loading new codes/ taking down old ones. I’ve saved sooo much money and bought so many more things. Not to mention discounts and specials to restaurants and other cool places.,I love this app. It is always updating and loading new codes/ taking down old ones. I’ve saved sooo much money and bought so many more things. Not to mention discounts and specials to restaurants and other cool places.,M2e2g2,1.50,2026-03-24T00:33:06Z,True,itunes_rss_mostHelpful,False,False
b286197f339843e9f2e7bee91a04807c306dcdbb871e37885b238b54dce449f4,13533699404,6745274862,DealSeek,ca,1,Might be fraudsters,Beware it automatically accesses your account which could steal your identity,Beware it automatically accesses your account which could steal your identity,wasimmmm,1.37,2025-12-20T05:03:55Z,True,itunes_rss_mostHelpful,False,False
fe227e66b93b36a93e412f551ee9bea6b58f3dc1387f764bbe596fd6f097804c,13354149541,6745274862,DealSeek,ca,1,American Amazon only,This does not apply to the Canadian Amazon.,This does not apply to the Canadian Amazon.,Ms.J.Innocent,1.33,2025-11-04T05:11:04Z,True,itunes_rss_mostHelpful,False,False
0e2ccde76273b2abe96838315f9e6a0b87c0a6ead2fa7fe394ba11d2e5c26da8,14632306330,6745274862,DealSeek,us,5,This rocks,Love this site so happy I found it,Love this site so happy I found it,1233442111,1.62.0,2026-10-05T23:06:32Z,False,itunes_rss_mostRecent,False,False
27689918928ca9312bf28bc4d59c3a13a64666a513c06a55d171c6b6a069f7fd,14632142310,6745274862,DealSeek,us,5,Amazon Deals,The coupons are the best paired with lowered prices!,The coupons are the best paired with lowered prices!,BankerBanks,1.62.0,2026-10-05T21:57:45Z,False,itunes_rss_mostRecent,False,False
f68d083f3f3828948a1278b27deb144aa4f2227f4d1f42fbee99b17965371d46,14631513317,6745274862,DealSeek,us,5,Shoppers dream,Using the app daily,Using the app daily,+ change=$,1.62.0,2026-10-05T18:07:19Z,False,itunes_rss_mostRecent,False,False
2a14e06d2ace19f64f3945b8813d6fb931f44848d3ed47eef1baccfc3b4ef40f,14630208231,6745274862,DealSeek,us,5,Deals,"This is where I get the most for my money, I love it here!!!!","This is where I get the most for my money, I love it here!!!!",Prettysmiles@586,1.62.0,2026-10-05T11:15:03Z,False,itunes_rss_mostRecent,False,False
7127882aa17f8ec92da7977b570d87b271deacc9af3fda82e31b474fd6dacfa8,14629601117,6745274862,DealSeek,us,1,Poor App,"This app is made so when items are poor in sales they lower the price to make you think it’s a good deal. So you copy the code and paste it onto the Amazon app thinking you’re getting a good deal, if the code works. They still need to get the bugs out. Most items are the same price as they are on Amazon. Other ways they use this app, is a few dollars off only to make affiliate commission. This is done by listing hundreds of the same items and having more people download this app. Don’t waste your time, just do your own research before you buy.","This app is made so when items are poor in sales they lower the price to make you think it’s a good deal. So you copy the code and paste it onto the Amazon app thinking you’re getting a good deal, if the code works. They still need to get the bugs out. Most items are the same price as they are on Amazon. Other ways they use this app, is a few dollars off only to make affiliate commission. This is done by listing hundreds of the same items and having more people download this app. Don’t waste your time, just do your own research before you buy.",sam0871,1.62.0,2026-10-05T06:48:35Z,False,itunes_rss_mostRecent,False,False
32234c2bd2577335f0745dc430872cda9f10c176573758aade0080e4e47abfc9,14629422729,6745274862,DealSeek,us,3,Sometimes it works,Lately the deals are a hit or miss. Very disappointing when it’s something you get excited about. Some do have a time limit and that’s understandable. 10/4/26,Lately the deals are a hit or miss. Very disappointing when it’s something you get excited about. Some do have a time limit and that’s understandable. 10/4/26,EOG24,1.62.0,2026-10-05T05:23:49Z,False,itunes_rss_mostRecent,False,False
e8f989e7579c46c18760ee0191bbdba9f64de1b6a5c1131c7893117c8cbe38e6,14373244889,6745274862,DealSeek,us,5,DealSeek: Coupons & Discounts,"Excellent discounts and coupons, easy to use and access coupons","Excellent discounts and coupons, easy to use and access coupons",AMPS @,1.60.0,2026-08-01T04:31:08Z,True,itunes_rss_mostHelpful,False,False
14b564bf07642745927b486cde224407e8ba88258275cb982114d540fa90f490,14632748166,6745274862,DealSeek,us,5,Best app,I love this app. I get a lot of good products at an affordable price,I love this app. I get a lot of good products at an affordable price,Urmi435,1.62.0,2026-10-06T02:05:06Z,False,itunes_rss_mostRecent,False,False
b0c4624e2e9315155b197f07972ec63602cbaa5b6845c3948698a3e0a4b3c65d,14632596888,6745274862,DealSeek,us,5,Excelente APP,Las mejores ofertas.,Las mejores ofertas.,Lynesm,1.62.0,2026-10-06T01:05:01Z,False,itunes_rss_mostRecent,False,False
2961ab5da84852869c06e116b9e56d4c39beeea1d0a32b16cece68d6a6d06911,14635591529,6745274862,DealSeek,us,5,Deals,A lot of great prices,A lot of great prices,play time 6996,1.62.0,2026-10-06T19:55:11Z,False,itunes_rss_mostRecent,False,False
3d163b623f861532b021f2466501d4862c3de5952d598e2e934d174b5f3413a9,14635209424,6745274862,DealSeek,us,4,Worth Your Time,Brings up great items to choose from but many of the codes you get are not accepted at the Amazon checkout.,Brings up great items to choose from but many of the codes you get are not accepted at the Amazon checkout.,Old person 74,1.62.0,2026-10-06T17:43:04Z,False,itunes_rss_mostRecent,False,False
449cf1466ac85d21431b0f9745355b4f93dbcbd90fe38db387aa776c3bab1eec,14635089695,6745274862,DealSeek,us,5,My favorite App,"I learned about DealSeek from the Rossen
reports on YouTube. The deals are amazing . Great brains behind this app. I love what they do .","I learned about DealSeek from the Rossen 
reports on YouTube. The deals are amazing . Great brains behind this app. I love what they do .",i love japanese,1.62.0,2026-10-06T17:04:21Z,False,itunes_rss_mostRecent,False,False
4b23a029397712b0e0bf1c4fbc0ccfa6367c71044888fe0f951632496cfdfe68,14635061551,6745274862,DealSeek,us,5,Deal seek,I love this app.  I have saved so much money using it.  I check the app before making my purchases . Love it,I love this app.  I have saved so much money using it.  I check the app before making my purchases . Love it,Jay6222,1.62.0,2026-10-06T16:55:18Z,False,itunes_rss_mostRecent,False,False
e7fca3095452d07d5b7bfaad9cda4abb2f9c2e6c4822c0906c410a2f94ccaa00,14635054592,6745274862,DealSeek,us,4,DealSeek,Love it,Love it,Bears2022*,1.62.0,2026-10-06T16:53:06Z,False,itunes_rss_mostRecent,False,False
67f2e11f764b4a7e4263015db559a29f0328e8cd3f16485d27043fb5c9602389,14635013881,6745274862,DealSeek,us,5,Handy way to shop!,I know I will be using DealSeek regularly. I have a feeling it’s going to be especially useful during the holiday season. I just downloaded it yesterday.,I know I will be using DealSeek regularly. I have a feeling it’s going to be especially useful during the holiday season. I just downloaded it yesterday.,Lover of berries,1.62.0,2026-10-06T16:40:10Z,False,itunes_rss_mostRecent,False,False
a72ba676648804183b26b825e40c64db79f76c542f48b6dad7e7098bdac9537e,14634874294,6745274862,DealSeek,us,5,Awesome,Great app that shows the deals and links to external stores,Great app that shows the deals and links to external stores,Morninalll,1.62.0,2026-10-06T15:56:35Z,False,itunes_rss_mostRecent,False,False
4d819ea2beb9780ccd0e246ee352777bc011b01570cb4b13f2b028132c5f2885,14634648686,6745274862,DealSeek,us,1,Dice 172$ y Amazon lo tiene 344$,"0,0","0,0",Luis García MARQUEZ,1.62.0,2026-10-06T14:48:51Z,False,itunes_rss_mostRecent,False,False
94245dd61e74ca1ecb00879bbde17a7a7469ee24803c8f5275f79d8c6eb2ea23,14634006125,6745274862,DealSeek,us,5,super cumpritas,10 estrellas,10 estrellas,Iliana Escobar,1.62.0,2026-10-06T11:25:41Z,False,itunes_rss_mostRecent,False,False
6c9e2ccf016ecafffdc2b134ca9fced1f030e8f60f87fa28b817468b88e9468e,14633894820,6745274862,DealSeek,us,5,Awesome,They get me deals that I would have NEVER bothered to find….. EASY,They get me deals that I would have NEVER bothered to find….. EASY,Motorcycle god,1.62.0,2026-10-06T10:44:06Z,False,itunes_rss_mostRecent,False,False
0edf10917c26e8f8b514e69f34100803e551ab77ac718fbd33b5edadb87c3141,14633878923,6745274862,DealSeek,us,5,Lo mejor,Me encanta!!!,Me encanta!!!,Mmlm61089,1.62.0,2026-10-06T10:37:43Z,False,itunes_rss_mostRecent,False,False
01eca6c1fd367561972b6d29146facb2541dcf179b220d957ea4b7648222eb3d,14636790960,6745274862,DealSeek,us,5,Love this app,"The coupons that I have tried have all worked so far. My only purchase so far saved me about $20.00. I plan on ordering more before the coupon expires.

Only a few drawbacks so far 1. the shipping costs for some $1.00 items is $9.00 to 14.99

2. Some items are not really on sale or at a lowered price.

Overall, I’m very happy with this app. 😊","The coupons that I have tried have all worked so far. My only purchase so far saved me about $20.00. I plan on ordering more before the coupon expires. 

Only a few drawbacks so far 1. the shipping costs for some $1.00 items is $9.00 to 14.99

2. Some items are not really on sale or at a lowered price. 

Overall, I’m very happy with this app. 😊",LadyB1026,1.62.0,2026-10-07T04:01:10Z,False,itunes_rss_mostRecent,False,False
874d6fd1cc7ec007b6280d5f57a7d83d2a0b8a5f19832cdb81831e06ee7794d2,14636702990,6745274862,DealSeek,us,5,Greatest Discounts,"I can’t believe how many coupon codes this site app shows you. And it shows codes for Amazon, Walmart, Best Buy and more. I use it a couple times a week and have recommended it to many of my friends.","I can’t believe how many coupon codes this site app shows you. And it shows codes for Amazon, Walmart, Best Buy and more. I use it a couple times a week and have recommended it to many of my friends.",Cliveycus,1.62.0,2026-10-07T03:22:22Z,False,itunes_rss_mostRecent,False,False
3e7e3b49ee23ac13becf3f4b4f54658914ccef2325d4ac8def9584a79657ad17,14636674051,6745274862,DealSeek,us,5,It helps a lot,I love this app because I always can found deals and coupons that really work.,I love this app because I always can found deals and coupons that really work.,Glorimar97,1.62.0,2026-10-07T03:10:01Z,False,itunes_rss_mostRecent,False,False
5fac28c5b13bf950d9f71860c7f844f40b0bbd51a509d20695751f3778848ef0,14636417595,6745274862,DealSeek,us,1,Don’t get,Doesn’t give promo codes,Doesn’t give promo codes,Puggy duggy 82215,1.62.0,2026-10-07T01:26:26Z,False,itunes_rss_mostRecent,False,False
dac82fcf22a7175b61520496cbe9ab9b37e286213f9a75612cc0cde7394a5137,14636322258,6745274862,DealSeek,us,5,Ca-Ching,Great site will use it all the time!,Great site will use it all the time!,fab4,1.62.0,2026-10-07T00:49:18Z,False,itunes_rss_mostRecent,False,False
9db8030c65b2729a5391071f387b91f03163e111352c840a975fdba41bc50b15,14636321854,6745274862,DealSeek,us,5,Shopper,I love these coupons. I use them,I love these coupons. I use them,Zappie 63,1.62.0,2026-10-07T00:49:08Z,False,itunes_rss_mostRecent,False,False
89a1b4dbe99d3941c55805b6fc636edd21487d116635fd7b6def20cb35b11650,14638631869,6745274862,DealSeek,us,5,Michelle,"This app is incredible! If you want the best deal, download ASAP","This app is incredible! If you want the best deal, download ASAP",m💋me38,1.62.0,2026-10-07T15:37:42Z,False,itunes_rss_mostRecent,False,False
433c7f9238565b27fc07df400ca70999e80191fc145c5a5f2570e0db1d3a3636,14638457000,6745274862,DealSeek,us,5,Deals Deals Deals,I am amazed on how many deals I’ve found and can’t wait to find more.,I am amazed on how many deals I’ve found and can’t wait to find more.,Berghouse00,1.62.0,2026-10-07T14:45:35Z,False,itunes_rss_mostRecent,False,False
511c64206da007d799ed2ccad1a1e9f38805c430e4a1b896f25b26e2d163fe74,14638407906,6745274862,DealSeek,us,5,Great prices,I love shopping on. Deal days,I love shopping on. Deal days,Mona5727,1.62.0,2026-10-07T14:31:03Z,False,itunes_rss_mostRecent,False,False
0a286d876c590c0984d80f8ab463af9f96a989cb9b9d0688bf862b083ed2b956,14638356030,6745274862,DealSeek,us,5,Extensiones,Muy práctico para mantener el cabello ordenado,Muy práctico para mantener el cabello ordenado,EducadoraIngrid,1.62.0,2026-10-07T14:15:50Z,False,itunes_rss_mostRecent,False,False
2586c6c5f5e13493478e5c0f0158108b6754f8f8e808eaaf8f41b3e99ae31807,14637127284,6745274862,DealSeek,us,5,Excelente,"Gracias!!! La verdad me ayudò mucho y asi pude ahorrar  un poco con  estos decuentos, incredible!!!!","Gracias!!! La verdad me ayudò mucho y asi pude ahorrar  un poco con  estos decuentos, incredible!!!!",linchula,1.62.0,2026-10-07T06:35:51Z,False,itunes_rss_mostRecent,False,False
