fingerprint,review_id,app_id,app_name,country,rating,title,content,original_content,author,version,review_date,is_most_helpful,source,is_short,is_spam
8a12493ef144c4e9736fd65dab5f76aa922b6ea4b6df427b4413eeedda8ef2d1,14569522330,335187483,Amazon,gb,1,Rubbish,Absolutely rubbish service. Can’t deliver items next day and when they do deliver they deliver parcels to the wrong address.,Absolutely rubbish service. Can’t deliver items next day and when they do deliver they deliver parcels to the wrong address.,Jellybeans12435,27.16.0,2026-09-19T19:26:32Z,False,itunes_rss_mostRecent,False,False
b4865f1ff6bb38351932e2385f770f0affda58fbafc9148e82ab5067ea61d57c,14568798303,335187483,Amazon,gb,1,Negligence,"I returned the package, and amazon came to collect it but they are saying now  that never received it.as a result they are refusing the refund me. I have lost 90£ because of their mistake.","I returned the package, and amazon came to collect it but they are saying now  that never received it.as a result they are refusing the refund me. I have lost 90£ because of their mistake.",Bahare Ahmadzadeardebili,27.16.0,2026-09-19T15:46:01Z,False,itunes_rss_mostRecent,False,False
dbe840c47c5329c04b007f78a20349b34e3d19f77908ab8f24b7586c3072ce29,14564960740,335187483,Amazon,gb,2,Poor service,"Once again delivered to wrong address and now gone missing, app just sends you in a endless roundabout without solving anything","Once again delivered to wrong address and now gone missing, app just sends you in a endless roundabout without solving anything",well frustrated,27.16.0,2026-09-18T16:43:05Z,False,itunes_rss_mostRecent,False,False
41fdf7327d1aad68c22bc870f0b201f5416380e23b5ba6d879bad8ae4ac6b2e1,14563799469,335187483,Amazon,gb,1,Disgusting system,"I found this system is really bad and slow. I order a cosmetic product and when  I received that was broken. So, I returned that on the next day and it’s after 2 months I still didn’t get any refund. When I try to contact they are not letting me get in contact with any UK number. Will never waste my money on Amazon","I found this system is really bad and slow. I order a cosmetic product and when  I received that was broken. So, I returned that on the next day and it’s after 2 months I still didn’t get any refund. When I try to contact they are not letting me get in contact with any UK number. Will never waste my money on Amazon",Kainat Arshad,27.16.0,2026-09-18T10:58:00Z,False,itunes_rss_mostRecent,False,False
e76f1ddfd4439779a215f36118ccd094f3a6e5a41dd63c349289fe9a55d4603a,14563573232,335187483,Amazon,gb,1,Illegal Practices,"Since the last update I can’t navigate back from my basket to continue shopping unless I force close the app. Far too many sellers are allowed to bait n switch items, ordered one thing only to be sent something entirely different too many times, Amazon actively hide those negative reviews and feedback, massive gaps in customer service, app constantly freezes or enters a cycle where you yo yo back n forth without a solution. Customer service agents who are not versed in local law or regulations regarding distance selling practices which expose amazon to local liability- I expect this review will not be published if it is - shock/horror","Since the last update I can’t navigate back from my basket to continue shopping unless I force close the app. Far too many sellers are allowed to bait n switch items, ordered one thing only to be sent something entirely different too many times, Amazon actively hide those negative reviews and feedback, massive gaps in customer service, app constantly freezes or enters a cycle where you yo yo back n forth without a solution. Customer service agents who are not versed in local law or regulations regarding distance selling practices which expose amazon to local liability- I expect this review will not be published if it is - shock/horror",jhgcsfv,27.16.0,2026-09-18T09:30:11Z,False,itunes_rss_mostRecent,False,False
04192be7bf653e1b4be40f38c2ed6089f2bbb209cd322a3a25366e34a598cc96,14561633927,335187483,Amazon,gb,1,Awful,Bad customer service and what’s more the app keeps opening on a prime subscription final confirmation page which I never want to go to rather than open the Home Screen. Very sneaky and unpleasant,Bad customer service and what’s more the app keeps opening on a prime subscription final confirmation page which I never want to go to rather than open the Home Screen. Very sneaky and unpleasant,designsetc,27.16.0,2026-09-17T19:52:31Z,False,itunes_rss_mostRecent,False,False
f2eec0f73a4ba5a576a31e3c067d7708f66f6071ca3bae1ea1cfb6b6aeb8a536,14560247113,335187483,Amazon,gb,3,Bug,"On iPhone 17 / iOS 27.0, if I go to checkout and proceed through any steps then decide I don’t want to checkout, I can’t back out to continue shopping. The app stops at the top of the “checkout process” as it were, and won’t go back to the shopping process.","On iPhone 17 / iOS 27.0, if I go to checkout and proceed through any steps then decide I don’t want to checkout, I can’t back out to continue shopping. The app stops at the top of the “checkout process” as it were, and won’t go back to the shopping process.",Tractorboy964,27.16.0,2026-09-17T12:45:10Z,False,itunes_rss_mostRecent,False,False
bf59748e52a28bc1c2d389ba533b10dc7444f98bd4867916e1eb071c4c7c5cb8,14559703342,335187483,Amazon,gb,3,App ok,"App is ok.  Not so keen on the company behaviour and practices. Fail to deliver, then make it very difficult to get refund, including hiding options normally visible to contact them.
Customer service is very poor and you will not be able to talk to a human.","App is ok.  Not so keen on the company behaviour and practices. Fail to deliver, then make it very difficult to get refund, including hiding options normally visible to contact them. 
Customer service is very poor and you will not be able to talk to a human.",Biob uk,27.16.0,2026-09-17T09:31:20Z,False,itunes_rss_mostRecent,False,False
d166452273bdc08ccb4f538e0c7f14bd7ee0d5519a7a0ee414656f17c9a6e931,14559685331,335187483,Amazon,gb,5,Great,"Great app, you can see clearly and easy to use","Great app, you can see clearly and easy to use",Easy to see and use,27.16.0,2026-09-17T09:23:18Z,False,itunes_rss_mostRecent,False,False
07246e292e3fb995db99cb6905b70c861b7933a62d1f7dac436969761ef2da35,14559408224,335187483,Amazon,gb,1,Default address,"Whenever I buy something even though I have one address as default, it always goes to another address no matter how many times I change it","Whenever I buy something even though I have one address as default, it always goes to another address no matter how many times I change it",Tooter the magnificent,27.16.0,2026-09-17T07:11:53Z,False,itunes_rss_mostRecent,False,False
c976fbee4c36ea0476db4f408af4d326f9ac18584861e192a68cac1c1c63823f,14558392572,335187483,Amazon,gb,1,Non prime members,"Delivery times for non prime members are ridiculous, so long.","Delivery times for non prime members are ridiculous, so long.",Angielondonct,27.16.0,2026-09-16T23:47:37Z,False,itunes_rss_mostRecent,False,False
52bca4543bf4acea70caf587cf891c43f5e0a6abfdd8f746e2b37edefcce444f,14557741182,335187483,Amazon,gb,5,12 yours old,12+ Amazon Shopping 🙏🏻💪🏼😇🥹🥹,12+ Amazon Shopping 🙏🏻💪🏼😇🥹🥹,Eyed Hafez,27.16.0,2026-09-16T19:37:19Z,False,itunes_rss_mostRecent,False,False
9a49829ddf49f71050c2faed2f86c218e042b6e15b41bbca3953f71ca785f8ad,14555313984,335187483,Amazon,gb,4,Changes,I don’t know why you think it’s a good idea to remove the ability to tap on an order and no longer be able to drill down to the actual product page. Please bring it back.,I don’t know why you think it’s a good idea to remove the ability to tap on an order and no longer be able to drill down to the actual product page. Please bring it back.,Tele-Addict,27.16.0,2026-09-16T05:44:53Z,False,itunes_rss_mostRecent,False,False
51817167c21fabaeb61d5b8a068aa0c935eca370a976622862c6c1e1d773fce9,14553434764,335187483,Amazon,gb,1,Bad,The worst service,The worst service,اليتسنسننسنيتت,27.16.0,2026-09-15T17:25:27Z,False,itunes_rss_mostRecent,False,False
170d5d259a926b184261bb44238a5bb94e97f58ffd72dd15dec16d8cfcd9290c,14550336398,335187483,Amazon,gb,1,delivery needs sorting,"im actually so fed up with this nonsense they always decide to delay my order on the last minute, my driver was only 3 stops away and they decided to turn around and delay my parcel and deliver it on a day that I have uni on. So fed up.","im actually so fed up with this nonsense they always decide to delay my order on the last minute, my driver was only 3 stops away and they decided to turn around and delay my parcel and deliver it on a day that I have uni on. So fed up.",Idk and jasper,27.16.0,2026-09-14T21:11:46Z,False,itunes_rss_mostRecent,False,False
58e278bbac596ef96d08525624b5c6c55226e7cb915fd173e3c3a536eee6a2f1,14550181261,335187483,Amazon,gb,3,Prime next day delivery does not exist on my account,Now at 3rd Time in a month wheee delivery is now at two days. What am I paying extra for prime for???,Now at 3rd Time in a month wheee delivery is now at two days. What am I paying extra for prime for???,Two Freakes,27.16.0,2026-09-14T20:12:34Z,False,itunes_rss_mostRecent,False,False
eda2874a8a04591ce7c8705a125e6a63942503ea799c3c254fbc8929988e204a,14549020768,335187483,Amazon,gb,5,Wonderful,Wonderful site for online purchase,Wonderful site for online purchase,Hdidjkzj,27.16.0,2026-09-14T13:56:46Z,False,itunes_rss_mostRecent,False,False
21d77960edd20bf62fe36bbde405af1510186be2314ffcb4ebe8151c1d06b18f,14548800991,335187483,Amazon,gb,1,Customer service is appalling,I’ve had multiple issues with orders and defective items and you can’t make a formal complaint when you try to customer service just puts the phone down. Sick of calling them so I’d rather delete my account and never use this again. It’s a joke of a service. How do you loose a 6ft mirror for one.,I’ve had multiple issues with orders and defective items and you can’t make a formal complaint when you try to customer service just puts the phone down. Sick of calling them so I’d rather delete my account and never use this again. It’s a joke of a service. How do you loose a 6ft mirror for one.,Emma Thompson 88,27.16.0,2026-09-14T12:49:33Z,False,itunes_rss_mostRecent,False,False
64d26d4cef6b0bf86ab7eda0d55b7b0ccaaeefdb639870bb92bd0f918070773a,14547911143,335187483,Amazon,gb,1,No more Next day,"Will be cancelling prime, these past couple of months >50% of “next day delivery” orders I have purchased have gone from next day to “sorry there has been a delay” and don’t arrive for 4-7 days sometimes even more. I feel like Amazon are now running a scam and pretending there is a delay knowing full well there won’t be a next day delivery. If it only happened once i wouldn’t be so suspicious. Soon as you place the order they update the delivery date to a later date than promised, most purchases I make with Amazon are because it’s next day, that’s the only reason I have prime.","Will be cancelling prime, these past couple of months >50% of “next day delivery” orders I have purchased have gone from next day to “sorry there has been a delay” and don’t arrive for 4-7 days sometimes even more. I feel like Amazon are now running a scam and pretending there is a delay knowing full well there won’t be a next day delivery. If it only happened once i wouldn’t be so suspicious. Soon as you place the order they update the delivery date to a later date than promised, most purchases I make with Amazon are because it’s next day, that’s the only reason I have prime.",Ticataca,27.16.0,2026-09-14T06:44:16Z,False,itunes_rss_mostRecent,False,False
f15581f057f291f6ec12e691a46b320f485c69125faa3b7113f053ddfab27d88,14544871616,335187483,Amazon,gb,1,Gone extremely downhill - networking freeze,App used to be serviceable but now it’s borderline unusable.  Can only do one or two searches before it’s coming up with “Still Loading”…. This happens on various WiFi connections as well as my mobile data plan.  Easier to use the website version instead.,App used to be serviceable but now it’s borderline unusable.  Can only do one or two searches before it’s coming up with “Still Loading”…. This happens on various WiFi connections as well as my mobile data plan.  Easier to use the website version instead.,Tarknassus,27.16.0,2026-09-13T12:38:04Z,False,itunes_rss_mostRecent,False,False
fac5d5fe3a83ae9435d97bc3a54b7fd217e41476d2a7c876579aa5e2793ac812,14544402608,335187483,Amazon,gb,2,Dreadful search algorithm,Infuriating search system spams the user with totally irrelevant items. I tested the system by searching for something I knew was for sale but the algorithm still throws similar items and unrelated rubbish up first. How many times will it spam me with prime which I do not want. Be told No. Just because I buy something doesn’t mean you own me.,Infuriating search system spams the user with totally irrelevant items. I tested the system by searching for something I knew was for sale but the algorithm still throws similar items and unrelated rubbish up first. How many times will it spam me with prime which I do not want. Be told No. Just because I buy something doesn’t mean you own me.,Conradv2,27.16.0,2026-09-13T09:50:06Z,False,itunes_rss_mostRecent,False,False
53f40c950a7295b94c7b72d3baaf0e81a372895ef2d27c9a825b9856e168eda9,14544248815,335187483,Amazon,gb,1,No support whatsoever,This application has to be under cyber attack as the sounds don’t get through this application only vibrations do.  This company has no support when I have a problem they never do. Oh and I have been a buyer on this site since the company first came into existence. But guess what they don’t have support for any of the problem that’s I have had to endure from this application and this company,This application has to be under cyber attack as the sounds don’t get through this application only vibrations do.  This company has no support when I have a problem they never do. Oh and I have been a buyer on this site since the company first came into existence. But guess what they don’t have support for any of the problem that’s I have had to endure from this application and this company,lorenzo691000,27.16.0,2026-09-13T08:49:02Z,False,itunes_rss_mostRecent,False,False
aac0ac6b12ed3de1494e114b12b792cc4262bed73efd682a8ae2bc7855321e77,14542043209,335187483,Amazon,gb,1,Fix live chat,Customer service live chat says error always,Customer service live chat says error always,Bigjohn12853,27.16.0,2026-09-12T18:23:19Z,False,itunes_rss_mostRecent,False,False
3f26079d1024bb46c232833114ceed37485795128d85a8a57db3da236cf106cd,14541619645,335187483,Amazon,gb,1,Heats Up iPhone!,"Used to be good enough but in recent years it seems every interaction triggers a reload of the page. Also when leaving the app for just a minute it will lose its place and reset itself. Bad UX design implementation
Also, this current version heats up the iPhone rapidly until it is super hot. Within minutes!","Used to be good enough but in recent years it seems every interaction triggers a reload of the page. Also when leaving the app for just a minute it will lose its place and reset itself. Bad UX design implementation
Also, this current version heats up the iPhone rapidly until it is super hot. Within minutes!",PixomaPete,27.16.0,2026-09-12T16:15:37Z,False,itunes_rss_mostRecent,False,False
e9f8071f349ae2f27255d4e69e96885ad4bc42406a0f3af32fdf494b405ff423,14540344547,335187483,Amazon,gb,5,Diggerhill,Very good,Very good,grigley,27.16.0,2026-09-12T09:43:47Z,False,itunes_rss_mostRecent,False,False
c50cbb6c1f8eb4f5f5e3342716da1e0d7204ebce7248731204b2904c2b1d1be3,14539988634,335187483,Amazon,gb,1,Default Address Keeps Changing,If you send one item to a different address it keeps picking up that address as your default. I’ve now sent three items to the wrong address because I didn’t notice quick enough. Your default address should be to your address unless you change it.,If you send one item to a different address it keeps picking up that address as your default. I’ve now sent three items to the wrong address because I didn’t notice quick enough. Your default address should be to your address unless you change it.,Tower Rose,27.16.0,2026-09-12T07:20:28Z,False,itunes_rss_mostRecent,False,False
319e3a994aee790186e926c8ad11fac09859d9333ce90bd9b82b912434e902f1,14537683040,335187483,Amazon,gb,3,Still no invoice printing,There is still no way to print the invoice from an iOS device.  Very disappointing.,There is still no way to print the invoice from an iOS device.  Very disappointing.,g1ngerninja13,27.16.0,2026-09-11T16:35:37Z,False,itunes_rss_mostRecent,False,False
d999ed2ab4dc6142cc72418a7cf35988a4fbf7abef37274e297a529583cc26bb,14534822816,335187483,Amazon,gb,1,bad service,very bed service,very bed service,jeet.’,27.16.0,2026-09-10T22:37:51Z,False,itunes_rss_mostRecent,False,False
c9fb8526631b5cef44cbbb93d4aea44c4e694ca8510e6a7e8e89a06b7e88f1c8,14534675621,335187483,Amazon,gb,1,"My order has been marked as delivered, but I have NOT received it.","My order has been marked as delivered, but I have NOT received it.

The delivery driver delivered my package to a different building called Altitude, even though my delivery address clearly says Latitude. The driver took a photo there and marked the order as delivered to me, but that is not my building and I never received the package.

I went to the Altitude building myself and even checked flat 37 because I was told the parcel had been left there. The people in the building said it had been left at reception, but when I went to reception, there was absolutely nothing there.

So I am now without my product and without my money. The delivery was made to the wrong building, and the delivery photo does not prove that I received the parcel.

I want Amazon to investigate this delivery and either send me my order to my correct address or issue me a full refund. Please do not simply tell me that the tracking says “delivered”, because it was NOT delivered to my address and I did not receive it.","My order has been marked as delivered, but I have NOT received it.

The delivery driver delivered my package to a different building called Altitude, even though my delivery address clearly says Latitude. The driver took a photo there and marked the order as delivered to me, but that is not my building and I never received the package.

I went to the Altitude building myself and even checked flat 37 because I was told the parcel had been left there. The people in the building said it had been left at reception, but when I went to reception, there was absolutely nothing there.

So I am now without my product and without my money. The delivery was made to the wrong building, and the delivery photo does not prove that I received the parcel.

I want Amazon to investigate this delivery and either send me my order to my correct address or issue me a full refund. Please do not simply tell me that the tracking says “delivered”, because it was NOT delivered to my address and I did not receive it.",Rosie 89.,27.16.0,2026-09-10T21:39:46Z,False,itunes_rss_mostRecent,False,False
1141224f8a6911e21662ea05cb843b02a50b0465b59990f9d5012aa8fe5e0d6b,14532788086,335187483,Amazon,gb,1,Clueless staff,Good luck if you need any support or assistance. Tried calling and unfortunately nobody understands what is the issue waste of time and money.,Good luck if you need any support or assistance. Tried calling and unfortunately nobody understands what is the issue waste of time and money.,A Sayed N,27.16.0,2026-09-10T11:45:42Z,False,itunes_rss_mostRecent,False,False
f45476cd33a5d472e8064152bdf805a2165d300950a48593d8f25c0e8ee99a85,14532749791,335187483,Amazon,gb,1,Bad App in the UK,I returned to the UK and updated my Amazon app to check my orders in the UK on the go. But none of my orders are showing. Whenever I try to go to the help Sec. to speak with a customer service advisor…. The system sends me round in circles. So now I’m forced to use the website only. As of the app doesn’t work. And Amazon is using technology to create a greater distance with this customers.,I returned to the UK and updated my Amazon app to check my orders in the UK on the go. But none of my orders are showing. Whenever I try to go to the help Sec. to speak with a customer service advisor…. The system sends me round in circles. So now I’m forced to use the website only. As of the app doesn’t work. And Amazon is using technology to create a greater distance with this customers.,vctr-Jn,27.16.0,2026-09-10T11:33:38Z,False,itunes_rss_mostRecent,False,False
eb946244db7f6df73fb9db53143c161c432f4a664b9a8b41fa263bef98605008,14532349298,335187483,Amazon,gb,1,Hire people to respond to complaints.,I think its absolutely ridiculous that i pay however much a year and I’m left to talk to an AI chatbot whenever I have an issue. It never understands what I’m asking and doesn’t give me the option to talk to a human being.,I think its absolutely ridiculous that i pay however much a year and I’m left to talk to an AI chatbot whenever I have an issue. It never understands what I’m asking and doesn’t give me the option to talk to a human being.,freakless,27.16.0,2026-09-10T09:03:08Z,False,itunes_rss_mostRecent,False,False
f341ef8ab348367358788d1a008cb6626b2dea86a75b89767f70ac8848557b92,14530849822,335187483,Amazon,gb,1,Amazon sucks,Keeps cancelling my orders,Keeps cancelling my orders,Amazon baddddd,27.16.0,2026-09-09T22:27:18Z,False,itunes_rss_mostRecent,False,False
7b954201d1b1682ac4a3f1381a880bed2a8ed20a7b7303ba715bad242ad8cb8d,14530635250,335187483,Amazon,gb,1,Basket Issue after the update,"Whenever I return to the basket after checking an item, it takes long time to load and then takes me back to the top of the basket instead of the item I was checking. Wastes a lot of time and made shopping experience way worse.","Whenever I return to the basket after checking an item, it takes long time to load and then takes me back to the top of the basket instead of the item I was checking. Wastes a lot of time and made shopping experience way worse.",lgfmiwncnhtmvnf,27.16.0,2026-09-09T21:05:53Z,False,itunes_rss_mostRecent,False,False
2520ebf8b29eb9ba04403273999841441e19d255528089c0d604d197ef19ff09,14530558651,335187483,Amazon,gb,3,No Night Mode,As title suggests.,As title suggests.,NickJEdwards,27.16.0,2026-09-09T20:37:41Z,False,itunes_rss_mostRecent,False,False
9db4da8d8979f3f0c8290c2a45732cba201fb6fe446eca16505d8212c0152218,14529747727,335187483,Amazon,gb,1,Delivery,Good to buy things but you’re forced to pay £6 for delivery and every time its delayed,Good to buy things but you’re forced to pay £6 for delivery and every time its delayed,Cla._.re,27.16.0,2026-09-09T16:11:54Z,False,itunes_rss_mostRecent,False,False
47a568b10a2c802e0013cfe39500338cb14093da5368ba6109ae9ce2ccb9103a,14529217269,335187483,Amazon,gb,1,Why fix what isn’t broken?,"For years I’ve used multiple Wishlists for Books, CDs, clothing, musical gear etc. I have a lot of lists to make things easy to find for me. The lists were all in alphabetical order. A couple of weeks ago Amazon decided to mess that all up. Now, instead of my lists being sorted according to my needs Amazon has decided that lists should be ordered by …what? As far as I can tell they’ve just randomised the order and there’s no way to change this. Tried contacting customer service, which is a complete waste of time. The AI bot not cannot answer anything that isn’t in its script, and the ‘real’ agents have no clue and repeatedly lie to customers about a ‘glitch’ that will be fixed in 24-48 hours. Guess what, it doesn’t happen.  There are hundreds of people from around the world complaining about this issue, all getting the same lies from Amazon CS.

DEVELOPERS: WHY HAVE YOU MADE THIS CHANGE THAT NOBODY WANTED AND WHICH RUINS THE CUSTOMER EXPERIENCE? ITS FRUSTRATING , ANNOYING AND IS TOTALLY UNNECESSARY. STOP FIXING THINGS THAT AI T BROKE.","For years I’ve used multiple Wishlists for Books, CDs, clothing, musical gear etc. I have a lot of lists to make things easy to find for me. The lists were all in alphabetical order. A couple of weeks ago Amazon decided to mess that all up. Now, instead of my lists being sorted according to my needs Amazon has decided that lists should be ordered by …what? As far as I can tell they’ve just randomised the order and there’s no way to change this. Tried contacting customer service, which is a complete waste of time. The AI bot not cannot answer anything that isn’t in its script, and the ‘real’ agents have no clue and repeatedly lie to customers about a ‘glitch’ that will be fixed in 24-48 hours. Guess what, it doesn’t happen.  There are hundreds of people from around the world complaining about this issue, all getting the same lies from Amazon CS.

DEVELOPERS: WHY HAVE YOU MADE THIS CHANGE THAT NOBODY WANTED AND WHICH RUINS THE CUSTOMER EXPERIENCE? ITS FRUSTRATING , ANNOYING AND IS TOTALLY UNNECESSARY. STOP FIXING THINGS THAT AI T BROKE.",Dave the Guitar,27.16.0,2026-09-09T13:38:20Z,False,itunes_rss_mostRecent,False,False
bbf50d63eeef9eb489691f9455923dcd2fc13dc2127b01586f33240297c065d0,14528750653,335187483,Amazon,gb,1,Horrible app,Never works in the collection points. I've lost my order and my money and noone on the customers services reply to me.,Never works in the collection points. I've lost my order and my money and noone on the customers services reply to me.,Magno Martinelli,27.16.0,2026-09-09T11:16:34Z,False,itunes_rss_mostRecent,False,False
cf7ada4fdff4e2e5e2da7f04c066db33229d06fd2c47972f7d5e9e5746cf8bef,14528700088,335187483,Amazon,gb,5,Shop with confidence,I may be lucky but I can honestly say I have never had a problem buying from Amazon. Always fair prices and being a PRIME member I never pay postage. Free returns for a refund if you have a problem with an item you purchase so no risk there.,I may be lucky but I can honestly say I have never had a problem buying from Amazon. Always fair prices and being a PRIME member I never pay postage. Free returns for a refund if you have a problem with an item you purchase so no risk there.,Little Lady 10,27.16.0,2026-09-09T10:59:08Z,False,itunes_rss_mostRecent,False,False
3ae74bec93ff34517e4a35572ec2b11d670bf023e3a6a98039c78a088750a885,14528231120,335187483,Amazon,gb,1,Impossible to contact,It’s always a struggle to find a way to call Amazon - endless clicking around trying to make call contact - extremely unfriendly setup,It’s always a struggle to find a way to call Amazon - endless clicking around trying to make call contact - extremely unfriendly setup,lolacola8,27.16.0,2026-09-09T07:40:43Z,False,itunes_rss_mostRecent,False,False
9e6ebdc70fef92c25e857f88479eb1274bbfbf7891378a91fb92ad0cbf25ce87,14528048904,335187483,Amazon,gb,3,Sandra,I am very dissatisfied with Amazon right now! I am an Amazon prime customer and I still paid £1.99 to have an earlier delivery and I have just received a message to say sorry it won’t be delivered until tomorrow. A day later than my usual delivery m. What’s going on with AMAZON!!!,I am very dissatisfied with Amazon right now! I am an Amazon prime customer and I still paid £1.99 to have an earlier delivery and I have just received a message to say sorry it won’t be delivered until tomorrow. A day later than my usual delivery m. What’s going on with AMAZON!!!,Dragon breath.,27.16.0,2026-09-09T06:14:12Z,False,itunes_rss_mostRecent,False,False
be26f3dc76916cf000d5b4b74fb1955de954a89a88bbd19ec2ca3d41565414a4,14528048848,335187483,Amazon,gb,5,Fantastic,I am a kid and this a great app,I am a kid and this a great app,Zeusuk,27.16.0,2026-09-09T06:14:10Z,False,itunes_rss_mostRecent,False,False
6948f7961e338b177836f16c31b5a3df1f6abd68e044cb5faa90ccaedf6db249,14526991412,335187483,Amazon,gb,3,Limited support when delivery fails,"Amazon used a third-party delivery company that marked my order as delivered even though the package was nowhere to be found. Amazon’s support initially simply directed me to contact the delivery company myself — despite the fact that they weren’t responding.

I didn’t choose this delivery partner, and I shouldn’t have to deal with their incompetence to resolve an order I placed with Amazon.

EDIT: I eventually found a phone contact option for Amazon support and am now waiting to see whether they actually resolve the issue.","Amazon used a third-party delivery company that marked my order as delivered even though the package was nowhere to be found. Amazon’s support initially simply directed me to contact the delivery company myself — despite the fact that they weren’t responding.

I didn’t choose this delivery partner, and I shouldn’t have to deal with their incompetence to resolve an order I placed with Amazon.

EDIT: I eventually found a phone contact option for Amazon support and am now waiting to see whether they actually resolve the issue.",S2Mil,27.16.0,2026-09-08T22:47:23Z,False,itunes_rss_mostRecent,False,False
a898e0d4369cfc791346abe2e6b76395fca4f71fa10482f742508944a5f89d03,14525844766,335187483,Amazon,gb,1,dont buy next day,paid next day delivery and ive been waiting 2 days,paid next day delivery and ive been waiting 2 days,brooklyn ferguson,27.16.0,2026-09-08T16:14:23Z,False,itunes_rss_mostRecent,False,False
00d2798947a30dc1b5fd840c56d4737590eeb19b9322606e48506823862c0a18,14524885264,335187483,Amazon,gb,1,Faulty items for the last 12 months,"Everything I buy breaks after a month of use, I say it how it is, fed up of given false info from ur staff, they can’t handle the truth so have blocked me from all communications! Nice one. Worse app never trust them .","Everything I buy breaks after a month of use, I say it how it is, fed up of given false info from ur staff, they can’t handle the truth so have blocked me from all communications! Nice one. Worse app never trust them .",Fran135,27.16.0,2026-09-08T11:23:24Z,False,itunes_rss_mostRecent,False,False
3908de2c86098c4a6513e46c1f32d663d21b85e531f83e9b9f22580f2f75647a,14524752773,335187483,Amazon,gb,2,027 battery,What is your problem I put in 027 battery and it comes up with everything else whatever you put in it comes up with rubbish first that don’t fit grrr,What is your problem I put in 027 battery and it comes up with everything else whatever you put in it comes up with rubbish first that don’t fit grrr,Coachfutureguy,27.16.0,2026-09-08T10:34:22Z,False,itunes_rss_mostRecent,False,False
e0b516587dc70ceac753931f1b857de14315c7dc3fced1a6cd22c9a1126eaf3d,14524098251,335187483,Amazon,gb,1,Why put ads in purchase History?,I used to like Amazon but since the bombardment of Sponsored ads the shopping experience has soured. Why put ads in your purchase history? This makes it look like you’ve accidentally purchased something irrelevant. Why put irrelevant ads in search listings? I don’t want to see Pens or Ladies Perfume if I search for Scissors. As least provide a means to turn off ads   (Pretty please).,I used to like Amazon but since the bombardment of Sponsored ads the shopping experience has soured. Why put ads in your purchase history? This makes it look like you’ve accidentally purchased something irrelevant. Why put irrelevant ads in search listings? I don’t want to see Pens or Ladies Perfume if I search for Scissors. As least provide a means to turn off ads   (Pretty please).,Chunderheed,27.16.0,2026-09-08T05:29:49Z,False,itunes_rss_mostRecent,False,False
467bc19f59151694b99d8b697b20d2b28297b14ab9807296fc0f439ebd01ff87,14522458083,335187483,Amazon,gb,5,Amazing Amazon,Amazing Amazon.  ‘nuff said.,Amazing Amazon.  ‘nuff said.,Unabashed Gusher,27.16.0,2026-09-07T18:42:13Z,False,itunes_rss_mostRecent,False,False
a8af2b7689f62724eafde19c7e518379e195e8c3ebc7987bd6c1b6ad4ab6a630,14521348519,335187483,Amazon,gb,1,ORDER CANCELLED 😡,Just had my order cancelled which was in stock when ordered but obviously want to charge more money so just cancel order with no excuse DISGRACEFUL !!😡,Just had my order cancelled which was in stock when ordered but obviously want to charge more money so just cancel order with no excuse DISGRACEFUL !!😡,robjtate,27.15.0,2026-09-07T13:17:38Z,False,itunes_rss_mostRecent,False,False
83ac5caefdb3af71e09e16654e80e49473bad10861af83e0fc2101c7d0d8966b,14515776860,335187483,Amazon,gb,1,Impossible to get a return,Scum,Scum,Celtic Bhoy 88,27.15.0,2026-09-06T01:47:38Z,False,itunes_rss_mostRecent,False,False
3e84d59f872c91871730223a0d45bf89256d3fd82412d1582ed380af39c8ddc6,14511023235,335187483,Amazon,gb,3,Latest update is glitchy,"I’ve always been happy with this app, but the latest update, Aug ‘26, has made my app really glitchy, I have to authenticate all the time and more often than not making any changes to my basket just fails repeatedly","I’ve always been happy with this app, but the latest update, Aug ‘26, has made my app really glitchy, I have to authenticate all the time and more often than not making any changes to my basket just fails repeatedly",GrowlDan,27.15.0,2026-09-04T21:00:56Z,False,itunes_rss_mostRecent,False,False
6257a97f1448b951031298d0453039504484f0eabba19866bfc9456699e54cb0,14510063589,335187483,Amazon,gb,2,Mediocre,"App works and the service from Amazon, is very good. However, the app is cluttered and the search facility, is dodgy.","App works and the service from Amazon, is very good. However, the app is cluttered and the search facility, is dodgy.",SuePMack,27.15.0,2026-09-04T15:43:18Z,False,itunes_rss_mostRecent,False,False
348403475d23f73c4e993a9551bcc3dc39067afb69139a1673d45ae686ad40cb,14508980116,335187483,Amazon,gb,1,Bad UI,"You can’t buy kindle books via the app, so you go to the webpage. As soon as you go into it, it auto opens the app. So you need to delete the app or change settings to get a kindle book. This is really dumb and should have been sorted out a century ago.","You can’t buy kindle books via the app, so you go to the webpage. As soon as you go into it, it auto opens the app. So you need to delete the app or change settings to get a kindle book. This is really dumb and should have been sorted out a century ago.",rollingduck,27.15.0,2026-09-04T10:17:17Z,False,itunes_rss_mostRecent,False,False
84c5e13a09747fd8778852008423fdc9085276cf0e109430225f5c7f755b2481,14507163986,335187483,Amazon,gb,1,Absolutely disgusting customer service,I ordered a package of he and when I got it the item was very poor standard and I asked for a refund and they have not contacted me back for this product,I ordered a package of he and when I got it the item was very poor standard and I asked for a refund and they have not contacted me back for this product,Colin week,27.15.0,2026-09-03T21:26:28Z,False,itunes_rss_mostRecent,False,False
30070640d2115381b344b20d2a850676e1baab1b8cda1686be9045a63a3437f5,14506497137,335187483,Amazon,gb,1,Incoice printong,Invoices non-obvious way o print from app necessitates log in via browser .,Invoices non-obvious way o print from app necessitates log in via browser .,Chefq123,27.15.0,2026-09-03T17:31:38Z,False,itunes_rss_mostRecent,False,False
fe1e53b4dd8763c4219ef84524c6445d544e2015b77e34b8b2663a1bd1a9d10b,14505137452,335187483,Amazon,gb,1,Service quality is a disgrace,"Had a big order that was split into multiple deliveries. Address is an office building with 24/7 access for deliveries. Part of the order arrived easily, several parts not delivered because they say address is not correct. Spend ages with support was handed over 20 times and had to repeat issue 500 times, with limited progress. As a result repeat delivery again not successful. Moreover status in the app is not working properly. Super poorly designed application with incapable customer support","Had a big order that was split into multiple deliveries. Address is an office building with 24/7 access for deliveries. Part of the order arrived easily, several parts not delivered because they say address is not correct. Spend ages with support was handed over 20 times and had to repeat issue 500 times, with limited progress. As a result repeat delivery again not successful. Moreover status in the app is not working properly. Super poorly designed application with incapable customer support",dariacher,,2026-09-03T10:32:03Z,True,web_ssr_helpful,False,False
20ec694b73ecf87c2e44cf0f465d65528bcbd04f7b110913ff2704034d9eca0e,14499144672,335187483,Amazon,gb,5,Best prices,Not only good prices but great delivery service,Not only good prices but great delivery service,marj r,27.15.0,2026-09-01T20:07:09Z,False,itunes_rss_mostRecent,False,False
f0d8a8b0869d8e20ec7e07cb165dc7db68873345b1da2ccf5eab176e29daae51,14499108380,335187483,Amazon,gb,5,Amazon,Live Anazon couldn’t  or should i say wouldn’t want to live without it  its the best company online company out there in my opinion,Live Anazon couldn’t  or should i say wouldn’t want to live without it  its the best company online company out there in my opinion,nelliemoo,27.15.0,2026-09-01T19:54:40Z,False,itunes_rss_mostRecent,False,False
8f8fff98be9b0b415f01508209b94bcfeb24d847ec00b9e297baf3cce3bf6398,14498696858,335187483,Amazon,gb,1,Logged me out for “suspicious activities”,"It also cancelled many orders out of no where, and still took the money, (eventually got it back) the app is horrible and Jeff I’m coming for you.","It also cancelled many orders out of no where, and still took the money, (eventually got it back) the app is horrible and Jeff I’m coming for you.",Harry_poosay,27.15.0,2026-09-01T17:39:42Z,False,itunes_rss_mostRecent,False,False
bfebab981085a99fbe678e10577b2177c222f2dcbeeda635e931468c593d896a,14493221341,335187483,Amazon,gb,5,Bad,The only want to see you is the one that is not on,The only want to see you is the one that is not on,H jog sdhsudh iuwfirw,27.15.0,2026-08-31T09:48:50Z,False,itunes_rss_mostRecent,False,False
8509f3f4bda9ca54793324b59eb8b2405d08ae470180212598ab9cba589052ca,14492383134,335187483,Amazon,gb,4,Charges,We keep finding spurious charges even when nothing has been ordered for weeks and we do not prime and no cards associated,We keep finding spurious charges even when nothing has been ordered for weeks and we do not prime and no cards associated,Caz 5387,27.15.0,2026-08-31T03:37:50Z,False,itunes_rss_mostRecent,False,False
916dee85fa01abf557fd6cb8b75085208e8ac51b30e3e9c646467f52aa1b4f6c,14491427858,335187483,Amazon,gb,1,Don’t believe same day delivery times,Again another same day delivery that hasn’t arrived.,Again another same day delivery that hasn’t arrived.,fj12001982,27.15.0,2026-08-30T21:15:40Z,False,itunes_rss_mostRecent,False,False
c2c9c2965f9f612af6e62f1b5719153412849e23e4870f1f7080487077b2c3b5,14491106787,335187483,Amazon,gb,4,Freezing,"For some reason this app keeps on freezing up on me I have had the Amazon app for many years and purchased many many items, but lately it keeps on freezing so I have to leave the app. Can you please fix this","For some reason this app keeps on freezing up on me I have had the Amazon app for many years and purchased many many items, but lately it keeps on freezing so I have to leave the app. Can you please fix this",Dave 5059,27.15.0,2026-08-30T19:23:11Z,False,itunes_rss_mostRecent,False,False
5c5b288108d4524e312ca4e8f428b789ab31d7de83621c8fbbf0934e2531b16e,14490485428,335187483,Amazon,gb,1,Liars thieves cheats,Pay for prime next day. Yet again the lairs thieves and cheats called Amazon have failed,Pay for prime next day. Yet again the lairs thieves and cheats called Amazon have failed,hammer1856,27.15.0,2026-08-30T16:11:42Z,False,itunes_rss_mostRecent,False,False
0d610e4f1920392784f19c2d02da5ec996d5c1da1b5b08c1993d023731f49e60,14489952274,335187483,Amazon,gb,1,Scummy tactics,"They say prime is free for this month but then when I pay for my item they charge me 8.99, AVOID IT AND DO NOT TAKE THE FREE PRIME ITS A SCAM, THEY CHARGE YOU ANYWAYS AND HIDE THAT IN THE SMALL DETAILS","They say prime is free for this month but then when I pay for my item they charge me 8.99, AVOID IT AND DO NOT TAKE THE FREE PRIME ITS A SCAM, THEY CHARGE YOU ANYWAYS AND HIDE THAT IN THE SMALL DETAILS",dankgames21,27.15.0,2026-08-30T13:40:43Z,False,itunes_rss_mostRecent,False,False
bddb55360e7259a5cde3dabc437311fb6186210c45df9fee9cf4b585c0725a53,14489921999,335187483,Amazon,gb,1,Shaming,Scam 5 pounds for delivery is shocking I am ashamed of this app,Scam 5 pounds for delivery is shocking I am ashamed of this app,Grace Lloyd Beswetherick,27.15.0,2026-08-30T13:31:48Z,False,itunes_rss_mostRecent,False,False
49fe2302e3cd6b586d5523a7bb29966d0769f064415e82018522bf1f02d6478f,14483573698,335187483,Amazon,gb,1,My package didn’t arrive,My package didn’t arrive and I couldn’t request a refund because the owner didn’t respond in time I am very sad i didn’t get my stuff and it was delivered to the wrong place which shows laziness and slack it is disappointing because of how the ratings are i expect a refund,My package didn’t arrive and I couldn’t request a refund because the owner didn’t respond in time I am very sad i didn’t get my stuff and it was delivered to the wrong place which shows laziness and slack it is disappointing because of how the ratings are i expect a refund,Jame1248,27.15.0,2026-08-28T21:35:25Z,False,itunes_rss_mostRecent,False,False
96b3472de3c94707142f4f6d26843395263759084dd6e730c1525d378bc963b6,14482395615,335187483,Amazon,gb,1,Little accessibility no dynamic type support,"This app is terrible for people that use and need larger font sizes and visually impaired customers.

Still no dynamic type support. Most other shopping apps support dynamic type yet you continue to ignore a basic accessibility feature.

Sort your app out Amazon one size of font does not work for everyone","This app is terrible for people that use and need larger font sizes and visually impaired customers. 

Still no dynamic type support. Most other shopping apps support dynamic type yet you continue to ignore a basic accessibility feature. 

Sort your app out Amazon one size of font does not work for everyone",Jumboo81,27.15.0,2026-08-28T15:00:26Z,False,itunes_rss_mostRecent,False,False
6cf8cbb9636d7d7549c8d24d271ee86b3ec0da5a758943a2799ccee3b1f39f24,14482182155,335187483,Amazon,gb,1,Won’t allow purchase of kindle edition books,Wont allow purchase of kindle edition books,Wont allow purchase of kindle edition books,Frankthesurf,27.15.0,2026-08-28T13:59:48Z,False,itunes_rss_mostRecent,False,False
0b01c67feb0fea348e4026e0be507ce87c343e517eb789bcafbdc1f72c8406f5,14481201475,335187483,Amazon,gb,5,I really like your shopping app its saves so much time than coming all the way to the actual shop,5/5,5/5,What’s for for tea,27.15.0,2026-08-28T08:19:27Z,False,itunes_rss_mostRecent,False,False
4143b76dd9493211d60f92839b9b21fb0142f21a5ccce7256d23c7cde39a267d,14479413630,335187483,Amazon,gb,2,More bugs,Seems a lot more buggy than it used to be. Back buttons not working. Show results on the filters is often off the bottom of the screen and barely clickable. Got stuck in an image gallery and had to close and reopen app.,Seems a lot more buggy than it used to be. Back buttons not working. Show results on the filters is often off the bottom of the screen and barely clickable. Got stuck in an image gallery and had to close and reopen app.,3Garms,27.15.0,2026-08-27T19:57:47Z,False,itunes_rss_mostRecent,False,False
9346ac988b284afbf3ea723635f4cb5143ed4c781c02885e3498778bea98ab1b,14479064338,335187483,Amazon,gb,1,Poor service,Can’t access,Can’t access,HH Holmes13,27.15.0,2026-08-27T17:56:59Z,False,itunes_rss_mostRecent,False,False
3a716aeb3591201b08aa6c01a3fd11426b9f7568d2184f6ae1e27c4dc39f22fd,14475125573,335187483,Amazon,gb,5,Thank you,Amazing company. Thank you again,Amazing company. Thank you again,Rafalisia,27.15.0,2026-08-26T17:45:12Z,False,itunes_rss_mostRecent,False,False
04950d4887cfb14cf352745ef5d75d88ba7a1237469b863d7af1f66884131a49,14474328716,335187483,Amazon,gb,1,The New Layout Makes Shopping Much Worse,"The new search results layout is a big step backwards. Products are now displayed far too large, with only one product taking up most of the screen. The previous layout was much better because I could see many products at once and quickly compare prices, designs and reviews.

The new layout makes browsing slower, more frustrating and much less efficient. Please bring back the previous, more compact search results layout or give users the option to choose between different layouts.","The new search results layout is a big step backwards. Products are now displayed far too large, with only one product taking up most of the screen. The previous layout was much better because I could see many products at once and quickly compare prices, designs and reviews.

The new layout makes browsing slower, more frustrating and much less efficient. Please bring back the previous, more compact search results layout or give users the option to choose between different layouts.",PIACHOL FC,,2026-08-26T13:44:57Z,True,web_ssr_helpful,False,False
7e32c37fe4f5d1737750a815a0ada24a2db85cddb5df2925ddf1525efe909b85,14473927305,335187483,Amazon,gb,5,it’s great,always use,always use,ciaran.mac,27.15.0,2026-08-26T11:41:30Z,False,itunes_rss_mostRecent,False,False
2af359696cb71b562dd97a0267948e47a203f06f50998e60c1a4e1ec3c0e9ade,14471083129,335187483,Amazon,gb,5,Mr Cannon,Quality product at good prices and delivered on time ! Site easy to use too!,Quality product at good prices and delivered on time ! Site easy to use too!,canno 01,27.15.0,2026-08-25T17:04:35Z,False,itunes_rss_mostRecent,False,False
54f57266d78d9926c264d36c95ec89f7aec2e42296a5c86b1b278447482ff7c2,14470749051,335187483,Amazon,gb,2,App is annoying,"The interface has repeatedly changed the delivery address I’ve picked to a previous residence, resulting in me having to travel across the city to grab my parcels","The interface has repeatedly changed the delivery address I’ve picked to a previous residence, resulting in me having to travel across the city to grab my parcels",Jjjjkkkkkkk111,27.15.0,2026-08-25T15:23:05Z,False,itunes_rss_mostRecent,False,False
0ff81aea19f831377963250685805fdffb877386d64b817418cbd5eb197ef747,14469766136,335187483,Amazon,gb,3,Fix the list names please,For a while now the save to list names are gibberish. It seems only the first 10 names stays. It’s very frustrating when I want to add an item to a list but I can’t see the name.,For a while now the save to list names are gibberish. It seems only the first 10 names stays. It’s very frustrating when I want to add an item to a list but I can’t see the name.,Crafty Janette,27.15.0,2026-08-25T10:15:45Z,False,itunes_rss_mostRecent,False,False
f776ed7d54671a60968886597449265a279bd12bbdcfc50879e5a0922b5e54c8,14467173636,335187483,Amazon,gb,3,Delivery not accurate.,"Amazon is usually really good when it comes to prime and deliveries. But recently I received some horrible customer service. I had ordered something with prime on Saturday evening and it said it would be delivered Monday. It’s not next day delivery, but it was still acceptable enough. I then contacted customer service on Monday as nothing arrived and they told me it had been delayed and that it would be delivered on Tuesday instead. And the first chat agent said that he had contacted them to deliver it on Monday anyway and I said thank you and ended the conversation. I then still didn’t receive anything, so I contacted customer service again and they said that the previous agent was incorrect and therefore had lied to me about changing the delivery and they gave me a £5.67 gift card as I asked for compensation for the inconvenience. I then ask them will my order still come and they said yes it should still be coming on Tuesday. I then open my email and I have an email saying it is coming today anyway? And then I open the app to double check and it has AGAIN moved back by a day and now says it is arriving on Wednesday. So I, again, contact customer services about this and they just say it’s arriving on Wednesday now and they are just clueless and don’t know how anything about anything. They dont knom much different to what you can already see on the app/tracking. They were not helpful at all and the tracking keeps getting pushed back more and more. I will leave it and see when it arrives, it will probably arrive way past when I need it, so most likely I will have to cancel the order. Absolutely ridiculous.","Amazon is usually really good when it comes to prime and deliveries. But recently I received some horrible customer service. I had ordered something with prime on Saturday evening and it said it would be delivered Monday. It’s not next day delivery, but it was still acceptable enough. I then contacted customer service on Monday as nothing arrived and they told me it had been delayed and that it would be delivered on Tuesday instead. And the first chat agent said that he had contacted them to deliver it on Monday anyway and I said thank you and ended the conversation. I then still didn’t receive anything, so I contacted customer service again and they said that the previous agent was incorrect and therefore had lied to me about changing the delivery and they gave me a £5.67 gift card as I asked for compensation for the inconvenience. I then ask them will my order still come and they said yes it should still be coming on Tuesday. I then open my email and I have an email saying it is coming today anyway? And then I open the app to double check and it has AGAIN moved back by a day and now says it is arriving on Wednesday. So I, again, contact customer services about this and they just say it’s arriving on Wednesday now and they are just clueless and don’t know how anything about anything. They dont knom much different to what you can already see on the app/tracking. They were not helpful at all and the tracking keeps getting pushed back more and more. I will leave it and see when it arrives, it will probably arrive way past when I need it, so most likely I will have to cancel the order. Absolutely ridiculous.",emma2006x,27.15.0,2026-08-24T17:09:04Z,False,itunes_rss_mostRecent,False,False
478af17d70f15bd9702b236bf14fb75cee8456435e9b60e0db12e818e1ff9447,14466348224,335187483,Amazon,gb,1,Why can’t I see a review I posted as it wasn’t 5 star,"Checking to see if you don’t post recent reviews only the positive ones

I’ll
Just keep posting until I see it","Checking to see if you don’t post recent reviews only the positive ones

I’ll
Just keep posting until I see it",Nonyyyaaa,27.15.0,2026-08-24T12:59:22Z,False,itunes_rss_mostRecent,False,False
6aa50c6c8e43027eef5578e88b55ebad97e544327c64dd5f2aa619b56a4d5114,14466202601,335187483,Amazon,gb,5,Excellent,So easy,So easy,Dkel13,27.15.0,2026-08-24T12:12:52Z,False,itunes_rss_mostRecent,False,False
9516b8202f9f434678fa92bb35fd93dab2e275f871fb74c633774002d4011524,14465110948,335187483,Amazon,gb,1,Full of bugs,"The app is slow and buggy and regularly freezes on an iPhone 17. The yellow show results button at the bottom is now hidden and you have to turn the phone horizontal and then portrait to get it to show. There is too much white areas everywhere, with no dark mode and the new coloured sections at the top make the app look cheap.","The app is slow and buggy and regularly freezes on an iPhone 17. The yellow show results button at the bottom is now hidden and you have to turn the phone horizontal and then portrait to get it to show. There is too much white areas everywhere, with no dark mode and the new coloured sections at the top make the app look cheap.",nimicitor,27.15.0,2026-08-24T04:39:53Z,False,itunes_rss_mostRecent,False,False
d9eda376df21071a34f45a9c28fc9a3d0ec1051a50ee1ea92bd06f788c8c2c56,14462830912,335187483,Amazon,gb,3,Silent notifications,Still no sound or vibration for notifications. This has been an issue for while. Surely Amazon has the capability to fix this?,Still no sound or vibration for notifications. This has been an issue for while. Surely Amazon has the capability to fix this?,SM_1987,27.15.0,2026-08-23T14:49:05Z,False,itunes_rss_mostRecent,False,False
ed9b1efe1e3ccdb7fe4188eca191ea37664cf46bc846972dffb7d1f47aa1ca48,14462094388,335187483,Amazon,gb,1,Terrible update,Since this update I have lost all of my order history and current orders!!!,Since this update I have lost all of my order history and current orders!!!,Oxford_lad,27.15.0,2026-08-23T10:46:04Z,False,itunes_rss_mostRecent,False,False
be185c274f7b68c5385b2bca54f479874b81362532f4c9807f6807495acbdeda,14458431580,335187483,Amazon,gb,3,annoying UI,Second time within one week I accidentally tapped Report on my I phone after reading a review. They placed Report label just beside translate or below the bottom of each review and it doesn’t even ask you to confirm - it immediately sends report. Very bad design choice.,Second time within one week I accidentally tapped Report on my I phone after reading a review. They placed Report label just beside translate or below the bottom of each review and it doesn’t even ask you to confirm - it immediately sends report. Very bad design choice.,LloydsCustomer12,27.15.0,2026-08-22T11:58:21Z,False,itunes_rss_mostRecent,False,False
ffa22edecaa577b26c313e6655f17a7409b90b0f1cf0ab84fdec6c5f5a51578f,14458365790,335187483,Amazon,gb,4,Does not have Kitty mania as said on zuru,"Meow, please fix.","Meow, please fix.",Normal pers0n.,27.15.0,2026-08-22T11:35:17Z,False,itunes_rss_mostRecent,False,False
46b87d676c9237406a6125697d4bd3303bbcc43134e36803732df4f504c374e4,14457673462,335187483,Amazon,gb,3,"Not working link click here, age restriction","I can’t buy cutlery set and kitchen knifes. The app has restrictions but at the same time not giving me any chance to buy it, the link click here is not working","I can’t buy cutlery set and kitchen knifes. The app has restrictions but at the same time not giving me any chance to buy it, the link click here is not working",Fgjgftrujbvddf,27.15.0,2026-08-22T06:51:21Z,False,itunes_rss_mostRecent,False,False
5d42cae35adaa3600ab86f142d1659d3296c30379f78639718463dce014c4266,14454347722,335187483,Amazon,gb,1,"Unable to buy ,advised to shop elsewhere",Was unable to buy a razor today without a valid credit card .I never owned a credit card in my life.costumer service advised to shop on high street,Was unable to buy a razor today without a valid credit card .I never owned a credit card in my life.costumer service advised to shop on high street,Napierdalajka,27.15.0,2026-08-21T10:56:55Z,False,itunes_rss_mostRecent,False,False
1a17b33bd606a64c3bf72317c73f42a70a6381da0bbb7de77c88a6f689824156,14452805677,335187483,Amazon,gb,3,Dark mode,Need dark mode,Need dark mode,allycmbl,27.15.0,2026-08-21T00:28:39Z,False,itunes_rss_mostRecent,False,False
b995459b1e95d59327c601445c7c3722f94b3442d894aa235fd87c68bef9119c,14447928351,335187483,Amazon,gb,5,Nid Spillane,is very good,is very good,nid spillane nickname som,27.15.0,2026-08-19T19:00:52Z,False,itunes_rss_mostRecent,False,False
e371d3cd2d3ec8bd86b8faee9ac3c32389947d31b12a5ff2c46174873282ab77,14443550238,335187483,Amazon,gb,1,Woeful customer service,Absolutely terrible service. Pay for prime buy goods clearly advertised with next day delivery and then once paid for immediately that date changes. Terrible condescending customer service with absolutely no customer care training whatsoever to help. Disappointing. Other online shops are available where goods are much cheaper and delivery is as advertised.,Absolutely terrible service. Pay for prime buy goods clearly advertised with next day delivery and then once paid for immediately that date changes. Terrible condescending customer service with absolutely no customer care training whatsoever to help. Disappointing. Other online shops are available where goods are much cheaper and delivery is as advertised.,Apphunter13,27.15.0,2026-08-18T17:00:49Z,False,itunes_rss_mostRecent,False,False
add4a3089cddd0fd0e124da024fb7137287ae5819ac0b36d404b9bf45bc00f6c,14443337989,335187483,Amazon,gb,1,Damage in transit,"No way to report damage by the delivery company in subscribe and save, very frustrating and very poor from Amazon surely they need to know!","No way to report damage by the delivery company in subscribe and save, very frustrating and very poor from Amazon surely they need to know!",wellyde,27.15.0,2026-08-18T15:57:23Z,False,itunes_rss_mostRecent,False,False
de92564bc606f5017f96ada6763aa355dbe95888ea464ebbe2f4c0b08d57df05,14442179059,335187483,Amazon,gb,4,Great but not easy to change addresses when on holiday,As my title suggests. I found it an inconvenience to change addresses and unfortunately placed an order delivered to home so had to immediately cancel and reorder to the destination I wanted. It’s not difficult to change / add an address but when in a different county to your home maybe a double check on delivery address would be a better option.,As my title suggests. I found it an inconvenience to change addresses and unfortunately placed an order delivered to home so had to immediately cancel and reorder to the destination I wanted. It’s not difficult to change / add an address but when in a different county to your home maybe a double check on delivery address would be a better option.,Daddolt,,2026-08-18T09:58:38Z,True,web_ssr_helpful,False,False
ef440e84abec82da19d9d3a17476b34df6a3057a62b14b7233b5c453f2bde026,14440458346,335187483,Amazon,gb,1,Updated app looks awful,Latest update looks like its been hacked by a half blind child with a box of crayons. Far too brash and too vivid for the UK,Latest update looks like its been hacked by a half blind child with a box of crayons. Far too brash and too vivid for the UK,Chuffer_Wingtips,27.15.0,2026-08-17T22:20:11Z,False,itunes_rss_mostRecent,False,False
8a07f354c3c39079d22792215be6a9824755936d2258495e4f599111992ea456,14435982369,335187483,Amazon,gb,1,They banned my account,It is a very annoying account and just cos I cancelled payment twice they banned my account what is this TikTok?,It is a very annoying account and just cos I cancelled payment twice they banned my account what is this TikTok?,Kevinas_300,27.13.2,2026-08-16T19:25:33Z,False,itunes_rss_mostRecent,False,False
305a1e15ade3bf7b2bc2f9d13042c6170f158c3df6068ccac8aaa32bc2b74c0b,14435529716,335187483,Amazon,gb,4,What’s The point of the app update,There’s nothing even there,There’s nothing even there,lexiimakavelii,27.13.2,2026-08-16T17:02:52Z,False,itunes_rss_mostRecent,False,False
0e2895fa66b7db631cd02f985194e80980de64c2d127c11866ea0af0d34aba1f,14434109152,335187483,Amazon,gb,1,Delayed order,I ordered a book on July 11th and it hasn’t come yet on August 16th. I am extremely dissatisfied. It said that it would arrive “Two days” later.,I ordered a book on July 11th and it hasn’t come yet on August 16th. I am extremely dissatisfied. It said that it would arrive “Two days” later.,Vufydrzt,27.13.2,2026-08-16T09:31:01Z,False,itunes_rss_mostRecent,False,False
b1ac2d8fbfa0da5a933f248a835751c9dd07e45e5c30c926c4622b2883b0406d,14432385181,335187483,Amazon,gb,1,Horrific UX and UI,I get a feeling devs at Amazon are vibe-coding this. Many app updates leave critical bugs unfixed. The app itself is clunky and sluggish. There’s a lot of bloat in the UI which they could get rid of in the app version. Considering this is Amazon - it’s a lazy job at best,I get a feeling devs at Amazon are vibe-coding this. Many app updates leave critical bugs unfixed. The app itself is clunky and sluggish. There’s a lot of bloat in the UI which they could get rid of in the app version. Considering this is Amazon - it’s a lazy job at best,Liolix,27.13.2,2026-08-15T21:47:18Z,False,itunes_rss_mostRecent,False,False
8664cc172b3815a26df6390fcc499428bd60a73fac92fd4f3309a1ea56721f47,14431082686,335187483,Amazon,gb,1,Very poor,"Unable to cancel an order, states it’s being dispatched. That’s impossible as it was only 10 minutes since I placed it and it hadn’t even left the depot yet and not even out for delivery. Pathetic excuses","Unable to cancel an order, states it’s being dispatched. That’s impossible as it was only 10 minutes since I placed it and it hadn’t even left the depot yet and not even out for delivery. Pathetic excuses",fortress55,27.13.2,2026-08-15T14:48:09Z,False,itunes_rss_mostRecent,False,False
e28ed3bc02856de7d61656fc6e6d6dcec8ce3f17e135f1784f76f17f28f06694,14430792026,335187483,Amazon,gb,1,Amazon used to be my go to but now….rubbish,Search used to be brilliant but absolutely rubbish now. Tries to get you to buy stuff you don’t want or need but won’t let you find what you want. Plus we have to pay twice for amazon prime as a family. I go elsewhere now.,Search used to be brilliant but absolutely rubbish now. Tries to get you to buy stuff you don’t want or need but won’t let you find what you want. Plus we have to pay twice for amazon prime as a family. I go elsewhere now.,Milly9,27.13.2,2026-08-15T13:27:02Z,False,itunes_rss_mostRecent,False,False
8d6f0a030ad7b253f0f8b6738fb5200bbd94d6a4791c1e62c0dd3e3cdf956f64,14430588475,335187483,Amazon,gb,1,Poor customer service,Amazon make very hard to contact them when something goes wrong. Chat room should be accessible and front and centre.,Amazon make very hard to contact them when something goes wrong. Chat room should be accessible and front and centre.,Justlikesamwinchester,27.13.2,2026-08-15T12:25:40Z,False,itunes_rss_mostRecent,False,False
40389cd5e62b479585a262218522c5e9661c1c6a02fb09608eff0c1dec8f8f6c,14429979339,335187483,Amazon,gb,1,A assistência da Amazon é horrível,"Você não consegue cancelar um produto com facilidade,a Amazon não tem assistente e é extremamente difícil conseguir ajuda já que as respostas não automáticas","Você não consegue cancelar um produto com facilidade,a Amazon não tem assistente e é extremamente difícil conseguir ajuda já que as respostas não automáticas",Lirit Rodrígues de Assunção,27.13.2,2026-08-15T08:38:54Z,False,itunes_rss_mostRecent,False,False
e341520955f3a950ea39a57fe4b378343a610f4bd5187b2a7a4c1cadac04d304,14428687740,335187483,Amazon,gb,1,Dark patterns,"They’ve blocked access to customer service, with fake service failure messages “something went wrong” a new tactic these billionaires are doing to save even more money.","They’ve blocked access to customer service, with fake service failure messages “something went wrong” a new tactic these billionaires are doing to save even more money.",Silenceworm,27.13.2,2026-08-15T00:03:16Z,False,itunes_rss_mostRecent,False,False
7bb6b445d54997a45d3ada526a2439bd3e815bfe7a2660792859cbf2e6138259,14426397695,335187483,Amazon,gb,1,Try knock the door,"Every order every time just left on the front stair for everyone to see, your drivers never knock to see if anyone is home they just leave the package for anyone to come a take, and then run off like they can’t wait 20 secs, mad unprofessional to leave parcels in plain view for anyone to come steal your stuff","Every order every time just left on the front stair for everyone to see, your drivers never knock to see if anyone is home they just leave the package for anyone to come a take, and then run off like they can’t wait 20 secs, mad unprofessional to leave parcels in plain view for anyone to come steal your stuff",Bolt is the worse,27.13.2,2026-08-14T11:39:53Z,False,itunes_rss_mostRecent,False,False
cdd8cab26a3f7d7a2d9fa3ca1c269e58b3f85409cc6ed6997378b9fb12506885,14424007607,335187483,Amazon,gb,1,Awful,They just decided to ban me for absolutely no reason when I have been a customer for over 15 years!!!!,They just decided to ban me for absolutely no reason when I have been a customer for over 15 years!!!!,allnamesaretakenitisannoying,27.13.2,2026-08-13T20:06:20Z,False,itunes_rss_mostRecent,False,False
e41acfef500ec5f4b71268296578ab47a40dd3dfc363b47c36c7658e383f85ac,14422525120,335187483,Amazon,gb,3,I’m disappointed,"I like amazon but to be honest, I’m annoyed my daughter has a birthday party and we ordered the present 3 days before just to be careful it said it would arrive the next day. It didn’t then we waited the next day it said it would be arriving at 6:00 next thing we know it’s 6:30 then it’s 7:30 then it’s 9:00
then I was told the package has been delayed and it’s arriving today the day of the party the party stars at 5:30 and our package is arriving at 6:00 Amazon I’m just being honest you do NOT put the ‘p’ in ASAP.

And the stuff is poor quality it breaks easily and you have AI pictures for advertising I’ve been to yard  sales that have better quality stuff then you I’m disappointed really disappointed.","I like amazon but to be honest, I’m annoyed my daughter has a birthday party and we ordered the present 3 days before just to be careful it said it would arrive the next day. It didn’t then we waited the next day it said it would be arriving at 6:00 next thing we know it’s 6:30 then it’s 7:30 then it’s 9:00 
then I was told the package has been delayed and it’s arriving today the day of the party the party stars at 5:30 and our package is arriving at 6:00 Amazon I’m just being honest you do NOT put the ‘p’ in ASAP.

And the stuff is poor quality it breaks easily and you have AI pictures for advertising I’ve been to yard  sales that have better quality stuff then you I’m disappointed really disappointed.",kelvb77,27.13.2,2026-08-13T12:32:19Z,False,itunes_rss_mostRecent,False,False
812fa4b5d0e70debe498b2eb6d055e1de438f384a23b7d7c916bd6bc57daa82a,14422010482,335187483,Amazon,gb,1,Useless AI slop ‘customer service’,Useless AI slop ‘customer service’,Useless AI slop ‘customer service’,Juan Jose Chavez Valdez,27.13.2,2026-08-13T09:35:36Z,False,itunes_rss_mostRecent,False,False
e0cf5121edde779096aed9be354dcad4d5aff962763601930d364a841eec3a1c,14421449414,335187483,Amazon,gb,1,They don’t care about customers,"My order was delivered at wrong address, trying to contact through chat and call but I can’t , chat option is not working and if talk to agent they take 30 plus minutes to find out issue then they say they will call me after investigation but I never received any call still waiting. How this most famous app could be worst like this ? And they got 4.8 rating . Shame on You. Give me my refund.","My order was delivered at wrong address, trying to contact through chat and call but I can’t , chat option is not working and if talk to agent they take 30 plus minutes to find out issue then they say they will call me after investigation but I never received any call still waiting. How this most famous app could be worst like this ? And they got 4.8 rating . Shame on You. Give me my refund.",John’G,27.13.2,2026-08-13T05:46:30Z,False,itunes_rss_mostRecent,False,False
fab293b1497b57106d0d7ef3aac8d3bd71647a9349cd0ceac6c456de1e0fecb2,14420149403,335187483,Amazon,gb,1,Gone down hill,"Sadly Amazon has become over confident in relation to the grasp they think they have on uk shoppers - customer service is poor , the returns policy has been altered so much it’s now one of the least favourable uk websites for customer returns and the length of time it takes to get a refund and they haven’t done it to me but nothing would suprise me they haven’t introduced verification on some returns with a passport although acceptable proof I witnessed someone else’s get declined by Amazon even though only three months old and their other acceptable forms of ID are all referred to in US terminology and do not have uk equivalents unless your a non uk citizen and because he doesn’t have these non uk forms of iD and he doesn’t drive they have the products c back and won’t refund and when challenged end the call -l","Sadly Amazon has become over confident in relation to the grasp they think they have on uk shoppers - customer service is poor , the returns policy has been altered so much it’s now one of the least favourable uk websites for customer returns and the length of time it takes to get a refund and they haven’t done it to me but nothing would suprise me they haven’t introduced verification on some returns with a passport although acceptable proof I witnessed someone else’s get declined by Amazon even though only three months old and their other acceptable forms of ID are all referred to in US terminology and do not have uk equivalents unless your a non uk citizen and because he doesn’t have these non uk forms of iD and he doesn’t drive they have the products c back and won’t refund and when challenged end the call -l",tibs1969,27.13.2,2026-08-12T21:18:46Z,False,itunes_rss_mostRecent,False,False
594200c49df977479f03573d15fbba6a03dc6e1852ebfed6573611ec36b4d4d1,14420089925,335187483,Amazon,gb,3,Current Version is poor,Not a fan of the current version. Not as easy to navigate. Prime keeps turning off.,Not a fan of the current version. Not as easy to navigate. Prime keeps turning off.,CA9085,27.13.2,2026-08-12T20:57:08Z,False,itunes_rss_mostRecent,False,False
c7343899a2478202fccfbb94e9cf217b871816953aaf922a940ef7322a7812c9,14418886244,335187483,Amazon,gb,2,L,I bought a belt thing for one it was 8:99 so I bought 2 and only got one,I bought a belt thing for one it was 8:99 so I bought 2 and only got one,Lucy wallington,27.13.2,2026-08-12T14:31:19Z,False,itunes_rss_mostRecent,False,False
f1af5b9bd543c6c892790f58f896d4afe4a699dbd46e105850e18e708d68df03,14415380092,335187483,Amazon,gb,1,Account security,Hopeless. My uk account has been hacked by a user in USA. I can’t access my account and try getting in touch with customer services. No chance. should have dedicated line to speak to an employee.,Hopeless. My uk account has been hacked by a user in USA. I can’t access my account and try getting in touch with customer services. No chance. should have dedicated line to speak to an employee.,Wee Wi-Fi,27.13.2,2026-08-11T17:09:47Z,False,itunes_rss_mostRecent,False,False
04f8d822469f207089964361f30ab9430cb0806496919640001671a3eb519475,14411171181,335187483,Amazon,gb,1,Really bad update for age verification,I am now unable to buy bladed tools on Amazon due to their new age verification system. It requires a credit card to verify your age. Nothing else will do… I miss a nice sales on a Learherman multi tool because I couldn’t verify my age. Customer service is useless as well. The old system worked fine or offer an option to upload a valid ID.,I am now unable to buy bladed tools on Amazon due to their new age verification system. It requires a credit card to verify your age. Nothing else will do… I miss a nice sales on a Learherman multi tool because I couldn’t verify my age. Customer service is useless as well. The old system worked fine or offer an option to upload a valid ID.,Guillaume Ross,27.13.2,2026-08-10T16:33:54Z,False,itunes_rss_mostRecent,False,False
6a2c764ecf9533f02d75025fca96409162f83c396bc623778f3b79e725bb6282,14409247737,335187483,Amazon,gb,1,Continual nonsensical payment problems,"I’ve been buying stuff from Amazon for years without issue and while certain things such as security protocols etc evolve, I am now repeatedly encountering a very inconvenient and frustrating phenomenon.

I buy something successfully from Amazon

I return several weeks later to buy the exact same thing from same supplier using the same bank card which has adequate funds behind it, and is in date for the next two years.
Yet my item doesn’t arrive.

Worried, I go into Amazon to check on the order to find marked in red “PAYMENT REVISION NEEDED”
This is happening frequently now, and I’m not the only person either; others are finding this.

I’m becoming more and more dissatisfied with this utter bollox, and believe it’s time to stop relying on on Amazon which seems to be becoming a victim of its own success

Buy elsewhere when you can and ditch this app","I’ve been buying stuff from Amazon for years without issue and while certain things such as security protocols etc evolve, I am now repeatedly encountering a very inconvenient and frustrating phenomenon.

I buy something successfully from Amazon 

I return several weeks later to buy the exact same thing from same supplier using the same bank card which has adequate funds behind it, and is in date for the next two years.
Yet my item doesn’t arrive.

Worried, I go into Amazon to check on the order to find marked in red “PAYMENT REVISION NEEDED”
This is happening frequently now, and I’m not the only person either; others are finding this.

I’m becoming more and more dissatisfied with this utter bollox, and believe it’s time to stop relying on on Amazon which seems to be becoming a victim of its own success 

Buy elsewhere when you can and ditch this app",Herr Spray,27.13.2,2026-08-10T05:07:32Z,False,itunes_rss_mostRecent,False,False
4ae7f9f064a58b86d456c7221e85e8ab7178010464661965882a6f834efd4eee,14409020925,335187483,Amazon,gb,1,you will have ai,"forcing AI search into every single search might be one of the most self defeating thing i’ve ever seen a tech company do. they just made buying from amazon tedious over night.

if we needed AI to search for things amazon wouldn’t be in the position it’s in","forcing AI search into every single search might be one of the most self defeating thing i’ve ever seen a tech company do. they just made buying from amazon tedious over night. 

if we needed AI to search for things amazon wouldn’t be in the position it’s in",_Bast_,27.13.2,2026-08-10T03:28:07Z,False,itunes_rss_mostRecent,False,False
aef6d8d3f671a703065a6242d0067c2310ef33b6aed5c7fe58c90b322ec4ad95,14406111250,335187483,Amazon,gb,5,Jan xx Amazon you are amazing,"Love shopping with Amazon can always shop and get what l want at a very good price , l also have some products on subscription as well this helps with buying bulky items that l then don’t have to carry ( also you then get a small % off that all helps )
Whatever l want I go straight to my Amazon account and can always find it
Great delivery great product and any issues customer services are straight on it to correct t it for you …

what more can a customer ask for AMAZING","Love shopping with Amazon can always shop and get what l want at a very good price , l also have some products on subscription as well this helps with buying bulky items that l then don’t have to carry ( also you then get a small % off that all helps ) 
Whatever l want I go straight to my Amazon account and can always find it 
Great delivery great product and any issues customer services are straight on it to correct t it for you … 

what more can a customer ask for AMAZING",J Mcgillivray,27.13.2,2026-08-09T10:25:39Z,False,itunes_rss_mostRecent,False,False
8482001b47034671a864fe3d18fc6c0b78c1a9ab670fe2cd3a8a7e74de472ed8,14405785133,335187483,Amazon,gb,1,AI & Managing logins,"• I didn’t agree to the installation of Rufus AI.

• It shouldn’t be this difficult for a multi billion $/£ conglomerate to allow me to manage my logins.

• Yes, I am aware of the “Compromised account? Log out everywhere” setting. No, I don’t want to log out everywhere. I want to specifically log out of select devices, and Amazon has made this intentionally impossible.","• I didn’t agree to the installation of Rufus AI.

• It shouldn’t be this difficult for a multi billion $/£ conglomerate to allow me to manage my logins.

• Yes, I am aware of the “Compromised account? Log out everywhere” setting. No, I don’t want to log out everywhere. I want to specifically log out of select devices, and Amazon has made this intentionally impossible.",Nooniya Bisanees,27.13.2,2026-08-09T08:08:09Z,False,itunes_rss_mostRecent,False,False
7fb6b7de6b8a2a300eec62f5a3a7156f43189d7ee97c3bf3685c77b465ea056f,14404997129,335187483,Amazon,gb,1,Very hard to get a problem sorted,Ordered hay on 26th July and it’s now the 9th August and still haven’t received it. Try to contact seller and it takes you to some automated assistant then says it’s going to connect me but then takes me back to my orders! Why aren’t we able to just contact the seller directly like eBay and vinted do! I needed that hay for my rabbits and had to buy some from else where. I just either want a refund or my item. It really shouldn’t be that difficult to resolve a problem.,Ordered hay on 26th July and it’s now the 9th August and still haven’t received it. Try to contact seller and it takes you to some automated assistant then says it’s going to connect me but then takes me back to my orders! Why aren’t we able to just contact the seller directly like eBay and vinted do! I needed that hay for my rabbits and had to buy some from else where. I just either want a refund or my item. It really shouldn’t be that difficult to resolve a problem.,Tess_0705,27.13.2,2026-08-09T02:21:56Z,False,itunes_rss_mostRecent,False,False
6b733189d1c64b8bbed6b10d44780427b9196809daedbe97e980219d237c0b17,14403440431,335187483,Amazon,gb,1,Absolute garbage,Amazon itself is garbage / no customer service and when you do contact them they just back heel everything to the supposed seller. Any problems your left to your own devices,Amazon itself is garbage / no customer service and when you do contact them they just back heel everything to the supposed seller. Any problems your left to your own devices,Alan1980!,27.13.2,2026-08-08T16:32:50Z,False,itunes_rss_mostRecent,False,False
b34ddb978a17b613da599e73b8aa5711410b4856ef7fa78ece41d13d5f776e7a,14402393227,335187483,Amazon,gb,1,You can only shave if you have a credit card,I’m not keen on Amazon at the best of times but the fact you need a credit card as proof of age to order razor blades is absolutely stupid!,I’m not keen on Amazon at the best of times but the fact you need a credit card as proof of age to order razor blades is absolutely stupid!,Delroders,27.13.2,2026-08-08T11:00:44Z,False,itunes_rss_mostRecent,False,False
ae133e1f006fcdf91f9dbc68b142908c1ecc7963b11b9212b0a9fb5e8eedbb99,14399187980,335187483,Amazon,gb,1,To hard,So hard to log in,So hard to log in,Sienna 3478,27.13.0,2026-08-07T14:37:51Z,False,itunes_rss_mostRecent,False,False
cdc4d3a98681dba457268a158529e08cba7123fedc7d003929adee7ec9ae743d,14398421988,335187483,Amazon,gb,2,Purchase of Kindle e books,"I try to purchase ebooks for my kindle, but my Amazon App tells m  it does n ot support purchase of the books I want.","I try to purchase ebooks for my kindle, but my Amazon App tells m  it does n ot support purchase of the books I want.",Don. A.,27.13.0,2026-08-07T10:35:41Z,False,itunes_rss_mostRecent,False,False
f66accd4a9a79b76e910ba3aad35edab4b1f834938ca63498f97295c62484894,14397337662,335187483,Amazon,gb,2,Shipping price,Shipping price is wild. I pay £3 for an item and the shipping is £5. Am i the only one too woke for this,Shipping price is wild. I pay £3 for an item and the shipping is £5. Am i the only one too woke for this,ivvvvvvvliv,27.13.0,2026-08-07T02:57:47Z,False,itunes_rss_mostRecent,False,False
47975aa860726ad73a366b2651b9765625d60c2090e712fc6d880d85473f22bb,14396439506,335187483,Amazon,gb,5,Such wonderful choice.,"Always check out Amazon, when I see a product elsewhere.  Can guarantee delivery within days.","Always check out Amazon, when I see a product elsewhere.  Can guarantee delivery within days.",Tabitha the grey cat,27.13.0,2026-08-06T21:10:03Z,False,itunes_rss_mostRecent,False,False
6b5e34b6e57b4bcefa385e50f678f34b8c790f34a37bd4c68e512f15b279194f,14395782459,335187483,Amazon,gb,1,Difficult,Can’t find where to cancel my prime membership,Can’t find where to cancel my prime membership,Weebren,27.13.0,2026-08-06T17:25:10Z,False,itunes_rss_mostRecent,False,False
1d206ffaeb5222defec6fd904a2021cf746ed93123f239320a9a7f3ea6c5eac2,14392463064,335187483,Amazon,gb,3,Where’s Dark mode??,Where’s the dark mode option for my eyes!! I hate looking at this app knowing dark mode don’t exist for it and forced to look at that bright light mode!!! Please add it,Where’s the dark mode option for my eyes!! I hate looking at this app knowing dark mode don’t exist for it and forced to look at that bright light mode!!! Please add it,GrimReaper0519,27.13.0,2026-08-05T21:20:12Z,False,itunes_rss_mostRecent,False,False
8591d7f3b12a27d397490cdc0f587ced670687a73ef740bb0c58505fbdf4e263,14391607117,335187483,Amazon,gb,5,Awesome,Amazing App,Amazing App,Royale01,27.13.0,2026-08-05T16:35:14Z,False,itunes_rss_mostRecent,False,False
ba19b68aa341e2ebae70c96a7df2e92d36ae99e6b1501f4dcf3ae6a4da43bb67,14388413909,335187483,Amazon,gb,1,Terrible customer service,As a disabled customer my packages are often left abandoned outside where I can’t get them but thief’s can…. And do. Then it’s hard to get a refund as they make excuse after excuse often taking over a month to get back a refund.,As a disabled customer my packages are often left abandoned outside where I can’t get them but thief’s can…. And do. Then it’s hard to get a refund as they make excuse after excuse often taking over a month to get back a refund.,Kai283849:&3&3&,27.13.0,2026-08-04T21:30:53Z,False,itunes_rss_mostRecent,False,False
ec65ed7beae709bd67f5b5314af779cc698703355662c7e5d71853e544c7e6b8,14388061099,335187483,Amazon,gb,1,Drivers can’t follow simple instructions,Had to contact customer support multiple times if I’m on nights I schedule deliver for 7am-1pm for some reason it was delayed fair enough but they always leave it on my front step on a main road where people can see it instead of my back door which it says on my account and customer service even confirmed this,Had to contact customer support multiple times if I’m on nights I schedule deliver for 7am-1pm for some reason it was delayed fair enough but they always leave it on my front step on a main road where people can see it instead of my back door which it says on my account and customer service even confirmed this,bigdaddyscar,27.13.0,2026-08-04T19:26:44Z,False,itunes_rss_mostRecent,False,False
4f36760a8611ccf807671daaf8b216220b0b3cd834b5dd39e42eec1d51264370,14387836568,335187483,Amazon,gb,1,Awful,Just awful! Been going round in circles now for hours because my phone number has changed! Generic help/support! Can’t request a call or chat with anyone real?! Just absolutely ridiculous! Never known anything like this,Just awful! Been going round in circles now for hours because my phone number has changed! Generic help/support! Can’t request a call or chat with anyone real?! Just absolutely ridiculous! Never known anything like this,philswork,27.13.0,2026-08-04T18:13:26Z,False,itunes_rss_mostRecent,False,False
e381b333525f19db7b87a020ad6cbeeef7546f2856ac8efa1b2ce6bb6b9df826,14387766613,335187483,Amazon,gb,1,Amazon Italy disgraceful,"They could not make one simple delivery in 5 days and keep saying don't worry
I am going uk without collecting my item absolutely disgraceful","They could not make one simple delivery in 5 days and keep saying don't worry 
I am going uk without collecting my item absolutely disgraceful",acca24,27.13.0,2026-08-04T17:51:12Z,False,itunes_rss_mostRecent,False,False
4fe010aa6e134e5e47744360e4377ac28c6131456e7a739157dee3bb799c2a90,14386657362,335187483,Amazon,gb,1,Awful,"Prime is a rip off, you are now just paying so slightly less slow deliveries and the product quality is terrible.  Just buy elsewhere so you don’t have to do it multiple times","Prime is a rip off, you are now just paying so slightly less slow deliveries and the product quality is terrible.  Just buy elsewhere so you don’t have to do it multiple times",Tomtom240,27.13.0,2026-08-04T12:30:52Z,False,itunes_rss_mostRecent,False,False
dcf040714455733dd17eeae8f610b5bfa9e50fa46f95f84727619589f87f19be,14383990476,335187483,Amazon,gb,5,"⭐⭐⭐⭐⭐ Reliable, trustworthy, excellent service","I’ve used Amazon for years and they are consistently brilliant. They always keep their word, deliveries are clear and easy to track, and customer support is patient and helpful when I need it. As someone recovering from brain injuries with mobility challenges, the app is simple enough for me to navigate easily, and they’ve sorted refunds and issues fairly and quickly every time. Dependable, honest service I can trust completely — highly recommend to everyone!","I’ve used Amazon for years and they are consistently brilliant. They always keep their word, deliveries are clear and easy to track, and customer support is patient and helpful when I need it. As someone recovering from brain injuries with mobility challenges, the app is simple enough for me to navigate easily, and they’ve sorted refunds and issues fairly and quickly every time. Dependable, honest service I can trust completely — highly recommend to everyone!",Salam78666,27.13.0,2026-08-03T19:41:07Z,False,itunes_rss_mostRecent,False,False
50ede791ae4ba2af2bb7f8399e52c41953908a5fa8d099d7d5486061c2a08689,14382558811,335187483,Amazon,gb,1,"Declining, constant issues","Where the hell is my delivery? Critical items for today. All 4 now have been bumped to tomorrow AND they have removed any items that can be delivered today and no long a filter ‘get today’ in app. I dont like Amazon,  but order from them as they offer same day, or tommorow by x time. Yet again you have let me down. So, I have no cancelled the 4 items approximately £80 and now have to go to the shop (where it will be cheaper at least).","Where the hell is my delivery? Critical items for today. All 4 now have been bumped to tomorrow AND they have removed any items that can be delivered today and no long a filter ‘get today’ in app. I dont like Amazon,  but order from them as they offer same day, or tommorow by x time. Yet again you have let me down. So, I have no cancelled the 4 items approximately £80 and now have to go to the shop (where it will be cheaper at least).",19thCentury LeBe,27.13.0,2026-08-03T12:40:16Z,False,itunes_rss_mostRecent,False,False
fe938407c71a5b159a898e34c7156c1c547b8c9fc06852e22e27d7c3498d4bc4,14381867094,335187483,Amazon,gb,5,Orders list privacy,Please don’t put any ads in my order list because l believe that it’s belong to me,Please don’t put any ads in my order list because l believe that it’s belong to me,rumy 001,27.13.0,2026-08-03T08:35:03Z,False,itunes_rss_mostRecent,False,False
1dc5257c9d5023be4a58068de3dc68ed708eb3d3eb8ab91bac51258701db11e8,14378751155,335187483,Amazon,gb,1,Bad experience customer service and delivery,Very very bad experience customer service and delivery,Very very bad experience customer service and delivery,ABC5144,27.13.0,2026-08-02T13:51:46Z,False,itunes_rss_mostRecent,False,False
64fb5b85fb5c3aca9d4f4c7f14f6d8d5ec300902582256fc6b0114831d856bb4,14378203610,335187483,Amazon,gb,1,I was signed up to prime without my consent,"I was signed up to prime without my consent. Amazon are so pushy with prime now, they have ruined the customer experience","I was signed up to prime without my consent. Amazon are so pushy with prime now, they have ruined the customer experience",J'a iPhone,27.13.0,2026-08-02T10:52:07Z,False,itunes_rss_mostRecent,False,False
0ee6096b896826b98c5d538cd9e2594998f5d28d53b396306a6b6b35614aaa62,14377646249,335187483,Amazon,gb,1,Do I really need Amazon anymore?,"The app is buggy, always offering a free trial of prime but anytime I tap that it comes up with an error message.
I leave reviews but unless they are 5 star they do not get published- I get an email saying it does against their guidelines if it’s less than 5 stars.
I’ve returned 3 items in the last few months, all 3 were because they did not look like the picture. One of them it was a totally different thing. I’ve had a warning about misusing tbe return policy. So no, I don’t think I need Amazon any more. It used to be great but with the ever-growing presence of cheap knock-off products it’s really no longer worth it. It’s just Temu with faster delivery now.","The app is buggy, always offering a free trial of prime but anytime I tap that it comes up with an error message. 
I leave reviews but unless they are 5 star they do not get published- I get an email saying it does against their guidelines if it’s less than 5 stars. 
I’ve returned 3 items in the last few months, all 3 were because they did not look like the picture. One of them it was a totally different thing. I’ve had a warning about misusing tbe return policy. So no, I don’t think I need Amazon any more. It used to be great but with the ever-growing presence of cheap knock-off products it’s really no longer worth it. It’s just Temu with faster delivery now.",m4rk0101,27.13.0,2026-08-02T07:08:04Z,False,itunes_rss_mostRecent,False,False
fc40199070e5a242ef12aa3fceec901d474efb568a339fd71855ae1af546b73c,14375268517,335187483,Amazon,gb,2,Okay,"I bought some stray kids limo cards and they arrived the next day but…. Completely wrong cards, not even one box was the right one. Nothing like I ordered and I had to return them.","I bought some stray kids limo cards and they arrived the next day but…. Completely wrong cards, not even one box was the right one. Nothing like I ordered and I had to return them.",apersonwholikesanimals,27.13.0,2026-08-01T16:16:20Z,False,itunes_rss_mostRecent,False,False
65efe93c5a337947881ff0e3b79f777cb37a87b64b8b9dd1e59f7749b0d4cd73,14373712259,335187483,Amazon,gb,2,Image missing,I m facing this issue for more than a month. Image isn’t loading for any product I choose. At first I thought it was network issues. Later I realised it was problem based on the app. Kindly fix it,I m facing this issue for more than a month. Image isn’t loading for any product I choose. At first I thought it was network issues. Later I realised it was problem based on the app. Kindly fix it,AR55S,27.13.0,2026-08-01T07:45:11Z,False,itunes_rss_mostRecent,False,False
532f501dce4cab38af735665c9eda673680e5098e793f2a908e01a418413798d,14372094493,335187483,Amazon,gb,1,Keep crashing,Keeps crashing since the latest update and won’t let me tap on anything and I have to force close it.,Keeps crashing since the latest update and won’t let me tap on anything and I have to force close it.,lizzyjm,27.13.0,2026-07-31T21:12:40Z,False,itunes_rss_mostRecent,False,False
3e747957ef2aa635eb7622110db3eb07553a96984d250c353c091bfe085c7089,14371714306,335187483,Amazon,gb,1,amazon.it July 2026,"Siena, Italy — couriers in Italy have been really quite good until, now. It’s a harsh critique, I know. But, if I see improvements with delivery and following instructions, we’ll see stars back up to 5 — and, the excellence I’ve become accustomed to with every aspect that Amazon has to offer.","Siena, Italy — couriers in Italy have been really quite good until, now. It’s a harsh critique, I know. But, if I see improvements with delivery and following instructions, we’ll see stars back up to 5 — and, the excellence I’ve become accustomed to with every aspect that Amazon has to offer.",Troncelliti,27.13.0,2026-07-31T18:58:54Z,False,itunes_rss_mostRecent,False,False
d878eb0ec7c1aada071560f5e2f361c6d73b5e0f6f5008a754ce638a8275d39b,14371622806,335187483,Amazon,gb,1,I redeemed my gift card and I order a Funko pop and then it takes the money and then cancels the,Then the order got cancelled immediately to take my money WTF,Then the order got cancelled immediately to take my money WTF,Do not danlowd,27.13.0,2026-07-31T18:28:37Z,False,itunes_rss_mostRecent,False,False
3fa5ca53e9b643228091f546950dd342162bfb9fd3aca0aa4481d9909f8c85ed,14369942775,335187483,Amazon,gb,1,Impossible to get to customer services.,Impossible to get to customer services.,Impossible to get to customer services.,OneDartCurtain,27.13.0,2026-07-31T09:55:10Z,False,itunes_rss_mostRecent,False,False
af7ce8458e0cc37d4094b1228eab14d8abf6a05fe6cf0233b284bced3514cddc,14369865434,335187483,Amazon,gb,1,Wrong product description,"I’m disappointed with their service and their rules.
I ordered a laptop as a present which described as 90wh battery in fact was 56wh. Furthermore when I tried to leave true review about that they blocked it saying the review doesn’t match their communication guidelines, but I just wrote that the battery capacity doesn’t match the description of the product.

Regarding the app, it works well.","I’m disappointed with their service and their rules.
I ordered a laptop as a present which described as 90wh battery in fact was 56wh. Furthermore when I tried to leave true review about that they blocked it saying the review doesn’t match their communication guidelines, but I just wrote that the battery capacity doesn’t match the description of the product.

Regarding the app, it works well.",Герман1,27.13.0,2026-07-31T09:25:11Z,False,itunes_rss_mostRecent,False,False
6a96c51c73ee5a000ba2382e788d86ad26b28f4f79183ef6530f33470a7faeaa,14368140446,335187483,Amazon,gb,5,Amazon,Amazon is an good app and I can order from it what ever I want I recommend to all of the people who wants to buy something.,Amazon is an good app and I can order from it what ever I want I recommend to all of the people who wants to buy something.,Ideas of tatto,27.13.0,2026-07-30T22:02:28Z,False,itunes_rss_mostRecent,False,False
088c7655b1066cb75a5a0af5544fa10cc530ffc8626b13f38f4e755de41f8e03,14366724821,335187483,Amazon,gb,1,Rubbish,So bad the app is designed so bad even thought it has billions of revenue and it just is a hassle always getting cancelled even if u havw the money ordered stuff I needed desperately and kept getting asked to revise payment whatever that means,So bad the app is designed so bad even thought it has billions of revenue and it just is a hassle always getting cancelled even if u havw the money ordered stuff I needed desperately and kept getting asked to revise payment whatever that means,AMsaiyan,27.13.0,2026-07-30T14:28:39Z,False,itunes_rss_mostRecent,False,False
ae0e1b2069256323ef35b7366efc88d89b3e2c3e36be79769adf64455483e9cf,14366500127,335187483,Amazon,gb,1,What the heck lol,Why does it cost so much to post a fan like they are not evern heavy at all for it to be costing an extra 10 for posting must have children that are 5 doing this for you,Why does it cost so much to post a fan like they are not evern heavy at all for it to be costing an extra 10 for posting must have children that are 5 doing this for you,Ryanleebreak,27.13.0,2026-07-30T13:25:18Z,False,itunes_rss_mostRecent,False,False
650f8c90fb88ac7cf12775bdcbbe5018ff869fc4fde312e8481130b31f472d57,14361900222,335187483,Amazon,gb,1,Not impressed.,The app is great until something goes wrong then it’s like a mine field trying to find how to access customer services and get a straight answer with out going around in circles.,The app is great until something goes wrong then it’s like a mine field trying to find how to access customer services and get a straight answer with out going around in circles.,agentpallo,27.13.0,2026-07-29T10:24:09Z,False,itunes_rss_mostRecent,False,False
3faeaf0690fc0a739590643167e15974fa441d83031f4a1417aa91edfe0092e2,14355718476,335187483,Amazon,gb,1,Low quality of delivery as always,They easily lose packages and they won’t even notify you or apologize. No controls and no privacy for you since they do not have any idea where your packages are gone with your full address and name. Ridiculous,They easily lose packages and they won’t even notify you or apologize. No controls and no privacy for you since they do not have any idea where your packages are gone with your full address and name. Ridiculous,Ricky Ricky and Rickyyyy,27.13.0,2026-07-27T20:31:37Z,False,itunes_rss_mostRecent,False,False
7921658b2d3c163ccc0975d84abb0606b69987037ba9245c38877e0e77204c67,14355098905,335187483,Amazon,gb,5,The best of the best,To me it is a 5 star it helps you get stuff you need and sometimes give you a discount I use it all the time and won’t stop,To me it is a 5 star it helps you get stuff you need and sometimes give you a discount I use it all the time and won’t stop,Lucyloulou_20,27.13.0,2026-07-27T17:10:10Z,False,itunes_rss_mostRecent,False,False
f17c462ef46055290929ab5d7559288e2d81353eaf86a07070eac71824034444,14354682353,335187483,Amazon,gb,5,Perfect,It’s just perfect,It’s just perfect,JABSNOOP,27.13.0,2026-07-27T15:08:45Z,False,itunes_rss_mostRecent,False,False
19c581d7816193097a022f60926f70ff77f0dd668d3ae03c2a2c11a87f82c296,14353406095,335187483,Amazon,gb,5,Love this app,10000,10000,playgirlbeauty,27.13.0,2026-07-27T07:59:41Z,False,itunes_rss_mostRecent,False,False
ccc490e0c1856abc36f355744b3a58354c7f3a9c51d76e696f6738cd9334210c,14351907664,335187483,Amazon,gb,1,Needs dark mode,Needs dark mode,Needs dark mode,Bogh6878,27.13.0,2026-07-26T21:48:07Z,False,itunes_rss_mostRecent,False,False
e83f55c8916c811117c404d7fac723c090b4f8ba9062adcd912cf86cd28c096c,14350927447,335187483,Amazon,gb,1,Amazon Resale,"Don’t list things as very good quality and then when it’s delivered it is missing pieces, useless resellers.","Don’t list things as very good quality and then when it’s delivered it is missing pieces, useless resellers.",Lorzid,27.13.0,2026-07-26T16:17:27Z,False,itunes_rss_mostRecent,False,False
44869b53645e6f75e19ff58a9818449e7326710347932552123e53bb57b84e7b,14350781895,335187483,Amazon,gb,1,Scam,"Do not get Amazon prime. I have Amazon prime, my son doesn’t. Same item, seller (Amazon EU), no discount on either he could buy the item for £6.49, delivery 2 days, myself with Amazon prime, double the price and 10 days delivery. Checked other items he can buy them all cheaper with no delivery cost! Also customer service is rubbish!","Do not get Amazon prime. I have Amazon prime, my son doesn’t. Same item, seller (Amazon EU), no discount on either he could buy the item for £6.49, delivery 2 days, myself with Amazon prime, double the price and 10 days delivery. Checked other items he can buy them all cheaper with no delivery cost! Also customer service is rubbish!",Latchy75,27.13.0,2026-07-26T15:34:20Z,False,itunes_rss_mostRecent,False,False
ce5652ddd9d89c309daf73b655f9ac644737488d098b208ade51926d3b94e172,14349706736,335187483,Amazon,gb,1,Poor service,Amazon's service is generally ok until you actually need to deal with their customer support center. They just play games with you and mess you around as soon as an issue pops up.,Amazon's service is generally ok until you actually need to deal with their customer support center. They just play games with you and mess you around as soon as an issue pops up.,AliSeyedi,27.13.0,2026-07-26T09:41:48Z,False,itunes_rss_mostRecent,False,False
19fe2adf704c80c18d5d192c89b5d7d7ff98448c6a64e6b0ad83d506d3c194fc,14349662552,335187483,Amazon,gb,4,"Generally good, needs more order info",The app is generally good but Amazon really needs to make there sizing info more visible on the order history/subscribe and save. If you have two sizes/colours in there it’s almost impossible to work out which is which this would also be handy if you ordered something then worried did you order the right size.,The app is generally good but Amazon really needs to make there sizing info more visible on the order history/subscribe and save. If you have two sizes/colours in there it’s almost impossible to work out which is which this would also be handy if you ordered something then worried did you order the right size.,Trevrobwhite,27.13.0,2026-07-26T09:23:55Z,False,itunes_rss_mostRecent,False,False
7b99851fe0e7f75b9f07df1cff33798e80825117727609046790021b01c1a5ac,14344147915,335187483,Amazon,gb,5,Nyima,"Thanks for the headphones they are wonderful
Thanks","Thanks for the headphones they are wonderful 
Thanks",Nyimakuru,27.13.0,2026-07-24T22:27:53Z,False,itunes_rss_mostRecent,False,False
3772d6cd50121cbcbd46f38e67334101ad09b386f9467894301b4aff4869841f,14340964756,335187483,Amazon,gb,5,Shelly b,Brilliant just i. Time i bought more thank im glad  its a life saver thakyou so much wome up to see wheni,Brilliant just i. Time i bought more thank im glad  its a life saver thakyou so much wome up to see wheni,feleshab,27.13.0,2026-07-24T03:48:09Z,False,itunes_rss_mostRecent,False,False
84f9ad90fd6f28f67fda90a588928c1d02326eec1ca1bb91e61b47f4bab8c87e,14337460003,335187483,Amazon,gb,2,App is rubbish,"Amazon it self is good, but the app is 100% rubbish! Freezes, dies 30x an hour.","Amazon it self is good, but the app is 100% rubbish! Freezes, dies 30x an hour.",Guycfghhc,27.11.8,2026-07-23T07:39:59Z,False,itunes_rss_mostRecent,False,False
aa1f81402d4acd94c5726318f7fc765c60cf670103ed2da2b6e94031e337b0ef,14336204938,335187483,Amazon,gb,5,EEAJC@123,Amazon is the best app you get anything you want very easy,Amazon is the best app you get anything you want very easy,EEAJC@123,27.11.8,2026-07-22T23:22:26Z,False,itunes_rss_mostRecent,False,False
9cd0fa208f3a30ed2af02044968ad118ad08a7f2ba27f3eaad3812a60472adae,14335661392,335187483,Amazon,gb,5,Great service,Great shopping experience and it’s always easy to report any issues. The response is always quick.,Great shopping experience and it’s always easy to report any issues. The response is always quick.,Chantelle_m,27.11.8,2026-07-22T19:57:52Z,False,itunes_rss_mostRecent,False,False
ea5bedd4f2739c4d2b2700fa48f9b02c2d7a4e61202e3ed88875b4c5765c920f,14334946679,335187483,Amazon,gb,1,Returning products,Genuinely don’t know how to describe or explain my experience with returning products. So many other apps are so much better with return policies and stuff. This experience is the biggest reason on why i will delete this app. This app does not even deserve a star.,Genuinely don’t know how to describe or explain my experience with returning products. So many other apps are so much better with return policies and stuff. This experience is the biggest reason on why i will delete this app. This app does not even deserve a star.,R3D5-trappy,27.11.8,2026-07-22T16:09:13Z,False,itunes_rss_mostRecent,False,False
cbd1a7ff3eefc443ec24915b4b68675aae994665605292efb681c12b1a39d839,14334654239,335187483,Amazon,gb,5,I only put 5 stars so that you could see this!,"I bought a needoh gummy bear and I got scammed! Instead I got a racoda gummy bear! FAKE!!! I would advise you guys to buy from eBay,Shien and over stuff! Do not buy if you want to get scammed!
P.S. Other Needohs you might buy are also fakes!","I bought a needoh gummy bear and I got scammed! Instead I got a racoda gummy bear! FAKE!!! I would advise you guys to buy from eBay,Shien and over stuff! Do not buy if you want to get scammed!
P.S. Other Needohs you might buy are also fakes!",Aunonymous1,27.11.8,2026-07-22T14:46:23Z,False,itunes_rss_mostRecent,False,False
3c6b5f83ac0d640cbd8bb8e436084d9eb632abfa367cad70f3c85332dba3a526,14333492854,335187483,Amazon,gb,1,Items show as prime delivery but don’t arrive next day,"Pay for Amazon prime and chose the tab to select only items for next day delivery. All 5 last orders have been delayed, some saying up to a week for delivery! I’ve tried to cancel orders as they won’t arrive in time by hitting the cancel order button but none of the orders have been cancelled. I’ve now got to wait til they arrive and send them back. £80 out of pocket and I have to go searching today for replacement items when we leave today and pay extra for them too while waiting for my money back. The service has really gone downhill recently and you need to go through several layers in the app to find out how to return items!","Pay for Amazon prime and chose the tab to select only items for next day delivery. All 5 last orders have been delayed, some saying up to a week for delivery! I’ve tried to cancel orders as they won’t arrive in time by hitting the cancel order button but none of the orders have been cancelled. I’ve now got to wait til they arrive and send them back. £80 out of pocket and I have to go searching today for replacement items when we leave today and pay extra for them too while waiting for my money back. The service has really gone downhill recently and you need to go through several layers in the app to find out how to return items!",Bobruddy118,27.11.8,2026-07-22T08:15:08Z,False,itunes_rss_mostRecent,False,False
de2f124bed0b74874bc6a13df0eb2318524b4841e96672cc48aa1a298d512bcd,14332653356,335187483,Amazon,gb,4,Dark theme,"It’s a perfect app and easy to navigate, however the only downside to it is that it doesn’t have a dark theme. In the night I cannot use the app more then 10 minutes before my eyes hurt. Make a dark theme for it please!🙏 😳","It’s a perfect app and easy to navigate, however the only downside to it is that it doesn’t have a dark theme. In the night I cannot use the app more then 10 minutes before my eyes hurt. Make a dark theme for it please!🙏 😳",Keck28,27.11.8,2026-07-22T02:24:53Z,False,itunes_rss_mostRecent,False,False
78c0c24d5bfd03869a1024ed84b9dfdb7b8861bbda442004846a859a61da9088,14332250408,335187483,Amazon,gb,1,Amazon keeps getting things wrong,"I have been having issues with deliveries from Amazon app recently - last month Amazon delivered my order to wrong address, and this month they firstly lost one of my parcels and then sent me item in wrong size for my most recent purchase. No way to complain to anyone at Amazon - yes, I can ask for a refund but this is just waste of my time if things keep going wrong. I do not recommend this app at all.","I have been having issues with deliveries from Amazon app recently - last month Amazon delivered my order to wrong address, and this month they firstly lost one of my parcels and then sent me item in wrong size for my most recent purchase. No way to complain to anyone at Amazon - yes, I can ask for a refund but this is just waste of my time if things keep going wrong. I do not recommend this app at all.",mrkbst,27.11.8,2026-07-21T23:51:58Z,False,itunes_rss_mostRecent,False,False
880d4aaf71edd94405aadeff3994432e7a628a2532feb19ac1405a715fcfadd3,14332212367,335187483,Amazon,gb,5,Still the best,Always have something you need,Always have something you need,Sir Glen MBE,27.11.8,2026-07-21T23:36:53Z,False,itunes_rss_mostRecent,False,False
7524223f9228759a63510a0d11be7474e9c7c7eaf164414017335bec5e22fd17,14327922065,335187483,Amazon,gb,5,Easy to navigate,Easy to buy,Easy to buy,Totally annoying ads,27.11.8,2026-07-20T21:56:28Z,False,itunes_rss_mostRecent,False,False
0a6c71187208e434080393c79bfd2b9c9cd1a7d5b02f3e91ee9492599de0da65,14326548868,335187483,Amazon,gb,3,Age confirmation,"I wanted to purchase some Stanley blades . The app would not allow me to. Nor would it allow me to add my existing credit card . Hence my mediocre rating. I do NOT wish to have an Amazon Credit Card but wish to use my own personal card or my existing Debit Card. I am by the way soon to be 75 years old and can be trusted with sharp objects. When you have sorted this please let me know, I may continue to be a customer","I wanted to purchase some Stanley blades . The app would not allow me to. Nor would it allow me to add my existing credit card . Hence my mediocre rating. I do NOT wish to have an Amazon Credit Card but wish to use my own personal card or my existing Debit Card. I am by the way soon to be 75 years old and can be trusted with sharp objects. When you have sorted this please let me know, I may continue to be a customer",GazSasMat,27.11.8,2026-07-20T14:31:18Z,False,itunes_rss_mostRecent,False,False
ef6ccba8e71a4d7585c0dc23a3e58ed36292abdb3c8feb2b3a9e93b2b88de30a,14326256132,335187483,Amazon,gb,2,Age Verification Broken,"Trying to purchase razor blades and when I go to pay it’s asking for age verification, gone through all the loops and it stops me doing anything.  Obviously old enough and purchased many times before, deleted card, re-added it and verified through bank but then blocks it again.  All since last updates.","Trying to purchase razor blades and when I go to pay it’s asking for age verification, gone through all the loops and it stops me doing anything.  Obviously old enough and purchased many times before, deleted card, re-added it and verified through bank but then blocks it again.  All since last updates.",ScottyDog338,27.11.8,2026-07-20T13:05:55Z,False,itunes_rss_mostRecent,False,False
7fadb38d7cb7c0e2d1db67e4506e391b65dbe68c59895659e945cd38bd5be256,14325964763,335187483,Amazon,gb,5,Crystal clear options,Time after time I find all the information that is available to purchase any type of products. Nice images,Time after time I find all the information that is available to purchase any type of products. Nice images,Anton5659,27.11.8,2026-07-20T11:31:17Z,False,itunes_rss_mostRecent,False,False
8dfc8a2692a8a4144dea6f999ea8c74118c7f58cf0ded6839c3962d4e47bc924,14325722293,335187483,Amazon,gb,4,Easy,Best,Best,MittPaul,27.11.8,2026-07-20T09:59:54Z,False,itunes_rss_mostRecent,False,False
dc8eb22e82126ae2916dd86fc7f1ed907af6def5ced67ae1ba2221d6105d1093,14324838900,335187483,Amazon,gb,1,Needs dark mode,Needs dark mode,Needs dark mode,TwonKerADH,27.11.8,2026-07-20T03:37:45Z,False,itunes_rss_mostRecent,False,False
f948b0ed9bcd3e28864992473a3efb43601e581ee341deb06a045325b847725a,14323754244,335187483,Amazon,gb,1,Constant delays and items never being delivered.,"Use to love Amazon, been a customer of theirs forever. But I cancelled my membership with them today as the last 5 or 6 deliveries I’ve had have been nothing but problems. From delivery drivers being on personal calls while they ask me for my DOB for age restricted items (GDPR issue) to them doing inappropriate things on my video doorbell, or just simply not delivering packages or constantly delaying delivery I’ve paid a premium for. Amazon used to be a convenient company, now they give me heachaches. Calling to complain does nothing as they simply do not care. I’ll never shop with them again.","Use to love Amazon, been a customer of theirs forever. But I cancelled my membership with them today as the last 5 or 6 deliveries I’ve had have been nothing but problems. From delivery drivers being on personal calls while they ask me for my DOB for age restricted items (GDPR issue) to them doing inappropriate things on my video doorbell, or just simply not delivering packages or constantly delaying delivery I’ve paid a premium for. Amazon used to be a convenient company, now they give me heachaches. Calling to complain does nothing as they simply do not care. I’ll never shop with them again.",terribleseanny,27.11.8,2026-07-19T20:25:34Z,False,itunes_rss_mostRecent,False,False
dd54beb3fdb92d266fd0eb96a731ac12783012e1efd689b922978140c50f1181,14323053909,335187483,Amazon,gb,1,Yet again items are not delivered when saying it has.,"Amazon quality is dropping dramatically and it’s noticeable, lower quality items using delivery drivers that can’t read English and post it to other people. Long gone are the days Amazon was a reliable purchase. Waste of money and time.","Amazon quality is dropping dramatically and it’s noticeable, lower quality items using delivery drivers that can’t read English and post it to other people. Long gone are the days Amazon was a reliable purchase. Waste of money and time.",mmush111888222,27.11.8,2026-07-19T16:45:26Z,False,itunes_rss_mostRecent,False,False
f5b261821b81ef19d690fe202b1aaaec9ba9e67ffdf21c682edce6b12920417e,14322779066,335187483,Amazon,gb,5,Isjdsjjkske,Nendjkamnzn,Nendjkamnzn,Bsnsiosvzhao,27.11.8,2026-07-19T15:25:07Z,False,itunes_rss_mostRecent,False,False
9b297876a4d49c4979a3a256185a133170b7516d51ce0baf58f78ba2944bb014,14322515977,335187483,Amazon,gb,1,App regularly looses functionality,"Regularly, when searching for products the app will lose all ability to view a product page or apply filters. The app scrolls perfectly fine but is unusable as products cannot be viewed","Regularly, when searching for products the app will lose all ability to view a product page or apply filters. The app scrolls perfectly fine but is unusable as products cannot be viewed",Salindral,27.11.8,2026-07-19T14:10:25Z,False,itunes_rss_mostRecent,False,False
a9c583ce64549acba9017d0fc202c504c747d4d364b6a91ed2562c7c7dd4d806,14322060227,335187483,Amazon,gb,5,Essential,I live remotely unable to get out much because of health issues and without Amazon I would be unable to get what I need. Fantastic everyone should use them plus it supports our postal services so win win,I live remotely unable to get out much because of health issues and without Amazon I would be unable to get what I need. Fantastic everyone should use them plus it supports our postal services so win win,venlafaxine,27.11.8,2026-07-19T11:49:18Z,False,itunes_rss_mostRecent,False,False
b7acb5935d3d12e0339ea5070d52c9c76df741a81584e2e0e67c89ebbb3068e1,14321996632,335187483,Amazon,gb,1,Very poor,Ai slop with the inability to speak to anyone,Ai slop with the inability to speak to anyone,pjhartnett,27.11.8,2026-07-19T11:27:41Z,False,itunes_rss_mostRecent,False,False
ddc1256a0cc698bb92aa5967a9e4ca4fb9a7a1e65305cc9095d0ee2da3a3d52d,14321580746,335187483,Amazon,gb,1,amzon ricte,very Bad service 🙄,very Bad service 🙄,Amanbhahjajaj,27.11.8,2026-07-19T08:58:37Z,False,itunes_rss_mostRecent,False,False
ede9fbe0e01e9f37272a034b70268f2970784f6322f6d4a30fca6983f0ae5d19,14320525964,335187483,Amazon,gb,3,Need dark mode UI,"It’s very uncomfortable and sometimes disruptive at night to use the app for shopping due to the very bright GUI palette consisting of mainly white.
Please can we have a dark mode.","It’s very uncomfortable and sometimes disruptive at night to use the app for shopping due to the very bright GUI palette consisting of mainly white.
Please can we have a dark mode.",Theo Butters,27.11.8,2026-07-19T01:52:37Z,False,itunes_rss_mostRecent,False,False
4cd1d190ff4842388ead8e36ba717c42917f7afdc94ccc0df68f3f59c5f41c2e,14318936235,335187483,Amazon,gb,1,Hsr,"Locked out , gets email to say locked out . Email says login to get customer help. Can't login as account locked 🤷‍♂️","Locked out , gets email to say locked out . Email says login to get customer help. Can't login as account locked 🤷‍♂️",Harry_r,27.11.8,2026-07-18T16:22:13Z,False,itunes_rss_mostRecent,False,False
b6b8a3a36609da6a5c65046c741343ef808b8ef73d12248364cdf83f53c38fcd,14317592289,335187483,Amazon,gb,5,Best shopping app for busy moms!,"Forgotten costume day at school? Amazon will save you. Ripped all their school tights? Amazon. Last minute birthday present? Amazon. What’s not to love?! Easy to search, order, pay and excellent customer service and returns. As a mum who lives in the middle of nowhere, with limited local shops,I don’t know what I would do without the reliability of Amazon. Fab!","Forgotten costume day at school? Amazon will save you. Ripped all their school tights? Amazon. Last minute birthday present? Amazon. What’s not to love?! Easy to search, order, pay and excellent customer service and returns. As a mum who lives in the middle of nowhere, with limited local shops,I don’t know what I would do without the reliability of Amazon. Fab!",HGyenge,27.11.8,2026-07-18T09:10:32Z,False,itunes_rss_mostRecent,False,False
553fa027f04593e99169bc2676325007dcbb4c717bc250bbd4800ea1cf6ab1d3,14316095536,335187483,Amazon,gb,1,Poor service yet again,"Next day should mean next day, not”in two days”. No apologies, no reasons, just poor service again","Next day should mean next day, not”in two days”. No apologies, no reasons, just poor service again",fozzie260168,27.11.8,2026-07-17T23:13:55Z,False,itunes_rss_mostRecent,False,False
3add44fa9b4024e66d77d84acf2377a97b7c9141953b00dcc1db0a1576d9b216,14314661311,335187483,Amazon,gb,1,Delays,"Started automatically adding delays to delivery schedules. Moving delivery day to that which is most convenient to them rather than the one advertised.

I hate everything about this company.

Break up the monopolies.","Started automatically adding delays to delivery schedules. Moving delivery day to that which is most convenient to them rather than the one advertised. 

I hate everything about this company. 

Break up the monopolies.",n0shoe5,27.11.8,2026-07-17T15:14:28Z,False,itunes_rss_mostRecent,False,False
5eb5f00f24d39f6a44d609b2f4826f1d1d23c1bf1cb1fef5ddd3540fd7d9b542,14314165610,335187483,Amazon,gb,1,Sneaky app & website,Recurring monthly payments taken from my account and my daughter’s for no reason. As recently as yesterday I’ve been charged for Amazon Prime even though I’m already part of the Prime family. Have removed all saved cards from all accounts in my family. Very sneaky website. Beware folks ! Keep an eye on those bank statements- we never even knew for several months.,Recurring monthly payments taken from my account and my daughter’s for no reason. As recently as yesterday I’ve been charged for Amazon Prime even though I’m already part of the Prime family. Have removed all saved cards from all accounts in my family. Very sneaky website. Beware folks ! Keep an eye on those bank statements- we never even knew for several months.,GB123!!!,27.11.8,2026-07-17T12:55:59Z,False,itunes_rss_mostRecent,False,False
77b2ec3bc7e1b544ef32a96f6cc0966a6c10f9d32843860c7184e533391a85a2,14312493189,335187483,Amazon,gb,3,Dark mode?,Should have a dark mode for evening use,Should have a dark mode for evening use,Hhvjvvb,27.11.8,2026-07-17T02:16:55Z,False,itunes_rss_mostRecent,False,False
62642a875bf776bd501fc4f7ae9c128414f61a719cf5f10a5f24b3edaae210e0,14311285063,335187483,Amazon,gb,1,K,Leaves packages outside,Leaves packages outside,Youvtwurjf,27.11.8,2026-07-16T18:50:48Z,False,itunes_rss_mostRecent,False,False
d393103328431267e8c7c121a10deb2c80c1fba0ace7755affefc81ed74e455c,14310810366,335187483,Amazon,gb,4,Haul tab not sending me to Haul on iPad.,Now we have a tab on top left I finally thought to have a look. It only takes me to lots of info about haul but not the shop. Is it not up and running yet?,Now we have a tab on top left I finally thought to have a look. It only takes me to lots of info about haul but not the shop. Is it not up and running yet?,Stringbags,27.11.8,2026-07-16T16:21:55Z,False,itunes_rss_mostRecent,False,False
b0632df5397c906920b3c35d1d744397c2480d22d1ed6ec5f7c5902177d9c45f,14308754704,335187483,Amazon,gb,1,Bad in AE,"In UAE, they can’t really understand English and the “free returns” info is a lie. I contacted the customer service and they told me they’ll arrange a pickup but all they did was creating a label for me to ship at my own expense without any pickup.
The quick Amazon NOW is never as quick as advertised and half of the time they lie about it or don’t deliver at all. Once I got scammed by Amazon NOW and bank never cared to return my money. Delivery people just toss parcels regularly they also often arrive opened. I stop using it as often as I wanted to because it’s unreliable.","In UAE, they can’t really understand English and the “free returns” info is a lie. I contacted the customer service and they told me they’ll arrange a pickup but all they did was creating a label for me to ship at my own expense without any pickup.
The quick Amazon NOW is never as quick as advertised and half of the time they lie about it or don’t deliver at all. Once I got scammed by Amazon NOW and bank never cared to return my money. Delivery people just toss parcels regularly they also often arrive opened. I stop using it as often as I wanted to because it’s unreliable.",Xdigebej,27.11.8,2026-07-16T04:11:59Z,False,itunes_rss_mostRecent,False,False
f81d49e9063ee9a159643ea456cc2ffe3baf813eabea57479534ccb8f2193421,14306595992,335187483,Amazon,gb,4,Usually reliable,"Gave 4 stars as usually the app is well behaved and I use quite frequently, but occasionally the app fails to complete the requested search or a transaction which can be irritating. Sometimes not easy to find product info or details.","Gave 4 stars as usually the app is well behaved and I use quite frequently, but occasionally the app fails to complete the requested search or a transaction which can be irritating. Sometimes not easy to find product info or details.",LatexPumpkin,27.11.8,2026-07-15T15:28:52Z,False,itunes_rss_mostRecent,False,False
17f4eec7e4a735bee2e4062d219549bad79dac4612afaf984266d4de166181b3,14306222588,335187483,Amazon,gb,1,Amazon is a joke,I can’t access my account as it asks for whatsapp link or app link while I’m logged out. This is a joke. I can’t use SMS i nstead because the service is as trash as the agents. Bezos is a walking bold joke,I can’t access my account as it asks for whatsapp link or app link while I’m logged out. This is a joke. I can’t use SMS i nstead because the service is as trash as the agents. Bezos is a walking bold joke,Lobi99,27.11.8,2026-07-15T13:44:48Z,False,itunes_rss_mostRecent,False,False
60a6af49f1abafd10877e2a5daa676427bdee1e71e325dffa09a03188c9b2d2d,14305567954,335187483,Amazon,gb,5,Great Customer Service,"After bad experience with two agent , I’m really happy that I requested a phone call either customer service support tbh.","After bad experience with two agent , I’m really happy that I requested a phone call either customer service support tbh.",M0hamed S0liman,27.11.8,2026-07-15T10:13:27Z,False,itunes_rss_mostRecent,False,False
c202d591ea3289dd4506e2d54e1435a6676fcea1ac801ab2295785aa0b559066,14305296398,335187483,Amazon,gb,5,Easier on line,Free Returns,Free Returns,Meni AM,27.11.8,2026-07-15T08:24:21Z,False,itunes_rss_mostRecent,False,False
256f4c4f20c0479db0a61d9bd3606298a9a99dd68ed14b1f8044c8a71295cf7f,14303034522,335187483,Amazon,gb,3,First review worked fine,The second review never arrived for the other items,The second review never arrived for the other items,Libby the cat,27.11.8,2026-07-14T17:57:33Z,False,itunes_rss_mostRecent,False,False
8201dc72778d3feff1629e569e657e36e27945ad84c9496266de3e101fefb23f,14302677675,335187483,Amazon,gb,1,Poor,"Constant delays with delivery, poor updates and constant issues with products","Constant delays with delivery, poor updates and constant issues with products",evs hughes,27.11.8,2026-07-14T16:09:55Z,False,itunes_rss_mostRecent,False,False
3b2d9fb62b8d4ee2e90abc1ed64e6627157762e4a20bc9f6b3b0205e214bd7a2,14299683050,335187483,Amazon,gb,1,Why no dark mode it’s 2026!,Literally every other app has dark mode. Sort it out Amazon,Literally every other app has dark mode. Sort it out Amazon,iReviewBCB,27.11.8,2026-07-13T21:51:32Z,False,itunes_rss_mostRecent,False,False
b478da8bef8392c27b5a9a7306c7bdaf8980c033fe2e6fe0bbff9cd45e6ab04d,14295176723,335187483,Amazon,gb,1,Order return,Would love to know how it takes so long to return an order back to Amazon and I like to know why they didn’t give me a tracking code to track the order myself as that way I can see where it is as well as after all my money that Amazon owe me money back for the order that I returned to Amazon,Would love to know how it takes so long to return an order back to Amazon and I like to know why they didn’t give me a tracking code to track the order myself as that way I can see where it is as well as after all my money that Amazon owe me money back for the order that I returned to Amazon,Scottyt@65,27.11.8,2026-07-12T18:49:35Z,False,itunes_rss_mostRecent,False,False
28a13ad26ba39f50af92e0597b557c92d06747ef318e92f85c9710b7d1917878,14294715524,335187483,Amazon,gb,4,Good app but...,Just one small issue today there was a option to change country and I did it and now I can't change it back but overall quite good,Just one small issue today there was a option to change country and I did it and now I can't change it back but overall quite good,Djdveksjsbendjbsdnd,27.11.8,2026-07-12T16:22:01Z,False,itunes_rss_mostRecent,False,False
b0bec2342998cbd5899481ccc8e70edb584349ea6846b0a0aab050042ec364da,14294560711,335187483,Amazon,gb,5,Good value 🤞🏼,"Good size and just what l
Was looking for 👍🏼👍🏼","Good size and just what l 
Was looking for 👍🏼👍🏼",sliw roy,27.11.8,2026-07-12T15:35:45Z,False,itunes_rss_mostRecent,False,False
2fdcced69248915691e2d21f440fc653618cc33640ad77729741c570702504c9,14293797835,335187483,Amazon,gb,2,Amazon has become a gateway for Chinese only goods.,There used to be a mix of goods from local manufacturers. Now 97% of the goods are manufactured in China. Often these are masquerading as European goods with European branding. There is also no option to filter a search by Country of Manufacture even though that is an available attribute. May as well use Temu unless this is fixed.,There used to be a mix of goods from local manufacturers. Now 97% of the goods are manufactured in China. Often these are masquerading as European goods with European branding. There is also no option to filter a search by Country of Manufacture even though that is an available attribute. May as well use Temu unless this is fixed.,PapillonUK,27.11.8,2026-07-12T11:41:50Z,False,itunes_rss_mostRecent,False,False
1572bed8537695570b854d60fc809d5f135e283fa053e4ef23ebadfbcc3e48f4,14291395820,335187483,Amazon,gb,1,Awful app,So it won’t let you buy films for Amazon prime instead telling you sign online. When you sign online you can can if you have WhatsApp and nobody wants to trust that with any sign in detail.,So it won’t let you buy films for Amazon prime instead telling you sign online. When you sign online you can can if you have WhatsApp and nobody wants to trust that with any sign in detail.,Ally1938,27.11.8,2026-07-11T19:55:56Z,False,itunes_rss_mostRecent,False,False
a73f92398d44770becc8299e7cf9b11e3218c7c1efdffa1eea4424331787d629,14290108630,335187483,Amazon,gb,1,Mess,"Cancelled Prime membership.  Want to resubscribe, the app makes it impossible to do.","Cancelled Prime membership.  Want to resubscribe, the app makes it impossible to do.",Starlight7028146,27.11.8,2026-07-11T13:17:42Z,False,itunes_rss_mostRecent,False,False
6601b490e7bfa42a7608900d44b3b93eb0b5e92dd4055b0642ddee4b174f7dfc,14290085612,335187483,Amazon,gb,2,Too easy to hack,"First thing you know is when someone has spent 500 quid on your credit card. My card wasn’t hacked. My Amazon account was.
But that’s linked to my card of course.
Now I’ve got 20 irrelevant bits being delivered from China to my address. Some dodgy sellers I guess.
Then I’m dealing with customer service - joy of joys.","First thing you know is when someone has spent 500 quid on your credit card. My card wasn’t hacked. My Amazon account was.
But that’s linked to my card of course.
Now I’ve got 20 irrelevant bits being delivered from China to my address. Some dodgy sellers I guess.
Then I’m dealing with customer service - joy of joys.",Richtea42,27.11.8,2026-07-11T13:10:45Z,False,itunes_rss_mostRecent,False,False
b4ed67d900dd4e6364f9b25fdc5c41129c3c210475d5123d3484886e93b6f177,14289686806,335187483,Amazon,gb,1,Hose purchase,The fittings were not up to the job please send more robust products,The fittings were not up to the job please send more robust products,TimEpiskopi,27.11.8,2026-07-11T10:58:07Z,False,itunes_rss_mostRecent,False,False
96c717f0c70e5146ffa4aedf64e1bfbea939829cbd23f308fcafd5cddb1b8983,14289624865,335187483,Amazon,gb,5,To everyone,"The best place to get your order safe and fast , many platforms and Shoping apps I tried maybe they deliver once but not every time with Amazon every time perfect timing I received all my orders in good condition and good timing , trust the future is Amazon they never let me down. I get all my orders. This is why I have respect and I will never change the way I Shoping.","The best place to get your order safe and fast , many platforms and Shoping apps I tried maybe they deliver once but not every time with Amazon every time perfect timing I received all my orders in good condition and good timing , trust the future is Amazon they never let me down. I get all my orders. This is why I have respect and I will never change the way I Shoping.",hanterco,27.11.8,2026-07-11T10:35:00Z,False,itunes_rss_mostRecent,False,False
5d1bedebf913c0be67b33c88e45a224254becfe204f1755c07f7d8e62fa604bc,14287595005,335187483,Amazon,gb,1,Purchasing,I can’t buy a knife set with carry case even though I’m over the age of 18 and I have a bank card that proves that so I give amazon a 1 star review,I can’t buy a knife set with carry case even though I’m over the age of 18 and I have a bank card that proves that so I give amazon a 1 star review,liam widnall,27.11.8,2026-07-10T21:06:31Z,False,itunes_rss_mostRecent,False,False
3638827edc9c403932265c0aee6201a15ef68f993ddf04d1f4379d4cf4e5f0ef,14287280290,335187483,Amazon,gb,1,Subscribe and save,It asks you to add an item to subscribe and save but the only option is to pay now and have item the next day. It doesn’t give you the opportunity to add it my current monthly subscriptions list,It asks you to add an item to subscribe and save but the only option is to pay now and have item the next day. It doesn’t give you the opportunity to add it my current monthly subscriptions list,JaDav79,27.11.8,2026-07-10T19:16:22Z,False,itunes_rss_mostRecent,False,False
9bba6a8fb46b1093b24e51ccbb7eeccf47dbf7d8b30faf743c2b3844d3fc20bf,14287055055,335187483,Amazon,gb,5,The best app ever,I love this app because it has everything bags play stuff I just love it,I love this app because it has everything bags play stuff I just love it,+256701188509,27.11.8,2026-07-10T18:02:23Z,False,itunes_rss_mostRecent,False,False
a1fa71ef7f5e5a24f3013abdc74b5b35167b979df80a6938753dfe10084c9b3c,14286856614,335187483,Amazon,gb,5,Review about nails,I love these nails they are such good quality the delivering was really good it didn’t take long to get here excellent product and amazing quality I would buy again,I love these nails they are such good quality the delivering was really good it didn’t take long to get here excellent product and amazing quality I would buy again,Gms?,27.11.8,2026-07-10T16:59:49Z,False,itunes_rss_mostRecent,False,False
a8383eecead4e48d3d517235c8e50446e9e2ff2948059388c4c319850c606150,14285866563,335187483,Amazon,gb,2,It's 2026,Add dark mode you sickos. You can afford the dev work.,Add dark mode you sickos. You can afford the dev work.,Decnikov,27.11.8,2026-07-10T12:14:06Z,False,itunes_rss_mostRecent,False,False
a1034b12ccd90d0434a02f9b8236cd35d8eb2bc884bd81c8c621ad8e36e9e4e6,14285778358,335187483,Amazon,gb,5,Great,Amazing super handy,Amazing super handy,Fredsfabfishin,27.11.8,2026-07-10T11:45:55Z,False,itunes_rss_mostRecent,False,False
ec3d780b41bde3342fb589ece1e48522c2e44fb266b146c0ec82b4ba32bd463d,14285330239,335187483,Amazon,gb,3,Lack of Ability to Report Bugs Lets the Amazon App Down,"The Apple App version won’r actually let your users send a message when there us a problem with a delivered order. When every field on the form is used and regardless of whether an attachment (usually picture) is added or not. The SEND button remains greyed out. The only way to send a message to your seller is to use the browser. This seems like cite functionality but has not been fixed in several versions.
Please fix it and add a route for users to report bugs if you genuinely want to know about bugs and improve the app. The support options don’t provide this currently and having no choice but to  leave  information like this via an app review is clumsy. It gives the string impression you don’t care about your user’s experiance or quality of the app.","The Apple App version won’r actually let your users send a message when there us a problem with a delivered order. When every field on the form is used and regardless of whether an attachment (usually picture) is added or not. The SEND button remains greyed out. The only way to send a message to your seller is to use the browser. This seems like cite functionality but has not been fixed in several versions.
Please fix it and add a route for users to report bugs if you genuinely want to know about bugs and improve the app. The support options don’t provide this currently and having no choice but to  leave  information like this via an app review is clumsy. It gives the string impression you don’t care about your user’s experiance or quality of the app.",fiojam,27.11.8,2026-07-10T09:00:45Z,False,itunes_rss_mostRecent,False,False
310d0d40a4a32ed8c40f1fac0510ab6de0e6166a88c9fc9436adecb870f71c74,14283138812,335187483,Amazon,gb,5,I have a spending problem 😅😅😅,"I really enjoy Amazon and it usually always has what I either want or need and I’m very happy to have it as a shop browser, whoever made it is an absolute genius 👍🏻👍🏻👍🏻","I really enjoy Amazon and it usually always has what I either want or need and I’m very happy to have it as a shop browser, whoever made it is an absolute genius 👍🏻👍🏻👍🏻",Mich51721,27.11.8,2026-07-09T18:50:08Z,False,itunes_rss_mostRecent,False,False
516528c0514a25a59777b112c09b55536e4b8715ae68eca8d08de437354e63ac,14282951053,335187483,Amazon,gb,1,Won’t let me write a review,"Terrible, how can I inform other buyers of bad products, Amazon should be ashamed of themselves.","Terrible, how can I inform other buyers of bad products, Amazon should be ashamed of themselves.",Davidcoulthard,27.11.2,2026-07-09T17:49:45Z,False,itunes_rss_mostRecent,False,False
1ffcdd4aa3aa7f4b08ac1667e3359aee94d6824ba72f61315b4eb77f55af663f,14278070320,335187483,Amazon,gb,5,Order,Perfect.,Perfect.,JM1323.,27.11.2,2026-07-08T13:41:54Z,False,itunes_rss_mostRecent,False,False
4b9c82797a0c6a69bad5ae4f943da998e02221614e2dfb3f51cf4e13ad3204c2,14277422561,335187483,Amazon,gb,1,Amazon want me edit my review,Disgrace that Amazon want me to edit and resubmit my  review like why? It’s free speech so I can say how I want about my product on Amazon cos you send me wrong product of colour so yeah I say something on review. If you don’t like then that your problem. STOP ASK ME EDIT and RESUBMIT MY REVIEW!!!! I WONT RESUBMIT!!! I say how I feel on review and you do not dare ask me edit and resubmit. Free speech isn’t illegal!,Disgrace that Amazon want me to edit and resubmit my  review like why? It’s free speech so I can say how I want about my product on Amazon cos you send me wrong product of colour so yeah I say something on review. If you don’t like then that your problem. STOP ASK ME EDIT and RESUBMIT MY REVIEW!!!! I WONT RESUBMIT!!! I say how I feel on review and you do not dare ask me edit and resubmit. Free speech isn’t illegal!,Frolova12234,27.11.2,2026-07-08T10:08:02Z,False,itunes_rss_mostRecent,False,False
52e83d4f46837921c09e60c5dc755490de315928af9f4dbf1dd5939ed3864c48,14277005900,335187483,Amazon,gb,1,Awful,Hands down the worst app I’ve ever used,Hands down the worst app I’ve ever used,Jeffersbbkc,27.11.2,2026-07-08T07:10:41Z,False,itunes_rss_mostRecent,False,False
b041bc8c676ddfbbecdeb61aec90496913fed9d31af4bf8586f959d730071b3c,14275253851,335187483,Amazon,gb,1,Very bad. I cancelled an order but item remained in the basket,Cancel an order but item remained in the order so I received two of same items by mistake when I returned to purchase the item.,Cancel an order but item remained in the order so I received two of same items by mistake when I returned to purchase the item.,MagicJumpingBeans,27.11.2,2026-07-07T19:41:05Z,False,itunes_rss_mostRecent,False,False
76beb931c6db19a4c019cd52b58db5e1c2d0468a5d1dff3607413f7134d83cf9,14275074105,335187483,Amazon,gb,1,Robbers,Delivery is like “posted thru letterbox” for big parcels. Impossible to fit thru letterbox…. Liars….,Delivery is like “posted thru letterbox” for big parcels. Impossible to fit thru letterbox…. Liars….,elPlegue,27.11.2,2026-07-07T18:41:07Z,False,itunes_rss_mostRecent,False,False
c4fad792cb7132e3a5affd03795978516f13880df8a170e81f7eae0201d902cc,14274721600,335187483,Amazon,gb,3,Cannot change payment method,This app is a bit annoying as there’s no order confirmation and I can’t update the payment method as i wanted to use another card.,This app is a bit annoying as there’s no order confirmation and I can’t update the payment method as i wanted to use another card.,Ramel24,27.11.2,2026-07-07T16:49:15Z,False,itunes_rss_mostRecent,False,False
26339fd23fd75e98219c1f72b9a4bd8f9d4585d07105e846c7880f256a3776bd,14273884858,335187483,Amazon,gb,1,Useless Drivers,"Yea Amazon has a lot of wonderful products and basically most things you need, especially something specific in certain situations, like maybe a USB Plug to USB-C, a certain type of screw, or a last minute perfect gift, or hell some tech that might be sold out everywhere you go, I spent a lot on Amazon and despite my issues with the company as a whole, I can’t deny the offerings are good

But what I got a problem with is their delivery drivers, for 4 times in a row, despite reporting them, telling precise instructions to tell them to leave my parcels in a safe spot, it’s just dumped right infront of my door for everyone to see and anyone to steal, and customer support just doesn’t work, I either get left on read, or the service refuses to load.

If you use Amazon, just pray you have a good driver, otherwise have fun being stressed with missing parcels!","Yea Amazon has a lot of wonderful products and basically most things you need, especially something specific in certain situations, like maybe a USB Plug to USB-C, a certain type of screw, or a last minute perfect gift, or hell some tech that might be sold out everywhere you go, I spent a lot on Amazon and despite my issues with the company as a whole, I can’t deny the offerings are good

But what I got a problem with is their delivery drivers, for 4 times in a row, despite reporting them, telling precise instructions to tell them to leave my parcels in a safe spot, it’s just dumped right infront of my door for everyone to see and anyone to steal, and customer support just doesn’t work, I either get left on read, or the service refuses to load.

If you use Amazon, just pray you have a good driver, otherwise have fun being stressed with missing parcels!",KingKappaKuzenbo,27.11.2,2026-07-07T12:49:45Z,False,itunes_rss_mostRecent,False,False
a0daf1ea37fe5f8a673d0431bc026ed42115d88e98b8090af481b52197b37505,14271700635,335187483,Amazon,gb,1,3 delivery day promises and nothing,"Customer service lied to me 3 times. Delivery never dispatched.
Awaiting recordings of phone conversations from Amazon to take my complaint further. Disgraceful the way I was treated.","Customer service lied to me 3 times. Delivery never dispatched.
Awaiting recordings of phone conversations from Amazon to take my complaint further. Disgraceful the way I was treated.",chaud72,27.11.2,2026-07-06T22:28:39Z,False,itunes_rss_mostRecent,False,False
d1740432694644893cd75d914d7979d6800846d379185406eebaf262f3f13186,14266646558,335187483,Amazon,gb,5,The best and fair,It is fine prices and good things. sooo in handy,It is fine prices and good things. sooo in handy,My singing monsters dof,27.11.2,2026-07-05T16:37:05Z,False,itunes_rss_mostRecent,False,False
4eff8027f44938c2f9ba2ab57102dd71962077e6978c80fcef909ca8c3a5fb88,14265524273,335187483,Amazon,gb,1,Don’t know why I keep joining back,"1 out of 5 of my orders with Amazon always goes missing or the team are practically useless… they cannot contact the depot and only see what I see on my tracking…

Most of the carriers are rude or they steal your parcel claiming they’ve handed it to me 3 minutes before 10pm whilst they had 8 deliveries before me left..

Joke company and not serious","1 out of 5 of my orders with Amazon always goes missing or the team are practically useless… they cannot contact the depot and only see what I see on my tracking… 

Most of the carriers are rude or they steal your parcel claiming they’ve handed it to me 3 minutes before 10pm whilst they had 8 deliveries before me left..

Joke company and not serious",Ryujikurosaki,27.11.2,2026-07-05T10:50:57Z,False,itunes_rss_mostRecent,False,False
bd0050e32c9b3c582d81892e8ce0f26fbdd377fffb2b0c94e956dad05dfd1d9b,14265114835,335187483,Amazon,gb,1,Prime,"You are liars and cheats, I have to endure you stupid adds and your adverts for other paying channels when your own service has nothing but badly made tv shows and rubbish movies . I think you are heading to your end and I’m not surprised , when you start abusing your premium customer .. you’ve got nothing left","You are liars and cheats, I have to endure you stupid adds and your adverts for other paying channels when your own service has nothing but badly made tv shows and rubbish movies . I think you are heading to your end and I’m not surprised , when you start abusing your premium customer .. you’ve got nothing left",Mis bubbles,27.11.2,2026-07-05T08:09:53Z,False,itunes_rss_mostRecent,False,False
5067723b417622913e05d6ee14a7a30121e04b36e1a6c4dfabca4cc7b56f641e,14261481987,335187483,Amazon,gb,3,Very irritating!,"Log in via Whats App - don’t have it, don’t want, never want i!. I have a passkey set up on my iPhone for secure access - which pointless - still asked to verify login and using texted via Whats App and texted code option never works - always too many codes requested, try again later! Stop pushing Whats App and sort the passkey / texted code access out!","Log in via Whats App - don’t have it, don’t want, never want i!. I have a passkey set up on my iPhone for secure access - which pointless - still asked to verify login and using texted via Whats App and texted code option never works - always too many codes requested, try again later! Stop pushing Whats App and sort the passkey / texted code access out!",63don,27.11.2,2026-07-04T10:08:10Z,False,itunes_rss_mostRecent,False,False
19b4ba57615449177abac768b3bcbf013e18ac99fefffb13167fac0340ba8ba9,14259244945,335187483,Amazon,gb,2,Good but bad,So I went to go by a set of nails they was £4.42 I spent it my card got declined so then they still took that money out,So I went to go by a set of nails they was £4.42 I spent it my card got declined so then they still took that money out,poppy🍄,27.11.2,2026-07-03T19:43:25Z,False,itunes_rss_mostRecent,False,False
3c34130b242862926686680ea3c16b0d728f7b5f756589474ee79fd2322c1838,14258833108,335187483,Amazon,gb,5,Comment,Your returns procedure is brilliant. I dabbled with Temu for a short time but stopped because of their laborious returns. So much hassle I gave up. So back to Amazon.,Your returns procedure is brilliant. I dabbled with Temu for a short time but stopped because of their laborious returns. So much hassle I gave up. So back to Amazon.,Golden Cap,27.11.2,2026-07-03T17:31:40Z,False,itunes_rss_mostRecent,False,False
b5c9a4cde8c70660ff99769bfa8d95c6af5ca5cc8041edcc7b8d25d33680541c,14257061523,335187483,Amazon,gb,4,Good app,Good app but I would like to request a feature request - when viewing orders - it should show the price you paid along the right hand side.  It’s currently very difficult to check monthly spend.,Good app but I would like to request a feature request - when viewing orders - it should show the price you paid along the right hand side.  It’s currently very difficult to check monthly spend.,Mahb,27.11.2,2026-07-03T08:23:14Z,False,itunes_rss_mostRecent,False,False
1481cf93db35c6ce4560906e25341b1175ecefba459f099d179586e5760a36da,14257010980,335187483,Amazon,gb,1,Unsuitable delivery drivers,"On 03/07/2026 at approximately 7:30 a.m., an Amazon delivery driver, a woman who appeared to be around 35–45 years old, came to deliver a parcel. She knocked on the door, rang the doorbell, and then attempted to open my front door by pressing the door handle.

After waiting for only around 15 seconds without receiving an answer, she left the parcel and walked away. When I came outside and asked why she had tried to open my door, she was unable to explain herself, as she appeared to have very limited English. Instead of responding, she quickly got into her vehicle and drove away.

I find this behaviour concerning. I would like to understand what screening and training Amazon provides for its delivery drivers, as attempting to open a customer's front door is not what I would expect from someone delivering a parcel. The driver's actions made me feel uncomfortable and raised concerns about customer safety and professionalism.","On 03/07/2026 at approximately 7:30 a.m., an Amazon delivery driver, a woman who appeared to be around 35–45 years old, came to deliver a parcel. She knocked on the door, rang the doorbell, and then attempted to open my front door by pressing the door handle.

After waiting for only around 15 seconds without receiving an answer, she left the parcel and walked away. When I came outside and asked why she had tried to open my door, she was unable to explain herself, as she appeared to have very limited English. Instead of responding, she quickly got into her vehicle and drove away.

I find this behaviour concerning. I would like to understand what screening and training Amazon provides for its delivery drivers, as attempting to open a customer's front door is not what I would expect from someone delivering a parcel. The driver's actions made me feel uncomfortable and raised concerns about customer safety and professionalism.",$u$peciou$,27.11.2,2026-07-03T08:02:40Z,False,itunes_rss_mostRecent,False,False
510428649c743890992818a62c92ffb492cb22165d49375c74f57fec4fa78a88,14255321400,335187483,Amazon,gb,1,Scam,It takes your money and can scam you,It takes your money and can scam you,usernamenolia,27.11.2,2026-07-02T21:16:11Z,False,itunes_rss_mostRecent,False,False
ab31295d493ee28fbfb636beb667f93cb3047422a19825dc35b75f5bb40a2833,14255233028,335187483,Amazon,gb,3,Dark mode,"It’s 2026 where’s the dark mode?

Also time to remove the fake products.","It’s 2026 where’s the dark mode?

Also time to remove the fake products.",OnionsAndMash,27.11.2,2026-07-02T20:45:00Z,False,itunes_rss_mostRecent,False,False
a37c744a31887c0b93bec86d0e7b8967cd9185b4d2824cea2714c5e6e7e0692c,14253622605,335187483,Amazon,gb,1,Not the same,"Amazon has been great for the last few years. I couldn’t recommend them enough. This past year, they no longer knock on doors, ring door bells, send a message….just throw your package on the doorstep and drive off. I’ve had several parcels go missing now, some I wasn’t even aware of them being outside cos no one knocked on the door, and no message was sent, and just today they got my package completely wrong. LUCKILY it was delivered to a neighbour down the road while I was given there’s…idk what’s happened within Amazon within this past year, but the delivery side of the service lately is absolutely shocking.","Amazon has been great for the last few years. I couldn’t recommend them enough. This past year, they no longer knock on doors, ring door bells, send a message….just throw your package on the doorstep and drive off. I’ve had several parcels go missing now, some I wasn’t even aware of them being outside cos no one knocked on the door, and no message was sent, and just today they got my package completely wrong. LUCKILY it was delivered to a neighbour down the road while I was given there’s…idk what’s happened within Amazon within this past year, but the delivery side of the service lately is absolutely shocking.",~~Sin~~,27.11.2,2026-07-02T12:56:38Z,False,itunes_rss_mostRecent,False,False
5d1b5724a505a231b5835dd4a4a876c430a069d8e46f163fc2481ddda4d32dbd,14252696714,335187483,Amazon,gb,1,Rediculous delivery charge,"£35 now to get free delivery, so it defaults to £4.99 next day delivery. A few quid for longer delivery is understandable but £4.99 delivery is a joke. Adding that the last delivery I had of a small fridge I requested was left at my door and they dumped it downstairs. Why should we mandatorily pay delivery charge for you to dump our deliveries where they could be stolen.","£35 now to get free delivery, so it defaults to £4.99 next day delivery. A few quid for longer delivery is understandable but £4.99 delivery is a joke. Adding that the last delivery I had of a small fridge I requested was left at my door and they dumped it downstairs. Why should we mandatorily pay delivery charge for you to dump our deliveries where they could be stolen.",teej133,27.11.2,2026-07-02T07:31:54Z,False,itunes_rss_mostRecent,False,False
649d4721653a4e50b76a4ac2ed1a7b39bbc53878b0b7d710d3e483ebc786ae07,14252014595,335187483,Amazon,gb,2,Why so many items unavailable/ out of stock - search engine got horrible,"I am uncertain if it's other selling platforms flooding Amazon with unavailable or out of stock items. Or ai implementation...

Since a few months shopping or searching for an item to purchase got very unpleasant and annoying. I've been prime for a decade + in UK and never had issues.

Customer service is always effective and delivery are relatively according to ETA. Never had damage items. I always prefer purchasing expensive items through Amazon rather than with official providers as you provide more efficient support even within legal manufacturers warranty.

Whoever convinced you that you could cut costs / change the way we navigate the Amazon platform made a mistake. It's a nightmare to find basic items. Please can this be improved. Not only a lot of people have boycotted Amazon. I find myself shopping more elsewhere not because of price but because it's user experience friendly and item you search for come according to search not promoted unrelated or out of stock items.

Also only the option to show out of stock items is there and you cannot unselect it.

I begggg improve for the sake of us shoppers

Thank you","I am uncertain if it's other selling platforms flooding Amazon with unavailable or out of stock items. Or ai implementation...

Since a few months shopping or searching for an item to purchase got very unpleasant and annoying. I've been prime for a decade + in UK and never had issues. 

Customer service is always effective and delivery are relatively according to ETA. Never had damage items. I always prefer purchasing expensive items through Amazon rather than with official providers as you provide more efficient support even within legal manufacturers warranty. 

Whoever convinced you that you could cut costs / change the way we navigate the Amazon platform made a mistake. It's a nightmare to find basic items. Please can this be improved. Not only a lot of people have boycotted Amazon. I find myself shopping more elsewhere not because of price but because it's user experience friendly and item you search for come according to search not promoted unrelated or out of stock items. 
 
Also only the option to show out of stock items is there and you cannot unselect it. 

I begggg improve for the sake of us shoppers 

Thank you",JustineNSib,27.11.2,2026-07-02T03:01:40Z,False,itunes_rss_mostRecent,False,False
4441582225ee10600fdea046fda6297c219844286c5d97216a0b3af58d56f8d1,14251353931,335187483,Amazon,gb,1,Keeps on crashing,Apps keep on crashing every 15 mins of shopping very annoying!!!,Apps keep on crashing every 15 mins of shopping very annoying!!!,the reviewer 771,27.11.2,2026-07-01T23:00:22Z,False,itunes_rss_mostRecent,False,False
0437bc37c785dec3357d216f54e47c2c28130929f6740a7733ae654a1761254b,14250570535,335187483,Amazon,gb,3,Katsye album,The album was on £24 for one day and now it’s £26,The album was on £24 for one day and now it’s £26,Anna banana💗,27.11.2,2026-07-01T18:29:10Z,False,itunes_rss_mostRecent,False,False
46a447af391f408953df22ac4b01c2fd7f4ad48221c824ebc52917102f9f7bdc,14250109510,335187483,Amazon,gb,1,Required credit card,Can’t order needed items because I don’t own or want a credit card and you have to add one for certain over 18 products as a debit card doesn’t work anymore.,Can’t order needed items because I don’t own or want a credit card and you have to add one for certain over 18 products as a debit card doesn’t work anymore.,CBow2000,27.11.2,2026-07-01T16:14:23Z,False,itunes_rss_mostRecent,False,False
a6337463ff0f5944b4aefe3a9de2e5661744eebe43a7304bb7c3026311b4588a,14250015449,335187483,Amazon,gb,1,Pointless,"For ages now, none of my orders are showing up in the app. I’ve deleted, reinstalled, signed in, signed out. It’s useless and I’ve just deleted it.","For ages now, none of my orders are showing up in the app. I’ve deleted, reinstalled, signed in, signed out. It’s useless and I’ve just deleted it.",Lallenuk,27.11.2,2026-07-01T15:48:45Z,False,itunes_rss_mostRecent,False,False
01d87bc5848b7da9d31848c4d36c987de1f3e30a9da3bab1e69863f9cf1fe176,14246966985,335187483,Amazon,gb,1,Downhill,They have removed the options to call or chat to real people. Can’t sort refunds or returns anymore!,They have removed the options to call or chat to real people. Can’t sort refunds or returns anymore!,glitchrebu,27.11.2,2026-06-30T22:30:31Z,False,itunes_rss_mostRecent,False,False
832e519c377a248cda896d1f55d05b3db373aad02de39f2fda908a6e4e71a192,14246652459,335187483,Amazon,gb,4,Disappointed,I am well cheesed off that I cannot find my browsing history anywhere on the app the last few updates.,I am well cheesed off that I cannot find my browsing history anywhere on the app the last few updates.,dontfly,27.11.2,2026-06-30T20:39:50Z,False,itunes_rss_mostRecent,False,False
a021772fea086faabe86743048553435714a7058d0406253e59fd0679693683a,14245934118,335187483,Amazon,gb,1,Failure to deliver in time window,"So, I have quite clearly stated in my delivery instructions that deliveries must be between 8am and 4pm Mon to Fri at my works address. Today they tried to deliver at 5:30pm (been out for delivery since 10:38am) and works was closed. Driver has said I rejected item (strange as no one thereto reject) and parcel has been cancelled and returned for a refund!!! WHY NOT TRY AND DELIVER ITEM IN THE CORRECT TIME WINDOW THE FOLLOWING DAY!!! Useless","So, I have quite clearly stated in my delivery instructions that deliveries must be between 8am and 4pm Mon to Fri at my works address. Today they tried to deliver at 5:30pm (been out for delivery since 10:38am) and works was closed. Driver has said I rejected item (strange as no one thereto reject) and parcel has been cancelled and returned for a refund!!! WHY NOT TRY AND DELIVER ITEM IN THE CORRECT TIME WINDOW THE FOLLOWING DAY!!! Useless",WTF Disappointed Again,27.11.2,2026-06-30T16:59:24Z,False,itunes_rss_mostRecent,False,False
d0f1ba07047c81dc6962cdd92e60096b564f5a76acb4877ec53e4697259a915c,14245874929,335187483,Amazon,gb,5,Buying an your finger tips,I do like the fact that I can get what I want the next day and the reviews help make up your mind on an item,I do like the fact that I can get what I want the next day and the reviews help make up your mind on an item,love 180,27.11.2,2026-06-30T16:43:12Z,False,itunes_rss_mostRecent,False,False
c24deee5b18824b3db66c7467d900b4da9f378d19bcff6cd2881801e9854a01b,14245196984,335187483,Amazon,gb,1,Why,All I asked for was an anime lunchbox. Didn’t get one,All I asked for was an anime lunchbox. Didn’t get one,Cream Cookie_123,27.11.2,2026-06-30T13:47:18Z,False,itunes_rss_mostRecent,False,False
51c6893b594f33a736a1c72602ca4e364be6198b38d731e774437bf728bc467e,14244898885,335187483,Amazon,gb,1,What happened to the Message Centre?,"For example, there is no way of finding Seller Messages through the app.","For example, there is no way of finding Seller Messages through the app.",Snapparazzi,27.11.2,2026-06-30T12:27:44Z,False,itunes_rss_mostRecent,False,False
423706ed536e046af558c3055be455839fb0bc768e672af078b9a50ca53f954f,14237698931,335187483,Amazon,gb,1,Search awful,Search function is absolutely awful even if you put the exact product name in it prioritises items not related to search,Search function is absolutely awful even if you put the exact product name in it prioritises items not related to search,DBdbdb1984,27.11.2,2026-06-28T17:30:32Z,False,itunes_rss_mostRecent,False,False
d0aa9809458570d073cb003f1889b5c65c77432df8d0b78ac542c70928983f2e,14237542468,335187483,Amazon,gb,4,amazon prime issue!,"Amazon is great but it is so incredibly frustrating how the option to start a Prime membership appears in so many places that it’s very easy to click it by accident without realising you’re signing up.

I have accidentally purchased Amazon Prime multiple times because the buttons and offers are so prominent and not always clear enough. I feel that the process should make it more obvious when someone is starting a paid subscription and should require clearer confirmation before charging customers.","Amazon is great but it is so incredibly frustrating how the option to start a Prime membership appears in so many places that it’s very easy to click it by accident without realising you’re signing up.

I have accidentally purchased Amazon Prime multiple times because the buttons and offers are so prominent and not always clear enough. I feel that the process should make it more obvious when someone is starting a paid subscription and should require clearer confirmation before charging customers.",ni__54,27.11.2,2026-06-28T16:42:58Z,False,itunes_rss_mostRecent,False,False
c2ea6163600ffb0c9339f5b3ad70241af0e411a738751675b11b58a6b3186ef8,14236549213,335187483,Amazon,gb,3,"Great app, but courier choice (EVRI) ruins the service","The Amazon app itself is fantastic and buying things is seamless, but the actual service falls apart at the final hurdle because Amazon is using EVRI to deliver items.
I live in an apartment flat, yet my latest order was marked by EVRI as ""delivered to the porch."" It is completely missing. This is now the fifth time an EVRI delivery has gone missing after they claimed it was delivered.
Amazon Logistics is excellent, so I don't understand why Amazon continues to subcontract to a courier company with such a notoriously bad track record. Getting a refund from customer service is appreciated, but I want my items, not a constant cycle of missing parcels and customer support chats. Amazon, please let us choose our preferred couriers or drop EVRI altogether. It's ruining an otherwise great app experience.","The Amazon app itself is fantastic and buying things is seamless, but the actual service falls apart at the final hurdle because Amazon is using EVRI to deliver items.
I live in an apartment flat, yet my latest order was marked by EVRI as ""delivered to the porch."" It is completely missing. This is now the fifth time an EVRI delivery has gone missing after they claimed it was delivered.
Amazon Logistics is excellent, so I don't understand why Amazon continues to subcontract to a courier company with such a notoriously bad track record. Getting a refund from customer service is appreciated, but I want my items, not a constant cycle of missing parcels and customer support chats. Amazon, please let us choose our preferred couriers or drop EVRI altogether. It's ruining an otherwise great app experience.",Divya vinu89,27.11.2,2026-06-28T11:47:52Z,False,itunes_rss_mostRecent,False,False
801d180209d8fdf612c3e8cd0dfc74047872fcd4089e38d127b3d0254d653635,14235328547,335187483,Amazon,gb,1,Too difficult to login,"Too difficult to login, no support, high prices and fake sales","Too difficult to login, no support, high prices and fake sales",Scoobiesnacks45543,27.11.2,2026-06-28T03:50:08Z,False,itunes_rss_mostRecent,False,False
d92ed8a9da88d7c17d918bb001aa4e0f958e2e2ffa2d79ca61935ce9196a27bb,14234011979,335187483,Amazon,gb,2,basket limit,Hello everyone! im here to say that having a basket limit is absulote rubbish! shopping is a unlimted bussiness and shouldnt have any limits to our beskets. Amazon sort this out or you will have no costumers on your app... ill give it a two cuz last time i had something to look forward on the day you guys were suppose to give me..for example i order a mini fridge today and that ive said i wanted a next day delivery and waiting on tomorow to have it but WAITED for a whole month to get it! think about your costumers before you put a limit on things and dont lie about peoples items arrival date! so please think this through before hand and maybe ill give you a good review next time...,Hello everyone! im here to say that having a basket limit is absulote rubbish! shopping is a unlimted bussiness and shouldnt have any limits to our beskets. Amazon sort this out or you will have no costumers on your app... ill give it a two cuz last time i had something to look forward on the day you guys were suppose to give me..for example i order a mini fridge today and that ive said i wanted a next day delivery and waiting on tomorow to have it but WAITED for a whole month to get it! think about your costumers before you put a limit on things and dont lie about peoples items arrival date! so please think this through before hand and maybe ill give you a good review next time...,StellaBUNNIES,27.11.2,2026-06-27T19:36:36Z,False,itunes_rss_mostRecent,False,False
61c44e87327efd3d53f69ce80c44ee90e4454a9646095fca2d63d30bbc898717,14232075002,335187483,Amazon,gb,1,Takes money without checkout,"Debated about going for the 99p prime shipping deal, got to checkout decided not to go for it and shop elsewhere. They already took the money before i even checked out :/ sneaky slimey bezos","Debated about going for the 99p prime shipping deal, got to checkout decided not to go for it and shop elsewhere. They already took the money before i even checked out :/ sneaky slimey bezos",CrunchyRollSucks0/10,27.11.2,2026-06-27T09:21:08Z,False,itunes_rss_mostRecent,False,False
9ec187fb0b39b982b6aaf37678a4b8ef549bc2cf153c4807f0d07d5d3943be55,14231926661,335187483,Amazon,gb,5,Excellent,"Love Amazon has everything I need, good prices prime is worth every penny fast delivery","Love Amazon has everything I need, good prices prime is worth every penny fast delivery",Lainey247,27.11.2,2026-06-27T08:25:57Z,False,itunes_rss_mostRecent,False,False
d12cca591965525c0a0b291294bc59978fa384504d13f4a9dc645cb74686d9dd,14229569105,335187483,Amazon,gb,5,My favourite way of Shopping.,"The weather has been so hot , but instead of driving to the shops, I can sit in the comfort of my own home and buy whatever I like. Then everything arrives next day . I think it’s Great","The weather has been so hot , but instead of driving to the shops, I can sit in the comfort of my own home and buy whatever I like. Then everything arrives next day . I think it’s Great",runtyrunt31,27.11.2,2026-06-26T17:48:05Z,False,itunes_rss_mostRecent,False,False
db478c46402ce2481eb94ab298b33fd9a87036f2b2921f97ad264652b3b3d02e,14229553351,335187483,Amazon,gb,5,?,Amazon,Amazon,MatthewCoh,27.11.2,2026-06-26T17:43:06Z,False,itunes_rss_mostRecent,False,False
4059d31db37a1f6a1c899a59b7943fba8ffafec25d0f200afd3eac56007ac819,14229124535,335187483,Amazon,gb,1,Rubbish,Can’t get hold of no one rubbish!!!,Can’t get hold of no one rubbish!!!,hbolger2507,27.11.2,2026-06-26T15:37:21Z,False,itunes_rss_mostRecent,False,False
35268258c79d8e0e953b3dc9775a98e017c87bc333fdafc660286770dfb8ff3a,14228568418,335187483,Amazon,gb,1,Support function broken,Says I need to download the app to get support when im on the app.,Says I need to download the app to get support when im on the app.,hobowithstick,27.11.2,2026-06-26T13:05:47Z,False,itunes_rss_mostRecent,False,False
4d80dec903bf6d3624c321dc4c1b24414c806dce1eec75018ae9e742f098eab4,14228220577,335187483,Amazon,gb,5,Easy shop,Always find what you are looking for XX,Always find what you are looking for XX,Queen Cleo.,27.11.2,2026-06-26T11:20:14Z,False,itunes_rss_mostRecent,False,False
9c209d75c0b4dd062a9d5a1db4dfc46dad7c25fdb1ccfe4ef6d85256be9ecf8f,14228117246,335187483,Amazon,gb,1,Contact us,It is impossible to use the chat help and then click anywhere else in the app without the chat closing. I ended 4 chats accidentally,It is impossible to use the chat help and then click anywhere else in the app without the chat closing. I ended 4 chats accidentally,RMGWoods,27.11.2,2026-06-26T10:45:19Z,False,itunes_rss_mostRecent,False,False
036b0ba044b63a6201138111931d66de4c8b9574eb3f114885e8cf3d6866acef,14227767727,335187483,Amazon,gb,1,Age Restriction issue,I’ve tried several times to buy a product but the age restriction popped up every time… and there’s no way you can verify your age so annoying,I’ve tried several times to buy a product but the age restriction popped up every time… and there’s no way you can verify your age so annoying,ColdGhost24,27.11.2,2026-06-26T08:31:54Z,False,itunes_rss_mostRecent,False,False
c6084255fa3fb9a855bff5e1700b520a6f12d915e59799873d6af88989418663,14226030850,335187483,Amazon,gb,1,No dark mode,"Despite having dark mode on and brightness down the app is always extremely bright and uncomfortable to use, especially at night","Despite having dark mode on and brightness down the app is always extremely bright and uncomfortable to use, especially at night",L in London,27.11.2,2026-06-25T20:49:33Z,False,itunes_rss_mostRecent,False,False
be307dafa51ba76f6e1de38f49bf068e1f6dcd918e9896ec1446075a3ced5663,14224635205,335187483,Amazon,gb,1,Şikayet,"Hello. I returned one of the items I purchased on February 26, 2026, but the refund has not been credited to my account, and the item has not arrived either. Although I have corresponded with Amazon several times, I am not receiving any response.","Hello. I returned one of the items I purchased on February 26, 2026, but the refund has not been credited to my account, and the item has not arrived either. Although I have corresponded with Amazon several times, I am not receiving any response.",Özkan Kayaardı,27.11.2,2026-06-25T13:34:41Z,False,itunes_rss_mostRecent,False,False
72cc0fb6f6a1925645c6c08438d40b6d4a322bc8c1af18613fa36f34978cb71a,14224453723,335187483,Amazon,gb,3,Packaging,"Hit and miss whether items or boxes will be in tact, probably due to the transit rather than sellers, but too many this year have arrived wrecked and couldnt be used as presents or gifts","Hit and miss whether items or boxes will be in tact, probably due to the transit rather than sellers, but too many this year have arrived wrecked and couldnt be used as presents or gifts",Extremely P**sed off,27.11.2,2026-06-25T12:41:20Z,False,itunes_rss_mostRecent,False,False
626de42a96d2f9573d0a873023bf2e1556cded929317c795b322cb80e426ee5f,14224446872,335187483,Amazon,gb,3,Changing too much,The app changes that’s often I can’t find anything,The app changes that’s often I can’t find anything,Anon.0987654321,27.11.2,2026-06-25T12:39:16Z,False,itunes_rss_mostRecent,False,False
157adbf673c1812ecff7458c39eee715f2863f3f1d845858e5c80ed0e109f87f,14223436106,335187483,Amazon,gb,1,Dumb app,"For crying out loud, when viewing tablets to buy, make the screen size filter a slider, not checkboxes for random screen size categories.","For crying out loud, when viewing tablets to buy, make the screen size filter a slider, not checkboxes for random screen size categories.",B0YC0TT,27.11.2,2026-06-25T06:02:22Z,False,itunes_rss_mostRecent,False,False
1d42fd183a38f49dddbc4d47d0f57511743f22c4aceee683e15fc422a5067af1,14222852260,335187483,Amazon,gb,1,Gift card issue delayed for too long with no real help,"My Amazon gift card balance/refund issue has been delayed for a very long time and still has not been properly resolved. Customer service told me to call and email, but the phone support did not give me a clear solution, and the email replies only repeated that further instructions had already been sent, even though I never received any useful guidance.

This money is very important to me, and the lack of clear progress has caused me a lot of stress and frustration. As a customer, I expected Amazon to provide more effective human support and a clearer resolution process, instead of making me wait and contact them again and again with no real result.

I haven’t had a single good night’s sleep this past month！！！Very disappointing experience：（","My Amazon gift card balance/refund issue has been delayed for a very long time and still has not been properly resolved. Customer service told me to call and email, but the phone support did not give me a clear solution, and the email replies only repeated that further instructions had already been sent, even though I never received any useful guidance.

This money is very important to me, and the lack of clear progress has caused me a lot of stress and frustration. As a customer, I expected Amazon to provide more effective human support and a clearer resolution process, instead of making me wait and contact them again and again with no real result.

I haven’t had a single good night’s sleep this past month！！！Very disappointing experience：（",727jejdbejdvdhsjw,27.11.2,2026-06-25T01:58:47Z,False,itunes_rss_mostRecent,False,False
5cc9e75929eb3c3cff9827ccb9fd7a8a98ad5e51cdf079e6d5a997bbe9bbbb8d,14221906827,335187483,Amazon,gb,1,Poor customer service,"Honestly, delivery wise usually works great until it doesn’t. The thing is, it was the customer service that really let them down and I will never make a large purchase through them again. Initially there was a delay, the customer service rep told me it was because they had no more in stock, and I’d have to wait 5 days (they’d even give me 20% off for the inconvenience. 5 days later, the app states they can’t deliver and to contact customer service. This is where it went downhill. No explanation, told to wait 48 hours, then they disconnected. Tried to reconnect, they cut me off and refused to talk to me, just told me I have to wait! I had no idea what I was waiting for?!? I raised a complaint to the complaints team, who requested I fill in a form, and told to wait another 48 hours. 3 weeks later, still no one from the complaints team has addressed my problem with customer services. I waited the 48 hours and had to get back in touch again as it was radio silence only to be told they will refund my account and I have to wait another 5 days. No explanation, had my money for 3 weeks, then had the cheek to share a return label for the product I never received. I even reached out to the social media team, gave the details and got no response. I won’t be making large purchases with them again as there really is no support, and would advise you did the same. I have all of the screenshots of the chats so can back up these statements, but I just hope someone senior enough gets to see how poorly customers are treated, as you really failed here, with no opportunity for escalation or help! Just silence…..","Honestly, delivery wise usually works great until it doesn’t. The thing is, it was the customer service that really let them down and I will never make a large purchase through them again. Initially there was a delay, the customer service rep told me it was because they had no more in stock, and I’d have to wait 5 days (they’d even give me 20% off for the inconvenience. 5 days later, the app states they can’t deliver and to contact customer service. This is where it went downhill. No explanation, told to wait 48 hours, then they disconnected. Tried to reconnect, they cut me off and refused to talk to me, just told me I have to wait! I had no idea what I was waiting for?!? I raised a complaint to the complaints team, who requested I fill in a form, and told to wait another 48 hours. 3 weeks later, still no one from the complaints team has addressed my problem with customer services. I waited the 48 hours and had to get back in touch again as it was radio silence only to be told they will refund my account and I have to wait another 5 days. No explanation, had my money for 3 weeks, then had the cheek to share a return label for the product I never received. I even reached out to the social media team, gave the details and got no response. I won’t be making large purchases with them again as there really is no support, and would advise you did the same. I have all of the screenshots of the chats so can back up these statements, but I just hope someone senior enough gets to see how poorly customers are treated, as you really failed here, with no opportunity for escalation or help! Just silence…..",Sickenboy,,2026-06-24T20:02:59Z,True,web_ssr_helpful,False,False
4f17556914792840c8c8ba741c050208f3f080083824032b43c7597f1e789dc2,14221363155,335187483,Amazon,gb,1,Live delivery tracking map not working,"For the last 2 or 3 weeks the live tracking map that you usually see after clicking on the ""8 stops away. See where your package is now"" the live tracking map which shows the delivery van getting closer to your address has not been available. The tracking in the app still gives a 2-3 hour window but doesn't show the map. It doesn't update. I had a delivery today and 1 hour 15 mins after delivery the app was still showing ""arriving today"". This has happened repeatedly over the last few weeks. Is there a fix you are working on? I had an online chat session with Amazon Representatives today that lasted for 90 mins, during that chat I was passed through to 6 different advisors who could not understand that I had an issue with the app tracking and that I did not have an issue with a product or missing delivery.","For the last 2 or 3 weeks the live tracking map that you usually see after clicking on the ""8 stops away. See where your package is now"" the live tracking map which shows the delivery van getting closer to your address has not been available. The tracking in the app still gives a 2-3 hour window but doesn't show the map. It doesn't update. I had a delivery today and 1 hour 15 mins after delivery the app was still showing ""arriving today"". This has happened repeatedly over the last few weeks. Is there a fix you are working on? I had an online chat session with Amazon Representatives today that lasted for 90 mins, during that chat I was passed through to 6 different advisors who could not understand that I had an issue with the app tracking and that I did not have an issue with a product or missing delivery.",Kev.C.,27.11.2,2026-06-24T17:05:55Z,False,itunes_rss_mostRecent,False,False
3f7e443c26299f32b453b495e1c4b7fc9f26db2c018f2b082c63d3a28b09de61,14219465568,335187483,Amazon,gb,3,Amazon,Amazon is not good because I ordered on Monday and they put people who ordered Tuesday first,Amazon is not good because I ordered on Monday and they put people who ordered Tuesday first,Son Bezos,27.11.2,2026-06-24T06:04:21Z,False,itunes_rss_mostRecent,False,False
4214c03709b766afb9311e0aee3a1cd46b858483963a3e46de8026d186fd25e9,14217930969,335187483,Amazon,gb,1,Size recommendations,"Cannot remove size recommendations, so every time I try to order something the size I want is overwritten.. pathetic","Cannot remove size recommendations, so every time I try to order something the size I want is overwritten.. pathetic",Even reviewing is difficult,27.11.2,2026-06-23T19:48:56Z,False,itunes_rss_mostRecent,False,False
b4a5121eefd1069265a1d4b7378fcab3509a2f40ffecdeab929ed99a6178b86c,14217634698,335187483,Amazon,gb,2,Refunds,They didn’t give my money back although I cancelled my order the second i placed it so now Thats my money wasted and gone.,They didn’t give my money back although I cancelled my order the second i placed it so now Thats my money wasted and gone.,Park Minajoa,27.11.2,2026-06-23T18:09:38Z,False,itunes_rss_mostRecent,False,False
240b7c8a5e888bfbc769c9686452fe6cd96415d31b19cf79a486dd731ed5faa0,14215686893,335187483,Amazon,gb,1,Freezing,For goodness sake it would be quicker to catch a bus to shops than shop on app just lately freezing won’t load shuts down,For goodness sake it would be quicker to catch a bus to shops than shop on app just lately freezing won’t load shuts down,darby/leek,27.11.2,2026-06-23T06:39:11Z,False,itunes_rss_mostRecent,False,False
3f33ceeb71ea1388cbf7f0be56c6798fdda87f9e36f00be9ba8c28384042b36a,14214775205,335187483,Amazon,gb,5,Simply the best,The best and easiest way to shop online. Thanks for your service.,The best and easiest way to shop online. Thanks for your service.,Joe Edo,27.11.2,2026-06-23T00:06:35Z,False,itunes_rss_mostRecent,False,False
f67dd630634941d2f4b8316f8d38a7d2def8fcaef300ed9b8fcc0f8e771635e0,14209908095,335187483,Amazon,gb,1,Inflated prices,"The equivalent items in the uk are significantly
Cheaper.
One bike lock was £27, the same
Lock to order in the Irish store was €85!!!
That is a joke!","The equivalent items in the uk are significantly
Cheaper.
One bike lock was £27, the same
Lock to order in the Irish store was €85!!!
That is a joke!",travellingpearl,27.11.2,2026-06-21T17:38:30Z,False,itunes_rss_mostRecent,False,False
03ea96c5f4f753e7b51a3c6f050babb890251bc9f8e72a0ed00fa1bffea2bba4,14209696304,335187483,Amazon,gb,1,Worst app ever,good to buy stuff but its impossible to work multi trillion dollar company but i still cant buy kindle books on the app,good to buy stuff but its impossible to work multi trillion dollar company but i still cant buy kindle books on the app,freddie19358473895885838485868,27.11.2,2026-06-21T16:32:41Z,False,itunes_rss_mostRecent,False,False
b9e475f59d23ab8f558765aec775681381247e193990cee3fd4e637c728a16a9,14209091112,335187483,Amazon,gb,3,App has fallen apart,"Images and product listings don’t load half the time. I got a promotion notification flash up on my phone, I hit the link it just doesn’t load. Weird advert for AWS if this is how Amazon runs its own store","Images and product listings don’t load half the time. I got a promotion notification flash up on my phone, I hit the link it just doesn’t load. Weird advert for AWS if this is how Amazon runs its own store",Sreil,27.11.2,2026-06-21T13:32:24Z,False,itunes_rss_mostRecent,False,False
88a03f9f4547d0c6be2663aa1b907ffed9d219f613f0278786f0eaebce61c0e7,14206283114,335187483,Amazon,gb,5,THE BEST EVERRRRR,"Amazon is the best costumer experience I have ever had, it comes quick(a day or so) it has lots of quality and my mum orders a daily delivery. I would say that you would have to gat this if you were looking for a good customer experience. PLS GET NOWWWW","Amazon is the best costumer experience I have ever had, it comes quick(a day or so) it has lots of quality and my mum orders a daily delivery. I would say that you would have to gat this if you were looking for a good customer experience. PLS GET NOWWWW",Ghagddgd,27.11.2,2026-06-20T18:50:03Z,False,itunes_rss_mostRecent,False,False
e24e666272fc19178db2c0935fdac3eac76b6f77349b539bfb7ddbc9bd4abef3,14205179625,335187483,Amazon,gb,1,I hate Amazon,I tried creating a new account kept saying use my password so I click Help and it gives me absolutely no help work on this Amazon,I tried creating a new account kept saying use my password so I click Help and it gives me absolutely no help work on this Amazon,The first man in the moon,27.11.2,2026-06-20T13:10:56Z,False,itunes_rss_mostRecent,False,False
0499ee620bcf7c84ae4067fc00a82dd937884c39884214a02e7287c59c6cd200,14202687280,335187483,Amazon,gb,3,Age Verification,"I use the app all the time, I’m a prime customer so have a contract with you. When I go to buy scalpel blades you require me to buy through a credit card. The functionality to change payment doesn’t work on the app for me. So I’m forced to buy elsewhere. Overall your loss not mine, however it’s very frustrating to be asked to age verify when I’ve multiple accounts and you know who I am and my age. Come on sort it out Amazon, you’re supposed to be the easy option not the frustrating experience, hence the three stars not the 4 or 5 I would otherwise give.","I use the app all the time, I’m a prime customer so have a contract with you. When I go to buy scalpel blades you require me to buy through a credit card. The functionality to change payment doesn’t work on the app for me. So I’m forced to buy elsewhere. Overall your loss not mine, however it’s very frustrating to be asked to age verify when I’ve multiple accounts and you know who I am and my age. Come on sort it out Amazon, you’re supposed to be the easy option not the frustrating experience, hence the three stars not the 4 or 5 I would otherwise give.",DRJ!68!,27.11.2,2026-06-19T20:47:27Z,False,itunes_rss_mostRecent,False,False
c728c505bd6df6b53a29400ed0d77834f1638421af73d3f47239d56b600179b9,14200436386,335187483,Amazon,gb,2,Facial recognition and passport ID needed to verify ID?,"I have been using Amazon for a long while and recently had an item that broke after 5 weeks, I contacted Amazon support and was asked to verify my ID, I uploaded my passport and then they asked for a facial recognition scan! I completed that and then they asked for more ID which I couldn’t provide. Email verified, phone number verified, bank details verified, passport verified , facial recognition verified..and now I’m told that’s not enough. I am completely exasperated by this. Am now waiting for a response. Be warned, these new systems could affect you.","I have been using Amazon for a long while and recently had an item that broke after 5 weeks, I contacted Amazon support and was asked to verify my ID, I uploaded my passport and then they asked for a facial recognition scan! I completed that and then they asked for more ID which I couldn’t provide. Email verified, phone number verified, bank details verified, passport verified , facial recognition verified..and now I’m told that’s not enough. I am completely exasperated by this. Am now waiting for a response. Be warned, these new systems could affect you.",Nine Elms Stetz,27.11.2,2026-06-19T08:12:16Z,False,itunes_rss_mostRecent,False,False
689eda6ceca6342d0db8f928543cc00bfe334efeee45215f4378bf0d5bdac1d6,14200063260,335187483,Amazon,gb,2,Amazon,Gone down hill since 2020. Sellers hide behind amazons terms and conditions just like eBay. Fail,Gone down hill since 2020. Sellers hide behind amazons terms and conditions just like eBay. Fail,Cjhards,27.11.2,2026-06-19T05:24:45Z,False,itunes_rss_mostRecent,False,False
7c72eb826137a6f50e7c1e504767d359ed232bbf7f2d93fcbe2a4cb7518635ae,14198686791,335187483,Amazon,gb,1,Items show delivered but not there,This is the worst app ever. I was a prime member since years now and I lost so much of my  money. I love shopping and still put trust on amazon but they never take accountability for the orders that are never delivered. When i reached out to customer service they change the days and say your request will be reviewed. They keep on postponing it just to make you forget that you need to get your hard earned money back. Never ever going to trust Amazon ever again. I will never give amazon a chance to deceive and benefit. This is absolutely unacceptable!,This is the worst app ever. I was a prime member since years now and I lost so much of my  money. I love shopping and still put trust on amazon but they never take accountability for the orders that are never delivered. When i reached out to customer service they change the days and say your request will be reviewed. They keep on postponing it just to make you forget that you need to get your hard earned money back. Never ever going to trust Amazon ever again. I will never give amazon a chance to deceive and benefit. This is absolutely unacceptable!,Soha kkk,27.11.2,2026-06-18T20:19:44Z,False,itunes_rss_mostRecent,False,False
de1bdd233236b550dcb098d5eae217ebb912615e800fc9910a03b988ec2580df,14197906102,335187483,Amazon,gb,5,Love Amazon,"I love Amazon for the speed, my comfort and saving time! Recommend","I love Amazon for the speed, my comfort and saving time! Recommend",KaterynaKol,27.11.2,2026-06-18T16:08:43Z,False,itunes_rss_mostRecent,False,False
2ec6866ad6a51f30e02fadb30feee36d2e4196862e399870e50ebd94fcb97ef9,14197602697,335187483,Amazon,gb,1,iPhone overheats,Imagine not wanting to customers to buy things from your app because it makes the phone physically painful to hold it gets that hot. Lord knows what it’s doing…,Imagine not wanting to customers to buy things from your app because it makes the phone physically painful to hold it gets that hot. Lord knows what it’s doing…,FileTrekker,27.11.2,2026-06-18T14:42:12Z,False,itunes_rss_mostRecent,False,False
3065b632d4ae5175a96022a166bac0ddcfa8eadcfb72a0c56b34a2fb06a3037e,14195119402,335187483,Amazon,gb,1,Shows fake promotions,Don’t trust their promotions as they don’t honour them and their customer service is great either.,Don’t trust their promotions as they don’t honour them and their customer service is great either.,mattydolly,27.11.2,2026-06-17T22:21:43Z,False,itunes_rss_mostRecent,False,False
851532db930b6e51dcfacda8f99906420db6102bbd2f48209f2a19ac1caac975,14194031562,335187483,Amazon,gb,5,You,It was good,It was good,Fbdjam,27.11.2,2026-06-17T16:21:24Z,False,itunes_rss_mostRecent,False,False
20c199bbc43c390212afafb02934ddd8b6cc243188d749f8d1091698541fb74a,14192878651,335187483,Amazon,gb,1,Cancel orders without reason,I installed recently and it cancel my every single order not recommended,I installed recently and it cancel my every single order not recommended,EHTISHAM BHAI,27.11.2,2026-06-17T10:21:35Z,False,itunes_rss_mostRecent,False,False
2999efe5fec79df4514dd4ad9b261991be8ab244225be5e39a371b273f155c90,14192384382,335187483,Amazon,gb,2,"Hanging, even “app support”","App has been repeatedly hanging for weeks, either just shopping or in search.  It is gradually getting worse and is difficult to shop. I tried to use App Support using the link here, but it also does nothing! The app generally has degraded over the years, and is showing fewer results before a refresh is required, but also less less variety of options.","App has been repeatedly hanging for weeks, either just shopping or in search.  It is gradually getting worse and is difficult to shop. I tried to use App Support using the link here, but it also does nothing! The app generally has degraded over the years, and is showing fewer results before a refresh is required, but also less less variety of options.",:?&@s,27.11.2,2026-06-17T06:41:16Z,False,itunes_rss_mostRecent,False,False
b1ca42beac83f1922cf5a3c2f5bbd4fd96caba21d8f4aae782aa7ab728e30f6d,14190143021,335187483,Amazon,gb,1,Worse app,This app just place the orders without confirmation!I bought so many times without check and confirm just because I pressed to see the cart!Today the same!200 pounds and I tried to cancel ate the same time and is showing that it’s impossible because the order has already been shipped like whaaaatttf in seconds ???I Hate this app,This app just place the orders without confirmation!I bought so many times without check and confirm just because I pressed to see the cart!Today the same!200 pounds and I tried to cancel ate the same time and is showing that it’s impossible because the order has already been shipped like whaaaatttf in seconds ???I Hate this app,Gisa👻,27.11.2,2026-06-16T16:43:10Z,False,itunes_rss_mostRecent,False,False
b8734b5a9a10293f19c0b1d5978f75b8701a06fccd9dffe9394ae34b08d55188,14189806991,335187483,Amazon,gb,2,Fed up!,"I’m fed up with Amazon asking me to be a business. I buy for friends who don’t want an account and I also buy a real mixture of stuff for myself, wife and family. Why can’t you just let me tick yes or no to a business account.   STOP PESTERING ME FOR A BUSINESS ACCOUNT!!!!!!!!!!!!","I’m fed up with Amazon asking me to be a business. I buy for friends who don’t want an account and I also buy a real mixture of stuff for myself, wife and family. Why can’t you just let me tick yes or no to a business account.   STOP PESTERING ME FOR A BUSINESS ACCOUNT!!!!!!!!!!!!",R4daily,27.11.2,2026-06-16T15:02:25Z,False,itunes_rss_mostRecent,False,False
4a0f15ca6be4c93a73894a3e5d407ed6c7d716135fec972a0d98f418e7023069,14187982677,335187483,Amazon,gb,5,Reliable,Speed transactions and friendly delivery,Speed transactions and friendly delivery,Tommie682,27.11.2,2026-06-16T02:52:58Z,False,itunes_rss_mostRecent,False,False
6983c0fe4a9e7c4d640b6aafaed0891d651ece666a8df93055ecb24b86febeeb,14186882250,335187483,Amazon,gb,1,Don’t do unload,Nothing came in time 🙁😤🤧🤷🏼‍♀️,Nothing came in time 🙁😤🤧🤷🏼‍♀️,Fasir khan,27.11.2,2026-06-15T19:52:31Z,False,itunes_rss_mostRecent,False,False
14782623b83974afdc2c622fd4c489efb830d0f4fcadb27eab5d428437799fd3,14186689545,335187483,Amazon,gb,1,Mr,Worst app takes money away from you and doesn’t help you at all and tricks you worst app I’ve ever used,Worst app takes money away from you and doesn’t help you at all and tricks you worst app I’ve ever used,John23525,27.11.2,2026-06-15T18:49:19Z,False,itunes_rss_mostRecent,False,False
cfc5680a731ddaeeb8bad5ea331c893963299a5fcfb5c92425c2e7354a6b985d,14186225290,335187483,Amazon,gb,5,great,give them money and you be happy 🦍 so have you actually said to your?,give them money and you be happy 🦍 so have you actually said to your?,Callys123,27.11.2,2026-06-15T16:25:56Z,False,itunes_rss_mostRecent,False,False
bbc3bdcd21a3233c2327bcbdcc41a51f3eb52c31cbf3afac701bf2212752a5ec,14185933382,335187483,Amazon,gb,1,Terrible service,Placed an order for my parcel to be delivered with next day delivery for it to not turn up at all company’s an absolute joke,Placed an order for my parcel to be delivered with next day delivery for it to not turn up at all company’s an absolute joke,Amazon pisses me off,27.11.2,2026-06-15T15:01:02Z,False,itunes_rss_mostRecent,False,False
4151391acca937e6e99076b2a535d00d4c7b7cabb1002e4ecc7e616c18bbb622,14185639584,335187483,Amazon,gb,2,Erratic and unstable,Consistently freezes and crashes forcing to close and reopen over and over. Very frustrating,Consistently freezes and crashes forcing to close and reopen over and over. Very frustrating,Jalkov,27.11.2,2026-06-15T13:34:48Z,False,itunes_rss_mostRecent,False,False
286446760ae15bca35e027f9b78cc7d05a55aad6ce243b834ae1ce65c4e0fd8f,14185138294,335187483,Amazon,gb,5,Excellent service,I always find Amazon has whatever I need. Thank you.,I always find Amazon has whatever I need. Thank you.,Jancaro,27.11.2,2026-06-15T10:47:21Z,False,itunes_rss_mostRecent,False,False
5ea6c9ec5f7c939f3731f7ad5de004852f27b7b09b929a2625a40592c3e4a397,14173271640,335187483,Amazon,gb,1,Where are my filters!,"Amazon you silly lot where are the filters for Amazon Prime customers and the 4 and above stars I am not ploughing through 10,000+ items just cause are silly enough to remove the filters. PUT THEM BACK NOW, !","Amazon you silly lot where are the filters for Amazon Prime customers and the 4 and above stars I am not ploughing through 10,000+ items just cause are silly enough to remove the filters. PUT THEM BACK NOW, !",DM4138,27.11.2,2026-06-12T10:18:05Z,False,itunes_rss_mostRecent,False,False
bb80b06e50d70d36ea1348b1e85f8667686e1dfa4b7dda0c6a6bdc8fb98199d6,14172614271,335187483,Amazon,gb,1,You owe me money,Don’t trust Amazon with foreign drivers my order has been pinched and now I cannot get in touch with them because they do do not have a customer service number and I’ve been robbed Amazon you owe me 800 quid you have seven days to pay,Don’t trust Amazon with foreign drivers my order has been pinched and now I cannot get in touch with them because they do do not have a customer service number and I’ve been robbed Amazon you owe me 800 quid you have seven days to pay,oscar40-1,27.11.2,2026-06-12T05:19:28Z,False,itunes_rss_mostRecent,False,False
a3537465c7521b333ddee6c1128fe44bc0f8d56e744f1b04f784ee3b4d723d23,14170115378,335187483,Amazon,gb,1,🍓🌀🤝👁️‍🗨️,"Karma is waiving, ALL IS REVEALED 👁️‍🗨️","Karma is waiving, ALL IS REVEALED 👁️‍🗨️",Anthony Nick Carter,27.11.2,2026-06-11T14:29:26Z,False,itunes_rss_mostRecent,False,False
2e04fa0773af116c3c93633494011cc3ebe9abe4ebb0f6fe696243858efe0eeb,14166956851,335187483,Amazon,gb,1,order,my order came so late im so sad and annoyed you need to get faster delivery men seriously or else lol,my order came so late im so sad and annoyed you need to get faster delivery men seriously or else lol,alaniiiiiibkii,27.11.2,2026-06-10T17:59:43Z,False,itunes_rss_mostRecent,False,False
df31e04e82ca44bb4b274f9a130d2a3227f93bc43829f933eb264e111d7b78e1,14166574229,335187483,Amazon,gb,4,Good,I like this app good payment methods never get scammed and good delivery times,I like this app good payment methods never get scammed and good delivery times,Frankster941,27.11.2,2026-06-10T16:01:07Z,False,itunes_rss_mostRecent,False,False
266041ee061c8f868ef40d30577a3a75ad2b660a7286e61d87daba5e9d5f40d0,14163755674,335187483,Amazon,gb,1,Multi item return is not Available,Multi item is removed which was useful with less boxes and easier return,Multi item is removed which was useful with less boxes and easier return,Reddy1507,27.11.0,2026-06-09T21:47:32Z,False,itunes_rss_mostRecent,False,False
b3671e7cac5585203b90b0d47028e7f29e2200d7c415146e2f0cf9b2d0f2fac2,14163643556,335187483,Amazon,gb,5,Where is it,I shop with Amazon for gifts books and loads more I had to get a new phone and I can’t find my Amazon account chances are im waiting for something can you help me please,I shop with Amazon for gifts books and loads more I had to get a new phone and I can’t find my Amazon account chances are im waiting for something can you help me please,Seanlly28,27.11.0,2026-06-09T21:04:59Z,False,itunes_rss_mostRecent,False,False
efbf47f75df8ed7d27469c39869f3b1dce8965c98007f92e185c56a534fa8924,14161967009,335187483,Amazon,gb,5,About Amazon shopping,I loved this app. I used buy anything from Amazon and I bought stitch stuff and I had to delete it as I was buying stuff what I didn’t need so I stipe,I loved this app. I used buy anything from Amazon and I bought stitch stuff and I had to delete it as I was buying stuff what I didn’t need so I stipe,rojones.,27.11.0,2026-06-09T12:14:12Z,False,itunes_rss_mostRecent,False,False
5ece14449d2cfddd7491ceb0fdd7bbe6ef0e8a91ae13da3e4b3e3d63e9be2c6c,14160858006,335187483,Amazon,gb,1,Freezes opening each item,App freezes every time an item is opened. Very frustrating.,App freezes every time an item is opened. Very frustrating.,Reviewer_radio iplayer,27.11.0,2026-06-09T04:16:10Z,False,itunes_rss_mostRecent,False,False
718acaddd6a05ab205d7d35af5890534ab9a2de768307dcaec80293dbb3f07b7,14159880706,335187483,Amazon,gb,1,Random delivery times,"So if you pay for premium delivery for next day delivery they are supposed to refund you the premium delivery cost, except they never do, Ever! If you contact customer service they claim they can’t refund you because they don’t have that option, no buggy right except now 80% of my purchases I pay the little extra for to get the next day state they’ll come the next day right up until you place the order and then changes to the day after, what a faff, Amazon used to be better than this, not for refunds but next day delivery was almost guaranteed. Amazon has dropped the ball and it’s time for someone with a brain to pick it up","So if you pay for premium delivery for next day delivery they are supposed to refund you the premium delivery cost, except they never do, Ever! If you contact customer service they claim they can’t refund you because they don’t have that option, no buggy right except now 80% of my purchases I pay the little extra for to get the next day state they’ll come the next day right up until you place the order and then changes to the day after, what a faff, Amazon used to be better than this, not for refunds but next day delivery was almost guaranteed. Amazon has dropped the ball and it’s time for someone with a brain to pick it up",Never the tipster,27.11.0,2026-06-08T21:40:06Z,False,itunes_rss_mostRecent,False,False
09088330a8fc81aec704f2bda936c2670096bbbf6518b9d332e65cb9485a3f67,14159503982,335187483,Amazon,gb,5,Excellent Services,Amazing delivery services and great and excellent delivery personnel. Thank you,Amazing delivery services and great and excellent delivery personnel. Thank you,Shirvinplatium,27.11.0,2026-06-08T19:26:18Z,False,itunes_rss_mostRecent,False,False
4a73b4547b8a183929283314dca4d975d6814c795e8a7f64591b465ccfbe5c70,14159474432,335187483,Amazon,gb,5,Good value prompt delivery,Always top quality returns very easy buy with confidence,Always top quality returns very easy buy with confidence,kingpinken,27.11.0,2026-06-08T19:16:29Z,False,itunes_rss_mostRecent,False,False
aae64d043554a58a864cb7782b7b1a767b775cccbefb1dd6df6278ddc56fb2c3,14159374421,335187483,Amazon,gb,1,Unethical business structure.,"Confusing business structure. There’s an obvious direction to become more ‘ethical’ and yet Amazon still pollutes the oceans with thousands of pounds of plastic, pollutes the air with harmful toxins and has a CEO who was featured in more than 300 case documents in the Epstein Files?

If you want to be a more ‘ethical’ business:
1. Remove your generative AI features
2. Have your CEO who was featured several times in the Epstein Files and had Epstein comment ‘I was with him yesterday’ step down.
3. Stop the reliance on slave/child labour for your products.
4. Donate some of the billions of dollars of revenue to the conservation of wildlife.
5. Stop deforestation and the polluting on water via factory creation and maintenance.
6. Make an attempt to alter the monopoly Amazon has, promoting the reopening of High Street stores.

I highly recommend users of this app educate themselves of the damage this company has caused within the environment and economy before purchasing any product via this website.","Confusing business structure. There’s an obvious direction to become more ‘ethical’ and yet Amazon still pollutes the oceans with thousands of pounds of plastic, pollutes the air with harmful toxins and has a CEO who was featured in more than 300 case documents in the Epstein Files? 

If you want to be a more ‘ethical’ business:
1. Remove your generative AI features
2. Have your CEO who was featured several times in the Epstein Files and had Epstein comment ‘I was with him yesterday’ step down. 
3. Stop the reliance on slave/child labour for your products. 
4. Donate some of the billions of dollars of revenue to the conservation of wildlife. 
5. Stop deforestation and the polluting on water via factory creation and maintenance. 
6. Make an attempt to alter the monopoly Amazon has, promoting the reopening of High Street stores. 

I highly recommend users of this app educate themselves of the damage this company has caused within the environment and economy before purchasing any product via this website.",Miss L M Wharton,27.11.0,2026-06-08T18:43:22Z,False,itunes_rss_mostRecent,False,False
dc63c2ae9d5d54f1bd2bbea04a78df458c72e3c22d434c9965312eb6b0809521,14158877816,335187483,Amazon,gb,3,Disappointing drawback,"I am a disabled person who passes a lot of time reading. Physical books are brilliant, but I get so tired holding them that Kindle books are the best option. But one is unable to purchase Kindle books via the app. For me this is a major drawback - and I can’t be alone. Otherwise, the app is ok, but I often have to go through a browser as books are a major part of my purchases.","I am a disabled person who passes a lot of time reading. Physical books are brilliant, but I get so tired holding them that Kindle books are the best option. But one is unable to purchase Kindle books via the app. For me this is a major drawback - and I can’t be alone. Otherwise, the app is ok, but I often have to go through a browser as books are a major part of my purchases.",Dugaldf,,2026-06-08T16:05:23Z,True,web_ssr_helpful,False,False
c07287c4014e1782dac544532778f779a93dbfdec66744b3a255781e3f373b10,14158337726,335187483,Amazon,gb,5,67,67,67,emila1223,27.11.0,2026-06-08T13:22:59Z,False,itunes_rss_mostRecent,True,False
bf2f9c0329bdf5aba0ae463184d8ec3f3665d6b4f4edb559d94b1f1e7aa3b15a,14158109948,335187483,Amazon,gb,3,Report button…,"I recently reported a customers review by accident.. because I tapped the Report button, with I didn’t mean too.   I feel bad for that person, because it wasn’t my intention to do so.   Could you please fix it?   Otherwise, I LOVE the app 😊","I recently reported a customers review by accident.. because I tapped the Report button, with I didn’t mean too.   I feel bad for that person, because it wasn’t my intention to do so.   Could you please fix it?   Otherwise, I LOVE the app 😊",Bobbie112870,27.11.0,2026-06-08T12:09:47Z,False,itunes_rss_mostRecent,False,False
e9dd7cb931a33a3e47bcac957ffeef153ab56813d4839c2c3b8d7d93ecdb4547,14157749401,335187483,Amazon,gb,1,Accessibility and Search are Inadequate!!!,"Generally, a very guided shopping experience.  But for gods sake please implement:
Font/Text: Please implement an option to increase the size of text so I can actually read the descriptions easily, especially in search lists. The option to change font face and font weight to make text bold and easier to read for individuals would be perfect (please remember to check for things like text overlapping due to line height and text being truncated when the larger sizes are chosen and the text box it is displayed in does not grow to accommodate - as this will just make things worse).
Search: Please allow us to use some method of excluding words in search results, such as using a minor sign before a word. Otherwise it is simply impossible to search for some things. I realise not allowing us to exclude words gives us more results and do you think it gives us more options, but it doesn’t it just makes us want to go to Google and search for it and buy it somewhere else.","Generally, a very guided shopping experience.  But for gods sake please implement:
Font/Text: Please implement an option to increase the size of text so I can actually read the descriptions easily, especially in search lists. The option to change font face and font weight to make text bold and easier to read for individuals would be perfect (please remember to check for things like text overlapping due to line height and text being truncated when the larger sizes are chosen and the text box it is displayed in does not grow to accommodate - as this will just make things worse).
Search: Please allow us to use some method of excluding words in search results, such as using a minor sign before a word. Otherwise it is simply impossible to search for some things. I realise not allowing us to exclude words gives us more results and do you think it gives us more options, but it doesn’t it just makes us want to go to Google and search for it and buy it somewhere else.",thetewood,,2026-06-08T09:51:52Z,True,web_ssr_helpful,False,False
d2be62bd7a6f8615141428429c966b5c02b2b70c2510ba55faa95de227a89f34,14157718772,335187483,Amazon,gb,1,Even worse than my last review,"I ordered some catfood and something else on prime yesterday, (01/06/26) and the catfood is arriving today, wooohoo, now for the other prime order… first of all, I was told it would be here ON SATURDAY, but when I looked this morning, it had changed. It is now coming ON SUNDAY. 🤬🤬🤬

My order arrived halfway through Sunday afternoon, and when I answered the door, there was a Japanese man with blonde hair stood there, though I did not know if he was going to shout at me, and chase me around the house with a machete, or give me the stuff that I had ordered. Thankfully, he gave me the stuff I had ordered, he was the nicest amazon delivery bloke I have ever met.","I ordered some catfood and something else on prime yesterday, (01/06/26) and the catfood is arriving today, wooohoo, now for the other prime order… first of all, I was told it would be here ON SATURDAY, but when I looked this morning, it had changed. It is now coming ON SUNDAY. 🤬🤬🤬 

My order arrived halfway through Sunday afternoon, and when I answered the door, there was a Japanese man with blonde hair stood there, though I did not know if he was going to shout at me, and chase me around the house with a machete, or give me the stuff that I had ordered. Thankfully, he gave me the stuff I had ordered, he was the nicest amazon delivery bloke I have ever met.",Ninemill O'Toole,27.11.0,2026-06-08T09:38:20Z,False,itunes_rss_mostRecent,False,False
22a2253bc683f2e1edadc65c5b268ca65152197c6c43e562cb362262ac5b5455,14155885457,335187483,Amazon,gb,1,"""I bought an ebike battery from Amazon, but my problem has still not been solved even though I submi","""I bought an ebike battery from Amazon, but my problem has still not been solved even though I submitted my complaint since 4th June.

The product I received is completely different from the description: there is no logo on it, it does not have GPS tracking function at all, and the charging part is wrong so I cannot use it at all.

The seller insists I must return the item first before they give me a refund, but Amazon itself confirmed to me that this type of product is NOT eligible for return. I have contacted them several times, but I have received no reply or solution until now.

I am very disappointed. The service does not provide effective solutions for problems, and customers are left with no help even though their rights are clear and documented. I do not recommend buying products that need after-sales support here, because you will not get any help when you need it.""","""I bought an ebike battery from Amazon, but my problem has still not been solved even though I submitted my complaint since 4th June.

The product I received is completely different from the description: there is no logo on it, it does not have GPS tracking function at all, and the charging part is wrong so I cannot use it at all.

The seller insists I must return the item first before they give me a refund, but Amazon itself confirmed to me that this type of product is NOT eligible for return. I have contacted them several times, but I have received no reply or solution until now.

I am very disappointed. The service does not provide effective solutions for problems, and customers are left with no help even though their rights are clear and documented. I do not recommend buying products that need after-sales support here, because you will not get any help when you need it.""",Haman mo,27.11.0,2026-06-07T20:19:57Z,False,itunes_rss_mostRecent,False,False
64777feac241822946b3ab10458b40ee41202e1164d1a509feef6024a5ca771d,14155380846,335187483,Amazon,gb,3,Delivery now a problem,App works fairly well. However Prime deliveries are getting later and later. 8.45pm is too late!,App works fairly well. However Prime deliveries are getting later and later. 8.45pm is too late!,Tmm533,27.11.0,2026-06-07T17:31:35Z,False,itunes_rss_mostRecent,False,False
8f6b1aa253fc6c6e0c8e55b16fea20fbf6e1d988def70dd28241d1d6c46f631f,14154804572,335187483,Amazon,gb,1,Delivery information,What is the point of adding delivery instructions when the drivers ignore them and leave items on the public pavement outside my house. Amazon need to do more to make sure drivers actually follow the instructions added on the app so items aren’t stolen,What is the point of adding delivery instructions when the drivers ignore them and leave items on the public pavement outside my house. Amazon need to do more to make sure drivers actually follow the instructions added on the app so items aren’t stolen,Wardenitv,27.11.0,2026-06-07T14:38:05Z,False,itunes_rss_mostRecent,False,False
524fbf790c496c0202260bbcd742a2066be04691d1afc38682c803a7586cbb75,14153667214,335187483,Amazon,gb,1,App has gotten worse,"Since the last update the app now bugs out, after a short while browsing for products the app starts to play up, listings disappear, text and images don’t show, or you just get entirely blank pages (listings and product pages). The app then force closes. This never used to happen before the update, I have no problems with other apps on my phone, and I have a fast stable internet connection. It’s just a problem with the Amazon app. Until the issue is fixed and the app is updated using the Amazon app to shop is just too unpredictable , unreliable and downright annoying to use.","Since the last update the app now bugs out, after a short while browsing for products the app starts to play up, listings disappear, text and images don’t show, or you just get entirely blank pages (listings and product pages). The app then force closes. This never used to happen before the update, I have no problems with other apps on my phone, and I have a fast stable internet connection. It’s just a problem with the Amazon app. Until the issue is fixed and the app is updated using the Amazon app to shop is just too unpredictable , unreliable and downright annoying to use.",Neeneenugget,27.11.0,2026-06-07T07:49:27Z,False,itunes_rss_mostRecent,False,False
9ac9ac397a4bc6d926ad709c9918f5912c4f6515d4df8c0abffd18d331cb809d,14153454925,335187483,Amazon,gb,1,NEEDS DARK MODE,App functions fine but needs a dark mode.,App functions fine but needs a dark mode.,Aphydia,27.11.0,2026-06-07T06:17:43Z,False,itunes_rss_mostRecent,False,False
a4bd1b5eb0100631a43d4002d27836d9f5a0a56ea40d7270f52710bdebaecbc8,14151562458,335187483,Amazon,gb,5,Thank you,I would like to say a very big thank you to Amazon and all the delivery drivers. None of you have ever let me down. I’m in my seventies and truly appreciate all of you so Thank You All,I would like to say a very big thank you to Amazon and all the delivery drivers. None of you have ever let me down. I’m in my seventies and truly appreciate all of you so Thank You All,MBRINDLE44,27.11.0,2026-06-06T17:46:06Z,False,itunes_rss_mostRecent,False,False
1eee8fd460fa193dc5ec7cc3ea4d24a472c28912f2acc99dc415e8107bfcc3b6,14151270117,335187483,Amazon,gb,5,Best,"Amazon  package literally comes the next day. Which is perfect, amazing quality nicely wrapped very amazing.","Amazon  package literally comes the next day. Which is perfect, amazing quality nicely wrapped very amazing.",Amalie💗💗,27.11.0,2026-06-06T16:15:09Z,False,itunes_rss_mostRecent,False,False
3e7f43f061cae8a48c5685bdf03e28ea45ce6748c5997fb814e67045d9e8fee9,14150838175,335187483,Amazon,gb,1,Sucks,Got scammed on a different account it said 50 cards and when it’s cards they are meant to be in pack when it says cards so yea total scam it was a tin that the packs were taken out and they put random cards from different card pack sets in it,Got scammed on a different account it said 50 cards and when it’s cards they are meant to be in pack when it says cards so yea total scam it was a tin that the packs were taken out and they put random cards from different card pack sets in it,Change the limit,27.11.0,2026-06-06T14:09:25Z,False,itunes_rss_mostRecent,False,False
fe251b3ac208732758a5e3ae71ae06a018820b7e0ec9cfddde2ffc828e6bcebd,14146735337,335187483,Amazon,gb,1,Lied,Ordered something yesterday paid premium delivery eveything is sorted waited all day now for it and it’s now just said it wants me to repay and now I have to wait till it comes for another day Absoulute joke,Ordered something yesterday paid premium delivery eveything is sorted waited all day now for it and it’s now just said it wants me to repay and now I have to wait till it comes for another day Absoulute joke,Fly123@,27.11.0,2026-06-05T13:21:26Z,False,itunes_rss_mostRecent,False,False
aebc58c4e661c930e73d687a1b93765bce17578396cef7b03a8a7d137da2ab5e,14145736794,335187483,Amazon,gb,5,Hi,Hi,Hi,I’m a turtle,27.11.0,2026-06-05T06:53:05Z,False,itunes_rss_mostRecent,True,False
524c36e0de796f1f29cd99a850d3232187653cf00794b4c73b3427b3670ead03,14142912248,335187483,Amazon,gb,1,Frustrating,"Weeks ago I ordered something on Amazon. Entered my address.  But the was delivered to a hotel miles away.  I admit the cottage I was staying in was difficult to find.  The driver could have put it in a nearby pickup point and sent me a QR code.
Today they have done it again.  I’m staying in a different cottage in Beaminster.  Entered the address on Amazon.  But they still delivered it to the hotel even further away.
I think the driver must be having an affair with the receptionist.","Weeks ago I ordered something on Amazon. Entered my address.  But the was delivered to a hotel miles away.  I admit the cottage I was staying in was difficult to find.  The driver could have put it in a nearby pickup point and sent me a QR code.  
Today they have done it again.  I’m staying in a different cottage in Beaminster.  Entered the address on Amazon.  But they still delivered it to the hotel even further away.  
I think the driver must be having an affair with the receptionist.",sedgemoor,27.11.0,2026-06-04T13:21:38Z,False,itunes_rss_mostRecent,False,False
414528d24635653c43cf139aaff2ab8c7839a018f548d775ccf579ccce3415f5,14136723214,335187483,Amazon,gb,1,Picture,Why can't I see pictures anymore?,Why can't I see pictures anymore?,Shite666,27.9.0,2026-06-02T21:28:47Z,False,itunes_rss_mostRecent,False,False
7d415a21941494b68958bece016da5b8aaa0242493801f82226fc46ebe060584,14135838643,335187483,Amazon,gb,1,No way of complaning online,Major issues with an order. It is nearly impossible to navigate the app to contact customer service. Very poor.,Major issues with an order. It is nearly impossible to navigate the app to contact customer service. Very poor.,Fed up from London,27.9.0,2026-06-02T16:35:07Z,False,itunes_rss_mostRecent,False,False
1907284d71b44506b41f4c2ea800d87f27fc04bc2c9c4bb994f3ff3631d22f95,14135813195,335187483,Amazon,gb,2,Not good everything overpriced,"Good app , but everything is way overpriced when you could get stuff in real life for 10 pound less and shipping and they make you pay for prime or wait 7 days for your item","Good app , but everything is way overpriced when you could get stuff in real life for 10 pound less and shipping and they make you pay for prime or wait 7 days for your item",ChihuahuaLoverxoxR,27.9.0,2026-06-02T16:27:30Z,False,itunes_rss_mostRecent,False,False
053b6ed3589f7f2c77a6fd2e94146588bf91e92ae6cf403a10ee623252a9b900,14130647443,335187483,Amazon,gb,1,Prime but £8 delivery fee?,Why do I have Prime when I still need to pay an £8 postage fee for a £35 product?,Why do I have Prime when I still need to pay an £8 postage fee for a £35 product?,Lulaaaaaaaaaa2026,27.9.0,2026-06-01T10:19:11Z,False,itunes_rss_mostRecent,False,False
0c1dcf1883a115d75df69210f5e09b87ef6aa7b511ba62e74f355febf5b0e800,14127363481,335187483,Amazon,gb,2,Disappointed is an understatement..!!,"After years of using a good service and arrive on time is now a shell of its former self…

Items late or even on the next day when it’s been promised on time, as we pay extra for Prime delivery…!

Even stated that Iterms are delivered when it’s an obvious lie as we are in and no one has turned up on our CCTV.

So all in all a service that needs a lot to be desired..!!

But hay ho, it’s made the owner very wealthy indeed…!

So who cares…!! lol","After years of using a good service and arrive on time is now a shell of its former self…

Items late or even on the next day when it’s been promised on time, as we pay extra for Prime delivery…!

Even stated that Iterms are delivered when it’s an obvious lie as we are in and no one has turned up on our CCTV.

So all in all a service that needs a lot to be desired..!!

But hay ho, it’s made the owner very wealthy indeed…! 

So who cares…!! lol",Carronade1963,27.9.0,2026-05-31T13:55:31Z,False,itunes_rss_mostRecent,False,False
c020a136f94a6c13912499f89a5ce520f9acff3db41850e838a52d7b65de4689,14126854931,335187483,Amazon,gb,1,Hacked,"I was hacked by other people on my account
Who was ordering on my account
This happened 4 times
They still delivered the items when I emailed them to tell them this
It was delivered to another state","I was hacked by other people on my account 
Who was ordering on my account 
This happened 4 times 
They still delivered the items when I emailed them to tell them this
It was delivered to another state",andpott,27.9.0,2026-05-31T11:07:10Z,False,itunes_rss_mostRecent,False,False
be17f2d9bc257dacdf65a9a0568b9c5e99580bad0e04769acb1d6b0bfd19e2ad,14126329946,335187483,Amazon,gb,4,Good,Quick to order and comes so fast although it changed to another country,Quick to order and comes so fast although it changed to another country,W4344.,27.9.0,2026-05-31T07:30:42Z,False,itunes_rss_mostRecent,False,False
e1eca3be737d6933f85596a6fe43234ff6340c1c930fbca633eb63d70d930664,14125035690,335187483,Amazon,gb,2,No price on device,"I understand I may not be able to purchase a film to rent from my phone, but showing the price to know if it’s worth getting the laptop out would be good. I rarely rent anything because I have this issue every time.","I understand I may not be able to purchase a film to rent from my phone, but showing the price to know if it’s worth getting the laptop out would be good. I rarely rent anything because I have this issue every time.",Tommybuk25,27.9.0,2026-05-30T22:28:03Z,False,itunes_rss_mostRecent,False,False
d9055e98e819aa7e6ee11eecca312cac9dcef8f6aa33b68a7e0d0b14fd2cdd7e,14124794520,335187483,Amazon,gb,1,Delivery,Why do i pay 5 pound extra for next day delivery and why does it not come tomorrow???,Why do i pay 5 pound extra for next day delivery and why does it not come tomorrow???,.22499,27.9.0,2026-05-30T20:52:49Z,False,itunes_rss_mostRecent,False,False
1a993b4b215e294558529aaf5ede95876be072afab73ee8552de2bff2ec5c9d3,14124318469,335187483,Amazon,gb,1,Delays,My work got delayed twice of Minecraft and slime man two PlayStation five this was a gift for my best friend‘s birthday. She is currently 9 years old,My work got delayed twice of Minecraft and slime man two PlayStation five this was a gift for my best friend‘s birthday. She is currently 9 years old,bhhayho,27.9.0,2026-05-30T18:05:57Z,False,itunes_rss_mostRecent,False,False
9f43aebf1bd45adeebe52bde1a026617cd2400240b25d59bf031aa9875d6b869,14123972872,335187483,Amazon,gb,2,The new update is more difficult.,"There has been a recent update which has updated the Accounts screens. As a result, finding transactions involves asking Rufus who will - eventually - provide a link. But the transactions are not where Rufus says they are.
It’s now also impossible to see each transaction. Before, payment instalments could be seen. Now only the total purchase amount can be seen. Unless I set up a Barclays account, download yet another app with yet more passwords…
Why hide useful information in the name of “updates”? Aren’t updates supposed to help, not make life harder?","There has been a recent update which has updated the Accounts screens. As a result, finding transactions involves asking Rufus who will - eventually - provide a link. But the transactions are not where Rufus says they are.
It’s now also impossible to see each transaction. Before, payment instalments could be seen. Now only the total purchase amount can be seen. Unless I set up a Barclays account, download yet another app with yet more passwords…
Why hide useful information in the name of “updates”? Aren’t updates supposed to help, not make life harder?",AppleDeuce,27.9.0,2026-05-30T16:20:24Z,False,itunes_rss_mostRecent,False,False
fcf7b7e8f17036452a9f2419610cbbff2366b2ff14e5d336d113d022d9634898,14123860362,335187483,Amazon,gb,1,App interface is terrible,"As a long time user of Amazon, I really hate the app user interface. I just don’t understand why they have made it so different to the trusty (and clear) web page.","As a long time user of Amazon, I really hate the app user interface. I just don’t understand why they have made it so different to the trusty (and clear) web page.",Bandytales,27.9.0,2026-05-30T15:48:42Z,False,itunes_rss_mostRecent,False,False
5bfea4866856681b3b943552d541ef9b33c584c0f3f19bba31c2ae1bb39eec65,14123612128,335187483,Amazon,gb,1,.,"I went on Amazon earlier today and ordered. I don’t normally use Amazon so i don’t get prime. I went to check my bank account and noticed that I had two payments come out of my account, one for the thing I brought and the other for prime. I immediately go onto Amazon and see that I have prime I then cancel it and it said it would give me a refund of £4.50 which I know isn’t that much but still.
The money still hasn’t come into my account and it’s taking the mick!!!!","I went on Amazon earlier today and ordered. I don’t normally use Amazon so i don’t get prime. I went to check my bank account and noticed that I had two payments come out of my account, one for the thing I brought and the other for prime. I immediately go onto Amazon and see that I have prime I then cancel it and it said it would give me a refund of £4.50 which I know isn’t that much but still.
The money still hasn’t come into my account and it’s taking the mick!!!!",💕❤️‍🩹💕,27.9.0,2026-05-30T14:38:39Z,False,itunes_rss_mostRecent,False,False
9212bbaa796a2afac49cf64c8a466e64810e825d3d56eea9039c2601f117fb1f,14123343133,335187483,Amazon,gb,1,Unable to change default,There’s a bug in the app that won’t allow me to change the default address anymore.,There’s a bug in the app that won’t allow me to change the default address anymore.,Pantherax,27.9.0,2026-05-30T13:21:08Z,False,itunes_rss_mostRecent,False,False
7935a754a29727d4982dd2fcd54f79b24fe7d9f8f7fc7b0b3af7a54c9ef2280f,14121195248,335187483,Amazon,gb,1,Latest version is buggy,"Latest version crashes constantly and for some reason when you go to basked there is only buy now, no option on the basket to change payment method leaving you with the only option of charging it to a card you didn’t want to. The app is about as bad as Amazon’s delivery drivers.","Latest version crashes constantly and for some reason when you go to basked there is only buy now, no option on the basket to change payment method leaving you with the only option of charging it to a card you didn’t want to. The app is about as bad as Amazon’s delivery drivers.",d3ath5tar,27.9.0,2026-05-29T23:04:18Z,False,itunes_rss_mostRecent,False,False
6769b5f0f085131c81baad94edae64751963aeebc6fb807ac65a46106a2e77d2,14118869481,335187483,Amazon,gb,5,Wow,Sooooooooooooooo good,Sooooooooooooooo good,Qopqh,27.9.0,2026-05-29T10:08:25Z,False,itunes_rss_mostRecent,False,False
acdb04359e006558cba83073a13b3303021cc521a06993a522bddcd8db7ec838,14118528701,335187483,Amazon,gb,1,Trash,"The iPhone app can be best described as acceptable if you’re willing to put up with the constant ‘recommendations’ (Oughta be a law against such things but not relevant).
Anyway, the iPad app? Absolute trash, constant crashes and very aggravating to use as if they’re constantly trying to get in your way.
It’s been like for ages but apparently Amazon makes so much money they don’t care.","The iPhone app can be best described as acceptable if you’re willing to put up with the constant ‘recommendations’ (Oughta be a law against such things but not relevant).
Anyway, the iPad app? Absolute trash, constant crashes and very aggravating to use as if they’re constantly trying to get in your way.
It’s been like for ages but apparently Amazon makes so much money they don’t care.",Peter. Just Peter.,27.9.0,2026-05-29T07:36:04Z,False,itunes_rss_mostRecent,False,False
366313d67a53e91149de3aa37171eb4cb757b87d53dd6c909c0b164edfad0f05,14117027615,335187483,Amazon,gb,1,It really sucks,Awful no wonder the name is just the right fit not for the variety of things but for the nonsensical nature of it and complex navigation. It truly feels like I am in jungle.,Awful no wonder the name is just the right fit not for the variety of things but for the nonsensical nature of it and complex navigation. It truly feels like I am in jungle.,Dufhddkdks,27.9.0,2026-05-28T20:55:26Z,False,itunes_rss_mostRecent,False,False
67e343acc593cbcd7586080e31885d55e6fe6263a32c41fe30ae1afc0acac3b7,14116956401,335187483,Amazon,gb,2,Year after year services drops,I’m using Amazon since over a decade. I’m team Amazon my Mrs is in team EBay. I have to say I am closer to switch permanently to an eBay. Amazon constantly has problems with deliveries they are late they are damaging goods. Updates are not match reality and chatting to AI bots it’s never been more frustrating than ever. Chinese equivalents showing they are on prime delivery and after you placed an order showing it will come in a week. If you not chasing your refunds they will not contract you before. Another great company destroying itself. Shame Amazon shame. 2 issues only in this month. Not gone even think about past months.,I’m using Amazon since over a decade. I’m team Amazon my Mrs is in team EBay. I have to say I am closer to switch permanently to an eBay. Amazon constantly has problems with deliveries they are late they are damaging goods. Updates are not match reality and chatting to AI bots it’s never been more frustrating than ever. Chinese equivalents showing they are on prime delivery and after you placed an order showing it will come in a week. If you not chasing your refunds they will not contract you before. Another great company destroying itself. Shame Amazon shame. 2 issues only in this month. Not gone even think about past months.,SanSenpai,27.9.0,2026-05-28T20:29:17Z,False,itunes_rss_mostRecent,False,False
37ce212f827430408e009ae294591a8151ef1d9db16306bfb8cbe64c5d8fa805,14116806642,335187483,Amazon,gb,3,Details,Some items on Haul items don’t doesn’t have enough details.,Some items on Haul items don’t doesn’t have enough details.,KazzaH-G1969,27.9.0,2026-05-28T19:36:10Z,False,itunes_rss_mostRecent,False,False
1f8720d611e0af34fe212927aa16271a14de5d6b42d6de45b427d8ae96461e2c,14116748031,335187483,Amazon,gb,1,Sluggish,"App is now sluggish , open the item page and it takes 10 seconds before you can scroll or click anything else , at one point it froze for 30 seconds or more and did crash few time last week","App is now sluggish , open the item page and it takes 10 seconds before you can scroll or click anything else , at one point it froze for 30 seconds or more and did crash few time last week",lov11proipad,27.9.0,2026-05-28T19:15:39Z,False,itunes_rss_mostRecent,False,False
85d4a5401812549bbe26fba15a97afd032868ce0f5693d943ffca4a9fcf79477,14116431332,335187483,Amazon,gb,3,JT,"It’s so unfortunate that sometimes delivery drivers fails to stick to instructions. Many a times they will drop my package at the communal passage where it gets stolen. Even though there  is an instruction that says, ‘do not leave parcel here as they get stolen’. They still go ahead and drop the parcel nonchalantly and carelessly at the same spot. This is not good enough. Anytime my parcel/s gets stolen, I will always ask for a refund. I’ve had enough of this.
Thanks","It’s so unfortunate that sometimes delivery drivers fails to stick to instructions. Many a times they will drop my package at the communal passage where it gets stolen. Even though there  is an instruction that says, ‘do not leave parcel here as they get stolen’. They still go ahead and drop the parcel nonchalantly and carelessly at the same spot. This is not good enough. Anytime my parcel/s gets stolen, I will always ask for a refund. I’ve had enough of this. 
Thanks",mummydee2009,,2026-05-28T17:29:27Z,True,web_ssr_helpful,False,False
683330c58c6c82a930c07548202027918b12074ad08361753104a156534b1b2e,14114560678,335187483,Amazon,gb,3,Report,I paid extra for it to come on Tuesday it’s now Thursday and has still not come I checked the app it said Sunday nearly a whole week of waiting when I paid extra,I paid extra for it to come on Tuesday it’s now Thursday and has still not come I checked the app it said Sunday nearly a whole week of waiting when I paid extra,"what is an nickname,,...",27.9.0,2026-05-28T06:28:20Z,False,itunes_rss_mostRecent,False,False
d7782a399f5f92cb21877ff3d651180c84a734aebc9c5dd524b3be88362fb9f6,14111144100,335187483,Amazon,gb,2,The website had more functionality.,"Surely the whole point of a dedicated app is to provide a quicker more streamlined user experience than the website. Not the case, this one is clunkier, slower and less feature complete than the regular site. It’s pointless.","Surely the whole point of a dedicated app is to provide a quicker more streamlined user experience than the website. Not the case, this one is clunkier, slower and less feature complete than the regular site. It’s pointless.",Bishop149,27.9.0,2026-05-27T09:01:09Z,False,itunes_rss_mostRecent,False,False
f6aa8481b71311ae8ed84ca0f52b3097a90bc1058e64ae2ad4bf7eb460dc0a52,14111055104,335187483,Amazon,gb,1,Complaints,Great until you actually need to contact customer services and then it’s just rubbish,Great until you actually need to contact customer services and then it’s just rubbish,jhwhity,27.9.0,2026-05-27T08:19:19Z,False,itunes_rss_mostRecent,False,False
041616f7f2f1e06d1c2ab04475f9ac7828977c6740deda7c0a588cc19fe30e49,14109439599,335187483,Amazon,gb,3,Can’t differentiate between new and used,"Ordered a new product and received a used one instead. If you are going to sell a new product, it has to be new and not used","Ordered a new product and received a used one instead. If you are going to sell a new product, it has to be new and not used",romanEmporer,27.9.0,2026-05-26T20:37:10Z,False,itunes_rss_mostRecent,False,False
1837688e53797b025fb0c4ab100fe1652b2dc487bc7de27b66c13ad4636475e3,14109073744,335187483,Amazon,gb,1,App gone downhill,"The app keeps crashing and I’m having to restart often - have a new phone, so outdated IOS isn’t the problem","The app keeps crashing and I’m having to restart often - have a new phone, so outdated IOS isn’t the problem",Louises1990,27.9.0,2026-05-26T18:26:46Z,False,itunes_rss_mostRecent,False,False
a10befa4300ba8d88649b403f1a0a7c80c428bb99154d8a1ed112739e18925fd,14108801896,335187483,Amazon,gb,1,Utterly frustrating,Decide to switch location and then refuses to switch back. Awful,Decide to switch location and then refuses to switch back. Awful,cynicalTechnophile,27.9.0,2026-05-26T16:56:12Z,False,itunes_rss_mostRecent,False,False
dcc2a3836b3204ac9e34f4f45e652552bbe989bf0a73bab01e0c784f4d4ae73a,14107779119,335187483,Amazon,gb,1,Worst customer service experience ever,"I paid $50 for an item that got delayed for 2 months, I was then told to cancel an reorder the item which now cost $60 dollars, with the promise that I’d get an immediate $10 refund and a full refund for my wasted time when the item arrives. The item arrived and I got no refund, so I messaged to check what happened. I had to go through 3 agents and 2 hours of wasted time just to be told that I was lied to originally and that nothing can be done. What a joke of a customer service team.","I paid $50 for an item that got delayed for 2 months, I was then told to cancel an reorder the item which now cost $60 dollars, with the promise that I’d get an immediate $10 refund and a full refund for my wasted time when the item arrives. The item arrived and I got no refund, so I messaged to check what happened. I had to go through 3 agents and 2 hours of wasted time just to be told that I was lied to originally and that nothing can be done. What a joke of a customer service team.",DVSAO,,2026-05-26T11:34:46Z,True,web_ssr_helpful,False,False
48c2057ccffabd90147fc98b068a845eb671d1150e45748e4c9ac6ce36776e9f,14107760238,335187483,Amazon,gb,1,Worst customer care service,"Amazon has one of the worst customer service experiences in India. They are selling used products, and no matter how many times we contact customer care, they keep saying ""wait 48 hours"" without providing any real
resolution. It has already been more than 10 days, and the same response keeps repeating for months. They don't seem to care whether your order value is 10,000 or more. Very disappointing experience.","Amazon has one of the worst customer service experiences in India. They are selling used products, and no matter how many times we contact customer care, they keep saying ""wait 48 hours"" without providing any real
resolution. It has already been more than 10 days, and the same response keeps repeating for months. They don't seem to care whether your order value is 10,000 or more. Very disappointing experience.",Aneeshsree,27.9.0,2026-05-26T11:28:02Z,False,itunes_rss_mostRecent,False,False
95961b44b1b00f7491569064cf80177dc7330cc7ca06cc2ac7d63fcbad1c3f3e,14107043443,335187483,Amazon,gb,1,Always late,"Nearly everything I order on this app takes two days to arrive, usually late afternoon, even though it says next day delivery, would be better if it told the truth before you press buy then I could make the decision whether to buy or not.","Nearly everything I order on this app takes two days to arrive, usually late afternoon, even though it says next day delivery, would be better if it told the truth before you press buy then I could make the decision whether to buy or not.",hmaSIUSSGDUHDFUFVDF,27.9.0,2026-05-26T06:03:06Z,False,itunes_rss_mostRecent,False,False
ddf7d1b634076c0dd0c5a76afdbcc0af3a133d3c0e8b07edcb869c129a626daf,14105368550,335187483,Amazon,gb,1,FAIZY ruined it for me,FAIZY is annoying never let him step foot in amazon again,FAIZY is annoying never let him step foot in amazon again,RyanyPlayz08,27.9.0,2026-05-25T18:37:15Z,False,itunes_rss_mostRecent,False,False
5312b061302a95fc9512f33e092f9f56be3bfab366c01ebb0d66ebb1a9dcba69,14103801749,335187483,Amazon,gb,2,High impact bug - Latest app unresponsive,When I change the sort or filters on the current app version the search results becomes unresponsive. Except scrolling up or down.  Can still search / change tabs. But can no longer click into products or add to basket of the current search.  Have to force close app.,When I change the sort or filters on the current app version the search results becomes unresponsive. Except scrolling up or down.  Can still search / change tabs. But can no longer click into products or add to basket of the current search.  Have to force close app.,Alroy1980,27.9.0,2026-05-25T10:14:30Z,False,itunes_rss_mostRecent,False,False
87a26b222ef2f8b65ef8a5cf6176b6a6d57d0db62d06cd181900914dcfd1aa66,14103629267,335187483,Amazon,gb,1,Delete soon,"I ordered 3 times from amazon
1 st time order cancelled
2 nd time order misplaced
3rd time order late but dont know where is it just waiting to get refund will delete it","I ordered 3 times from amazon 
1 st time order cancelled 
2 nd time order misplaced 
3rd time order late but dont know where is it just waiting to get refund will delete it",dhruvsinghranaavi,27.9.0,2026-05-25T08:59:15Z,False,itunes_rss_mostRecent,False,False
7c0f2b65d56e329e39578cc15d98cd85a5043ecafedb45ab2c27e48c26b31682,14102457023,335187483,Amazon,gb,1,Dodgy scammers,"Counterfeit items and dodgy sellers and rubbish, poor quality cheap tap overpriced rubbish","Counterfeit items and dodgy sellers and rubbish, poor quality cheap tap overpriced rubbish",browns7777,27.9.0,2026-05-25T00:07:23Z,False,itunes_rss_mostRecent,False,False
4c8f316bc8026e93863f45334db83f2a7be5202c2e13e525a2ed0876601f02a1,14102134044,335187483,Amazon,gb,1,Sc@mmers,"It’s the best sc@mmer app ever, I’ve paid £299 for a shark vacuum and they’ve sent me a single cable.","It’s the best sc@mmer app ever, I’ve paid £299 for a shark vacuum and they’ve sent me a single cable.",Lina Abdulrahman,27.9.0,2026-05-24T21:54:27Z,False,itunes_rss_mostRecent,False,False
4b8cd4f658ec703de6421f26b689bd9a416f1c692d7529176ac063b43ec65f7e,14101369780,335187483,Amazon,gb,1,Rubbish Service,"Delivery’s are always late, or have a technical issue. Customer service is just pointless no one speaks proper English so understanding anything they say is a pain","Delivery’s are always late, or have a technical issue. Customer service is just pointless no one speaks proper English so understanding anything they say is a pain",BoatyBuoyBen,27.9.0,2026-05-24T17:22:38Z,False,itunes_rss_mostRecent,False,False
1bcc90f58af2b7e41cc0e6139dcc0a430d15f0a3eacf1d092beea4addf515d0a,14100730928,335187483,Amazon,gb,1,Consistently awful and unreliable,"Anything I buy of any value either has parts missing or doesn’t work. I always choose NEW over USED yet no matter what I order, there are problems with the product.","Anything I buy of any value either has parts missing or doesn’t work. I always choose NEW over USED yet no matter what I order, there are problems with the product.",Fuukkkr,27.9.0,2026-05-24T14:10:19Z,False,itunes_rss_mostRecent,False,False
264cf3fe3e7e5df6be6b97b52acefae3fb2c9662fd1ae745cd344044facf9dd6,14097579219,335187483,Amazon,gb,1,No customer service,"They just have an endless tunnel of sorry, there’s an issue and no answers, no customer service.","They just have an endless tunnel of sorry, there’s an issue and no answers, no customer service.",Orange and kiwi,27.9.0,2026-05-23T17:35:20Z,False,itunes_rss_mostRecent,False,False
61ef3291a9da6ddb23d34c5668cccddce39cf25f8c1b1bcaf61aa2dd037e4f19,14097318277,335187483,Amazon,gb,3,Delivery not great,I used to order a lot of Amazon but I found some things where cheap probably from Temu and prices have gone up get stuff places cheaper and they say next day delivery but that’s not always the case,I used to order a lot of Amazon but I found some things where cheap probably from Temu and prices have gone up get stuff places cheaper and they say next day delivery but that’s not always the case,Suziecue240,27.9.0,2026-05-23T16:13:26Z,False,itunes_rss_mostRecent,False,False
99b5cde545bef2ef86c8ae2dfb1f9c82abac981b30507dd7058e2c8be7ff4d24,14097077337,335187483,Amazon,gb,1,Crashes,App crashes and permanently loops back to home page when reporting a problem,App crashes and permanently loops back to home page when reporting a problem,tom100789,27.9.0,2026-05-23T15:02:33Z,False,itunes_rss_mostRecent,False,False
bde432ff14aa2e05286c35004a90c167f4b0bcb8de1199027e7d72f0b14877b2,14096540751,335187483,Amazon,gb,2,Amazon driver forgot to deliver my package,So I ordered pots in April and they was meant to come 12-15 may and they still haven’t delivered it yet,So I ordered pots in April and they was meant to come 12-15 may and they still haven’t delivered it yet,Susannnah,27.9.0,2026-05-23T12:21:16Z,False,itunes_rss_mostRecent,False,False
d3f7315d300039628c2301811199b81e36eb950cc8a38691498ee8f01cf589e5,14096208512,335187483,Amazon,gb,5,Easy to use.,I buy lots things from Amazon. It’s easy to use the app. Delivery is usually the next day so no need to wait.,I buy lots things from Amazon. It’s easy to use the app. Delivery is usually the next day so no need to wait.,Ged Dan,27.9.0,2026-05-23T10:17:09Z,False,itunes_rss_mostRecent,False,False
eb4145273944a3356a3e1d6cfafcf0f0aacd65d4109914a16cf22888cd2c775c,14096059450,335187483,Amazon,gb,1,Sends spam push notifications,I haven’t opted in for marketing but am still being spammed by push notifications from this app,I haven’t opted in for marketing but am still being spammed by push notifications from this app,Buckland420,27.9.0,2026-05-23T09:14:17Z,False,itunes_rss_mostRecent,False,False
6fb35893d942b733f2cf2d42225faa0d3733db45fbddbe1d26faa2d2071e2b0b,14094513900,335187483,Amazon,gb,1,Full screen no longer works,Full screen on iPad no longer works,Full screen on iPad no longer works,Apple3467,27.9.0,2026-05-22T22:23:32Z,False,itunes_rss_mostRecent,False,False
515d8889b81e5e87f160101622dbc5d442d89c7af5beb26d722bf92b1b5b8274,14093926671,335187483,Amazon,gb,1,Rubbish,Awkward difficult to use. Much prefer the web browser version.,Awkward difficult to use. Much prefer the web browser version.,Bhujang,27.9.0,2026-05-22T18:40:58Z,False,itunes_rss_mostRecent,False,False
6ca6c6a05f77deb6504a880541b8643c70d25f8f4f099856e669cd7a70b92510,14093816555,335187483,Amazon,gb,1,so bad,I spend all my money on prime and they don’t go out for delivery on the day. Oh my days pipe down,I spend all my money on prime and they don’t go out for delivery on the day. Oh my days pipe down,Aleyna***,27.9.0,2026-05-22T18:03:09Z,False,itunes_rss_mostRecent,False,False
9650075604ac68df428c5103b017220349f79ddba931f073c99ae2d861573d37,14093188512,335187483,Amazon,gb,4,Great app,Everything was good but I was sent the delivery code after they tried delivering it now coming after I need it by,Everything was good but I was sent the delivery code after they tried delivering it now coming after I need it by,😡😡😡😡😡😡😡😡😡😡😡😡😡😤😡,27.9.0,2026-05-22T14:44:39Z,False,itunes_rss_mostRecent,False,False
d5ee94e8e626d0ae6ac30bf807638be7ee066dd0a2e005a382c89c963d14b9e9,14092399625,335187483,Amazon,gb,1,Spam,20 notifications a day not a single one for delivery or order update? Amazon RELAX!,20 notifications a day not a single one for delivery or order update? Amazon RELAX!,Valkname,27.9.0,2026-05-22T10:21:21Z,False,itunes_rss_mostRecent,False,False
0fcba2b0e293f538ac531f9cbdf76e71385efbea014b012283a36edbd9340516,14090492236,335187483,Amazon,gb,5,Goood,Sooooooo goooood broooo 😍😊😃,Sooooooo goooood broooo 😍😊😃,Akaaal sengh,27.9.0,2026-05-21T20:06:11Z,False,itunes_rss_mostRecent,False,False
d545c7d365df9a12716869409675a0e8fd00db61b12d70e2631f5672f0f4e7c6,14088084849,335187483,Amazon,gb,5,Very good,"Easy to use, suitable suggestions for future purchases, easy to filter e.g cheapest first.","Easy to use, suitable suggestions for future purchases, easy to filter e.g cheapest first.",4768@?!,27.9.0,2026-05-21T04:44:07Z,False,itunes_rss_mostRecent,False,False
a727b5a02937460fdc797ee4d8b39a135e4ae4e327b996c9a3ca9c14a5379121,14085444215,335187483,Amazon,gb,4,Too easy to report reviews from other countries by mistake,"In general the app is good and I use it a lot. However, today (and a few other times) I accidentally reported two customer product reviews because the report button was too accessible, where I thought the “helpful” button would be. These were reviews from other countries, which don’t seem to have a “helpful” button, only a “report” one. I meant to mark them as helpful. You should fix this issue, or at least allow people to cancel a report if it was done in error.","In general the app is good and I use it a lot. However, today (and a few other times) I accidentally reported two customer product reviews because the report button was too accessible, where I thought the “helpful” button would be. These were reviews from other countries, which don’t seem to have a “helpful” button, only a “report” one. I meant to mark them as helpful. You should fix this issue, or at least allow people to cancel a report if it was done in error.",Antarctica71,,2026-05-20T12:22:52Z,True,web_ssr_helpful,False,False
5fd2b420337b4887bba256ccd9a3f0b45840d3918e671b525c0e273229918ed4,14085299427,335187483,Amazon,gb,5,Prime,"I am paying for Prime twice. They have just cancelled it, but I think they’ve cancelled both of them!","I am paying for Prime twice. They have just cancelled it, but I think they’ve cancelled both of them!",Margfawk,27.9.0,2026-05-20T11:33:27Z,False,itunes_rss_mostRecent,False,False
3ce4a7ed6b8b483d26180c84db166ff932b396100547451e5caacfe8f8f12be1,14084439609,335187483,Amazon,gb,5,Aj,Site  crashing  so annoying,Site  crashing  so annoying,green cue,27.9.0,2026-05-20T04:53:28Z,False,itunes_rss_mostRecent,False,False
c40677612340fe1809c24ef04a00b29be277ce746fbeca7f2d62677a9a717493,14083101982,335187483,Amazon,gb,1,Dark mode,Guys it’s 2026 - can you please add an option for Dark Mode. THANKYOU.,Guys it’s 2026 - can you please add an option for Dark Mode. THANKYOU.,Elven-ring,27.9.0,2026-05-19T19:26:57Z,False,itunes_rss_mostRecent,False,False
804039a5e50c98914ff1a9a7de79ca84ca310e6b6837667448e885904b79751a,14082375038,335187483,Amazon,gb,1,Taking my money,It keeps taking my money out of my bank account and when I bought something ages ago it never came but keeps taking the money out. I spoke to an assistant and they didn’t help on what I needed. I also have proof of this if needed,It keeps taking my money out of my bank account and when I bought something ages ago it never came but keeps taking the money out. I spoke to an assistant and they didn’t help on what I needed. I also have proof of this if needed,Elizasqueel,27.9.0,2026-05-19T15:20:12Z,False,itunes_rss_mostRecent,False,False
7cab2e836c73a2b7952de42d4ef4866e68355fe7bf12838d536a645c67298e5e,14082155741,335187483,Amazon,gb,1,Can allow non-prime sellers when prime is selected,"When buying a radio is selected to only show prime sellers. However, when choosing the colour of the radio it allowed a non-prime seller to be the retailer. Consequently I bought an item from a non-prime seller against my express wishes. Dismayed returning an item that didn’t work as advertised difficult.","When buying a radio is selected to only show prime sellers. However, when choosing the colour of the radio it allowed a non-prime seller to be the retailer. Consequently I bought an item from a non-prime seller against my express wishes. Dismayed returning an item that didn’t work as advertised difficult.",Udohulk,27.9.0,2026-05-19T14:11:39Z,False,itunes_rss_mostRecent,False,False
6154473f61570d6e47836e93fdfb98099c70fedb086cb847dd51e40d4ff1a82b,14081605330,335187483,Amazon,gb,1,Ads now in Notifications,They added ads into notifications. Disabled this app from sending notifications immediately. Might just delete the app.,They added ads into notifications. Disabled this app from sending notifications immediately. Might just delete the app.,James Lucas x,27.9.0,2026-05-19T11:05:12Z,False,itunes_rss_mostRecent,False,False
300e9e6a5f9b416f1864359606054e98071e2eeb1a3c958f23a9e95392bb7466,14078936815,335187483,Amazon,gb,1,Scammed.,I’ve been scammed by Amazon today and they’re not giving me my money back. Horrible app do not recommend using they will just take your money and lie.,I’ve been scammed by Amazon today and they’re not giving me my money back. Horrible app do not recommend using they will just take your money and lie.,Eve stapps,27.9.0,2026-05-18T16:07:26Z,False,itunes_rss_mostRecent,False,False
f1b8115e72cae9484b09a0c6625993d555cf2a4c0811ac25c35b2ee04beb031f,14078647244,335187483,Amazon,gb,1,"Great assortment of products, delivery and overall service, however open to fraud and app not secure","Been using Amazon for years both in UAE and UK and overall been a happy customer and always my go to shopping destination. Even got the Amazon credit card so I’m committed.

However, the app isn’t secure. The security is weak and account easily cloned. I was paying someone else’s Prime, products and Groceries for 2 months thinking that the wife was making purchases using my card so never questioned. It was only when I started paying for this guys prime I realised that I pay yearly and not monthly.

It was someone else, using my account and getting items delivered to a completely different address. 12 transactions in 2 months and wasn’t flagged by Amazon.

Found out, cancelled the bank card, called Amazon and they confirmed this and said they would investigate. Next day notification from them that nothing was suspicious to my surprise even through the call desk said I didn’t make the purchase. Called again to raise the concern and same confirmation that someone was using my account, again next day closed the log with no resolution. Done this a total of 4 times and still no response from them.

No OTP or verification on the app as another layer of security so don’t leave any of your card details on your account. No Apple Pay option. So in summary, great app to shop from with good prices and products, until something goes wrong and you need to escalate, as won’t get the response or support you need. Haven’t had a call back in over a week.","Been using Amazon for years both in UAE and UK and overall been a happy customer and always my go to shopping destination. Even got the Amazon credit card so I’m committed. 

However, the app isn’t secure. The security is weak and account easily cloned. I was paying someone else’s Prime, products and Groceries for 2 months thinking that the wife was making purchases using my card so never questioned. It was only when I started paying for this guys prime I realised that I pay yearly and not monthly. 

It was someone else, using my account and getting items delivered to a completely different address. 12 transactions in 2 months and wasn’t flagged by Amazon. 

Found out, cancelled the bank card, called Amazon and they confirmed this and said they would investigate. Next day notification from them that nothing was suspicious to my surprise even through the call desk said I didn’t make the purchase. Called again to raise the concern and same confirmation that someone was using my account, again next day closed the log with no resolution. Done this a total of 4 times and still no response from them. 

No OTP or verification on the app as another layer of security so don’t leave any of your card details on your account. No Apple Pay option. So in summary, great app to shop from with good prices and products, until something goes wrong and you need to escalate, as won’t get the response or support you need. Haven’t had a call back in over a week.",chicken muncher matt,27.9.0,2026-05-18T14:36:32Z,False,itunes_rss_mostRecent,False,False
5c989d15efa96f5cd07a16dff1ac82507dd16cb2a4b22267b2195573ad4cea35,14078191759,335187483,Amazon,gb,1,Missing features,"Doesn’t have the ability to change subscription settings to remove certain things, such as ad free for prime video, and asks you to instead use a computer, which is incredibly shady. Of course the app is able to do this but Amazon would rather make you jump through hoops in the hope you give up and keep paying for a subscription you don’t want","Doesn’t have the ability to change subscription settings to remove certain things, such as ad free for prime video, and asks you to instead use a computer, which is incredibly shady. Of course the app is able to do this but Amazon would rather make you jump through hoops in the hope you give up and keep paying for a subscription you don’t want",chowie123,27.9.0,2026-05-18T12:10:33Z,False,itunes_rss_mostRecent,False,False
15a6ec9b5503d6806836ab4ec8bdab66064043f9172d45d229f473e8bcb61022,14077429710,335187483,Amazon,gb,4,Amazon,It’s a good app but I can only see my order in February from this year So please Amazon Fix this issue please I’m begging you,It’s a good app but I can only see my order in February from this year So please Amazon Fix this issue please I’m begging you,Diptansu Gurung,27.9.0,2026-05-18T06:24:20Z,False,itunes_rss_mostRecent,False,False
bc4a5c78b8a3393c7bf6b82a8e6ed3cfe5911bce807ba37d85d3be3afb445c99,14076881669,335187483,Amazon,gb,1,really bad glitching,Not sure what’s going on with the app but it’s awfully glitchy and doesn’t work properly,Not sure what’s going on with the app but it’s awfully glitchy and doesn’t work properly,dippity boppity hopity,27.9.0,2026-05-18T01:57:20Z,False,itunes_rss_mostRecent,False,False
8f435c098458932f33a10cacd202d1832856bd603319a5ab98141d29db8298b2,14076218598,335187483,Amazon,gb,5,Just good,Want something your getting it from Amazon,Want something your getting it from Amazon,Cousosolo,27.9.0,2026-05-17T21:16:43Z,False,itunes_rss_mostRecent,False,False
1df5cc704c135e24fa8b99d8ce4317c69c9906aa4394c785863f3688a0c8997f,14075788180,335187483,Amazon,gb,2,This made a big mess.,So I ordered a £10 cheese squishy and in the picture it showed that it was really big. But in reality when I received it it was as SMALL AS MY HAND. Also there was a hole in the squishy when I opened it and it popped out with all the foam everywhere in my house. I do not want this again!,So I ordered a £10 cheese squishy and in the picture it showed that it was really big. But in reality when I received it it was as SMALL AS MY HAND. Also there was a hole in the squishy when I opened it and it popped out with all the foam everywhere in my house. I do not want this again!,Avakabri,27.9.0,2026-05-17T18:41:46Z,False,itunes_rss_mostRecent,False,False
eae8411cd9f3741bb43a5eabd8029ce1e8b16c96e5d3f0d45ace2e9dc9068184,14073953476,335187483,Amazon,gb,1,Advertising in notifications,"Having opted out of their blatant advertising in my notifications, after an update, Amazon kindly assumed that I’d want them turned back on and began to send me notifications advertising various products, which I obviously don’t care to see.","Having opted out of their blatant advertising in my notifications, after an update, Amazon kindly assumed that I’d want them turned back on and began to send me notifications advertising various products, which I obviously don’t care to see.",LostMelon,27.9.0,2026-05-17T08:19:13Z,False,itunes_rss_mostRecent,False,False
845cff04a4fa45fbb626ea39fbe9d032968e10f64f4af4d5c9e86c8e6e03b681,14072083155,335187483,Amazon,gb,1,Drivers,Unfortunately the drivers lack the intelligence to ring a doorbell when carrying out deliveries. Items dumped outside for anyone to take as they walk past. Need to do better!,Unfortunately the drivers lack the intelligence to ring a doorbell when carrying out deliveries. Items dumped outside for anyone to take as they walk past. Need to do better!,It's not for you to know,27.9.0,2026-05-16T19:13:14Z,False,itunes_rss_mostRecent,False,False
a9e0ea2b6ac5c770f2e1486603093dceacfa5c4212a318b985ede28fb96f8155,14070240302,335187483,Amazon,gb,5,Disabled & Retired Shopping,"We would like to thank Amazon’s Quality and delivery service as being unable to shop owing to both being disabled we feel that we have the whole world at our fingertips it also helps to have a fast and efficient delivery service to make our life enjoyable
Thanks John &val+ bobo our dog x","We would like to thank Amazon’s Quality and delivery service as being unable to shop owing to both being disabled we feel that we have the whole world at our fingertips it also helps to have a fast and efficient delivery service to make our life enjoyable 
Thanks John &val+ bobo our dog x",Happy old man x,,2026-05-16T09:03:56Z,True,web_ssr_helpful,False,False
1ac3e15700e4008e957ee3492b29d03a0a3b4506936db36b71a413749c146428,14068479666,335187483,Amazon,gb,5,new update,i would give this app a 3 but gave it a  5 so they see this.  i hate the new AI update because it suddenly deleted everything i had saved in my cart which was 37 items and all my saves for later and it suddenly half of the stuff that i search says that its for “amazon prime only” ?? and with the new ai i cant put pictures of stuff in to search i really wanted a specific pair of glasses and now i cant find them and i dislike the fact its using ai and i honestly think its pretty useless,i would give this app a 3 but gave it a  5 so they see this.  i hate the new AI update because it suddenly deleted everything i had saved in my cart which was 37 items and all my saves for later and it suddenly half of the stuff that i search says that its for “amazon prime only” ?? and with the new ai i cant put pictures of stuff in to search i really wanted a specific pair of glasses and now i cant find them and i dislike the fact its using ai and i honestly think its pretty useless,L!BbYL0o19x,27.9.0,2026-05-15T20:37:32Z,False,itunes_rss_mostRecent,False,False
7d13680ccd83d16da5bbb462fdaed648bc02e97f7389010ac2f6df089b0fce52,14067308698,335187483,Amazon,gb,1,Great - until it isn’t,"Locked out of my account due to “unusual payment activity”. There’s no way to reach support and you end up in infuriating circles. You’re told to login to regain access to your account, but when you try to login you’re told that your account has been frozen and there’s nothing you can do. This doesn’t happen when you shop local.","Locked out of my account due to “unusual payment activity”. There’s no way to reach support and you end up in infuriating circles. You’re told to login to regain access to your account, but when you try to login you’re told that your account has been frozen and there’s nothing you can do. This doesn’t happen when you shop local.",jonbollinger,27.9.0,2026-05-15T14:08:09Z,False,itunes_rss_mostRecent,False,False
f0c3758e3204e023ba70de921e0f66c55fc607812c32c49d90697c5274177f41,14066127014,335187483,Amazon,gb,1,Amazon NOW is a pain,"After Amazon NOW started it has constantly interfered and hijacked the software and blocks Amazon Prime. At this rate, I will leave both.","After Amazon NOW started it has constantly interfered and hijacked the software and blocks Amazon Prime. At this rate, I will leave both.",170163,27.9.0,2026-05-15T06:30:47Z,False,itunes_rss_mostRecent,False,False
812770afc41ab317dee223516c647963263ef1fdb34f0b8d44c906be7940beb4,14063295249,335187483,Amazon,gb,1,AI Fully In Control Of Amazon,"Amazon now fully controlled by AI and this app constantly bombards you with ads, even though all marketing is disabled. It even gives you out-of-app pop ups asking you to take another look, even though you have probably bought it.

You go to my order and press Contact Seller and what pops up? Amazon’s Seller Assistance. I DO NOT WANT YOUR AI. I wish to contact the seller.

Why are you making it impossible to contact the seller now??? I am the Customer and I wish to contact the seller, not some Amazon AI Bot.

Does it involve Amazon directly or its staff’s participation? No.

So, why the AI Bot?

Borderline ridiculous now.

Also, ordered another item, which states, “Out For Delivery” to my home address but no delivery time window. Meaning now, you have to stay in literally all day in case you miss the driver.

I have had enough of this company and as for the delivery depot, the worst I have ever known. Constantly changing the delivery time window, as the drivers are useless and couldn’t care less about your items.

I have given Amazon so many chances from my complaints, they occasionally give you a gift certificate but that means you have to spend more money.

Not this time. Prime cancelled and will go back to my former buying option, in which I have a credit limit store card.","Amazon now fully controlled by AI and this app constantly bombards you with ads, even though all marketing is disabled. It even gives you out-of-app pop ups asking you to take another look, even though you have probably bought it.

You go to my order and press Contact Seller and what pops up? Amazon’s Seller Assistance. I DO NOT WANT YOUR AI. I wish to contact the seller.

Why are you making it impossible to contact the seller now??? I am the Customer and I wish to contact the seller, not some Amazon AI Bot.

Does it involve Amazon directly or its staff’s participation? No.

So, why the AI Bot?

Borderline ridiculous now.

Also, ordered another item, which states, “Out For Delivery” to my home address but no delivery time window. Meaning now, you have to stay in literally all day in case you miss the driver.

I have had enough of this company and as for the delivery depot, the worst I have ever known. Constantly changing the delivery time window, as the drivers are useless and couldn’t care less about your items.

I have given Amazon so many chances from my complaints, they occasionally give you a gift certificate but that means you have to spend more money.

Not this time. Prime cancelled and will go back to my former buying option, in which I have a credit limit store card.",Typhoon349,27.9.0,2026-05-14T12:17:01Z,False,itunes_rss_mostRecent,False,False
8a5e6591b10fe96a84ff5a7a92abae0806262e845e773c60ae2c1c9bf709f8d0,14061304650,335187483,Amazon,gb,1,Fake reviews,Keep getting fake reviews notified to me and continued requirements to reset my password,Keep getting fake reviews notified to me and continued requirements to reset my password,Cross03/02,27.9.0,2026-05-13T21:40:27Z,False,itunes_rss_mostRecent,False,False
317f5f17e2b86eb7e2730117a8f2950371710707c231606132b39d15ef8b75d6,14060325550,335187483,Amazon,gb,5,Only five star so u can see this,"So basically I ordered a So…? Box and double checked it was the right one but when it came it wasn’t the one I ordered, it didn’t have the right body mists. Hate this app, overrated","So basically I ordered a So…? Box and double checked it was the right one but when it came it wasn’t the one I ordered, it didn’t have the right body mists. Hate this app, overrated",u•need•to•hear•this,27.9.0,2026-05-13T15:49:45Z,False,itunes_rss_mostRecent,False,False
5c5ae56d219f1ac0bf42000deb6e55a756d00df8b174f409ca31b499fd994182,14058417991,335187483,Amazon,gb,1,gets stuck on loading page,rubbish,rubbish,Basil12347,27.9.0,2026-05-13T02:50:34Z,False,itunes_rss_mostRecent,False,False
a92889b2093cc888a1c78343ddc59c24039e18e85606934fc00f518ad54ccfa5,14056648326,335187483,Amazon,gb,1,Tobacco,Where is my st Bruno as advertised,Where is my st Bruno as advertised,7 of hearts,27.9.0,2026-05-12T15:36:56Z,False,itunes_rss_mostRecent,False,False
e36161ec65ccd3b4b07ba142e413c68cf6f3f975cc0ab1c92b975cf619ad57c6,14056265132,335187483,Amazon,gb,1,Worst greediest shopping app,"Terrible slow, heavy, resources greedy, terrible AI engine just greedy to push you to buy their best margin products. I'm trying to keep minimum buying from this app. 1 in 3 orders is always late, many orders are coming from Germany and delayed. NO NO NO for amazon.it WHY am I'm paying Prime and often deliveries requires extra delivery payments. I will also report to local Customer Protection Authority.","Terrible slow, heavy, resources greedy, terrible AI engine just greedy to push you to buy their best margin products. I'm trying to keep minimum buying from this app. 1 in 3 orders is always late, many orders are coming from Germany and delayed. NO NO NO for amazon.it WHY am I'm paying Prime and often deliveries requires extra delivery payments. I will also report to local Customer Protection Authority.",Marius Iosif,27.9.0,2026-05-12T13:38:31Z,False,itunes_rss_mostRecent,False,False
a1ad6f42be2b204bfb3d963642ac500b3decfe83a60d38246d92106581d50db4,14055732155,335187483,Amazon,gb,1,Service,Very poor,Very poor,stagehire,27.9.0,2026-05-12T10:32:41Z,False,itunes_rss_mostRecent,False,False
08acdbb018b6b8d74041b3405f6ff9fe4d4d63e0083cc5c4bb9381726a7d36e2,14054351313,335187483,Amazon,gb,1,I hate prime,I keep cancelling it. It keeps starting again,I keep cancelling it. It keeps starting again,Kit25,27.9.0,2026-05-11T23:45:49Z,False,itunes_rss_mostRecent,False,False
0918321cbe60b7cc9134592b395b0c80680162fdd114f4fa6d6b066871226e3d,14054170675,335187483,Amazon,gb,1,Live chat not working,App doesn’t work properly it won’t let you cancel Amazon prime on iPhone if you sign up on Android and they can be a pain to get through to customer services as live chat functions broken,App doesn’t work properly it won’t let you cancel Amazon prime on iPhone if you sign up on Android and they can be a pain to get through to customer services as live chat functions broken,SlinkyABC,27.9.0,2026-05-11T22:29:53Z,False,itunes_rss_mostRecent,False,False
6b68df582f612b39b749bae207272e1fe71576e9f59f81e9eceb54195cdf6e33,14054009099,335187483,Amazon,gb,5,Very good app,"If you want cheap and quality stuff you should download this app most of the package actually arrive the delivery driver was very nice very good and definitely recommend.
Please download this app if you want good quality and affordable price items.

Not a sponsor!","If you want cheap and quality stuff you should download this app most of the package actually arrive the delivery driver was very nice very good and definitely recommend.
Please download this app if you want good quality and affordable price items.

Not a sponsor!",TheJadeguy,27.9.0,2026-05-11T21:23:49Z,False,itunes_rss_mostRecent,False,False
8188a55bfcde6f18f2c40e4c3158ebb44820301121d08ab13debced4e89805f2,14049315748,335187483,Amazon,gb,1,"Service is shocking, every single order I’ve made in the past month has had issues with delivery.","As the title says every order I’ve had to make in the past month has had delivery issues. Items delayed, items not being delivered to the correct location, items missing.
It would be helpful as well if your customer service team actually wanted to fix the issue as well instead of ‘redirecting you to the appropriate team’ 10 times before just not responding.
The only way I’ve had to fix issues is through calling and speaking to an actual person as their AI is just shocking but adamant at fixing the issue without intervention from an actual human.
Half of the time the people you reach can’t (be bothered to) fix the issue as well and say the driver will have to rectify it when they are available to. The most helpful thing I’ve received is the £5 sympathy voucher here and there which doesn’t matter when you can’t even actually get the items in the first place.","As the title says every order I’ve had to make in the past month has had delivery issues. Items delayed, items not being delivered to the correct location, items missing.
It would be helpful as well if your customer service team actually wanted to fix the issue as well instead of ‘redirecting you to the appropriate team’ 10 times before just not responding.
The only way I’ve had to fix issues is through calling and speaking to an actual person as their AI is just shocking but adamant at fixing the issue without intervention from an actual human.
Half of the time the people you reach can’t (be bothered to) fix the issue as well and say the driver will have to rectify it when they are available to. The most helpful thing I’ve received is the £5 sympathy voucher here and there which doesn’t matter when you can’t even actually get the items in the first place.",Jimmy90209,27.9.0,2026-05-10T15:10:58Z,False,itunes_rss_mostRecent,False,False
945bf54e1d3c29dd36971f6a5ab13dbb1d6ebff1357d9c9da1bdc97d01fb1a5c,14048831462,335187483,Amazon,gb,2,.,"I have nothing against amazon. they have great prices on everyday products and other things that i buy. but ive cancelled my subscription from prime because i accidentally bought it but every month it tries to take money out of my account, even though is cancelled.this is ridiculous.i dont even have the app Anymore. i had to delete it to avoid being charged but they still found a way to charge me. this is ridiculous","I have nothing against amazon. they have great prices on everyday products and other things that i buy. but ive cancelled my subscription from prime because i accidentally bought it but every month it tries to take money out of my account, even though is cancelled.this is ridiculous.i dont even have the app Anymore. i had to delete it to avoid being charged but they still found a way to charge me. this is ridiculous",sugarbunni🐹,27.9.0,2026-05-10T12:44:21Z,False,itunes_rss_mostRecent,False,False
9942a261e35af512a2a232e1b6b7f1e9e0e61372c54428cb65403e88ef2aa497,14048626240,335187483,Amazon,gb,1,Dodgy,Had to delete as stuck on ai  !!!!!,Had to delete as stuck on ai  !!!!!,weareliars,27.9.0,2026-05-10T11:33:04Z,False,itunes_rss_mostRecent,False,False
603af26c5a164a712ac71678f5f71b78a52ecbec8de3898f6020c396cdba35c0,14048013900,335187483,Amazon,gb,5,Fantastic,"Our family love using Amazon for our everyday, essential needs. All kinds of products can be found at a touch of a button and delivered pretty much the next day.","Our family love using Amazon for our everyday, essential needs. All kinds of products can be found at a touch of a button and delivered pretty much the next day.",Sarah24865639,27.9.0,2026-05-10T07:17:59Z,False,itunes_rss_mostRecent,False,False
3218ba78a036103502f623c0fc27f6c86fb1d34027101c20492ba9ea90168112,14045668598,335187483,Amazon,gb,2,Good but,"I try to buy items, but they automatically cancel and I don’t get my full money back","I try to buy items, but they automatically cancel and I don’t get my full money back",Joselin09,27.9.0,2026-05-09T15:53:04Z,False,itunes_rss_mostRecent,False,False
59f8ae892824613a36340c877e5af3d5dacb2cf19766efb409289afd0e918fa0,14045130026,335187483,Amazon,gb,1,Gift Card,Said it accepted my gift card but when it went through to payment it charged my card instead. Now I’ve used gift card and been charged! So paid double the price.,Said it accepted my gift card but when it went through to payment it charged my card instead. Now I’ve used gift card and been charged! So paid double the price.,Bec350853,27.9.0,2026-05-09T13:12:00Z,False,itunes_rss_mostRecent,False,False
5f32a68663bb11b57341150a8d130f4a1318f0991ff5a09173d96ce67640f083,14043763472,335187483,Amazon,gb,4,Blinding App,Why this app doesn’t have dark theme? Do you not want us shopping in the night?,Why this app doesn’t have dark theme? Do you not want us shopping in the night?,Trevor-Sonic,27.9.0,2026-05-09T03:21:01Z,False,itunes_rss_mostRecent,False,False
4fc305d23ed074b8d0052cf130e362eb07024722fc5e2281e961e947966cabc3,14042483433,335187483,Amazon,gb,1,Scam Amazon,The one I bought for 13 pounds it showed a big pack of Pokémon cards but it only gave me one freaking Pokémon booster pack.,The one I bought for 13 pounds it showed a big pack of Pokémon cards but it only gave me one freaking Pokémon booster pack.,Sarthak2834,27.9.0,2026-05-08T18:35:45Z,False,itunes_rss_mostRecent,False,False
87d190d456a03b4bd0b6bb9c8866799c916787957f81ab820b77f581718bf4e7,14042267286,335187483,Amazon,gb,1,Amazon just stopped being able to search,"Amazon search is now diabolically bad.
It finds on the 3rd page what you search for.
If you put 4 words in to search it finds everything that is one of the words and nothing with even 2 search words.
Rather that space travel Bezos should look after is customers and make sure the search works.
I repeatedly have gone to Ali, temu and Joybuy.
Sort the search out.","Amazon search is now diabolically bad.
It finds on the 3rd page what you search for.
If you put 4 words in to search it finds everything that is one of the words and nothing with even 2 search words.
Rather that space travel Bezos should look after is customers and make sure the search works.
I repeatedly have gone to Ali, temu and Joybuy.
Sort the search out.",Valve freak,27.9.0,2026-05-08T17:18:15Z,False,itunes_rss_mostRecent,False,False
f88a841842be93b76c727129efefaead53b20216530856c0c3fe4f2690a577c4,14040760854,335187483,Amazon,gb,1,Becoming doggy online purchase platform,No option to return and  getting money back for all online purchases . I paid prime for the last 7 years … !,No option to return and  getting money back for all online purchases . I paid prime for the last 7 years … !,The buyer ..,27.9.0,2026-05-08T08:18:47Z,False,itunes_rss_mostRecent,False,False
340e5d0ecc54db84875782054cb452a498816bbc879fdcf8c7d1c391acb6d45f,14038210935,335187483,Amazon,gb,3,Love it for the convenience……,"Love it for the convenience, but good grief, the latest update I horrid.  It’s almost like someone wanted to cram every single product on the home page.  Terrible idea.  Looks like your new completion is going to get a whole host of new customers - I’m certainly off there.","Love it for the convenience, but good grief, the latest update I horrid.  It’s almost like someone wanted to cram every single product on the home page.  Terrible idea.  Looks like your new completion is going to get a whole host of new customers - I’m certainly off there.",456*&&*,27.9.0,2026-05-07T14:27:33Z,False,itunes_rss_mostRecent,False,False
ca2e5c35087f25258723bbc0df8e99e1c3271a1aa0cf81ec6bda20be139e9ecd,14037834542,335187483,Amazon,gb,1,Omg it’s bad,It’s gotten bad. They always loose electronic items for some reason. They have lost all my expensive electronics items. It’s my fault for keep trying to buy from them. Nowadays they started to loose my small items. But today was the last straw. They literally blamed me for stealing and asked me to send them my government id and take pictures of my face to even get my refund. I just deleted my app and requested to delete my details too.,It’s gotten bad. They always loose electronic items for some reason. They have lost all my expensive electronics items. It’s my fault for keep trying to buy from them. Nowadays they started to loose my small items. But today was the last straw. They literally blamed me for stealing and asked me to send them my government id and take pictures of my face to even get my refund. I just deleted my app and requested to delete my details too.,Mr farmville,27.9.0,2026-05-07T12:25:21Z,False,itunes_rss_mostRecent,False,False
6dd8ab605d40c0db997467e5dfb16875c2a3687d2db154e8cfd9dad3192c9436,14035714677,335187483,Amazon,gb,4,Expensive,It is good but it is to expensive but for the smart watch it is  well cheep but it is not cheep at the same time,It is good but it is to expensive but for the smart watch it is  well cheep but it is not cheep at the same time,Issyboo65895,27.9.0,2026-05-06T20:30:56Z,False,itunes_rss_mostRecent,False,False
873fa50692dbe78552a4268c85528bbdb1759480a13089ec85cf8b2c902b05cf,14033747836,335187483,Amazon,gb,5,Amazon shopping app,"Amazon Shopping app is a convenient and reliable way to shop on the go. It offers a huge range of products, fast delivery options, and an easy-to-use interface. Features like order tracking, reviews, and personalized recommendations make shopping simple and efficient. However, occasional glitches and overwhelming search results can be a downside. Overall, it’s a solid app for quick and hassle-free online shopping.","Amazon Shopping app is a convenient and reliable way to shop on the go. It offers a huge range of products, fast delivery options, and an easy-to-use interface. Features like order tracking, reviews, and personalized recommendations make shopping simple and efficient. However, occasional glitches and overwhelming search results can be a downside. Overall, it’s a solid app for quick and hassle-free online shopping.",Baby Joy￼,27.9.0,2026-05-06T08:44:55Z,False,itunes_rss_mostRecent,False,False
a7d5577738cf9a144b599690714829bbcb56b6b25549230d4399a5c195678275,14033735945,335187483,Amazon,gb,1,Mr Ryan,Why are Amazon using other companies to deliver goods that can’t deliver on time ? Make no sense . Long term will damage Amazon . Royal Mail all ways 1-2 days late . DBD can’t read post codes,Why are Amazon using other companies to deliver goods that can’t deliver on time ? Make no sense . Long term will damage Amazon . Royal Mail all ways 1-2 days late . DBD can’t read post codes,To many text,27.9.0,2026-05-06T08:39:01Z,False,itunes_rss_mostRecent,False,False
16a8749129459e78d0ae7745260e3be2379d8c02bf2761fe848a037024fde88d,14031843876,335187483,Amazon,gb,5,Amazing Amazon!,"The service Amazon provide is AMAZING!! Prices, range of items and a superb delivery system amounts to a top quality shopping experience✅👍❤️","The service Amazon provide is AMAZING!! Prices, range of items and a superb delivery system amounts to a top quality shopping experience✅👍❤️",Spoorsy74,27.9.0,2026-05-05T18:37:28Z,False,itunes_rss_mostRecent,False,False
6a98cc6487d43013b1883cfbbadd5aca11ccce9018179ed308ece8410b2b58d2,14028323593,335187483,Amazon,gb,5,Good service,I love your service.,I love your service.,Iwucos,27.8.0,2026-05-04T18:41:10Z,False,itunes_rss_mostRecent,False,False
21dd94d27af98b8ed44390c195c72e0885920752d7f4c90fec5a36f7969041de,14028054622,335187483,Amazon,gb,5,Easy and reliable items,Very reliable and honest features for the items sold in their platform.,Very reliable and honest features for the items sold in their platform.,AMADOO1969,27.8.0,2026-05-04T17:06:17Z,False,itunes_rss_mostRecent,False,False
2d340dec29fdbe10fefc0cb55a4482b6788db0b97845d6d368814b80c1a78f8f,14025442817,335187483,Amazon,gb,5,5star app,One of the best shopping apps. Excellent usability and always 5 star customer service support.,One of the best shopping apps. Excellent usability and always 5 star customer service support.,‘Appygirl,27.8.0,2026-05-03T23:10:38Z,False,itunes_rss_mostRecent,False,False
b49cd929321cc0601dc0c7c18863821b60ab40787592ccdf7bf9210336fbdc77,14024965108,335187483,Amazon,gb,1,Signing in,"When it tells me to sign in, I put in my email address then it tells me to reset the password? Why when I already know the password then it tells me it blocked my account for to many request? U made me reset it","When it tells me to sign in, I put in my email address then it tells me to reset the password? Why when I already know the password then it tells me it blocked my account for to many request? U made me reset it",Gilooooeu,27.8.0,2026-05-03T19:55:22Z,False,itunes_rss_mostRecent,False,False
df8a630961c3b99eb86afcd29c57c0df174c7d8ae934f166d4d410e9a100b15a,14024546281,335187483,Amazon,gb,3,Late delivery,My bffs mom brought us water balloons AND THERE LATE,My bffs mom brought us water balloons AND THERE LATE,U ALL STINK,27.8.0,2026-05-03T17:31:50Z,False,itunes_rss_mostRecent,False,False
59731fb6fa650be7ab6fe8d00c8d3edf276c79cbaf1053707c2303272bd2ae97,14021155564,335187483,Amazon,gb,1,Worst delivery,.. I ordered battery and a connector for an a emergency from amazon.. amazone promised me that battery and connector will deliver in a day… now Amazon can’t able deliver that.. now it’s showing 3 more day… then why am chose amazone and prime subscription. Now can’t able to cancel the order or  can’t able to buy another one cos I trusted amazone and it’s weekend..,.. I ordered battery and a connector for an a emergency from amazon.. amazone promised me that battery and connector will deliver in a day… now Amazon can’t able deliver that.. now it’s showing 3 more day… then why am chose amazone and prime subscription. Now can’t able to cancel the order or  can’t able to buy another one cos I trusted amazone and it’s weekend..,Vyshak1997,27.8.0,2026-05-02T19:10:12Z,False,itunes_rss_mostRecent,False,False
aaf365a14e981f2af72ac80b00bc866b8ee54d4baf49fc16df22e33f069b0f73,14019646550,335187483,Amazon,gb,1,Technical issue,The “Add to basket” link doesn’t work correctly since the last app update. The number of item(s) added do not show in the basket. You have to go to the basket to check what item(s) are there.,The “Add to basket” link doesn’t work correctly since the last app update. The number of item(s) added do not show in the basket. You have to go to the basket to check what item(s) are there.,Roome101,27.8.0,2026-05-02T10:54:20Z,False,itunes_rss_mostRecent,False,False
6bd71a72f2d76e64f3ba294ecaf80f7f7cb5717ac80cd94a5ef5179f29c51b13,14019365442,335187483,Amazon,gb,1,Rubbish search engine.,"I like the app for finding things I need and particularly can’t find locally because I live in a rural area. Search engine is awful though. I write specifics, 6 light 2M long light bar for the ceiling. Gives me every light bar in the order presumably that sellers pay for with those less than 1M and 5 lights being the first 100 or so. Search on google with same search term and what comes up is 6 light bar 2M long.","I like the app for finding things I need and particularly can’t find locally because I live in a rural area. Search engine is awful though. I write specifics, 6 light 2M long light bar for the ceiling. Gives me every light bar in the order presumably that sellers pay for with those less than 1M and 5 lights being the first 100 or so. Search on google with same search term and what comes up is 6 light bar 2M long.",Mcmikey56,27.8.0,2026-05-02T08:52:27Z,False,itunes_rss_mostRecent,False,False
6c7c8dc08bc32f861ce40a984281479f1bf978b70a4d07f4b9e41f0dd4502d67,14019069388,335187483,Amazon,gb,3,Damaged,Great device but delivery drivers often throw items and damage them. Amazon CEOs need to remove the strict time targets and add more care to delivery opposed to speed.,Great device but delivery drivers often throw items and damage them. Amazon CEOs need to remove the strict time targets and add more care to delivery opposed to speed.,Lapizmaniac03,27.8.0,2026-05-02T06:37:33Z,False,itunes_rss_mostRecent,False,False
8b873eed35c8a259598e16fcfa45806ea76f016eaf0f9756e7b7b681767ca13f,14017673220,335187483,Amazon,gb,1,Completely useless,"Signed up to buy something nice for a loved one, my order got declined for some BS reason, tried to appeal with a drivers license and face scan, somehow that was insufficient to prove that I exist (because obviously I would have perfectly falsified a driver’s license and undergone extensive plastic surgery to look like the person on it just to buy a thirty quid bracelet) and I was given no other option to appeal and now what was meant to be a nice gesture has caused me a lot of stress. Genuinely abysmal.","Signed up to buy something nice for a loved one, my order got declined for some BS reason, tried to appeal with a drivers license and face scan, somehow that was insufficient to prove that I exist (because obviously I would have perfectly falsified a driver’s license and undergone extensive plastic surgery to look like the person on it just to buy a thirty quid bracelet) and I was given no other option to appeal and now what was meant to be a nice gesture has caused me a lot of stress. Genuinely abysmal.",Alwyn11011,27.8.0,2026-05-01T20:36:17Z,False,itunes_rss_mostRecent,False,False
6f5c346bc0b3e1b1554d0e271750ada2910382b49ba463d36d5c9d41a0bccefd,14017635999,335187483,Amazon,gb,4,Choice,I would like good deals to be easier to find.,I would like good deals to be easier to find.,Fontana W,27.8.0,2026-05-01T20:21:36Z,False,itunes_rss_mostRecent,False,False
e32fd3d0f7e827415a7a8e5c8186097d9be1bd9dc40a85ec1bf36a2d8ab69b6a,14017615459,335187483,Amazon,gb,5,Brilliant service,Absolutely fabulous,Absolutely fabulous,zero hahahaehehehfgf,27.8.0,2026-05-01T20:13:33Z,False,itunes_rss_mostRecent,False,False
484c41ac7df5632185974c6901c9e2dcef21b75273b9252d143c2913ae919d7e,14017182216,335187483,Amazon,gb,1,Enshtificated,A lot of fake reviews here. The app is junk,A lot of fake reviews here. The app is junk,UKCman,27.8.0,2026-05-01T17:34:16Z,False,itunes_rss_mostRecent,False,False
c06892f2982817436910287d58496f00178a0f27e9b24c16502ee44dbea0a12e,14016921308,335187483,Amazon,gb,2,Absolutely kills battery,"This app makes my phone hot and battery ticks down in real-time. You’re doing something very wrong when streaming a movie uses half the power. Not sure when it started, sometime in the past few months, it was never like this before.","This app makes my phone hot and battery ticks down in real-time. You’re doing something very wrong when streaming a movie uses half the power. Not sure when it started, sometime in the past few months, it was never like this before.",Flamebait_,27.8.0,2026-05-01T16:06:32Z,False,itunes_rss_mostRecent,False,False
c2ee1dfc19b2c4bbf0fbd2a4073a4b1ed9aa812910e47e32ecad1c1f9926694d,14015650681,335187483,Amazon,gb,4,Dark Mode please!,Please give us the option for dark mode!,Please give us the option for dark mode!,Crissythebrit,27.8.0,2026-05-01T08:42:54Z,False,itunes_rss_mostRecent,False,False
3e5f1ea8fdbc9b305858a13d23f2f964371510498c1e95b7494768d343dabf51,14013704539,335187483,Amazon,gb,2,Weird new font,Suddenly changed to a weird narrow font and every item now displays a ‘compare’ button. Ugly and harder to use.,Suddenly changed to a weird narrow font and every item now displays a ‘compare’ button. Ugly and harder to use.,Fermi LaPorta,27.8.0,2026-04-30T18:49:39Z,False,itunes_rss_mostRecent,False,False
a5c6cb4858ced4f5945c6aec79e33650c5e02e3a5004ba7812058205c8b3a9b8,14013529500,335187483,Amazon,gb,3,"Fine, but…","Please please make an option to turn off the ‘prime’ price deals. I don’t have prime and I never will, showing prime offer price to people who don’t have and don’t want it is very confusing and has put me off on a few occasions.","Please please make an option to turn off the ‘prime’ price deals. I don’t have prime and I never will, showing prime offer price to people who don’t have and don’t want it is very confusing and has put me off on a few occasions.",small emma,27.8.0,2026-04-30T17:45:30Z,False,itunes_rss_mostRecent,False,False
4d79dbe5970e0c1c77d397dbe19533e8fdcdd7b629bd039934abee1ce96529a2,14012767212,335187483,Amazon,gb,2,Accessibility settings?,It was better when it had a text size I could actually read. The new font makes things very difficult. Not to mention the rainbow home page. Some of us use Amazon because it isn’t one of the other knock off websites. Simpler is better!,It was better when it had a text size I could actually read. The new font makes things very difficult. Not to mention the rainbow home page. Some of us use Amazon because it isn’t one of the other knock off websites. Simpler is better!,cakegreatsquare,27.8.0,2026-04-30T13:32:15Z,False,itunes_rss_mostRecent,False,False
fb1e22ecc99c75c7f66eeb2ac5370116261f93479e71db58704d6a5a20235342,14012295104,335187483,Amazon,gb,5,Art The Clown,Alastor,Alastor,Becky1313yyy,27.8.0,2026-04-30T10:43:57Z,False,itunes_rss_mostRecent,False,False
075bf1b4a6f035856163266e4391a2a1e4cd1c7140ea41afec201c3d6e33e656,14011050365,335187483,Amazon,gb,1,Resist and unsubscribe,Resist and unsubscribe,Resist and unsubscribe,ggskskeblsk,27.8.0,2026-04-30T00:50:56Z,False,itunes_rss_mostRecent,False,False
48ebb84ee9acdbfe408b4db7debc6e5cb2f3bc8d194479a7818e34d20b379610,14010646515,335187483,Amazon,gb,5,U,Uwu Baka I really like,Uwu Baka I really like,"Jfkufkug,ur,yut",27.8.0,2026-04-29T21:55:07Z,False,itunes_rss_mostRecent,False,False
a6e48ecb510c4da1761a9da9fc7433f716e9a715d0d23bfee17d705ca681ca0a,14010369472,335187483,Amazon,gb,5,"Go to shopping next day delivery competitive pricing, quality after service good.",Amazon Shopping,Amazon Shopping,EbonyLorna,27.8.0,2026-04-29T20:00:19Z,False,itunes_rss_mostRecent,False,False
ed9f56e8d41174f1c34c7baf06ae5e3bb18561a2e0ef187122a324fb50cc5016,14008217443,335187483,Amazon,gb,1,Sorting bug !!!,"When sorting searched items by price (lowest first), the number of items is reduced significantly.

For example, in a recent search, a list of over 2000 items was reduced to just over 500 when sorted in this way, meaning that 75% of the originally listed items had been completely omitted!","When sorting searched items by price (lowest first), the number of items is reduced significantly.

For example, in a recent search, a list of over 2000 items was reduced to just over 500 when sorted in this way, meaning that 75% of the originally listed items had been completely omitted!",Iconic-Nick,27.8.0,2026-04-29T05:57:11Z,False,itunes_rss_mostRecent,False,False
f7687ccff5f09cdbfad9734d24fd9af43ada65578a04801028a10d00fad40457,14005260612,335187483,Amazon,gb,1,Can’t download invoices,Needs a share option so I can download an invoice from the app.,Needs a share option so I can download an invoice from the app.,Llwyd Blaney,27.8.0,2026-04-28T09:58:16Z,False,itunes_rss_mostRecent,False,False
d3b0ba73b70c32ffaa97f91606884c58905723ad1f628a7f6171dd82c9d7abd0,13999985558,335187483,Amazon,gb,1,😡😡😡,I got scammed,I got scammed,Aaditya 123,27.8.0,2026-04-26T19:05:24Z,False,itunes_rss_mostRecent,False,False
ced7f5a26ae5ada82e50a7e5740985f8149e79d9003cd6d5b81160be5aa6ed27,13999775322,335187483,Amazon,gb,1,Notifications,"Far too many unwanted/unnecessary notifications.

While useful notifications dispatch/out for delivery are now unreliable.","Far too many unwanted/unnecessary notifications. 

While useful notifications dispatch/out for delivery are now unreliable.",slab-of-rock,27.8.0,2026-04-26T17:50:25Z,False,itunes_rss_mostRecent,False,False
78de2ff5d0652e1f4094c79c9e7a81ec33f274d6cc4bb10f8639ee33fc222ae5,13998923396,335187483,Amazon,gb,1,Poor Customer Service,"As a long time Prime member, recent communication from both the chat bot and Customer service reps has been   misleading, inconsistent and confusing. Very poor customer service. Very poor UX of surfacing accuracy in delivery, refunds, etc. The courier/delivery staff hired to deliver orders have been so poor, I had to cancel a critical order because of their incompetence.","As a long time Prime member, recent communication from both the chat bot and Customer service reps has been   misleading, inconsistent and confusing. Very poor customer service. Very poor UX of surfacing accuracy in delivery, refunds, etc. The courier/delivery staff hired to deliver orders have been so poor, I had to cancel a critical order because of their incompetence.",DFJ,27.8.0,2026-04-26T13:12:00Z,False,itunes_rss_mostRecent,False,False
a5186a46d88b74230a474baec7cbe5134c262dea02789d605671e43010e72e82,13998747293,335187483,Amazon,gb,1,Scam,4.99 to deliver anything 🤣🤣🤣🤣🤣🤣🤣,4.99 to deliver anything 🤣🤣🤣🤣🤣🤣🤣,Lotny,27.8.0,2026-04-26T12:09:21Z,False,itunes_rss_mostRecent,False,False
b390bebcbb7f6dc478c543679c475a7db9fbe152414db1a67803b43fb7b07fe8,13998682185,335187483,Amazon,gb,4,Just why  but good,"So my daughter is OBSESSED with Nee Doh’s right now and amazon for some reason sells FAKE Nee Doh’s... we have looked in EVRY SINGLE shop near us and there SOLD OUT 😠

amazon is the only app we trust that has REAL Nee Doh’s but the Nee Doh’s they have are called ""Cube squishes"" like amazon what??...😠🤨

PLEASE GET NEE DOH’S ON THIS APP","So my daughter is OBSESSED with Nee Doh’s right now and amazon for some reason sells FAKE Nee Doh’s... we have looked in EVRY SINGLE shop near us and there SOLD OUT 😠

amazon is the only app we trust that has REAL Nee Doh’s but the Nee Doh’s they have are called ""Cube squishes"" like amazon what??...😠🤨

PLEASE GET NEE DOH’S ON THIS APP",NoBakeBetty,27.8.0,2026-04-26T11:44:19Z,False,itunes_rss_mostRecent,False,False
3d2c07b79c6f0464f215f81a644346c30d0fe057c99f1843251621dfd8b9be98,13995164005,335187483,Amazon,gb,2,UK v USA,The latest update reverts to the American website no matter how you try to use the UK version,The latest update reverts to the American website no matter how you try to use the UK version,Burghs,27.8.0,2026-04-25T11:59:12Z,False,itunes_rss_mostRecent,False,False
fadb3e6f53ecbb74494c1e9c4787db706d58c9ecfc2d776752d27da39cad094b,13994616617,335187483,Amazon,gb,5,Perfect Amazon,"I really enjoy using Amazon as I can generally get items the next day and if they aren’t what I want I can return without even going through the door.
Staff are always polite and helpful.
Thank you, Amazon ❤️","I really enjoy using Amazon as I can generally get items the next day and if they aren’t what I want I can return without even going through the door. 
Staff are always polite and helpful. 
Thank you, Amazon ❤️",62kim,27.8.0,2026-04-25T08:01:09Z,False,itunes_rss_mostRecent,False,False
841c2518ebfd09ed35a758c12de5fd779c4bffbc1f7ec13bcb181178207d854c,13993613526,335187483,Amazon,gb,5,Where is Dark Mode?!?,"Amazon, please, give us the option to use dark mode already. This is the only app I use everyday that doesn’t have it. I need it so bad…… and so does my migraines.","Amazon, please, give us the option to use dark mode already. This is the only app I use everyday that doesn’t have it. I need it so bad…… and so does my migraines.",LynnyPynny4,27.8.0,2026-04-25T00:18:07Z,False,itunes_rss_mostRecent,False,False
c9cd4d218f097c57dbde9a9adc723310857dc7f7bab97987ae44d9886c71ee65,13991082017,335187483,Amazon,gb,1,Delivery Instructions,"While the app itself is great, it’s disappointing to see that my very clear and simple delivery instructions are NEVER followed.
Customer services when notified are good, but they do not seem to remedy the actual problem with their drivers leaving parcels in places I’ve asked them not to.","While the app itself is great, it’s disappointing to see that my very clear and simple delivery instructions are NEVER followed. 
Customer services when notified are good, but they do not seem to remedy the actual problem with their drivers leaving parcels in places I’ve asked them not to.",ctb 2021,27.8.0,2026-04-24T07:33:28Z,False,itunes_rss_mostRecent,False,False
d3b29d99c0b168defc274f10102cfcd875ff2c8f444f4a13b511ddbbc725e73c,13989573159,335187483,Amazon,gb,1,Can’t change order address,There is no easy way to change an order address if you’ve accidentally ordered it to the wrong address this is stupid. There is obviously a simple way you can do this. This is just frustrating.,There is no easy way to change an order address if you’ve accidentally ordered it to the wrong address this is stupid. There is obviously a simple way you can do this. This is just frustrating.,ye ye ok,27.8.0,2026-04-23T19:31:54Z,False,itunes_rss_mostRecent,False,False
a042c2f540c8dd31768215596ca09bbf282fd95e22971a169323852f0b3caba5,13989411658,335187483,Amazon,gb,1,Ignorants on Costumer Service,"Every agent in costumer service chat or call are the worst people ever, while in a call many agents are high or drunk while a conversation.
Also amazon is a Big Fraudulent company that steals from clients without reason","Every agent in costumer service chat or call are the worst people ever, while in a call many agents are high or drunk while a conversation.
Also amazon is a Big Fraudulent company that steals from clients without reason",AntonioGT94,27.8.0,2026-04-23T18:28:30Z,False,itunes_rss_mostRecent,False,False
20d2be3007d56bf82ea5991eb0dce442a14a66183145449150efddbc996b720c,13989335479,335187483,Amazon,gb,5,Fabulous,Happy Customer,Happy Customer,Sandyjack pups,27.8.0,2026-04-23T17:59:42Z,False,itunes_rss_mostRecent,False,False
486c8712115ac565816da97b6a544a7a3bc8adfd40746f779b7590df2f184d14,13988639844,335187483,Amazon,gb,5,Very convenient and good choice,I am very happy customer who has been by for a long time from Amazon. I am now disabled so find Amazon absolutely brilliant that I don’t have to try and shop & struggle.,I am very happy customer who has been by for a long time from Amazon. I am now disabled so find Amazon absolutely brilliant that I don’t have to try and shop & struggle.,Bsy28cbt17!,27.8.0,2026-04-23T13:58:02Z,False,itunes_rss_mostRecent,False,False
84d9a8ba8f2c790b5881f121cd4d91faa6fcfbc97d1256197149607e3ef15dd9,13988335135,335187483,Amazon,gb,1,Ive reinstalled the app twice the haul does,Not work  I’ve spent hours. Rubbish,Not work  I’ve spent hours. Rubbish,Angry 😤 😤,27.8.0,2026-04-23T12:14:23Z,False,itunes_rss_mostRecent,False,False
8e492f5bc69829e5a03c1536cfda28ac44eb7b1e3641580250a3f62564cdb061,13987151121,335187483,Amazon,gb,1,Haha,This is the 3rd time I’ve tried to leave a review but I keep getting blocked lol. I’m paying for next day delivery and Amazon prime and every single time I order something it’s always late. The amount of times I’ve had to ask for a refund because my package was not delivered is ridiculous,This is the 3rd time I’ve tried to leave a review but I keep getting blocked lol. I’m paying for next day delivery and Amazon prime and every single time I order something it’s always late. The amount of times I’ve had to ask for a refund because my package was not delivered is ridiculous,G op off d,27.8.0,2026-04-23T02:32:22Z,False,itunes_rss_mostRecent,False,False
2ce91f097736a9256b87509a3394b1add42c5809dd517550e3834f423cd48df7,13986368767,335187483,Amazon,gb,1,Truly Disappointed,No point of advertising next day delivery if your driver cant be even bothered to dial the flat number once or twice. Was looking forward to the items as Im travelling but I feel like cancelling the order and getting a refund plus the inconvenience.,No point of advertising next day delivery if your driver cant be even bothered to dial the flat number once or twice. Was looking forward to the items as Im travelling but I feel like cancelling the order and getting a refund plus the inconvenience.,Alexa! Alert!!!,27.8.0,2026-04-22T20:42:29Z,False,itunes_rss_mostRecent,False,False
8a99af9a73eab290cb6ffdb401f1b64eceabeb5458a5d823abb74ae5ca47ef6b,13980922982,335187483,Amazon,gb,4,DATABASE IS RUBBISH,Trying to find MOST things with the correct names is a diabolical task on Amazon because of the disarray that your database is in ITS DIABOLICAL and Isn’t it time that you get it   sorted . ?,Trying to find MOST things with the correct names is a diabolical task on Amazon because of the disarray that your database is in ITS DIABOLICAL and Isn’t it time that you get it   sorted . ?,putuporshutup,27.8.0,2026-04-21T08:23:48Z,False,itunes_rss_mostRecent,False,False
30da304b734c5eea09dffdae3e1f023d5a0ec353698e2d9b1290ba5ffe13916d,13980763712,335187483,Amazon,gb,5,Safe,Safe and easy shopping,Safe and easy shopping,Uptider/den,27.8.0,2026-04-21T06:58:10Z,False,itunes_rss_mostRecent,False,False
849175365e3541ad45cfd2c35aed9067af185c7417cb0f9cb1b3493c9d4ba903,13977347593,335187483,Amazon,gb,5,Return policy,I love the app and the service other than the fact that they randomly mark  returns with unfair use even if you have rarely returned something,I love the app and the service other than the fact that they randomly mark  returns with unfair use even if you have rarely returned something,robyrio,27.7.0,2026-04-20T06:51:44Z,False,itunes_rss_mostRecent,False,False
8e710c017992503f5e8154cbf5b3e6439b6bc2170feea7ef77e747e78245b798,13975876658,335187483,Amazon,gb,1,"Amazon, you are so annoying if I got two choices and it was to fire you I would do everything",1,1,Skiff KKK,27.7.0,2026-04-19T19:42:10Z,False,itunes_rss_mostRecent,True,False
abd6f2cb6f8bc9a457eb9be69cc75acc934af5f745e1f4963f48aa9bb850291b,13971367290,335187483,Amazon,gb,1,Deliveries have gone terrible,Out of my last 10 deliveries only 6 were successful because the instructions are ignored. The customer service are so rude whenever I ask for help and the amount of time I have to spend on the phone or in the chat with them is ridiculous. I won’t use Amazon ever again now.,Out of my last 10 deliveries only 6 were successful because the instructions are ignored. The customer service are so rude whenever I ask for help and the amount of time I have to spend on the phone or in the chat with them is ridiculous. I won’t use Amazon ever again now.,Eyresey91,27.7.0,2026-04-18T15:06:43Z,False,itunes_rss_mostRecent,False,False
8914028e260cd32d1e002428db2eed1b3eae6de96d0bdb8fdc61646ca5643dd1,13970338232,335187483,Amazon,gb,1,Umm bug?,I’ve just downloaded the app and tried to create an account but it just said “unusual activity detected” or something stupid like that. I want to shop on your app and this is my first impression of it?? Please fix this.,I’ve just downloaded the app and tried to create an account but it just said “unusual activity detected” or something stupid like that. I want to shop on your app and this is my first impression of it?? Please fix this.,Orign_Sprite,27.7.0,2026-04-18T09:01:32Z,False,itunes_rss_mostRecent,False,False
5b7c159e7e0cab0a43aec394de9779961feec8c46c2ad37bea60213dc9c576d4,13970249219,335187483,Amazon,gb,1,Account suspended,"What a joke some one tried to enter my account, entered the wrong information and now I’m locked out with no redress!","What a joke some one tried to enter my account, entered the wrong information and now I’m locked out with no redress!",Tigger23A,27.7.0,2026-04-18T08:21:31Z,False,itunes_rss_mostRecent,False,False
ca5be188e4793ee6fd2fde109f508e61ff45e2158106322ce86c9bd810555eb6,13967452463,335187483,Amazon,gb,5,Lara Lara,"Frith
Frith","Frith 
Frith",Lara frith,27.7.0,2026-04-17T13:49:52Z,False,itunes_rss_mostRecent,False,False
4fb6d83a3adeff1aa4bd71df030c79c6edd92bcfd6b968519f1c7408a8d6dd0a,13966885264,335187483,Amazon,gb,4,Great app but misleading postage price section during buying process,"Add items to basket that qualify over £35, great.
Go to purchase screen etc & it states free postage etc.
Next screen where it says 2 options ‘prime free & get it tomorrow’ or ‘pay £4.99’. No mention of the over £35 so free delivery in 4 days etc.
If you know how the app works just click no & on the next screen it itemises everything so you see £4.99 postage removed.

But that middle screen trying to force you to go prime or pay £4.99 is misleading & causes confusion. Amazon have been pulled up about this but they are still getting away with it","Add items to basket that qualify over £35, great.
Go to purchase screen etc & it states free postage etc.
Next screen where it says 2 options ‘prime free & get it tomorrow’ or ‘pay £4.99’. No mention of the over £35 so free delivery in 4 days etc.
If you know how the app works just click no & on the next screen it itemises everything so you see £4.99 postage removed.

But that middle screen trying to force you to go prime or pay £4.99 is misleading & causes confusion. Amazon have been pulled up about this but they are still getting away with it",Diarrhetic Rush,27.7.0,2026-04-17T10:32:36Z,False,itunes_rss_mostRecent,False,False
a2cbdd3b50c10978150bfab0f533b29775939c6e70bdc4a5250dc053703f91a0,13966660985,335187483,Amazon,gb,1,Unable to contact security or support if you are locked out by Amazon tech processes,I have informed security at Amazon that staff leaks of customers data are occurring regularly and they refuse to investigate or act on credit card and personal data being leaked sold and used. When asked to follow up they ignore you. Uk ico authorities are useless to act,I have informed security at Amazon that staff leaks of customers data are occurring regularly and they refuse to investigate or act on credit card and personal data being leaked sold and used. When asked to follow up they ignore you. Uk ico authorities are useless to act,Jalexjason,27.7.0,2026-04-17T08:48:58Z,False,itunes_rss_mostRecent,False,False
b30931370e79b350fab5abd6ceeaa8bcce5beba4dee45ca8b4d253e744d66a51,13965642560,335187483,Amazon,gb,1,Your latest app update on 7th April crashes,"Stop vibecoding and get real developers I’m Prime subscriber can you fix the bloody app ?

Edit: still waiting it’s has been a week that the app crash on opening can you bloody fix it ?","Stop vibecoding and get real developers I’m Prime subscriber can you fix the bloody app ?

Edit: still waiting it’s has been a week that the app crash on opening can you bloody fix it ?",gool5467,27.7.0,2026-04-17T00:31:06Z,False,itunes_rss_mostRecent,False,False
74c046f04b390a01d22f99184ba81317f7ecb1a953d2b14230a8855c517038ce,13964426832,335187483,Amazon,gb,5,Hacked but sorted,"It has been a problem getting brilliant AMAZON back, think it’s sorted now…I missed shopping !!","It has been a problem getting brilliant AMAZON back, think it’s sorted now…I missed shopping !!",glennis d.,27.7.0,2026-04-16T16:25:16Z,False,itunes_rss_mostRecent,False,False
26258b1e45d3ac532c15d9c3736b9d77d78ec2c57034842ef4be3d842466acb1,13963925013,335187483,Amazon,gb,1,Contact us,Almost impossible. Tried many times to contact Ebro who don’t seem able to deliver my parcel. We are in house. Safe place is front porch(enclosed) but texts say 2 attempts to deliver have failed . Can’t contact to complain,Almost impossible. Tried many times to contact Ebro who don’t seem able to deliver my parcel. We are in house. Safe place is front porch(enclosed) but texts say 2 attempts to deliver have failed . Can’t contact to complain,Lol Evans,27.7.0,2026-04-16T13:38:22Z,False,itunes_rss_mostRecent,False,False
7701429fe5ca3546815c8eaa33e04f50034b2a06150eb043715f94f47c52836e,13963160852,335187483,Amazon,gb,5,Lo loop ooo bye pllllloooo,Zzzzoooouozkz I’ll o,Zzzzoooouozkz I’ll o,hvbbkijjjkkjhgrrd,27.7.0,2026-04-16T08:28:41Z,False,itunes_rss_mostRecent,False,False
b6836ffadba0754363974e3b97519afb12f0662b95e67d48a304a5d709f27be0,13961467141,335187483,Amazon,gb,1,AMAZON SCAMMED ME! It won’t give me back my 50 quid. It stole it.,"I bought one item for 50 quid. no big deal. But then I was like I don’t need this so I cancelled it instantly. It has been two weeks. Where s me cash?! It scammed me!
And it has blocked me from my account I dunno why!
And plus I try to buy another object. Guess what! It didn’t show up","I bought one item for 50 quid. no big deal. But then I was like I don’t need this so I cancelled it instantly. It has been two weeks. Where s me cash?! It scammed me! 
And it has blocked me from my account I dunno why!
And plus I try to buy another object. Guess what! It didn’t show up",The potatavovado,27.7.0,2026-04-15T19:16:08Z,False,itunes_rss_mostRecent,False,False
93aee771d5404e2d5bf0d0f02ae48980fc1b575bd3437d9f37b39598f51c2f72,13960024982,335187483,Amazon,gb,5,Couldn’t live without Amazon,"Don’t need to waste time travelling to buy things when it’s available at your finger tips.

Great customer service too.","Don’t need to waste time travelling to buy things when it’s available at your finger tips.  

Great customer service too.",Jimmy3372,27.7.0,2026-04-15T10:53:08Z,False,itunes_rss_mostRecent,False,False
2a49fdcb379adcaca9901c7bc82abc09cce2fade07049b20cc7fcbc0751ad90e,13958591277,335187483,Amazon,gb,1,Dark mode?,So bright!,So bright!,alexcoxy,27.7.0,2026-04-14T23:13:04Z,False,itunes_rss_mostRecent,False,False
50be87756ee5496ff2465c89b710c3f870df777ecc3931ad0564cbc2b2701039,13956546693,335187483,Amazon,gb,2,Very Rubish,We bought plates but it didn’t even come. The good thing is that when we asked for refund the people was very kind and spoke politely and said sorry. Then we got our refund.,We bought plates but it didn’t even come. The good thing is that when we asked for refund the people was very kind and spoke politely and said sorry. Then we got our refund.,Sexci gym user fan,27.7.0,2026-04-14T10:32:02Z,False,itunes_rss_mostRecent,False,False
06e9d15906e8d40c013f75cdb3a5e9799493d6ebeab36bd1c2193d891d1f2314,13955849295,335187483,Amazon,gb,1,Garbage customer support / Designed for customer to give up on contacting Customer Support,"I have never seen such bad service ever before. Its entirely designed to make it as hard as possible for the customer to get in touch about refunds or returns (this is a fact, look it up).
7 times now i have tried getting a refund for an item i did not authorize, not only that i didnt even receive it as i dont live in the same address anymore. Support refuses to help, they say “we are escalating this issue, it takes 24h” every single time, instead of providing a follow up. No email ever after 24h. To this day. Ive been trying to get this sorted since mid March now. And now its not possible to contact anymore, its “error”. Im exhausted. I want my money for the product i did not order and never received.","I have never seen such bad service ever before. Its entirely designed to make it as hard as possible for the customer to get in touch about refunds or returns (this is a fact, look it up).
7 times now i have tried getting a refund for an item i did not authorize, not only that i didnt even receive it as i dont live in the same address anymore. Support refuses to help, they say “we are escalating this issue, it takes 24h” every single time, instead of providing a follow up. No email ever after 24h. To this day. Ive been trying to get this sorted since mid March now. And now its not possible to contact anymore, its “error”. Im exhausted. I want my money for the product i did not order and never received.",alisoncrestmere,27.7.0,2026-04-14T04:29:13Z,False,itunes_rss_mostRecent,False,False
e7a23206c55b9c5efbab5d1b6dc9a5f20a001c54442e4370e3a0ba79d0e372d3,13954212500,335187483,Amazon,gb,1,Delivery,Why do you even bother giving delivery dates with the excuse of estimated when you can’t even get the DAY correct. What’s the point of being a PRIME member when you have complete disregard for them,Why do you even bother giving delivery dates with the excuse of estimated when you can’t even get the DAY correct. What’s the point of being a PRIME member when you have complete disregard for them,Gerrycant,27.7.0,2026-04-13T16:55:23Z,False,itunes_rss_mostRecent,False,False
62d37caf65eab3a9a0ba23d4442198b14c13d61ffbc1457ac4c37a4f9ca8027a,13950675688,335187483,Amazon,gb,2,Doesn’t support Live Activities notifications on IOS,"It would be a decent app if Amazon starts making use of Live Activities notifications another well known ecommerce site has already making use of this feature for delivery tracking etc.

Please update the app to support this feature","It would be a decent app if Amazon starts making use of Live Activities notifications another well known ecommerce site has already making use of this feature for delivery tracking etc. 

Please update the app to support this feature",boomboompow!!!,27.7.0,2026-04-12T16:31:14Z,False,itunes_rss_mostRecent,False,False
132605ee401419eca805a34f99818e2f491fb256ff466c183d950bfe85067d2c,13941262560,335187483,Amazon,gb,5,❤️ Amazon shopping,I think Amazon shopping is the best thing since sliced bread. I’m a painting and decorator. I said that once about Coke.. but Amazon is far better,I think Amazon shopping is the best thing since sliced bread. I’m a painting and decorator. I said that once about Coke.. but Amazon is far better,Long Nights7,27.7.0,2026-04-10T01:48:06Z,False,itunes_rss_mostRecent,False,False
138b835925441e6b119bfad6ad41c21ba7a7129f83730a36eba90e753fd0c747,13939693290,335187483,Amazon,gb,1,I never get notifications,No matter what I do I never get a notification no sound no vibration and no pop up notification even tho all my settings on set to the right stuff even on the app there all set to the right settings and nothing.,No matter what I do I never get a notification no sound no vibration and no pop up notification even tho all my settings on set to the right stuff even on the app there all set to the right settings and nothing.,DaymoB,27.7.0,2026-04-09T15:37:04Z,False,itunes_rss_mostRecent,False,False
857b0ccf3d72122e21683a7a6d2b25056bba06b12647c49e8dd8d5cad78daa6c,13939390400,335187483,Amazon,gb,5,"Whatever you need, delivered!","I’m disabled so can’t walk too far. Walking round shops is a NO, NO!  Amazon delivery to my doorstep is a blessing.","I’m disabled so can’t walk too far. Walking round shops is a NO, NO!  Amazon delivery to my doorstep is a blessing.",Wingco70,27.7.0,2026-04-09T14:01:45Z,False,itunes_rss_mostRecent,False,False
7f6c19147aa6e7a3741993220137d8fb2e434bb817ea895aa4bd2bfb262abe3b,13937167090,335187483,Amazon,gb,3,Bring back easy access to “browsing history” on profile page,Please bring back being able to view “browsing history” easily on the profile page - where you can view the orders/subscriptions etc. - as it’s difficult to access/view it since the recent update (as it has now disappeared from the page/section),Please bring back being able to view “browsing history” easily on the profile page - where you can view the orders/subscriptions etc. - as it’s difficult to access/view it since the recent update (as it has now disappeared from the page/section),Simple_User1,,2026-04-08T22:02:31Z,True,web_ssr_helpful,False,False
2766e32adc33f6202f9c74e43b48ba0bdda5a9848c09f63b1882f1147c1bf328,13928680577,335187483,Amazon,gb,1,Don’t work properly,"Type in what you need and half most of items it’s says either collection box full or box not working but if pick some of the items it is ok to use box, to be clear on this I have tried to order another item I have already had but couldn’t get it at the box & for reference I tried another item I have ordered before which it said delivery tomorrow (both items have same box as I have had one of each before). This includes an automatic mechanical watch that can’t go in box because of hazardous material. I mean the quartz movement watch could and that has a battery which would be more likely classified as hazardous. Tend to use boxes as better when I’m at work and don’t want to waste wkend stuck in for delivery","Type in what you need and half most of items it’s says either collection box full or box not working but if pick some of the items it is ok to use box, to be clear on this I have tried to order another item I have already had but couldn’t get it at the box & for reference I tried another item I have ordered before which it said delivery tomorrow (both items have same box as I have had one of each before). This includes an automatic mechanical watch that can’t go in box because of hazardous material. I mean the quartz movement watch could and that has a battery which would be more likely classified as hazardous. Tend to use boxes as better when I’m at work and don’t want to waste wkend stuck in for delivery",fordprefect2019,27.6.0,2026-04-06T13:24:33Z,False,itunes_rss_mostRecent,False,False
17ea4b32df180c8ae61e0d16347973427e455fb56ab9b7643d3a6d6a975046d6,13926934619,335187483,Amazon,gb,3,Dark Mode,"It’s 2026 ans still no dark mode, dear developer please add a dark Mode thanks.","It’s 2026 ans still no dark mode, dear developer please add a dark Mode thanks.",UnBest72,27.6.0,2026-04-06T00:29:06Z,False,itunes_rss_mostRecent,False,False
848d5e3861a70a8a5c832333b85baf9615252ce3bda0153efca8c4adee6513be,13925826036,335187483,Amazon,gb,1,Terrible zero customer service,How do you even contact a human on this platform? Absolute terrible,How do you even contact a human on this platform? Absolute terrible,stan121978,27.6.0,2026-04-05T17:01:08Z,False,itunes_rss_mostRecent,False,False
15628760485a2072ce5eb01501efce5c9af822f09016cac3a64d73224697c582,13922338654,335187483,Amazon,gb,5,Nice,So good tbh this is the best app I have ever downloaded in my life… thanks for reading 😀,So good tbh this is the best app I have ever downloaded in my life… thanks for reading 😀,Xderfvbgtyhn,27.6.0,2026-04-04T17:26:08Z,False,itunes_rss_mostRecent,False,False
cef753b764d635c2f0b03c4f3616c96fef47ca69136c6eee2cf9cef28cfe317f,13922180954,335187483,Amazon,gb,1,Meh,Delivery didn’t come next day and something came broke bad service and took longer than said,Delivery didn’t come next day and something came broke bad service and took longer than said,John jones55,27.6.0,2026-04-04T16:34:22Z,False,itunes_rss_mostRecent,False,False
a2cfa874467164896585843de0f20eaee6438b502bbb7c12be92dfc5782421a7,13922030445,335187483,Amazon,gb,4,About Amazon,Amazon is great and I would suggest getting prime.💕,Amazon is great and I would suggest getting prime.💕,Gemma_lastname,27.6.0,2026-04-04T15:47:18Z,False,itunes_rss_mostRecent,False,False
6536122e9fdcb26a7c979b0d71559f415f9260ce1f7e526be2af72d232e58cd1,13921919844,335187483,Amazon,gb,2,This app is a fraud,"I bought an item of Amazon a few days ago and today it is suppose to arrive but it never showed up.

Amazon pls see this because it’s a bit concerning.","I bought an item of Amazon a few days ago and today it is suppose to arrive but it never showed up.

Amazon pls see this because it’s a bit concerning.",Zikkyadsg,27.6.0,2026-04-04T15:13:41Z,False,itunes_rss_mostRecent,False,False
839677e82f5390fcc741e8a5eaff8ecdff2f83911a4ae9fc5605675c02fbfee2,13920962701,335187483,Amazon,gb,5,My life line,"I’m am very pleased with the Service that Amazon GIVES.
THANK YOU","I’m am very pleased with the Service that Amazon GIVES.   
THANK YOU",Jean Tarn Hows,27.6.0,2026-04-04T09:37:45Z,False,itunes_rss_mostRecent,False,False
26c60a238171a6ed718db89d1c5112f64c162bdc22d2940ff87c2d07e36214e0,13918086705,335187483,Amazon,gb,1,Bad service,Very poor in terms of delivering they don’t have accurate information,Very poor in terms of delivering they don’t have accurate information,P⭐️🏁,27.6.0,2026-04-03T14:36:26Z,False,itunes_rss_mostRecent,False,False
f77f15e61a80dec091bb339eb2fb6f1292f2e056fc0b5e5cf4fda59da364e9ad,13913311074,335187483,Amazon,gb,1,Unethical subscription issues,"Terrible system refuses to cancel subscriptions… every time I try to cancel music unlimited it goes to a blank screen and does nothing, it will not let me cancel and there is zero customer service help on this just endless loops of useless info","Terrible system refuses to cancel subscriptions… every time I try to cancel music unlimited it goes to a blank screen and does nothing, it will not let me cancel and there is zero customer service help on this just endless loops of useless info",Aaasargh,27.6.0,2026-04-02T06:55:57Z,False,itunes_rss_mostRecent,False,False
21fad7b672eff80f1fcd3122077bd1dc20e354490b3385978b4068af7547ead3,13911498240,335187483,Amazon,gb,1,"Used to be great, latest version is an abomination","Used the Amazon app since the very start. Updates have always been excellent making the whole user experience better each time. This latest update is an absolute abomination. The user experience is dreadful. The fonts and look and feel are something that a 5 year old has knocked up and the basket and buying experience is a complete mess. Lost count of the number of key presses no sign of the good old buy now on an open, no obvious way to check the card or after being used. Basket was full of rubbish and things that had been looked at previously, the thing I was trusting to buy buried in a list somewhere about 5 screens down. Have never seen such a badly thought through, badly designed and badly implemented update. Please revert this code immediately and sack the design team responsible for this nonsense","Used the Amazon app since the very start. Updates have always been excellent making the whole user experience better each time. This latest update is an absolute abomination. The user experience is dreadful. The fonts and look and feel are something that a 5 year old has knocked up and the basket and buying experience is a complete mess. Lost count of the number of key presses no sign of the good old buy now on an open, no obvious way to check the card or after being used. Basket was full of rubbish and things that had been looked at previously, the thing I was trusting to buy buried in a list somewhere about 5 screens down. Have never seen such a badly thought through, badly designed and badly implemented update. Please revert this code immediately and sack the design team responsible for this nonsense",Pod almighty,27.6.0,2026-04-01T18:00:08Z,False,itunes_rss_mostRecent,False,False
e3d20684d75aff9e7a0a27cebab2adb8504bb15f1308f5815da326d595e15892,13911296770,335187483,Amazon,gb,3,Terrible,We purposely bought it for next day delivery but it isn’t arriving until 5 days later terrible 2 stars,We purposely bought it for next day delivery but it isn’t arriving until 5 days later terrible 2 stars,James robin cleary,27.6.0,2026-04-01T16:51:37Z,False,itunes_rss_mostRecent,False,False
7746cda9a254a0e6e2cbb832118b9ac564599094dd6a3bb3fc78c308c6a16121,13910473352,335187483,Amazon,gb,5,Outstanding,This app is great for when you don’t have time to get your essentials also there is free shipping on multiple items and this has great customer service . I ordered earbuds for £4 altogether for two. and my package went missing so they gave me all of my money back and an extra £5.00,This app is great for when you don’t have time to get your essentials also there is free shipping on multiple items and this has great customer service . I ordered earbuds for £4 altogether for two. and my package went missing so they gave me all of my money back and an extra £5.00,Jacob. Peachey ❤️❤️❤️❤️,,2026-04-01T12:35:56Z,True,web_ssr_helpful,False,False
1eadb711ebfddab4b532a27e065a57403f5845053e9f3b6e9b272ecd2828fcf1,13890463562,335187483,Amazon,gb,4,A suggestion. Money for reviews.,Why don’t you offer a small credit to users who create reviews of the items they buy ?. Maybe 5p per review ? I’d be much more inclined to do reviews if they were worth money rather than telling me a penguin joke for taking 20 minutes of my time to write 7 reviews.,Why don’t you offer a small credit to users who create reviews of the items they buy ?. Maybe 5p per review ? I’d be much more inclined to do reviews if they were worth money rather than telling me a penguin joke for taking 20 minutes of my time to write 7 reviews.,AndyDu10,27.6.0,2026-03-26T22:06:01Z,True,itunes_rss_mostHelpful,False,False
a475ce6eb398b156d159d7149f4dec611d3b5f28d19a8fd2ee1436e9e68803a5,13874349315,335187483,Amazon,gb,5,"Fantastic, But Would Be Even Better","…if we could delete notifications, having had a recent unpleasant experience with a shyster of a seller. Otherwise I love this app. Makes it fun to spend, and safe, as it’s secure. VERY easy to contact Customer Service or leave a compliment for the hard-working delivery drivers. A+++++.","…if we could delete notifications, having had a recent unpleasant experience with a shyster of a seller. Otherwise I love this app. Makes it fun to spend, and safe, as it’s secure. VERY easy to contact Customer Service or leave a compliment for the hard-working delivery drivers. A+++++.",Aunty Socialite,27.5.0,2026-03-22T08:28:55Z,True,itunes_rss_mostHelpful,False,False
0e32848ef6dacc8e783dd006aecb6de2fcac61930b765c79f225db6ffe4cf50d,13850888702,335187483,Amazon,gb,5,Fine,"Great, delivery is our only problem not all the delivery drivers can read English and packages go to neighbours or where ever they choose the goods are fair quality and great for that forgotten presents in general a great company that I’ve used for many years
Some couriers are brilliant but some are very poor 👍🇬🇧","Great, delivery is our only problem not all the delivery drivers can read English and packages go to neighbours or where ever they choose the goods are fair quality and great for that forgotten presents in general a great company that I’ve used for many years 
Some couriers are brilliant but some are very poor 👍🇬🇧",TT NUT,27.5.0,2026-03-15T14:10:32Z,True,itunes_rss_mostHelpful,False,False
15c767d1b71dd24ec24165923cb4230f3cd0dd96ff4e2f8fa162074bdcedf250,13847855171,335187483,Amazon,gb,1,The in-search carousels are making this app unusable,"Lately, some of the search results have a carousel of images, if you click on the item and then return back to search and try to scroll through the other results, the app gets stuck going through the carousel images and you have to run the search again Now, I just close the app and shop elsewhere because if a multi-billion dollar company can’t be bothered developing decent UX, I can’t be bothered using their app.","Lately, some of the search results have a carousel of images, if you click on the item and then return back to search and try to scroll through the other results, the app gets stuck going through the carousel images and you have to run the search again Now, I just close the app and shop elsewhere because if a multi-billion dollar company can’t be bothered developing decent UX, I can’t be bothered using their app.",Lois Lame,27.5.0,2026-03-14T17:06:15Z,True,itunes_rss_mostHelpful,False,False
4744a88e13f0d364eb9d8a7c00b58822efe9396a92b4785f03d12eb48906b58c,13834293029,335187483,Amazon,gb,3,Recent update is a backward step,A recent update has changed the ‘recently viewed’ section from a simple list of previously viewed items to a more complicated layout with sub-sections and a wider range items. It makes finding that one item you looked at much more difficult. Not a change for the better,A recent update has changed the ‘recently viewed’ section from a simple list of previously viewed items to a more complicated layout with sub-sections and a wider range items. It makes finding that one item you looked at much more difficult. Not a change for the better,Coupe_20v,27.5.0,2026-03-10T18:17:19Z,True,itunes_rss_mostHelpful,False,False
77af2a1ba405f067f941c75a0146b56c737078870acc23e6e9d5058a1c89a04e,13833649020,335187483,Amazon,gb,1,Browsing History - Recent App Update,Since the latest App updates the browsing history feature is totally useless and unusable. You used to be able to see and edit the full browsing history but now the App only shows a few items and there is no way to fully delete the previously browsed items. Whoever dreamed up the new layout needs to have a rethink and return it to the more user friendly layout… 👎🏻,Since the latest App updates the browsing history feature is totally useless and unusable. You used to be able to see and edit the full browsing history but now the App only shows a few items and there is no way to fully delete the previously browsed items. Whoever dreamed up the new layout needs to have a rethink and return it to the more user friendly layout… 👎🏻,BBREMNER,27.5.0,2026-03-10T14:25:06Z,True,itunes_rss_mostHelpful,False,False
b9ab431610b88aa29712a8a75e7b34cf760964210f9dd17f0514477e33c4e9bb,13830819209,335187483,Amazon,gb,1,Really upset and disappointed,"I cancelled an order about a month ago because I found out it was fake and coming from china, my money was taken as soon as I cancelled it! Spoke to customer support they told me I would get my money back in a couple of days after and I’ve never received it!! This used to be the best place to buy from, now it’s so big you get scammed and they just don’t care!!!!!

And to top it off since the update the app doesn’t even work properly any more you have to login about 20 times just to buy one thing!!!!!!","I cancelled an order about a month ago because I found out it was fake and coming from china, my money was taken as soon as I cancelled it! Spoke to customer support they told me I would get my money back in a couple of days after and I’ve never received it!! This used to be the best place to buy from, now it’s so big you get scammed and they just don’t care!!!!!

And to top it off since the update the app doesn’t even work properly any more you have to login about 20 times just to buy one thing!!!!!!",Goody goo goo,27.4.0,2026-03-09T17:20:59Z,True,itunes_rss_mostHelpful,False,False
6c65c7c0ad2bddd399e19021da94273be38a7be1997bd0aafe3cc6770c2190ec,13777359035,335187483,Amazon,gb,1,TRASH,If I could rate this -50 k would because why on earth am I waiting 15 minutes because ur security system is trash when I could just go and touch grass instead of wasting my 1 hour trying to sign into this app to get my friend Robux and my card details aren’t being accepted like what? Who in there right mind gonn go steal someone’s card details to buy a bloody Robux gift card mate? You’re taking the absolute mickey if you think this app is staying on my phone. You can ge stuck in a ditch bruv I hate this scam app it’s expensive too 🙄 0/10 would not recommend atp better of with shein then this rubbish,If I could rate this -50 k would because why on earth am I waiting 15 minutes because ur security system is trash when I could just go and touch grass instead of wasting my 1 hour trying to sign into this app to get my friend Robux and my card details aren’t being accepted like what? Who in there right mind gonn go steal someone’s card details to buy a bloody Robux gift card mate? You’re taking the absolute mickey if you think this app is staying on my phone. You can ge stuck in a ditch bruv I hate this scam app it’s expensive too 🙄 0/10 would not recommend atp better of with shein then this rubbish,LondonerInnit,27.3.0,2026-02-22T15:06:23Z,True,itunes_rss_mostHelpful,False,False
8c4011e03dc5ee4950f188b40779711e94950f8e654e2926cd1e5397fa81d93f,13671881305,335187483,Amazon,gb,2,It’s barely ok,"You do a search for a specific item and it shows more advertised items and then other items not what you’ve searched for. If I wanted a general selection I would ask for a type of item not a specific item. When searching to get help it’s very difficult. When you finally speak with someone, because it’s all automated rubbish that can not answer questions. Then person is usually not helpful. Then you try to escalate it to a supervisor, the staff has spoken with them but not escalated, and I now have to wait in a queue to speak with them despite being told they were going to escalate it. Trying to cancel prime and where is the cancelling button?  Do I have to get another call done to find out how. Stop so many adverts and make things simple and stop all the automated rubbish I want to speak with customer services not an automated rubbish","You do a search for a specific item and it shows more advertised items and then other items not what you’ve searched for. If I wanted a general selection I would ask for a type of item not a specific item. When searching to get help it’s very difficult. When you finally speak with someone, because it’s all automated rubbish that can not answer questions. Then person is usually not helpful. Then you try to escalate it to a supervisor, the staff has spoken with them but not escalated, and I now have to wait in a queue to speak with them despite being told they were going to escalate it. Trying to cancel prime and where is the cancelling button?  Do I have to get another call done to find out how. Stop so many adverts and make things simple and stop all the automated rubbish I want to speak with customer services not an automated rubbish",IavAgo,27.1.2,2026-01-24T21:53:29Z,True,itunes_rss_mostHelpful,False,False
9e76170daf9294affe4f2b9c63f6a8abb3be57dbbd3c239ee3af57ca42911fe3,13611952575,335187483,Amazon,gb,1,“detects unusual activity “ bug. took my money,"So, last year at around October time i tried buying my little sister a roblox gift card for her birthday. This app ended up taking my money and then signed mr out. Since then i haven’t been able to sign it whatsoever since “ it detects unusual activity “. Since then ive got a new phone and number and it STILL detects “ unusual activity” and theres no way to fix it 😐 i want my money back ATLEAST.  Don’t bother trying to buy gift cards on this app, you’ll loose your account apparently.","So, last year at around October time i tried buying my little sister a roblox gift card for her birthday. This app ended up taking my money and then signed mr out. Since then i haven’t been able to sign it whatsoever since “ it detects unusual activity “. Since then ive got a new phone and number and it STILL detects “ unusual activity” and theres no way to fix it 😐 i want my money back ATLEAST.  Don’t bother trying to buy gift cards on this app, you’ll loose your account apparently.",enzoooo_,25.22.0,2026-01-09T05:04:23Z,True,itunes_rss_mostHelpful,False,False
6f1e8d0e844b177adb871d2bf80fc2ccbea0cf4b3cbb3c2207ee346d6d278b00,13584661648,335187483,Amazon,gb,2,Design is a bit of a mess,"Search function is not at all helpful. Crucial search filters such as size or compatibility are frequently missing. Reviews are meaningless as there is no check on whether the reviewer has actually bought or even used the product. There is no effective recourse for malicious reviews, and editing your own reviews doesn't seem to be possible.","Search function is not at all helpful. Crucial search filters such as size or compatibility are frequently missing. Reviews are meaningless as there is no check on whether the reviewer has actually bought or even used the product. There is no effective recourse for malicious reviews, and editing your own reviews doesn't seem to be possible.",Nislander,25.22.0,2026-01-02T09:39:44Z,True,itunes_rss_mostHelpful,False,False
506fc84382c97fa393c960dd2420759b973a9e32d27eaf7c8d856c3f0224f3a1,13535914737,335187483,Amazon,gb,2,The latest app to change for the worse,"I’m getting so sick and tired of using a shopping site app or website for years and years and all of the sudden you aren’t getting anything to suit your style, taste or even your search. It’s happening everywhere and I’ve started to close accounts that are not performing for the customer.
Sponsored posts are not going to sell for the company when your customers have stopped using the app. I used to buy a minimum of 10 products in a month, my last 3 months of purchased 8 products TOTAL and those 3 months included 2 of my sons birthdays and Christmas.","I’m getting so sick and tired of using a shopping site app or website for years and years and all of the sudden you aren’t getting anything to suit your style, taste or even your search. It’s happening everywhere and I’ve started to close accounts that are not performing for the customer. 
Sponsored posts are not going to sell for the company when your customers have stopped using the app. I used to buy a minimum of 10 products in a month, my last 3 months of purchased 8 products TOTAL and those 3 months included 2 of my sons birthdays and Christmas.",EROOM73,25.22.0,2025-12-20T18:07:11Z,True,itunes_rss_mostHelpful,False,False
78e5873b7481eb529d720c0f8dbec7052561aa1b041d359badeffc17fdec6b89,13513448355,335187483,Amazon,gb,1,Rude drivers,"Just had a parcel delivered for next door soon as I opened the door, he takes a photo and runs off, I then notice a parcel on next doors step, both parcels are for a different address mine is missing, I call for him to say these are wrong. He shouts I don’t care it’s your problem, ruined my evening and I don’t get my parcel, also our front doors are on the path outside so anyone could have stole these,I have rang customer services no one cares just said have a refund. Will never use this company again","Just had a parcel delivered for next door soon as I opened the door, he takes a photo and runs off, I then notice a parcel on next doors step, both parcels are for a different address mine is missing, I call for him to say these are wrong. He shouts I don’t care it’s your problem, ruined my evening and I don’t get my parcel, also our front doors are on the path outside so anyone could have stole these,I have rang customer services no one cares just said have a refund. Will never use this company again",gav archer,25.22.0,2025-12-14T16:25:49Z,True,itunes_rss_mostHelpful,False,False
3c7c4421e9c83a4a7de560ff4e83d495e59766da5d22bc759f6c4f329019c9ec,13496742089,335187483,Amazon,gb,1,Avoid! Sections missing and non functional,"Having to cancel an order because your app is so bad. I just want to buy a wardrobe! Trying to schedule a delivery, but there’s only one option when making the order. I see that I can alter it afterwards by going to the Your Orders section, so I proceed to order it on this basis. The ‘your orders’ section isn’t in the location described but I do eventually find it, but I’m not able to reschedule a wardrobe delivery. Furthermore the aichatbot has hyperlinks(?) but nothing happens when I click on them. Is your app fully ai now? What a garbage fire.","Having to cancel an order because your app is so bad. I just want to buy a wardrobe! Trying to schedule a delivery, but there’s only one option when making the order. I see that I can alter it afterwards by going to the Your Orders section, so I proceed to order it on this basis. The ‘your orders’ section isn’t in the location described but I do eventually find it, but I’m not able to reschedule a wardrobe delivery. Furthermore the aichatbot has hyperlinks(?) but nothing happens when I click on them. Is your app fully ai now? What a garbage fire.",ParsimonyPrinciple,25.22.0,2025-12-10T08:40:22Z,True,itunes_rss_mostHelpful,False,False
265c8bafdb47e4418b0a4ed9e5c6e299f307be5f5cf37f9b822e61ba081acb67,13464741653,335187483,Amazon,gb,1,Frustration,"This app is a nightmare if you change your phone number because it won’t let you sign back into your account and keeps sending codes to your old phone number! Even after contacting the customer service department who suggested creating a new account I’m still locked out because when I tried to create a new account it says “We’ve detected unusual activity and can’t create an account “. I’ve got better things to do with my time than spend it on this, I will do my shopping elsewhere.","This app is a nightmare if you change your phone number because it won’t let you sign back into your account and keeps sending codes to your old phone number! Even after contacting the customer service department who suggested creating a new account I’m still locked out because when I tried to create a new account it says “We’ve detected unusual activity and can’t create an account “. I’ve got better things to do with my time than spend it on this, I will do my shopping elsewhere.",jjhrggffhgfj,25.20.4,2025-12-02T00:52:02Z,True,itunes_rss_mostHelpful,False,False
244cffc061e9e841b378406664bac6288ca7eb1096a787fd30a17d61405c3c04,13464446592,335187483,Amazon,gb,5,Great app,I have had a prime membership for a few years now. They are the most reliant and efficient delivery and shopping service I have used. I recently had a problem with an order when I accidentally made a mistake and selected a wrong size for a matress which as you could expect is a costly item. I was so embarrassed but when I spoke to customer service over the phone they were very gracious and understanding of my situation and immediately helped me solve this issue. I was taken aback by how helpful they truly were especially when it was no fault of their own that I had this issue. It’s great shopping on a site where you truly feel trust and respect for the people who operate it. Overall I’ve had a great experience and since they have been so kind I’ve decided to write this review because they deserve the rating given.,I have had a prime membership for a few years now. They are the most reliant and efficient delivery and shopping service I have used. I recently had a problem with an order when I accidentally made a mistake and selected a wrong size for a matress which as you could expect is a costly item. I was so embarrassed but when I spoke to customer service over the phone they were very gracious and understanding of my situation and immediately helped me solve this issue. I was taken aback by how helpful they truly were especially when it was no fault of their own that I had this issue. It’s great shopping on a site where you truly feel trust and respect for the people who operate it. Overall I’ve had a great experience and since they have been so kind I’ve decided to write this review because they deserve the rating given.,Jasmine4624,,2025-12-01T23:55:33Z,True,web_ssr_helpful,False,False
2fa44229334b722391b156c8d8bc9a83b4c0dc4a2c63382bd109be147ff2d1f5,13456580598,335187483,Amazon,gb,2,Getting worse,"Unable to verify my age through card details so I can purchase shaving blades ?!?
At my age I don’t think I need to, Also all my card & bank details are correct or you wouldn’t have charged me a few hundred £’s for other purchased items..
Not my problem young people scam their parents cards.
I’ve had no problem at all for years until now !
Terrible the fact there’s no customer service","Unable to verify my age through card details so I can purchase shaving blades ?!?
At my age I don’t think I need to, Also all my card & bank details are correct or you wouldn’t have charged me a few hundred £’s for other purchased items..
Not my problem young people scam their parents cards.
I’ve had no problem at all for years until now !
Terrible the fact there’s no customer service",Danjitsin,25.20.4,2025-11-29T22:54:29Z,True,itunes_rss_mostHelpful,False,False
10ab75952aec0a8a5adc498b1271e1fbf6f45ad888f3561b8aa7bcbb4c448627,13455115942,335187483,Amazon,gb,4,"Good, but could be better","Always easy to shop on app., but sorting of products is a nightmare; why do products disappear just because you want to sort them in a particular order? It can affect the outcome of the search by hundreds of products. Also, it would be ideal on the orders history page to show the prices, then frequent customers can check off items from statements far quicker than having to go in to the detail of every item line by line.

There is no means of escalating. When there is a problem, you are faced with the same non-human type AI answers instead of actual help. Supervisors or managers are no better. The business is just too big for anyone to give a stuff about the principles surrounding a problem.","Always easy to shop on app., but sorting of products is a nightmare; why do products disappear just because you want to sort them in a particular order? It can affect the outcome of the search by hundreds of products. Also, it would be ideal on the orders history page to show the prices, then frequent customers can check off items from statements far quicker than having to go in to the detail of every item line by line.

There is no means of escalating. When there is a problem, you are faced with the same non-human type AI answers instead of actual help. Supervisors or managers are no better. The business is just too big for anyone to give a stuff about the principles surrounding a problem.",jpr0803,25.20.4,2025-11-29T14:39:20Z,True,itunes_rss_mostHelpful,False,False
07e5b7472b1b87387e0da6660096aeca0e352e530068253817743ba15086c578,13391700005,335187483,Amazon,gb,1,No packaging is ridiculous,"So you’ve stopped putting any kind of packaging on items purchased. How ridiculous so if you wrongly deliver my items to Neighbour and properties which happens often, I have zero privacy with my neighbours. If I buy toys that are supposed to be from Santa for my children and they left on my doorstep when we arrive home from school it completely ruins the point. You’ve done this under the guys have environmental factors but this is greed and cost saving you should at least wrap stuff in brown paper so people can’t see what’s been left on your doorstep as to whether it’s worth stealing. Who on earth thought of this?","So you’ve stopped putting any kind of packaging on items purchased. How ridiculous so if you wrongly deliver my items to Neighbour and properties which happens often, I have zero privacy with my neighbours. If I buy toys that are supposed to be from Santa for my children and they left on my doorstep when we arrive home from school it completely ruins the point. You’ve done this under the guys have environmental factors but this is greed and cost saving you should at least wrap stuff in brown paper so people can’t see what’s been left on your doorstep as to whether it’s worth stealing. Who on earth thought of this?",shadyrock,25.20.0,2025-11-13T06:37:27Z,True,itunes_rss_mostHelpful,False,False
7337cf945f7fd6eaa8a0c042dcb0b7f555b045718475b06933ba6a6c7b265c2d,13337898069,335187483,Amazon,gb,4,Business account switching,"Can someone fix how terrible the App is at switching between regular and business accounts? It signs me out/changes me to Canada or US stores/can’t verify my basket or orders when I try switching, even when relaunching the app. It’s v annoying. Otherwise the shopping experience is annoyingly good","Can someone fix how terrible the App is at switching between regular and business accounts? It signs me out/changes me to Canada or US stores/can’t verify my basket or orders when I try switching, even when relaunching the app. It’s v annoying. Otherwise the shopping experience is annoyingly good",exitium88,25.18.0,2025-10-31T13:28:54Z,True,itunes_rss_mostHelpful,False,False
e9a127a1d1eef19d83092186a86fff5ab861fabeccd40d6ce468440cb4cfc354,13241317507,335187483,Amazon,gb,5,Great App,"Great app & so easy to find what you’re looking for & pay without any messing about I like the search feature as it helps narrow things down so you can find exactly what you’re looking for. It makes shopping so easy especially for someone like me who just wants to find an item, buy it & it’s job done😃 Not spending hours in shopping malls is definitely a win/win for me 😃👍","Great app & so easy to find what you’re looking for & pay without any messing about I like the search feature as it helps narrow things down so you can find exactly what you’re looking for. It makes shopping so easy especially for someone like me who just wants to find an item, buy it & it’s job done😃 Not spending hours in shopping malls is definitely a win/win for me 😃👍",hylt64,25.18.0,2025-10-08T20:07:06Z,True,itunes_rss_mostHelpful,False,False
3db9cf8f8d5888d5a9e12bca8a74cabce3331db02f9ac1a4e4bec1b63e4e0d41,13213394456,335187483,Amazon,gb,5,The Best: a Fantastic Customer-Centric Company,"Still the gold standard for customer service support, eager to help and solve the rare problems that arise. Great prices and value. Infinitely better than the junk products and total lack of customer support one finds on Temu and the like.

I preferred the app as it was before the summer update, but perhaps I will grow to love the new layout.","Still the gold standard for customer service support, eager to help and solve the rare problems that arise. Great prices and value. Infinitely better than the junk products and total lack of customer support one finds on Temu and the like. 

I preferred the app as it was before the summer update, but perhaps I will grow to love the new layout.",Bibliophenia,25.18.0,2025-10-02T12:09:32Z,True,itunes_rss_mostHelpful,False,False
d40087937233e0dee370b4a14305f7e7e0adb8a457c400ba939b642034df5a09,13187082630,335187483,Amazon,gb,5,Feedback/idea,"You should add an option to pay make your item priority for delivery so it gets delivered faster, I order items for dame day delivery and they arrive around 6pm there should be an option to make them priority so they can arrive way faster because some people urgently need them
👍👍","You should add an option to pay make your item priority for delivery so it gets delivered faster, I order items for dame day delivery and they arrive around 6pm there should be an option to make them priority so they can arrive way faster because some people urgently need them 
👍👍",Lost my daya,25.18.0,2025-09-26T12:31:41Z,True,itunes_rss_mostHelpful,False,False
85a7951277201d4f3da28ff52965d88a00d0ddb88e5f2bb623125518531a002e,13183386864,335187483,Amazon,gb,1,Never ever gonna buy anything here,"I just downloaded the app and got 3 problem in the same week
1st my order was automatically cancelled by the system since they thought theres a suspicious activity in my account . 2nd i did not receive my refund fully even after waiting more than 5 days .3rd I couldn’t chat the customer service due to the suspicion on my account and yet even though my  account has been open i was unable to get help from the chat nor call customer service. And the weirdest part is that one of the parcel was sent by the parcel without any update! Please just give my money back!","I just downloaded the app and got 3 problem in the same week 
1st my order was automatically cancelled by the system since they thought theres a suspicious activity in my account . 2nd i did not receive my refund fully even after waiting more than 5 days .3rd I couldn’t chat the customer service due to the suspicion on my account and yet even though my  account has been open i was unable to get help from the chat nor call customer service. And the weirdest part is that one of the parcel was sent by the parcel without any update! Please just give my money back!",Pramudya y,25.18.0,2025-09-25T15:09:13Z,True,itunes_rss_mostHelpful,False,False
518e102e2113c3e814e081a44e18f06e61aa3f3703c4e4d4acf3d950609e1db5,13135367385,335187483,Amazon,gb,1,Disappointed,"The whole process is good but their driver are really lame, I wrote an instruction for my delivery saying not to come early in the morning I won’t be around. But they might come early morning while you are not at home or at work. And if you ask them did you not read my delivery instructions they’ll have seen it but chose to ignore. I bought a wardrobe three days ago and still haven’t received it because the drivers keep coming the times I mentioned not to","The whole process is good but their driver are really lame, I wrote an instruction for my delivery saying not to come early in the morning I won’t be around. But they might come early morning while you are not at home or at work. And if you ask them did you not read my delivery instructions they’ll have seen it but chose to ignore. I bought a wardrobe three days ago and still haven’t received it because the drivers keep coming the times I mentioned not to",Freeman123.,25.17.0,2025-09-14T06:31:19Z,True,itunes_rss_mostHelpful,False,False
d1ada348fa185464ca16fcac0be04970c0b5f2e9edbfbba51a0f5cad74eb3922,13114309254,335187483,Amazon,gb,4,Overlap in search bar,"I would submit my issue in the forum section but I can’t because on my phone it won’t let me scroll to the submit button. Since the latest update if I type in the search to look up a product it’s fine until I select the search bar again to delete the text and enter a new search , the box is overlapped and all I can see is previous searches. Using an I phone XS.","I would submit my issue in the forum section but I can’t because on my phone it won’t let me scroll to the submit button. Since the latest update if I type in the search to look up a product it’s fine until I select the search bar again to delete the text and enter a new search , the box is overlapped and all I can see is previous searches. Using an I phone XS.",CL0036,25.17.0,2025-09-08T17:59:55Z,True,itunes_rss_mostHelpful,False,False
d2f946736255cd52cf5cde0bfadd30585083416703662898acda292e502c24a3,13113672392,335187483,Amazon,gb,3,Lists,"Items not saving to the “default” list. Not had any problems in the past. Wish List takes so long to edit. At the moment, if you choose “Delete” from the menu, it takes ages for the item to be deleted. After a while,the app struggles to load other items on the list. It would be so much easier if you could swipe left to remove an item from a list.","Items not saving to the “default” list. Not had any problems in the past. Wish List takes so long to edit. At the moment, if you choose “Delete” from the menu, it takes ages for the item to be deleted. After a while,the app struggles to load other items on the list. It would be so much easier if you could swipe left to remove an item from a list.",TFPowick,25.17.0,2025-09-08T14:39:38Z,True,itunes_rss_mostHelpful,False,False
ffd179ef74a22e764346a73052320b6aafe299e2a5e54143f08c76b63037dc01,13042881786,335187483,Amazon,gb,4,Reviews with photos feature has been altered :(,"You have now removed the ability to view a customer photo with the review still attached to the photo. So when you go to ‘reviews with photos’ and click a customer photo, you have no idea what their review/opinion is of the product, it’s just the photo in isolation, no text. So the only way to find that info out is to scroll through the thousands of reviews, to find the photo just to find out what that customer’s opinion was. Please bring back the feature where the review and rating is attached to the photo. Thank you","You have now removed the ability to view a customer photo with the review still attached to the photo. So when you go to ‘reviews with photos’ and click a customer photo, you have no idea what their review/opinion is of the product, it’s just the photo in isolation, no text. So the only way to find that info out is to scroll through the thousands of reviews, to find the photo just to find out what that customer’s opinion was. Please bring back the feature where the review and rating is attached to the photo. Thank you",binches2978,25.16.0,2025-08-21T11:33:31Z,True,itunes_rss_mostHelpful,False,False
50f4d5c838c7015c167466f195d0b3183f1f780f2091201a85109d4fc147f760,13039343336,335187483,Amazon,gb,2,Where do I begin,The app isn’t the problem it’s the sellers. I order 10th pay next day delivery fee. Expect 12th. Day comes sorry the order is delayed. Now it’s 20th and the package shows up maybe lost. For something that should have been a day or two turning into 8 extra days is very bad. Recommend avoiding delivery fee all together and just wait the days. Unless you really need something for an event then I recommend looking elsewhere as this platform is almost like eBay or wish at this point.,The app isn’t the problem it’s the sellers. I order 10th pay next day delivery fee. Expect 12th. Day comes sorry the order is delayed. Now it’s 20th and the package shows up maybe lost. For something that should have been a day or two turning into 8 extra days is very bad. Recommend avoiding delivery fee all together and just wait the days. Unless you really need something for an event then I recommend looking elsewhere as this platform is almost like eBay or wish at this point.,The Rift Queen,25.16.0,2025-08-20T13:34:16Z,True,itunes_rss_mostHelpful,False,False
19f99993741d977ebbe4091f598e56f98660b34e1795517c9188d0d956cbd139,12978851514,335187483,Amazon,gb,4,Unable to purchase content,"Generally a excellent app with the exception that it does not allow the purchase of kindle books. Every time the tab says “ unable to purchase this content”, and I have to open up the web site instead to make a kindle purchase !!!
A right royal pain","Generally a excellent app with the exception that it does not allow the purchase of kindle books. Every time the tab says “ unable to purchase this content”, and I have to open up the web site instead to make a kindle purchase !!!
A right royal pain",marmanthe first,25.13.0,2025-08-05T12:57:59Z,True,itunes_rss_mostHelpful,False,False
1616110d5a372f2ccc68bebf966af25fad42d89fc48ff5f9a3dd90ed9907fe94,12700153834,335187483,Amazon,gb,5,Worst ever service.,"I have ordered a package, didn’t received the package & they said its delivered. I tried contacting them but they do not have any customer care or customer service number with them. #1 worst company ever for not providing customer service support.","I have ordered a package, didn’t received the package & they said its delivered. I tried contacting them but they do not have any customer care or customer service number with them. #1 worst company ever for not providing customer service support.",The #1 best worst,25.10.0,2025-05-26T12:59:42Z,True,itunes_rss_mostHelpful,False,False
4f200be368ec1dac4f481fca6c83d62f3d937d339b6a6895db64b62e2c6f5691,12697543790,335187483,Amazon,gb,5,Accuracy,"⭐⭐⭐⭐⭐ (5/5)

I recently purchased this product, and I have to say, the accuracy blew me away. Whether it’s for measurements, calculations, or even more specialized tasks, it delivers consistently precise results every time I use it. I compared it with a few other similar products I have, and this one definitely holds its ground in terms of reliability.

For those of you who need something for professional or personal use where accuracy is key, I highly recommend it. It doesn’t disappoint and provides peace of mind knowing that the results are trustworthy. A great investment for anyone who values precision!","⭐⭐⭐⭐⭐ (5/5)

I recently purchased this product, and I have to say, the accuracy blew me away. Whether it’s for measurements, calculations, or even more specialized tasks, it delivers consistently precise results every time I use it. I compared it with a few other similar products I have, and this one definitely holds its ground in terms of reliability.

For those of you who need something for professional or personal use where accuracy is key, I highly recommend it. It doesn’t disappoint and provides peace of mind knowing that the results are trustworthy. A great investment for anyone who values precision!",Alalalaksmiejewunr,25.10.0,2025-05-25T18:40:54Z,True,itunes_rss_mostHelpful,False,False
850dedfeca4aba424379b63424bee1191a5f58f38cbeb7d8e2f6bf71277ab5eb,12673774790,335187483,Amazon,gb,1,Garbage app and company,"A garbage app from a garbage company that thinks its funny to lock people out of their own accounts and then fail to provide and adequate reason other than being in another town a few miles away on a different service provider but the same device! When you try to recover the account it’s nigh on impossible to undo and your customer services are utter doggy doo with their responses, do yourselves a favour and order from temu that’s not a company run by ‘tards!","A garbage app from a garbage company that thinks its funny to lock people out of their own accounts and then fail to provide and adequate reason other than being in another town a few miles away on a different service provider but the same device! When you try to recover the account it’s nigh on impossible to undo and your customer services are utter doggy doo with their responses, do yourselves a favour and order from temu that’s not a company run by ‘tards!",True Yorkshire,25.10.0,2025-05-19T14:30:00Z,True,itunes_rss_mostHelpful,False,False
28f45369dabf2bee0ae848ef57b0863bdef881da1c86c19cf556b1c51959d84c,12652912569,335187483,Amazon,gb,3,App bugs,"This app has always worked so well for me but for some reason, over the last few weeks, it has really slowed down! The homepage now takes an age to load, the images on products also now take an age to load and even when purchasing something, it stays on the loading page for an age too. Don’t know what’s happened but I guess it’s all to do with updates. I did uninstall and reinstall the app to see if that would work but it didn’t. Very frustrating!!! Please sort it out.","This app has always worked so well for me but for some reason, over the last few weeks, it has really slowed down! The homepage now takes an age to load, the images on products also now take an age to load and even when purchasing something, it stays on the loading page for an age too. Don’t know what’s happened but I guess it’s all to do with updates. I did uninstall and reinstall the app to see if that would work but it didn’t. Very frustrating!!! Please sort it out.",MGIM6,25.10.0,2025-05-13T21:24:40Z,True,itunes_rss_mostHelpful,False,False
123708c3a165ebb6c7889a05441e25380f86870096ef61e18231efc58f5ed8d4,12633673701,335187483,Amazon,gb,1,I want my £10 gift card back,So today i went to buy some new gaming headphones so I brought some but i had £5 in my card and item is £13 but i have a £10 gift card that i put on this morning and bought them because i now have another money to buy them but i had my old card that is expired but i didn’t know so when i bought them it got rid on my £10 gift card and my card declined because obviously its my old expired card so i changed to my current card and its £13 not £3 anymore so i want my £10 gift card back so i can buy them,So today i went to buy some new gaming headphones so I brought some but i had £5 in my card and item is £13 but i have a £10 gift card that i put on this morning and bought them because i now have another money to buy them but i had my old card that is expired but i didn’t know so when i bought them it got rid on my £10 gift card and my card declined because obviously its my old expired card so i changed to my current card and its £13 not £3 anymore so i want my £10 gift card back so i can buy them,Logan🔛🔝6723,25.9.0,2025-05-08T15:51:03Z,True,itunes_rss_mostHelpful,False,False
0930ee9533dcb3469ba63e1f64c33058724fe06fb293d68133fc4eac853a5dd6,12626847893,335187483,Amazon,gb,1,Can’t use it any more.  Awful.,Latest iPad update is absolutely shocking. I used to search for items and select them. The pricing and the options were clear on the right including buy now. To get the item I pressed buy now - job done!  There is now no pricing shown at all when you look at an item. You scroll down and find a price which is not clear whether it’s the subscribe price or not. I gave up trying to buy one item because I couldn’t work out whether I was subscribing or not.   I tried to buy another item for £4.99 but when I clicked by now it insisted I enter a quantity!   It said the minimum order quantity was 2!  Surely that’s a minimum price of £9.98! There’s some really rubbish changes happening here. Are you testing or looking at any of these interfaces before giving us a chance to use them? You certainly are making it hard to buy items! I bet that’s not your strategy.,Latest iPad update is absolutely shocking. I used to search for items and select them. The pricing and the options were clear on the right including buy now. To get the item I pressed buy now - job done!  There is now no pricing shown at all when you look at an item. You scroll down and find a price which is not clear whether it’s the subscribe price or not. I gave up trying to buy one item because I couldn’t work out whether I was subscribing or not.   I tried to buy another item for £4.99 but when I clicked by now it insisted I enter a quantity!   It said the minimum order quantity was 2!  Surely that’s a minimum price of £9.98! There’s some really rubbish changes happening here. Are you testing or looking at any of these interfaces before giving us a chance to use them? You certainly are making it hard to buy items! I bet that’s not your strategy.,The Only John,25.9.0,2025-05-06T18:17:21Z,True,itunes_rss_mostHelpful,False,False
54f5fd7dbe991d53fe09191f42e067113d728553802e411f1b02ef58d8b2920d,12583391685,335187483,Amazon,gb,2,Amazed the bugs don’t get fixed…,"Gets into a state on product pages where the text and images are separated by large amounts of whitespace, requiring relaunch. Also sometimes cannot get beyond the “how about these” upsell page, so the checkout page is blank after a quick flash of “still loading”. Considering the volume of business that AMZN do through the iOS app, I am amazed that these bugs have persisted for so long. Enough budget for a test team?","Gets into a state on product pages where the text and images are separated by large amounts of whitespace, requiring relaunch. Also sometimes cannot get beyond the “how about these” upsell page, so the checkout page is blank after a quick flash of “still loading”. Considering the volume of business that AMZN do through the iOS app, I am amazed that these bugs have persisted for so long. Enough budget for a test team?",Tcr1972,25.8.0,2025-04-25T07:40:15Z,True,itunes_rss_mostHelpful,False,False
010a557af01e4fd046be3174ecbb8509ac4fc1da04634302fde244e0d1104022,12468685759,335187483,Amazon,gb,1,Mobile change 2 step verification doesn’t work it’s a frozen screen just needs customer help service,"I can no longer sign into my account because I don’t have the mobile number anymore and I’ve already telephoned customer service who said they would fix it.
They haven’t done it.
So much for customer support I have prime and audible books as well from you.
The 2 steps verification is frozen.
I shouldn’t have to telephone you again I have explained my new mobile number I a PRIME member disgusting service","I can no longer sign into my account because I don’t have the mobile number anymore and I’ve already telephoned customer service who said they would fix it.
They haven’t done it.
So much for customer support I have prime and audible books as well from you.
The 2 steps verification is frozen.
I shouldn’t have to telephone you again I have explained my new mobile number I a PRIME member disgusting service",app needs sorting out,25.6.2,2025-03-27T01:00:57Z,True,itunes_rss_mostHelpful,False,False
18b165a54d7b0f91b0de8ae435a86d6415392a7b537d6f74c76d277d30dda21d,12442059930,335187483,Amazon,gb,4,Why fix what’s working,"Update: after about a week, app worked fine again hence deserving 3 more stars but it is annoying when you use something and it stops doing what it is supposed to.
Previous:
I don’t tend to update apps that often but it forced to to the latest update and now it doesn’t work - it was working so well before…why trying to fix what ain’t broken!😠 it’s useless now!","Update: after about a week, app worked fine again hence deserving 3 more stars but it is annoying when you use something and it stops doing what it is supposed to.
Previous: 
I don’t tend to update apps that often but it forced to to the latest update and now it doesn’t work - it was working so well before…why trying to fix what ain’t broken!😠 it’s useless now!",SRomiMutT,25.6.2,2025-03-20T10:20:14Z,True,itunes_rss_mostHelpful,False,False
95e7cc1e81fba11447de555aa5bb9e4e2e5fa9caf35163e6e82d33ef9124beed,12400759522,335187483,Amazon,gb,5,The 'A' Train.,"This is simple and straight forward.
I'm getting on a bit and  suffered years of disability before I started ageing as well.
Mobility is now very difficult for me and over the last 15 years I have become ever more reliant on Amazon's services.
'Prime' has become an essential tool in the kit that keeps me living independently in my own home.
Frankly I couldn't manage without them now.","This is simple and straight forward.
I'm getting on a bit and  suffered years of disability before I started ageing as well.
Mobility is now very difficult for me and over the last 15 years I have become ever more reliant on Amazon's services.
'Prime' has become an essential tool in the kit that keeps me living independently in my own home.
Frankly I couldn't manage without them now.",The Gentleman Racer,25.5.0,2025-03-09T14:46:13Z,True,itunes_rss_mostHelpful,False,False
443e10916c35d779b9136623e49d549723d8979cc2836225fb3b53eb7fa239a8,12352924056,335187483,Amazon,gb,1,Good bit horrifically terrible app,"The app is good for a few things but not when it comes to caring for its customers. I purchased one gift card, not expensive. And the first time I bought one. And I instantly get locked out of my account, they have no email support and I can’t call them half the time, they do not care about responding properly to messages they don’t care that your account is locked. They won’t even take the time to actually look into the issue","The app is good for a few things but not when it comes to caring for its customers. I purchased one gift card, not expensive. And the first time I bought one. And I instantly get locked out of my account, they have no email support and I can’t call them half the time, they do not care about responding properly to messages they don’t care that your account is locked. They won’t even take the time to actually look into the issue",Jamespieri,25.4.0,2025-02-25T10:31:11Z,True,itunes_rss_mostHelpful,False,False
8ee4b117b0e794603b43ae3a55e03f12096d41532c8c879931a3bfb78804ba39,12338351900,335187483,Amazon,gb,2,What’s up with the reviews?,"I’m seeing so many five star reviews only for them to contain a lot of complaints about the cluttered interface, issues logging in, difficulty navigating - all true. I would add that looking up older orders is additionally painful especially if you wanna compare the prices from your previous orders if maces you have any regular orders. Customer service is great if you can get through to them on the chat.","I’m seeing so many five star reviews only for them to contain a lot of complaints about the cluttered interface, issues logging in, difficulty navigating - all true. I would add that looking up older orders is additionally painful especially if you wanna compare the prices from your previous orders if maces you have any regular orders. Customer service is great if you can get through to them on the chat.",Hessen_UK,25.4.0,2025-02-21T17:14:20Z,True,itunes_rss_mostHelpful,False,False
179da41ecc63509686d3073d78cca13284a52713bf80d05fd579098c9b08204f,12334319349,335187483,Amazon,gb,3,Advisor chat has purposely been made difficult to find,"Since the new update they’ve tried to hide the chat option for an actual person to speak to so everything is done by the AI chat. This doesn’t always work as in my situation today, cat litter was left in the rain so the box had broken up and cat litter was leaking out. The AI wouldn’t refund or replace without me sending it back which seemed ridiculous given there was litter coming out of the bag and box. I ended up googling how to find the chat option because it just didn’t seem to be anywhere anymore and it really has been hidden away! It’s just poor!
For anyone needing to find it you need to go onto the customer service page, scroll down to ‘something else’ click on ‘see all’ because it’s not in the 5 displayed options, scroll down to 9th in the list and press ‘I need more help’ and then confirm a further 4 times that you still need more help on the chat and eventually you’ll get a real person to speak to (that doesn’t expect you to send wet cat litter back via Royal Mail)","Since the new update they’ve tried to hide the chat option for an actual person to speak to so everything is done by the AI chat. This doesn’t always work as in my situation today, cat litter was left in the rain so the box had broken up and cat litter was leaking out. The AI wouldn’t refund or replace without me sending it back which seemed ridiculous given there was litter coming out of the bag and box. I ended up googling how to find the chat option because it just didn’t seem to be anywhere anymore and it really has been hidden away! It’s just poor! 
For anyone needing to find it you need to go onto the customer service page, scroll down to ‘something else’ click on ‘see all’ because it’s not in the 5 displayed options, scroll down to 9th in the list and press ‘I need more help’ and then confirm a further 4 times that you still need more help on the chat and eventually you’ll get a real person to speak to (that doesn’t expect you to send wet cat litter back via Royal Mail)",Shad91,,2025-02-20T17:38:59Z,True,web_ssr_helpful,False,False
658a525831154deec61b13a41b43a1e57d2a69aa546db768d9733f14930583e3,12268659971,335187483,Amazon,gb,2,"Great App, one slight problem","Please remove the option for the ‘one time delivery password’, I work night shifts and intended to be asleep right now, but instead I must wait until my order is out for delivery to receive this stupid password.

Your instructions said the password arrives on the day, the day starts at 00:00am so why can the password not be sent then, instead of 11 hours into the day just before it’s delivered??

I understand this is an additional security measure which is valid, but it is incredibly inconvenient dispatching this password so close to the delivery time…","Please remove the option for the ‘one time delivery password’, I work night shifts and intended to be asleep right now, but instead I must wait until my order is out for delivery to receive this stupid password.

Your instructions said the password arrives on the day, the day starts at 00:00am so why can the password not be sent then, instead of 11 hours into the day just before it’s delivered??

I understand this is an additional security measure which is valid, but it is incredibly inconvenient dispatching this password so close to the delivery time…",Erik12345678910111213141516,25.3.0,2025-02-04T05:57:47Z,True,itunes_rss_mostHelpful,False,False
fab89ac5da61e5a84942307e58521f49ab35cb68ffc2aa68fcf05add5837be9c,12257260477,335187483,Amazon,gb,1,Customer service inconsistency,"I called the customer service last 5 December 2024 and a refund was confirmed and promised to be debited to my account on or before 16 December 2024. I called again to follow up for that refund as it hasn’t been credited on the promised date and now they are saying there will be no refund at all. The inconsistency on what was promised and confirmed previously, and what they are saying now is truly upsetting to say the least. Customer service representatives should be informed well of the policies rather than making up something, committing to it and then eventually taking back what was previously promised. It tarnished your integrity.","I called the customer service last 5 December 2024 and a refund was confirmed and promised to be debited to my account on or before 16 December 2024. I called again to follow up for that refund as it hasn’t been credited on the promised date and now they are saying there will be no refund at all. The inconsistency on what was promised and confirmed previously, and what they are saying now is truly upsetting to say the least. Customer service representatives should be informed well of the policies rather than making up something, committing to it and then eventually taking back what was previously promised. It tarnished your integrity.",shinigamer01,25.2.0,2025-02-01T13:03:18Z,True,itunes_rss_mostHelpful,False,False
8e06bea1c00b696059da1cf124057d541792f6be8769635a648183753200f3a0,12211225941,335187483,Amazon,gb,2,Just not worth it anymore,"Every second order gets cancelled due to possibility somebody else has access to my account, half the time unable to reorder due to issues with my order, horrible app since it’s such a bother to order things now and never receive them on time since have to reorder several times. Used to be able to press one button and it would be ordered for next day delivery, now it takes 3 tries to just place an order","Every second order gets cancelled due to possibility somebody else has access to my account, half the time unable to reorder due to issues with my order, horrible app since it’s such a bother to order things now and never receive them on time since have to reorder several times. Used to be able to press one button and it would be ordered for next day delivery, now it takes 3 tries to just place an order",Hue398,25.1.2,2025-01-21T09:51:48Z,True,itunes_rss_mostHelpful,False,False
ab2c71371e7750072b1cd3c10810d6edeb10c17956638bc610901980d0391e3f,12156514685,335187483,Amazon,gb,5,Excellent App,"I have used this App for several years now, and it has consistently worked flawlessly. From the search function to checkout, it’s a smooth and pleasant journey.
The review sections are particularly useful; helpful to build a reliable view of practically any product listed.
In depth information is on hand, and it has an AI function built in, with the option to also chat live with a real person for quick resolutions to any queries. I can’t think of much lacking in this app, so I have given it a full five star rating.","I have used this App for several years now, and it has consistently worked flawlessly. From the search function to checkout, it’s a smooth and pleasant journey. 
The review sections are particularly useful; helpful to build a reliable view of practically any product listed. 
In depth information is on hand, and it has an AI function built in, with the option to also chat live with a real person for quick resolutions to any queries. I can’t think of much lacking in this app, so I have given it a full five star rating.",Lights North,25.1.0,2025-01-07T16:56:18Z,True,itunes_rss_mostHelpful,False,False
11f90524dedae3a93fbb1cec1bc0de0f4fa49c77b968e8cd798c597b942fcee1,12147292359,335187483,Amazon,gb,3,Prime member,"Pay a membership they say get next day delivery they say. In reality it’s when Royal Mail want or our favourite Evri and someone else gets your order instead. I have had so may late or lost deliveries now. Good to get what you need sometime’s as long as you’re not banking on next day. They do normally send replacement’s if lost but that’s about a week or so later so definitely not next day delivery.

Prime membership is a scam. A normal delivery without it takes around 3 days anyway.","Pay a membership they say get next day delivery they say. In reality it’s when Royal Mail want or our favourite Evri and someone else gets your order instead. I have had so may late or lost deliveries now. Good to get what you need sometime’s as long as you’re not banking on next day. They do normally send replacement’s if lost but that’s about a week or so later so definitely not next day delivery. 

Prime membership is a scam. A normal delivery without it takes around 3 days anyway.",R1ck1380,23.23.0,2025-01-05T09:09:18Z,True,itunes_rss_mostHelpful,False,False
0f348bca79233570ce730948a242e2a8396c540cc98b171e147927e865ec8f71,12127408727,335187483,Amazon,gb,1,App broken and no way to contact customer support,I tried going to rufus it states it’s unable to connect. I tried searching for what devices are connected to my account and it’s completely blank despite I had to be logged in to access it. I tried clicking “contact developer” from the app help and it goes to a page that states sorry something went wrong . I can’t email you guys so I have no choice but to give you an absolutely lowest rating to get your attention. Fix your app. I can’t contact support because all of your contact sections are broken and it’s not New Year’s Day so someone should be there,I tried going to rufus it states it’s unable to connect. I tried searching for what devices are connected to my account and it’s completely blank despite I had to be logged in to access it. I tried clicking “contact developer” from the app help and it goes to a page that states sorry something went wrong . I can’t email you guys so I have no choice but to give you an absolutely lowest rating to get your attention. Fix your app. I can’t contact support because all of your contact sections are broken and it’s not New Year’s Day so someone should be there,Stargazerforest,23.23.0,2024-12-31T12:19:51Z,True,itunes_rss_mostHelpful,False,False
0fbbac75840c0935de7a28c9980abc8ba5a5c4f01414913d19784a28e47cfb76,12020777647,335187483,Amazon,gb,2,Impossible to contact anybody,"I use this app all the time and a growing issue now is the drivers not even attempting to knock or ring any doorbell. My package was left to the side of my door in full view of the main road, not even behind the bin which would be even slightly better but beside in full view of the front door and road.
There was no attempt at knocking or ringing the doorbell as two of us were home the whole time.
And to make it worse the app has made it impossible to even talk to a person or even try to make an actual complaint. It will simply reroute you to FAQs or back to the home page. Such a big company but you can’t even make a simple report of an issue.","I use this app all the time and a growing issue now is the drivers not even attempting to knock or ring any doorbell. My package was left to the side of my door in full view of the main road, not even behind the bin which would be even slightly better but beside in full view of the front door and road.
There was no attempt at knocking or ringing the doorbell as two of us were home the whole time.
And to make it worse the app has made it impossible to even talk to a person or even try to make an actual complaint. It will simply reroute you to FAQs or back to the home page. Such a big company but you can’t even make a simple report of an issue.",xxB3CC4xx,23.22.0,2024-12-03T11:46:30Z,True,itunes_rss_mostHelpful,False,False
427cb73e1c52ec126f026380c08be5c896f1094658a6fd31a52674ff7011a10e,11912704792,335187483,Amazon,gb,5,Stop messing with the app,Please please put it back the way it was .. I ordered something . Went to buy it and my order came up totally the wrong price with shipping and vat and something else ..so i cancelled it … so I thought!!! Next minute gets a notification say id bought it … tried to get into my orders .. says I’ve not bought anything for three months… please go back to what everyone understands… why change when it works so well ?,Please please put it back the way it was .. I ordered something . Went to buy it and my order came up totally the wrong price with shipping and vat and something else ..so i cancelled it … so I thought!!! Next minute gets a notification say id bought it … tried to get into my orders .. says I’ve not bought anything for three months… please go back to what everyone understands… why change when it works so well ?,misty haze,23.21.0,2024-11-04T19:09:24Z,True,itunes_rss_mostHelpful,False,False
86223df611ffdd74aafc714f229ac36334fb6f221b83b94c69667e1e791a2b6b,11894638447,335187483,Amazon,gb,4,Kindle books,"Why can’t I buy kindle books through the app?
This is why I have given 4 stars. It would be 5 other wise. No other issues with this app, I actually quite like it and find it extremely easily to use. I just wish I didn’t have to sign in on line (outside of the app) to purchase kindle books.","Why can’t I buy kindle books through the app? 
This is why I have given 4 stars. It would be 5 other wise. No other issues with this app, I actually quite like it and find it extremely easily to use. I just wish I didn’t have to sign in on line (outside of the app) to purchase kindle books.",Kelly Ball-Thomas,23.21.0,2024-10-31T06:02:19Z,True,itunes_rss_mostHelpful,False,False
9d4c5562060dfa96c8c7a0269080af38830d8dff91e349cad0f56442eb891d07,11878560570,335187483,Amazon,gb,4,Multiple baskets,It’s a good shopping app but there should be a feature so that you can have multiple shopping baskets because I and decorating my room so have things already in my basket but also need to get decorations for my Halloween party and wish I could keep them separate,It’s a good shopping app but there should be a feature so that you can have multiple shopping baskets because I and decorating my room so have things already in my basket but also need to get decorations for my Halloween party and wish I could keep them separate,JoeKav0909,23.21.0,2024-10-26T21:46:34Z,True,itunes_rss_mostHelpful,False,False
b299f17f3a5abbba28adb97804795b510f4781861b9a64dd886f5404cdd76c83,11821125687,335187483,Amazon,gb,1,To easy to use pickup option,"As a disabled customer I was stunned when I got a notification that my order was going to a pickup point. Having studied the new app I now understand what must have happened. It was when I was looking at the item the delivery option is first below the picture and I must a brushed the pickup option whilst scrolling. Now I am aware I’ll be more careful. Having used the new version for a while I can’t see any advantage to it.  The old was much easier to look at all the descriptions, colour, price options. Can a preference be added to my personal data to hide the pickup option that I’ll never use.","As a disabled customer I was stunned when I got a notification that my order was going to a pickup point. Having studied the new app I now understand what must have happened. It was when I was looking at the item the delivery option is first below the picture and I must a brushed the pickup option whilst scrolling. Now I am aware I’ll be more careful. Having used the new version for a while I can’t see any advantage to it.  The old was much easier to look at all the descriptions, colour, price options. Can a preference be added to my personal data to hide the pickup option that I’ll never use.",goldhayway,23.18.0,2024-10-11T09:54:18Z,True,itunes_rss_mostHelpful,False,False
3765e73e6af426500c1e2cf5ff12f43fa5cb578b8d9ef932890f2daa30718489,11819880847,335187483,Amazon,gb,3,Changing Site Background to Dark Mode   - Not under Settings,"All I want to do is change my Background Colour  to Black Mode as I have issues with my eyes. Why can’t I find the instructions under ‘Settings’ ?? If you would like to continue receiving my orders  ~ perhaps you could put the information where it is logical to find !! If I can’t read the page against the very bright light, I will no longer be shopping from your site.","All I want to do is change my Background Colour  to Black Mode as I have issues with my eyes. Why can’t I find the instructions under ‘Settings’ ?? If you would like to continue receiving my orders  ~ perhaps you could put the information where it is logical to find !! If I can’t read the page against the very bright light, I will no longer be shopping from your site.",Annalina X,23.18.0,2024-10-11T00:02:39Z,True,itunes_rss_mostHelpful,False,False
f7f2c1043477fb5f5047ad3907fe2b5de285bb70b917df59d49ee99ba8fee030,11817931358,335187483,Amazon,gb,1,Communication skills,"You provide delivery information for your benefit. The customer adjusts his day to be available for the delivery.

Of course deliveries can be affected by many factors. That  is acceptable

To tell the customer when you become aware of a factor affecting a notified delivery slot would be understandable.

To tell a customer at the very last moment in a notified delivery slot, as you have just done to me, that the delivery will not be 11:45 to 12:45 but will be 4:15 to 7:15 is insensitive and pathetically inept. Having adjusted my day to suit the latest time of 12:45 to then have  to adjust to an earliest time of 4:15 is totally  disruptive.

To tell me at the last minute is inconsiderate.

And whilst  I am actually typing  this review you have modified the time yet again

You could improve your communication skills and should do so","You provide delivery information for your benefit. The customer adjusts his day to be available for the delivery. 

Of course deliveries can be affected by many factors. That  is acceptable

To tell the customer when you become aware of a factor affecting a notified delivery slot would be understandable. 

To tell a customer at the very last moment in a notified delivery slot, as you have just done to me, that the delivery will not be 11:45 to 12:45 but will be 4:15 to 7:15 is insensitive and pathetically inept. Having adjusted my day to suit the latest time of 12:45 to then have  to adjust to an earliest time of 4:15 is totally  disruptive. 

To tell me at the last minute is inconsiderate.  

And whilst  I am actually typing  this review you have modified the time yet again

You could improve your communication skills and should do so",rmsqs2003,23.18.0,2024-10-10T12:10:10Z,True,itunes_rss_mostHelpful,False,False
e8d55e0a642540b49f24612cdd5f54da2095a6332bd85c29b90971584ea6638f,11815673040,335187483,Amazon,gb,5,It won’t let me Create an account,"Whenever I try to make and account with my phone number, it says internal error. So I use my email instead and then it sends me a OTP. But the problem is I don’t receive a OTP. Which doesn’t let me have an account and make purchases. Please tell me what I am doing wrong or fix this please.","Whenever I try to make and account with my phone number, it says internal error. So I use my email instead and then it sends me a OTP. But the problem is I don’t receive a OTP. Which doesn’t let me have an account and make purchases. Please tell me what I am doing wrong or fix this please.",Phwx0£ xw0)1. .)0,23.18.0,2024-10-09T19:16:39Z,True,itunes_rss_mostHelpful,False,False
c75d9b7d60ad02fcea209a46924ac5314dea9a237c5758982cb825535339b1b8,11736682416,335187483,Amazon,gb,3,What has happened?,"You’ve changed the app to look like Temu, not sure why you felt the need to change something that wasn’t broken. If anything, the service is broken. Late deliveries, every order shows delivery by 10pm and then suddenly changes to a few hours. Delivery drivers seem to just dump parcels anywhere without checking safe place.

And finally where is the dark mode Home Screen icon please?","You’ve changed the app to look like Temu, not sure why you felt the need to change something that wasn’t broken. If anything, the service is broken. Late deliveries, every order shows delivery by 10pm and then suddenly changes to a few hours. Delivery drivers seem to just dump parcels anywhere without checking safe place. 

And finally where is the dark mode Home Screen icon please?",1985spurs,23.18.0,2024-09-18T08:30:31Z,True,itunes_rss_mostHelpful,False,False
62099c89b6733c6a6cbffa4b0b298de56193bbcb06651cbfa1d892aa1a597684,11719758236,335187483,Amazon,gb,1,Updates break and frustrate user,"Stop making unnecessary changes
Stop deleting my browsing history and allow me to set period (preferably unlimited)
Produce a platform where suggestions can be made (I tried through your limited help service but they said there was no way to pass them on)
Frustratingly difficult (go round and round like Microsoft) to start a help session with a real person, then the help is limited!
Now deleting this annoying app and just using web!!","Stop making unnecessary changes
Stop deleting my browsing history and allow me to set period (preferably unlimited)
Produce a platform where suggestions can be made (I tried through your limited help service but they said there was no way to pass them on)
Frustratingly difficult (go round and round like Microsoft) to start a help session with a real person, then the help is limited!
Now deleting this annoying app and just using web!!",Jonathan_goldin,21.17.0,2024-09-13T14:16:50Z,True,itunes_rss_mostHelpful,False,False
80469ed0bc143cdb42ed8912f7dd3c5a7b6b4e0ab2b6009fcbded68b52dfcdda,11704980206,335187483,Amazon,gb,3,Why change the app,"Today I wanted to look at my past orders but the options have changed. The new option says I haven’t bought anything for 3 months which is rubbish. The website shows the orders. Customer services said I should change my settings etc, blaming me. I think the developers who changed the interface should test it properly.","Today I wanted to look at my past orders but the options have changed. The new option says I haven’t bought anything for 3 months which is rubbish. The website shows the orders. Customer services said I should change my settings etc, blaming me. I think the developers who changed the interface should test it properly.",easiwriter,23.17.0,2024-09-09T07:51:28Z,True,itunes_rss_mostHelpful,False,False
25810b23893f54bbea1ae18fbe51f8a1c11ec6c832db056bb6798f4940ffd21d,11694910163,335187483,Amazon,gb,1,Put the app to how it was ASAP,"I guess no-one will listen.. But this update is not an improvement! Why have you allowed the latest app update which has destroyed a previously seamless experience?
The search function and results are now so inconsistent! Same issue with the filters! I’m a long term prime member and now I’m unable to filter prime results for same or next day!
Please put it back to how it was… I’m sure you’re already seeing a revenue hit as a consequence! Someone needs dragging through the coals for allowing this dreadful update!","I guess no-one will listen.. But this update is not an improvement! Why have you allowed the latest app update which has destroyed a previously seamless experience?
The search function and results are now so inconsistent! Same issue with the filters! I’m a long term prime member and now I’m unable to filter prime results for same or next day!
Please put it back to how it was… I’m sure you’re already seeing a revenue hit as a consequence! Someone needs dragging through the coals for allowing this dreadful update!",Uncle-Pablo,23.17.0,2024-09-06T13:07:25Z,True,itunes_rss_mostHelpful,False,False
1647b8cc15b0022ec8a1bec467decdd49531c7fcc51bda893cd9986145c33a1c,11636150907,335187483,Amazon,gb,4,Suggestion,Im sure some people like getting their packages a bit early but I plan my orders so that they come on days that I know I’ll be home. Would be nice to be able to tick an option so the delivery people hold onto it until the day it was supposed to arrive. Pointless trying to deliver 2 days early if I know I’m not going to be in for those two days,Im sure some people like getting their packages a bit early but I plan my orders so that they come on days that I know I’ll be home. Would be nice to be able to tick an option so the delivery people hold onto it until the day it was supposed to arrive. Pointless trying to deliver 2 days early if I know I’m not going to be in for those two days,저십,23.16.0,2024-08-21T15:52:09Z,True,itunes_rss_mostHelpful,False,False
d7aa8ae5e1060d2ef02669bfff68cafec7569112063c9c3f3edcdfe0cbb23bea,11561148991,335187483,Amazon,gb,1,"Awful search, too much noise","So the problem with this app is that when I try to search for things, so much non-search stuff is returned that you might as well not even search for anything.

Learn some lessons from other search tools!  If I search for a keyword, I’m looking for that thing.  If (for example) I search for “Victorinox”, I’m not looking for random stuff, I only want to see Victorinox products…particularly if I’m in their store.  This functionality doesn’t make me buy other stuff, it just stops me using the site.","So the problem with this app is that when I try to search for things, so much non-search stuff is returned that you might as well not even search for anything.

Learn some lessons from other search tools!  If I search for a keyword, I’m looking for that thing.  If (for example) I search for “Victorinox”, I’m not looking for random stuff, I only want to see Victorinox products…particularly if I’m in their store.  This functionality doesn’t make me buy other stuff, it just stops me using the site.",davey-wavey,23.15.0,2024-08-01T21:51:52Z,True,itunes_rss_mostHelpful,False,False
ee12de0f196b990db4b39bb7b3b0fc630b37468cc1fa9cdd2f762427e77f567a,11541473574,335187483,Amazon,gb,2,Delivery Address bugs,In the last month myself and my wife have both made so many errors when ordering products and selecting the wrong address. The visibility of the delivery address on confirmation is very poor and this easy to make errors and there is a bug on the behaviour of the set default delivery address and the syncing of this change between devices. Many times when I have made a single order and not selected to make this the default the app does change the default and then when the next order is placed it uses this changed address. Also if another device is logged in to same account the change does not show on the front end and then it changes when product added. I have never made so many delivery address errors as recent times. Please please change the visibility of the delivery address on confirmation and fix the syncing across devices and the behaviour for default delivery addresss,In the last month myself and my wife have both made so many errors when ordering products and selecting the wrong address. The visibility of the delivery address on confirmation is very poor and this easy to make errors and there is a bug on the behaviour of the set default delivery address and the syncing of this change between devices. Many times when I have made a single order and not selected to make this the default the app does change the default and then when the next order is placed it uses this changed address. Also if another device is logged in to same account the change does not show on the front end and then it changes when product added. I have never made so many delivery address errors as recent times. Please please change the visibility of the delivery address on confirmation and fix the syncing across devices and the behaviour for default delivery addresss,SiCan,23.14.0,2024-07-27T16:51:05Z,True,itunes_rss_mostHelpful,False,False
2392c4d996edb553dbbd5b94e0352c8ca43dc688077d3c43ceb96e70eead0d4c,11477632987,335187483,Amazon,gb,5,Swartz revolving spice rack,"Excellent the way online staff dealt with my broken item, although out of date for refund, very understanding & gave me the option of full refund or gift card?
Easy money put in my account, I then purchased other items & spent more too.
That’s why I have Prime , great transaction.","Excellent the way online staff dealt with my broken item, although out of date for refund, very understanding & gave me the option of full refund or gift card?
Easy money put in my account, I then purchased other items & spent more too.
That’s why I have Prime , great transaction.",Andy Mc Mcfc,23.14.0,2024-07-10T18:22:02Z,True,itunes_rss_mostHelpful,False,False
62db97ddfc31f0e34940512beaf28c3a6afae4937002e24f600cf8ff630b2a90,11470305337,335187483,Amazon,gb,3,So many options confuse the buyer,"When I am searching for some product or trying to connect customer service for some issues, there are just so many so many information on the screen, would be nice if we can keep it sleek and clean, like the other new generation apps. It’s getting clumsier and hard to find or focus on what u want, other than that the app and service is great","When I am searching for some product or trying to connect customer service for some issues, there are just so many so many information on the screen, would be nice if we can keep it sleek and clean, like the other new generation apps. It’s getting clumsier and hard to find or focus on what u want, other than that the app and service is great",kailash1996,23.14.0,2024-07-08T17:31:08Z,True,itunes_rss_mostHelpful,False,False
65749950c2493c3eabaf4d07fe4c9fcd3a78c25211fe8fdc29396850357e2795,11449723202,335187483,Amazon,gb,3,Customer service,"Your customer service is getting poorer. You say you hand deliver goods which you don’t and then there is no possible way of knowing if goods have arrived or not if a customer is absent. The app doesn’t let you discuss this with someone and your forced choices for complaining are infuriating and lack nuance. There is no way for a customer to complain. Your delivery drivers do their best but I suspect they too can’t record accurately their deliveries on your inadequate systems. All in all whilst speed is important, some actual human interaction in customer services to enable the complexities of any one situation to be discussed would not go amiss. I’m finding your lack of care through a faceless app increasingly irritating and insulting.","Your customer service is getting poorer. You say you hand deliver goods which you don’t and then there is no possible way of knowing if goods have arrived or not if a customer is absent. The app doesn’t let you discuss this with someone and your forced choices for complaining are infuriating and lack nuance. There is no way for a customer to complain. Your delivery drivers do their best but I suspect they too can’t record accurately their deliveries on your inadequate systems. All in all whilst speed is important, some actual human interaction in customer services to enable the complexities of any one situation to be discussed would not go amiss. I’m finding your lack of care through a faceless app increasingly irritating and insulting.",Canuckclogger,23.14.0,2024-07-02T21:42:25Z,True,itunes_rss_mostHelpful,False,False
47283b2a0c37a42ad08f876331578189a0c4a3e89ab512f7a7a2baf199a9d0a7,11417101301,335187483,Amazon,gb,4,App adjusts speaker output,"Whilst I think the app is great (bar removing the pricing on the Deals page back along), whenever I open the app whilst playing music it causes the speakers to cut out. This happens even when playing via Bluetooth etc. When the music starts playing after a brief pause it is… different? When you exit the app, it goes through the same process and returns to normal.

Not sure if the developers ever read these, but it would be interesting to understand why, and when it will be fixed","Whilst I think the app is great (bar removing the pricing on the Deals page back along), whenever I open the app whilst playing music it causes the speakers to cut out. This happens even when playing via Bluetooth etc. When the music starts playing after a brief pause it is… different? When you exit the app, it goes through the same process and returns to normal.

Not sure if the developers ever read these, but it would be interesting to understand why, and when it will be fixed",scattydoo,23.13.0,2024-06-24T09:54:32Z,True,itunes_rss_mostHelpful,False,False
5544af49ae9256b68ab5f4eb0a60afb1bafaa576ad77bebd3b5cfa6c5b494ba4,11394000192,335187483,Amazon,gb,3,Screen whiteout,"The app was fine but now seems to have developed a bug where the the screen whites out and the item you’re looking at it no longer visible. The top and bottom bars are still visible so its possible to navigate away from the page but it’s making it impossible to actually shop!
My app is fully up to date as is my iOS so I know it’s not either of those things causing the issue.
Also clicking on App Support from the App Store takes you to “page not found” error in the app.","The app was fine but now seems to have developed a bug where the the screen whites out and the item you’re looking at it no longer visible. The top and bottom bars are still visible so its possible to navigate away from the page but it’s making it impossible to actually shop!
My app is fully up to date as is my iOS so I know it’s not either of those things causing the issue. 
Also clicking on App Support from the App Store takes you to “page not found” error in the app.",ChromeFlapJackBlue,23.13.0,2024-06-18T05:32:41Z,True,itunes_rss_mostHelpful,False,False
51b10c7e571723bb790d109b96b92416e6da922ad1db8e80749ac4a39fb040a8,11367708240,335187483,Amazon,gb,4,Now buggy,"While scrolling when looking at product details the screen often just goes white.  Pressing back then jumps you back to home and you’ve lost what you were looking at.

When this becomes too annoying i then use a pc or another supplier.   It’s a shame because I haven’t noticed any bugs for the years Ive been using it.  On the other hand I’ve found some great alternative supplers.","While scrolling when looking at product details the screen often just goes white.  Pressing back then jumps you back to home and you’ve lost what you were looking at.

When this becomes too annoying i then use a pc or another supplier.   It’s a shame because I haven’t noticed any bugs for the years Ive been using it.  On the other hand I’ve found some great alternative supplers.",dmc_reviews,23.12.0,2024-06-11T04:29:45Z,True,itunes_rss_mostHelpful,False,False
126a2852b1f8a886a76882242400fd819f2cb199b9f39453216b0c2353e4128b,11309004782,335187483,Amazon,gb,2,Use to be great,"I use to use this app on a weekly basis, but I’ve use it less and less since the tracking simply doesn’t seem to work well anymore. I can be sat in for hours with it saying, 3 stops away, then all of a sudden I get a delivered notification. I’m not even going to bother mentioning the delivery methods used. I appreciate the tech needed for this functionality, but it use to work perfectly, now it’s pretty much pointless trying to use the tracking as a guide to when a delivery will arrive.","I use to use this app on a weekly basis, but I’ve use it less and less since the tracking simply doesn’t seem to work well anymore. I can be sat in for hours with it saying, 3 stops away, then all of a sudden I get a delivered notification. I’m not even going to bother mentioning the delivery methods used. I appreciate the tech needed for this functionality, but it use to work perfectly, now it’s pretty much pointless trying to use the tracking as a guide to when a delivery will arrive.",duncanwalker1968,23.11.2,2024-05-26T12:10:20Z,True,itunes_rss_mostHelpful,False,False
00b36612af55fab819d15efb576560f72e91755fe4228d5817a0a3c69e99c07f,11302571336,335187483,Amazon,gb,5,App change,Why in the world would you want to change a perfectly good app that’s running really well without problems I can’t understand it. It’s not broken and so easy to use. Who ever thinks it needs changing please find them another job that’s busy so they haven’t got time on their hands to think up daft ideas as they clearly have too much time on their hands.,Why in the world would you want to change a perfectly good app that’s running really well without problems I can’t understand it. It’s not broken and so easy to use. Who ever thinks it needs changing please find them another job that’s busy so they haven’t got time on their hands to think up daft ideas as they clearly have too much time on their hands.,wind chalmer,23.11.2,2024-05-24T17:35:41Z,True,itunes_rss_mostHelpful,False,False
55df30ddcd15ea9a09b5348dfe05682a490ff60d0c806999bc0a3f441c03e862,11135505025,335187483,Amazon,gb,5,THIS APP IS VERRY GOOD FOR SHOPPING,The reason why it is so good it is because it has everything and it is very valued also the clothes are so cute and the things are affordable not cheap SHEIN is cheap if you are looking for a cheap app and Temu is also cheap though SHEIN is a bit more cheaper and the clothes are also cute on sheinnnnn,The reason why it is so good it is because it has everything and it is very valued also the clothes are so cute and the things are affordable not cheap SHEIN is cheap if you are looking for a cheap app and Temu is also cheap though SHEIN is a bit more cheaper and the clothes are also cute on sheinnnnn,Roció González,23.7.2,2024-04-08T14:24:15Z,True,itunes_rss_mostHelpful,False,False
8529272f12488dabb55b6366bb211b51a1886808fde0b8ec2d2e39bb1684bce2,11104327972,335187483,Amazon,gb,3,Issue,"The app runs ok and relatively easy to navigate, but I have an issue where if I select an item to view and then press the arrow to go back to the search results, it takes me straight back to the top of the search page. It’s annoying because if I’ve scrolled past numerous products, I have to try figure out how far down the page I was so I can carry on looking. It’s happened so many times, it’s getting frustrating and tedious","The app runs ok and relatively easy to navigate, but I have an issue where if I select an item to view and then press the arrow to go back to the search results, it takes me straight back to the top of the search page. It’s annoying because if I’ve scrolled past numerous products, I have to try figure out how far down the page I was so I can carry on looking. It’s happened so many times, it’s getting frustrating and tedious",Celestial-sky,23.7.2,2024-03-31T01:43:52Z,True,itunes_rss_mostHelpful,False,False
c93f595fbcc750f05e1917d8921ce0dfd5c2dfe027f3fe042c950b52163bdd0d,11098118659,335187483,Amazon,gb,4,What is wrong with developers?,"It’s an app that offers a lot and was easy to navigate before the latest update. Lots of features have either been moved elsewhere or deleted altogether, making it cumbersome and annoying to find various features.
As a previous reviewer mentioned, “if it’s not broken - don’t fix it”
Similar mentality to supermarkets where items are constantly relocated to persuade people to spend more time looking for what they want. Some people just want services to be easy, is that too much to ask for","It’s an app that offers a lot and was easy to navigate before the latest update. Lots of features have either been moved elsewhere or deleted altogether, making it cumbersome and annoying to find various features. 
    As a previous reviewer mentioned, “if it’s not broken - don’t fix it”
    Similar mentality to supermarkets where items are constantly relocated to persuade people to spend more time looking for what they want. Some people just want services to be easy, is that too much to ask for",quick draw94,23.7.2,2024-03-29T11:07:01Z,True,itunes_rss_mostHelpful,False,False
e0e36c6c3606c698665e4511061735f4e8c6a826f21cb9b43d5d9447a95708b3,11072350912,335187483,Amazon,gb,2,Needs to be better,"This app needs improvement the fact my items get sent in the post without packaging so everyone can see what i’ve brought also if gives low life’s the chance to steel my items, and before you say there is an option to change this there isn’t on a mobile app, there is if you use a PC / Laptop but not everyone has one of those so give everyone the option or better yet if your giving your packaging for free just bloody use it, also trying to get hold of an actual person to talk to is pointless not everyone wants to talk to a robot. you need to do better !","This app needs improvement the fact my items get sent in the post without packaging so everyone can see what i’ve brought also if gives low life’s the chance to steel my items, and before you say there is an option to change this there isn’t on a mobile app, there is if you use a PC / Laptop but not everyone has one of those so give everyone the option or better yet if your giving your packaging for free just bloody use it, also trying to get hold of an actual person to talk to is pointless not everyone wants to talk to a robot. you need to do better !",sirvipper,23.6.0,2024-03-22T12:07:21Z,True,itunes_rss_mostHelpful,False,False
419a56751677e22934c32eb60a97a2bd3fa0bea0d1586da7b84bf17db4d34940,11061303336,335187483,Amazon,gb,3,Usually Very Good,"Use this app all of the time (too often). However I’ve just noticed that the option to “Switch Accounts” has disappeared. When I log out and log back in to my business acct the “switch accounts” option is still there, but when I switch back to my personal one it’s gone again.
TBH I’m hoping that making this review will get someone to look at it.","Use this app all of the time (too often). However I’ve just noticed that the option to “Switch Accounts” has disappeared. When I log out and log back in to my business acct the “switch accounts” option is still there, but when I switch back to my personal one it’s gone again. 
TBH I’m hoping that making this review will get someone to look at it.",ColinfromTrowbridge,23.6.0,2024-03-19T10:56:46Z,True,itunes_rss_mostHelpful,False,False
c30bc5d47e9532767f5b5bf366f1ea6c4e4c31613a7dd82fff72dc5e05b99f74,11058726035,335187483,Amazon,gb,5,New update,"The app in itself is good, but apart from no phone number the sign out has changed and on my device doesn’t seem to work on the first attempt, it just goes into your profile and shows you any reviews, I have to partially close down when I go back my account which is still live leaving my information including phone numbers vulnerable, when I look at the new stupid sign out symbol there has appeared a down arrow, when touched now brings the sign out option, why oh why do companies change things without warning IF IT ALREADY WORKS DON’T CHANGE IT","The app in itself is good, but apart from no phone number the sign out has changed and on my device doesn’t seem to work on the first attempt, it just goes into your profile and shows you any reviews, I have to partially close down when I go back my account which is still live leaving my information including phone numbers vulnerable, when I look at the new stupid sign out symbol there has appeared a down arrow, when touched now brings the sign out option, why oh why do companies change things without warning IF IT ALREADY WORKS DON’T CHANGE IT",Syndo,23.6.0,2024-03-18T16:19:16Z,True,itunes_rss_mostHelpful,False,False
e9f06741eeebd3d601b10748f87e7965ad7968aaa7d8ac5cd4c524fd888f64b5,11051413935,335187483,Amazon,gb,1,Interface app update removing ‘switch accounts’,For multiple accounts users like myself this is nonsense. It used to be possible to switch accounts at a click. This has now been removed abd validated  by customers service chat ( very  helpful people). The only option seems yo be to log on and off abd on again! This development has been made by anybody but a real user. The facility remains on desktop! It’s a terrible mistake with commercial impact (for you). Please explore in depth. This switch accounts need to be back.,For multiple accounts users like myself this is nonsense. It used to be possible to switch accounts at a click. This has now been removed abd validated  by customers service chat ( very  helpful people). The only option seems yo be to log on and off abd on again! This development has been made by anybody but a real user. The facility remains on desktop! It’s a terrible mistake with commercial impact (for you). Please explore in depth. This switch accounts need to be back.,Leandro Herrero,23.6.0,2024-03-16T16:23:04Z,True,itunes_rss_mostHelpful,False,False
6fcc17ad51897a59749e0558c41965e66b875a895515130e192071cfc9df0cf1,11047176370,335187483,Amazon,gb,1,Getting worse,"As well as showing items  only tangentially connected to your search terms, and hiding the free standard delivery options, and for the last year, constant issues trying to sneak in new ticked check boxes stating you agree to sign up to prime, which you have to spot an un tick.

Now will only quote me in USD, rather than GBP, despite that fact I’m registered as UK, using a UK credit card, billed to the same UK delivery address. The location options listed in the “help” pages don’t exist.

Having to go back and only use the website, because at least there I can undo the forced change to USD…","As well as showing items  only tangentially connected to your search terms, and hiding the free standard delivery options, and for the last year, constant issues trying to sneak in new ticked check boxes stating you agree to sign up to prime, which you have to spot an un tick. 

Now will only quote me in USD, rather than GBP, despite that fact I’m registered as UK, using a UK credit card, billed to the same UK delivery address. The location options listed in the “help” pages don’t exist.

Having to go back and only use the website, because at least there I can undo the forced change to USD…",MartiganUK,23.6.0,2024-03-15T14:29:16Z,True,itunes_rss_mostHelpful,False,False
3f75a7063e7068f8ab297b50639407f9b0126e63b6b4637f67b8c7e1186a9bd8,11046068447,335187483,Amazon,gb,1,Why the unnecessary additional choices?,"The app is okay! However, it’s extremely annoying that you search for an item, a plethora of unnecessary items are thrown in there to confuse and distract you. And yes, l have gone to my settings and turned off as many things as possible. Yet nothing seems to have changed. Unfortunately, the app is purposefully designed to be used in this way. But, it’s both excessive and unnecessary! Makes the buying experience cumbersome and unpleasant, hence the one star rating!","The app is okay! However, it’s extremely annoying that you search for an item, a plethora of unnecessary items are thrown in there to confuse and distract you. And yes, l have gone to my settings and turned off as many things as possible. Yet nothing seems to have changed. Unfortunately, the app is purposefully designed to be used in this way. But, it’s both excessive and unnecessary! Makes the buying experience cumbersome and unpleasant, hence the one star rating!",mukomana23,23.6.0,2024-03-15T07:42:47Z,True,itunes_rss_mostHelpful,False,False
40f4900fa30a7c9bdb64486d5a87b87527ec639ea3d28da137809da04380b0c0,10885702675,335187483,Amazon,gb,5,One stop shop,"Usually, I can find what I want at a very reasonable price. I like reading the reviews and find them very helpful. Massive wide range of options, to suit people's needs, which mostly are of a very good quality and delivery of items usually good.
Customer service so far has been helpful when used.","Usually, I can find what I want at a very reasonable price. I like reading the reviews and find them very helpful. Massive wide range of options, to suit people's needs, which mostly are of a very good quality and delivery of items usually good. 
Customer service so far has been helpful when used.",Salim28,23.3.0,2024-01-31T17:13:37Z,True,itunes_rss_mostHelpful,False,False
9d2a951dbb15b71237dcc14ef8ca44060bebdda3b345f4ba16fea29dd8116144,10865923945,335187483,Amazon,gb,1,Denied purchasing,"I have tried to buy 4 items over the last 2 days ie, Lemsip, Lemsip cold and flu capsules, cough syrup and a herbal remedy for sleeping, nytol.  When I put these items in my cart and go to checkout it states that I have purchased my limit for,these products and to delete the items.  I have spoken to customer services who have checked the items and they tell me they are not available/out of stock! Even though it says they are in stock for next day delivery!  Now just minutes before speaking to customer services my husband ordered all but one of them with no problem!  This is unacceptable!!!","I have tried to buy 4 items over the last 2 days ie, Lemsip, Lemsip cold and flu capsules, cough syrup and a herbal remedy for sleeping, nytol.  When I put these items in my cart and go to checkout it states that I have purchased my limit for,these products and to delete the items.  I have spoken to customer services who have checked the items and they tell me they are not available/out of stock! Even though it says they are in stock for next day delivery!  Now just minutes before speaking to customer services my husband ordered all but one of them with no problem!  This is unacceptable!!!",Lggggggg,23.2.0,2024-01-26T11:48:31Z,True,itunes_rss_mostHelpful,False,False
86179c4973d52539ac085677071fad020e109be3c9489b4ad172b2573725aef8,10865578541,335187483,Amazon,gb,2,Why can‘t I do what I want.,"Why do you make it difficult to list according to average customer review? Why can‘t I list in order of average customer review? I want to be able to see what other customers liked and how much they liked it, in order. I’m 100% sure you can do it, and I’m pretty sure you know customers would want to know, so why don’t you make it possible? I can, with some twiddling get a list of average customer review items but I cannot get them in order of best to least preferred. This is deceptive practice.","Why do you make it difficult to list according to average customer review? Why can‘t I list in order of average customer review? I want to be able to see what other customers liked and how much they liked it, in order. I’m 100% sure you can do it, and I’m pretty sure you know customers would want to know, so why don’t you make it possible? I can, with some twiddling get a list of average customer review items but I cannot get them in order of best to least preferred. This is deceptive practice.",Pear lie,23.2.0,2024-01-26T09:46:27Z,True,itunes_rss_mostHelpful,False,False
d53ebe43ac5d22514d16e6da44838219d84e3b25ced0a412a999c0b363a49733,10824535812,335187483,Amazon,gb,3,Getting really frustrating to use in NI,"Frequently getting can’t be delivered to your location which makes it really difficult to find things that can
Always been an issue but because of brexit it’s everywhere
Even on google search when specifying NI it still appears in results and don’t see the message until you open it
If they were going to do anything with the update they should’ve added a new filter to only see items that can be delivered to your address","Frequently getting can’t be delivered to your location which makes it really difficult to find things that can
Always been an issue but because of brexit it’s everywhere
Even on google search when specifying NI it still appears in results and don’t see the message until you open it
If they were going to do anything with the update they should’ve added a new filter to only see items that can be delivered to your address",Lkx23,23.1.0,2024-01-15T11:13:40Z,True,itunes_rss_mostHelpful,False,False
2d15ae572118af509a16ceec2c728ac7984247bc8f7ab586c1d5fe30f1b66b09,10735393039,335187483,Amazon,gb,2,Screen keeps disappearing.,The app is usually ok but on the iPhone I frequently experience the lists going blank and I would have to start a search all over again. It is very frustrating. For example may search for doormats; I may even filter the results. After some minutes of looking at the list (sometimes just a few seconds) the list goes blank leaving just the title bar. I cannot refresh and need to go back and search then filter to get back to where I was. This has been happening for a long time (over a year). I am surprised this hasn’t been picked up before.,The app is usually ok but on the iPhone I frequently experience the lists going blank and I would have to start a search all over again. It is very frustrating. For example may search for doormats; I may even filter the results. After some minutes of looking at the list (sometimes just a few seconds) the list goes blank leaving just the title bar. I cannot refresh and need to go back and search then filter to get back to where I was. This has been happening for a long time (over a year). I am surprised this hasn’t been picked up before.,ECW7691,21.23.0,2023-12-23T13:43:56Z,True,itunes_rss_mostHelpful,False,False
2c82fc163cb2a64c45d7d9f53176c92b07ba9fc4c6aea286e3ab0012dc1eeaf8,10711310406,335187483,Amazon,gb,1,They don’t allow me to unlock my account,"My account got locked because they thought that my account was used by someone else. Let’s first talk about my situation: my account has been locked two times already before this and every time I had to wait for almost a week for them to sort it out, I really don’t like how they just lock your account with no reason and now it’s the third time they locked it. My situation now is that I really need all my orders (furniture) to come ASAP as I just came to my new home and I am also going to another country in a few days for Christmas holidays. So I called customer service, after asking all my details which took like half an hour, they told me to wait 24 hours for their other department to sort this thing out as they don’t have the access to unlock my account and once they’re done they will email me. So since I was nice enough and waited for 24 hours at the same time questioning why do they need 24 hours just to unlock an account which  is basically for them, just to click a few buttons. So now the second day, after 24 hours, actually even more than 24 hours, still haven’t received the email. So I called them again, this time telling them what happened before hoping that eventually they will sort it out. Unfortunately they told me to wait for another 24 hours as their whatever department needs more time to investigate my account, I asked them why can’t you just connect me to that department and after a few buttons clicked my account would be back, they sadly, ended the call, which is really frustrating. I don’t get why they need so long just to unlock someone’s account and I don’t get why it always happens to me, since they never told me a proper reason why it got locked. I am still waiting to unlock my account right now and I hope as you see this review to sort this out as there might be similar situations like me waiting for an answer.","My account got locked because they thought that my account was used by someone else. Let’s first talk about my situation: my account has been locked two times already before this and every time I had to wait for almost a week for them to sort it out, I really don’t like how they just lock your account with no reason and now it’s the third time they locked it. My situation now is that I really need all my orders (furniture) to come ASAP as I just came to my new home and I am also going to another country in a few days for Christmas holidays. So I called customer service, after asking all my details which took like half an hour, they told me to wait 24 hours for their other department to sort this thing out as they don’t have the access to unlock my account and once they’re done they will email me. So since I was nice enough and waited for 24 hours at the same time questioning why do they need 24 hours just to unlock an account which  is basically for them, just to click a few buttons. So now the second day, after 24 hours, actually even more than 24 hours, still haven’t received the email. So I called them again, this time telling them what happened before hoping that eventually they will sort it out. Unfortunately they told me to wait for another 24 hours as their whatever department needs more time to investigate my account, I asked them why can’t you just connect me to that department and after a few buttons clicked my account would be back, they sadly, ended the call, which is really frustrating. I don’t get why they need so long just to unlock someone’s account and I don’t get why it always happens to me, since they never told me a proper reason why it got locked. I am still waiting to unlock my account right now and I hope as you see this review to sort this out as there might be similar situations like me waiting for an answer.",Fcgvbi,,2023-12-18T10:57:08Z,True,web_ssr_helpful,False,False
f60843c0e82ddf845ca782c1abc8aa3e3e5d5f47959ab74196c7c9c4da096285,10676409280,335187483,Amazon,gb,5,Orders still on view,I would just like to say that I am so annoyed that my history on purchased items are not possible to hide or delete! Irrelevant of what I have purchased I still don’t like it being on show why? If I have bought something & it’s paid for & delivered why should it still be there when I purchased it a year ago! Shouldn’t there be another page for this so your purchase history is not in your face all the time. I feel like deleting this account for this.,I would just like to say that I am so annoyed that my history on purchased items are not possible to hide or delete! Irrelevant of what I have purchased I still don’t like it being on show why? If I have bought something & it’s paid for & delivered why should it still be there when I purchased it a year ago! Shouldn’t there be another page for this so your purchase history is not in your face all the time. I feel like deleting this account for this.,The13thdoor,21.23.0,2023-12-09T23:52:51Z,True,itunes_rss_mostHelpful,False,False
ae4e83e75692ce8241b59ef534d379ac0375fba058728b2041f0f64d8e3cd934,10660076594,335187483,Amazon,gb,2,App no longer functions properly,"The only option to speak to customer service that can see your order status is through the app , with live chat. Once you open it the screen just whites out permanently. There’s no web option for this either.

Had some concerning messages from a seller I would like to report but those on the phone won’t deviate from a very tight script and can’t help. Deterred from future purchases","The only option to speak to customer service that can see your order status is through the app , with live chat. Once you open it the screen just whites out permanently. There’s no web option for this either.

Had some concerning messages from a seller I would like to report but those on the phone won’t deviate from a very tight script and can’t help. Deterred from future purchases",sophiea98,21.23.0,2023-12-05T13:25:10Z,True,itunes_rss_mostHelpful,False,False
dbf6d588a48bb4d7056487c16c0d7ff4274df35d583ad987cd942ab9271e8d0f,10587105098,335187483,Amazon,gb,4,Added “next” button,"Why have you added the “next” and “previous “ buttons. As it was before it flowed freely so reviewing/going back to something was so much easier. You HAVE NOT improved this app. UPDATE - still hate the app with the “previous“ & “next” buttons , makes the process of looking through products so much slower","Why have you added the “next” and “previous “ buttons. As it was before it flowed freely so reviewing/going back to something was so much easier. You HAVE NOT improved this app. UPDATE - still hate the app with the “previous“ & “next” buttons , makes the process of looking through products so much slower",Al15on,21.22.0,2023-11-15T05:33:17Z,True,itunes_rss_mostHelpful,False,False
e8899f1446a2f5e547279d27de96d23ef6039858bb8123cfd3502713774fd51c,10584219097,335187483,Amazon,gb,2,Wet parcels,"We have had alot of recent deliveries ‘hidden’  around our driveway in ridiculous places recently, but NO NOTE left through letter box too indicate where. This is most frustrating because I’m disabled and find it very difficult to go hunting for them. Because there are 4 people in the house and with all of us ordering  products and no notes put through the door it causes me all sorts of difficulties. It seems to be one of two extremes ur drivers either leave a parcel directly in front of the door in full view of the street or hidden too well with no note. Can you not please train your delivery personnel  to always carry notes to put through the door to describe where u hav left their parcels PLEASE. I’m tired of finding orders in soaking wet packaging weeks after they should be here. Many thanks.","We have had alot of recent deliveries ‘hidden’  around our driveway in ridiculous places recently, but NO NOTE left through letter box too indicate where. This is most frustrating because I’m disabled and find it very difficult to go hunting for them. Because there are 4 people in the house and with all of us ordering  products and no notes put through the door it causes me all sorts of difficulties. It seems to be one of two extremes ur drivers either leave a parcel directly in front of the door in full view of the street or hidden too well with no note. Can you not please train your delivery personnel  to always carry notes to put through the door to describe where u hav left their parcels PLEASE. I’m tired of finding orders in soaking wet packaging weeks after they should be here. Many thanks.",Damp spirit,21.22.0,2023-11-14T09:28:42Z,True,itunes_rss_mostHelpful,False,False
3bf0cf102cb98cf660cc83a54e103e8f13bd137358b3f18ca2a7876f47d7aadd,10544789230,335187483,Amazon,gb,3,Kindle book can’t be bought and prices no longer shown,I used to be able to compare book prices in all the formats including kindle but now the prices don’t show. It’s driving me mad as my kindle is sooo slow and the shop function on it crashes every few minutes. I also don’t understand why I can’t buy for my kindle from the app. I usually use the kindle app in my iPhone to read as my kindle is so clunky but it’s now becoming so hard to buy only via my kindle that I may just give up on the whole thing.,I used to be able to compare book prices in all the formats including kindle but now the prices don’t show. It’s driving me mad as my kindle is sooo slow and the shop function on it crashes every few minutes. I also don’t understand why I can’t buy for my kindle from the app. I usually use the kindle app in my iPhone to read as my kindle is so clunky but it’s now becoming so hard to buy only via my kindle that I may just give up on the whole thing.,mendocmum,21.21.0,2023-11-03T09:21:03Z,True,itunes_rss_mostHelpful,False,False
9a4d951a90b37aba70f14643da5e05519a4cd4c3ea957ba2f017c8e7cdcba120,10513590770,335187483,Amazon,gb,3,Notifications,"When I get a notification appear on my phone, if I click on it it never takes me to it. For example, I’ve just had a notification that a seller has replied to me, click on it and all it does is take me to the order, can’t find the sellers response anywhere. I can’t stand chatbots as they can’t answer specific questions which leads to so much frustration. Ordering is easy on the app but as soon as you have a problem it’s nigh on impossible to get proper help - I’m sure they make it as difficult as possible on purpose. Bring back human beings for crying out loud!  And make it easy to resolve problems PLEEEEAAAASE!","When I get a notification appear on my phone, if I click on it it never takes me to it. For example, I’ve just had a notification that a seller has replied to me, click on it and all it does is take me to the order, can’t find the sellers response anywhere. I can’t stand chatbots as they can’t answer specific questions which leads to so much frustration. Ordering is easy on the app but as soon as you have a problem it’s nigh on impossible to get proper help - I’m sure they make it as difficult as possible on purpose. Bring back human beings for crying out loud!  And make it easy to resolve problems PLEEEEAAAASE!",Happyandrea,21.20.0,2023-10-25T12:01:07Z,True,itunes_rss_mostHelpful,False,False
53f7590eca1fd0e43d0d5bb26ba63f250246d949b765a06baca043aa560a3fcc,10513107777,335187483,Amazon,gb,5,Still want my refund,"Ordered an item for a split second and cancelled it and rather than giving me a refund I had to wait for a few several days, called them and they just said that I need to put a billing address and call back ( I did that before and after every call) and now I’ve just got to wait but no idea how long as it’s been a week so far","Ordered an item for a split second and cancelled it and rather than giving me a refund I had to wait for a few several days, called them and they just said that I need to put a billing address and call back ( I did that before and after every call) and now I’ve just got to wait but no idea how long as it’s been a week so far",Nickname191738,21.20.0,2023-10-25T08:47:45Z,True,itunes_rss_mostHelpful,False,False
00dde123f9bdcf730fb139553d724ca8c81fd9c1029400cad7a22b730640a291,10459265800,335187483,Amazon,gb,5,"Needs dark mode, and more variety in Fresh","As per the title, please give us a dark mode option. My retinas thank you.
In Fresh, there used to be a really good variety of food options, but this seems to have been reduced. Also, my last few fresh orders have been out of date, missing items, and items I didn’t order. Contact details need to be provided for it.","As per the title, please give us a dark mode option. My retinas thank you. 
In Fresh, there used to be a really good variety of food options, but this seems to have been reduced. Also, my last few fresh orders have been out of date, missing items, and items I didn’t order. Contact details need to be provided for it.",Pixie Sings,21.19.0,2023-10-10T14:00:24Z,True,itunes_rss_mostHelpful,False,False
507f280e087d42b05718d9bc15c3feb5660de418cc96bb582006476a661f83e5,10384460279,335187483,Amazon,gb,4,Great until it randomly changes currency!,"So annoying! I can use it all day week no issues, make no changes to settings and then log in to see all prices in dollars! I’ve not started a vpn in an overseas location so no idea why it does this! Interesting that it happened to my friend also yesterday so I know there must be a problem!

Other than that it’s fine. Except there needs to be a way to cancel all subscriptions at once because doing it one by one is a pita!","So annoying! I can use it all day week no issues, make no changes to settings and then log in to see all prices in dollars! I’ve not started a vpn in an overseas location so no idea why it does this! Interesting that it happened to my friend also yesterday so I know there must be a problem! 

Other than that it’s fine. Except there needs to be a way to cancel all subscriptions at once because doing it one by one is a pita!",~Uzume~,21.18.0,2023-09-19T12:43:32Z,True,itunes_rss_mostHelpful,False,False
580ed9e83ab284cffdd67c54606bfc9e2f4f31ca22204c3ef053d587a3a04f2b,10311853575,335187483,Amazon,gb,3,Number of reviews has disappeared,"In a recent update, the total number of reviews for each item has disappeared. This makes it harder to find the items with the beat ratings across a larger number of reviews (I’d rather buy an item with 4 stars across 1500 reviews than one with 5 stars from 20 reviews).
If you can sort the good items from the junk, and ignore the fake/bought reviews, the platform is good.
But not as good as it was until recently.","In a recent update, the total number of reviews for each item has disappeared. This makes it harder to find the items with the beat ratings across a larger number of reviews (I’d rather buy an item with 4 stars across 1500 reviews than one with 5 stars from 20 reviews).
If you can sort the good items from the junk, and ignore the fake/bought reviews, the platform is good.
But not as good as it was until recently.",Logic778,21.16.2,2023-08-29T12:28:54Z,True,itunes_rss_mostHelpful,False,False
c0944da0625fe4ab23da1226995286cd29565416ecd68d5d17e216aefceca8b8,10291782365,335187483,Amazon,gb,2,No way to communicate with a human!,"Not happy with a delivery left leaning against my front door and not left in my designated safe space. I live on a busy main road - Lots of passers-by and traffic, hence my safe space for delivery. It was marked as handed to resident, which it patently was not and I am unable to find any method for contacting anyone to make them aware (in other words, complain!) All roads lead to an auto bot with specially selected options that are of no use in these circumstances! I understand that delivery drivers have a set number of parcels to deliver in a shift and they don’t have time to hang about but if there is a given alternative for delivery it should be used surely? I’m lucky my parcel was still at my door when I got home. The irony of it all is that my husband was home all day and never heard a knock or a ring at the door, so I can only surmise that the expectations thrust upon the delivery drivers is so onerous that they no longer have time to actually knock on the door and instead just leave the parcel and go. #needsimproving!","Not happy with a delivery left leaning against my front door and not left in my designated safe space. I live on a busy main road - Lots of passers-by and traffic, hence my safe space for delivery. It was marked as handed to resident, which it patently was not and I am unable to find any method for contacting anyone to make them aware (in other words, complain!) All roads lead to an auto bot with specially selected options that are of no use in these circumstances! I understand that delivery drivers have a set number of parcels to deliver in a shift and they don’t have time to hang about but if there is a given alternative for delivery it should be used surely? I’m lucky my parcel was still at my door when I got home. The irony of it all is that my husband was home all day and never heard a knock or a ring at the door, so I can only surmise that the expectations thrust upon the delivery drivers is so onerous that they no longer have time to actually knock on the door and instead just leave the parcel and go. #needsimproving!",GidgetBookworm,,2023-08-23T20:45:55Z,True,web_ssr_helpful,False,False
a927a47e9a2a5f39465595a825bdb4ef4cab5a75d57b8bcc5508450d9edafcac,10289339907,335187483,Amazon,gb,3,New UI/UX update is awful,"With no way to actually contact the developers about this (the link goes to a dead end), I had to leave a review.

The update that removed information on number of reviews and the star rating, changing it to “__% 5-star” is beyond frustrating. I’m more interested in the amount of reviews that a product has, not that it’s 100% 5-star from like, 3 reviews. Showing a percentage of a star system is ridiculous anyway, it makes no sense from a UX perspective. Was this even A/B tested?

You have to tap in to each product before seeing the number of reviews. It’s a bad system and defeats the point of quickly scrolling results.","With no way to actually contact the developers about this (the link goes to a dead end), I had to leave a review. 

The update that removed information on number of reviews and the star rating, changing it to “__% 5-star” is beyond frustrating. I’m more interested in the amount of reviews that a product has, not that it’s 100% 5-star from like, 3 reviews. Showing a percentage of a star system is ridiculous anyway, it makes no sense from a UX perspective. Was this even A/B tested?

You have to tap in to each product before seeing the number of reviews. It’s a bad system and defeats the point of quickly scrolling results.",Blur_Seas,21.16.0,2023-08-23T05:27:28Z,True,itunes_rss_mostHelpful,False,False
363fb2e81761e6d7d606b386e5705a3f4855125d211624941c365cd4acc3adde,10215769118,335187483,Amazon,gb,1,Customer questions....,"Why have you hidden the customer Q/A? The search function is infuriating on its own.  Im not disabled but I can imagine for those that have difficulty typing or even spelling, may struggle to find a question/answer relevant to them.  Also,  other customers may have asked a question I didn't think of at the time.....If i didn't think of it,  how will I know what to search for?

And how in the world is another customer going to answer a question if they have to search for a specific one to answer!!!!!!!!","Why have you hidden the customer Q/A? The search function is infuriating on its own.  Im not disabled but I can imagine for those that have difficulty typing or even spelling, may struggle to find a question/answer relevant to them.  Also,  other customers may have asked a question I didn't think of at the time.....If i didn't think of it,  how will I know what to search for? 

And how in the world is another customer going to answer a question if they have to search for a specific one to answer!!!!!!!!",matty r,21.13.0,2023-08-03T17:05:22Z,True,itunes_rss_mostHelpful,False,False
f3f0bb3e7ef93c24eb4b7a00945d92f025181eddfa97fe9f1fff02ea3cfbd65e,10214309509,335187483,Amazon,gb,5,Smart watch,"My name is subhan and I am going to tell you about the smart watch I’ve ordered it’s really good counts the calories I have and the amount of steps I have taken per day and 100 sport mode which is brilliant and a little game on it, So every time I get a bored, I can just play it.","My name is subhan and I am going to tell you about the smart watch I’ve ordered it’s really good counts the calories I have and the amount of steps I have taken per day and 100 sport mode which is brilliant and a little game on it, So every time I get a bored, I can just play it.",Subby7861,21.13.0,2023-08-03T09:06:16Z,True,itunes_rss_mostHelpful,False,False
2222340ad3d4ace5a44abbb3af24869906a8f6030496ebafba47ef08ff5c2076,10180285043,335187483,Amazon,gb,1,Deliveries are nightmare,"It's consistently says Delivered, but it's a lie, item is not delivered. Even status tracker some times shows it's somewhere else, but not delivered yet, but status says Delivered. So annoying. And it's never being fixed! Some times status says Delivered, and tracking updates says Delivered, but item have not reached end customer. And then in next day delivery comes.. so bad. So unreliable. If I know I wont get as they promise, I would go to local shop, but they lie that it will be delivered, just to take money from their customer.

Can not purchase goods on my iPad, it says to go and use other devices or browser. How ridiculous is that?! Expensive powerful iPad, almost a computer, apps work same as on iPhone, and I can't execute purchase.
Guess what my next actions.. go different store, and buy there.. why bother supporting such nonsense. Plus benefits will be greater.. better price, instant product received, no hassle to deal with constantly lost or stolen deliveries by drivers.","It's consistently says Delivered, but it's a lie, item is not delivered. Even status tracker some times shows it's somewhere else, but not delivered yet, but status says Delivered. So annoying. And it's never being fixed! Some times status says Delivered, and tracking updates says Delivered, but item have not reached end customer. And then in next day delivery comes.. so bad. So unreliable. If I know I wont get as they promise, I would go to local shop, but they lie that it will be delivered, just to take money from their customer.

Can not purchase goods on my iPad, it says to go and use other devices or browser. How ridiculous is that?! Expensive powerful iPad, almost a computer, apps work same as on iPhone, and I can't execute purchase.
Guess what my next actions.. go different store, and buy there.. why bother supporting such nonsense. Plus benefits will be greater.. better price, instant product received, no hassle to deal with constantly lost or stolen deliveries by drivers.",Jonauz,21.13.0,2023-07-25T13:39:52Z,True,itunes_rss_mostHelpful,False,False
59c9426b7ad9ebc5dd850faa8aeba6f87145046be3d9cd0ba05da58d22463ac4,10132868586,335187483,Amazon,gb,3,Great app but one issue,"Overall it’s a great app always smooth and works perfectly with one recent issue.
When opening pictures submitted by other users of purchased products the screen goes white and there’s nothing you can do but close the app and start again.

There’s a lot to say about what is actually done very well about this app, 99% is great, unfortunately this is the only place a user can submit feedback on app issues.","Overall it’s a great app always smooth and works perfectly with one recent issue. 
When opening pictures submitted by other users of purchased products the screen goes white and there’s nothing you can do but close the app and start again. 

There’s a lot to say about what is actually done very well about this app, 99% is great, unfortunately this is the only place a user can submit feedback on app issues.",PaulJayMusik,21.13.0,2023-07-12T17:57:34Z,True,itunes_rss_mostHelpful,False,False
8bba7d656e9cb60fdaf5cc2b9053db22c38cffe547748b4cc21ed805737bb761,10111226821,335187483,Amazon,gb,1,Trickery,"Went online to make a purchase was told I would get £10 off if I downloaded and made the purchase through the app, I followed the instructions then was moved to a stupid page of “complete a treasure hunt to get £10 off your order” in this they made you do 3 stupid things and want you to use services that aren’t worth the time.. save yourself the hassle of having yet another stupid pointless app on your device stick to their online site.","Went online to make a purchase was told I would get £10 off if I downloaded and made the purchase through the app, I followed the instructions then was moved to a stupid page of “complete a treasure hunt to get £10 off your order” in this they made you do 3 stupid things and want you to use services that aren’t worth the time.. save yourself the hassle of having yet another stupid pointless app on your device stick to their online site.",HtoAtoPtoPtoY,21.13.0,2023-07-06T19:52:34Z,True,itunes_rss_mostHelpful,False,False
2997722ffae2ac944db8ab35a330d335a042d2cd9b4838dd734f15df059262d8,10100707774,335187483,Amazon,gb,3,Okay,"The app is a great app to use to find exactly what your looking for but I do raise a few concerns. When I access the app, nothing loads. It's just a white screen with the search bar at the top, it just loads and loads and loads and doesn't let me browse. It only lets me do this through the google browser which isn't what I want. This has been happening for a while now and I'm not able to look at products on my phone.","The app is a great app to use to find exactly what your looking for but I do raise a few concerns. When I access the app, nothing loads. It's just a white screen with the search bar at the top, it just loads and loads and loads and doesn't let me browse. It only lets me do this through the google browser which isn't what I want. This has been happening for a while now and I'm not able to look at products on my phone.",chloe 😙😙,21.13.0,2023-07-03T20:58:53Z,True,itunes_rss_mostHelpful,False,False
efdd86b0e023559b2bd19e7e65709c01b1ce2a7f1ec118aedd2379db539da14e,10089392048,335187483,Amazon,gb,4,"I did a silly mistake, (eBay is still cheaper for the same products)","Did have a issue with it “deleting” my lists, turns out I was the silly one, my lists were set on the UK setting so when it accidentally got changed to US I couldn’t see my lists for UK but after changing it back it works fine again. Although still eBay is cheaper for the same products with free shipping and Etsy is just better for supporting small businesses and suppressing cheaper sometimes.","Did have a issue with it “deleting” my lists, turns out I was the silly one, my lists were set on the UK setting so when it accidentally got changed to US I couldn’t see my lists for UK but after changing it back it works fine again. Although still eBay is cheaper for the same products with free shipping and Etsy is just better for supporting small businesses and suppressing cheaper sometimes.",Its The Nicky,21.13.0,2023-06-30T17:13:40Z,True,itunes_rss_mostHelpful,False,False
d16ba9f1993cc08b19b7737867bed1fe0cd448bd55c60f7509cb870354d05507,10067236390,335187483,Amazon,gb,3,No fingerprint ID to unlock app,"You can open the app and shop with only a couple of clicks, however If one of my kids gets the phone and decide to buy something without my permission, there’s nothing to prevent them from doing so. I think that all these apps that store your credit card details should have a second layer of security.","You can open the app and shop with only a couple of clicks, however If one of my kids gets the phone and decide to buy something without my permission, there’s nothing to prevent them from doing so. I think that all these apps that store your credit card details should have a second layer of security.",Dedis42,21.11.0,2023-06-24T11:10:41Z,True,itunes_rss_mostHelpful,False,False
d1d784c7546a3cab9eb3f1d8faa37b83eb4551a82f4868b3d55b5a4a52d685e1,10004893313,335187483,Amazon,gb,3,Glitchy,Difficult to navigate screen judder getting recommendations while actually looking at items which have nothing to do with what you are looking for. iPhone 14pro with latest os. Have to go trough multiple menus to find ie customer service ect. Pages can freeze which is frequent. App is three stars! To be honest if it wasn’t for prime tv and delivery i would not be renewing my subscription.,Difficult to navigate screen judder getting recommendations while actually looking at items which have nothing to do with what you are looking for. iPhone 14pro with latest os. Have to go trough multiple menus to find ie customer service ect. Pages can freeze which is frequent. App is three stars! To be honest if it wasn’t for prime tv and delivery i would not be renewing my subscription.,AlanC u later,21.11.0,2023-06-06T11:34:50Z,True,itunes_rss_mostHelpful,False,False
abdf848ef30cc3c00e5c996ddd1605fef39ecb1ce6c12a2e18c99b8df6e776df,9965006151,335187483,Amazon,gb,1,Account hacked and no support,"My account was hacked and the email and phone number associated was changed so I could not access the account.
I called through to amazons support team to try to get them to block the account and they  wouldn’t help me at all (despite it only being minutes after) because although I knew the hackers email and I could confirm all the details on the account because I didn’t have the phone number that the hacker added to the account they couldn’t help me or even block my account.
I tried going round and round with them but they were not willing to help at all and now the hacker has my address, phone number, email and card details meaning I have had to change all my passwords everywhere and completely cancel my card because they started to make purchases.
Poor support from such a big company, you would expect them to have some idea of how to help a customer when they have been hacked and to be able to block the account rather than having zero support and allowing the hacker to have access to all of your personal information.","My account was hacked and the email and phone number associated was changed so I could not access the account.
I called through to amazons support team to try to get them to block the account and they  wouldn’t help me at all (despite it only being minutes after) because although I knew the hackers email and I could confirm all the details on the account because I didn’t have the phone number that the hacker added to the account they couldn’t help me or even block my account. 
I tried going round and round with them but they were not willing to help at all and now the hacker has my address, phone number, email and card details meaning I have had to change all my passwords everywhere and completely cancel my card because they started to make purchases. 
Poor support from such a big company, you would expect them to have some idea of how to help a customer when they have been hacked and to be able to block the account rather than having zero support and allowing the hacker to have access to all of your personal information.",Maksim :),,2023-05-25T20:36:08Z,True,web_ssr_helpful,False,False
142820d3dc4fbbe667efff380378607fd7e7dff7cb52b25a1e3416aad2be6f5b,9957580790,335187483,Amazon,gb,5,Great app,Excellent app. Only issue I have is when you open the app while playing music or a podcast. It momentarily stop playing. Possibly because the app runs video adverts and your unable to stop them from running in the background,Excellent app. Only issue I have is when you open the app while playing music or a podcast. It momentarily stop playing. Possibly because the app runs video adverts and your unable to stop them from running in the background,RobTrav,21.10.0,2023-05-23T16:01:39Z,True,itunes_rss_mostHelpful,False,False
3eadba8f827dd57b23a7e37675a6f03836fceb00a98f2a21344a38eeb947097f,9816747614,335187483,Amazon,gb,5,Review,"Yes a boring  review but I’ll promise to be brief, your comment section is quite informative even if it’s mostly about people’s pessimism which I’m sure you are doing your best to avoid it getting worse.
I personally think your website has a lot of good points and it’s hard to find in today’s climate, especially since the economics of daily living, are pretty much on the increase
on average every day or so, with that being said; the shopper has very little time and quite frankly no patience.
So just keep doing your best and everyone who shops at your store will appreciate these difficulties that we are all experiencing. 😀","Yes a boring  review but I’ll promise to be brief, your comment section is quite informative even if it’s mostly about people’s pessimism which I’m sure you are doing your best to avoid it getting worse. 
I personally think your website has a lot of good points and it’s hard to find in today’s climate, especially since the economics of daily living, are pretty much on the increase
on average every day or so, with that being said; the shopper has very little time and quite frankly no patience. 
So just keep doing your best and everyone who shops at your store will appreciate these difficulties that we are all experiencing. 😀",Rred22Rred,21.7.0,2023-04-13T09:36:45Z,True,itunes_rss_mostHelpful,False,False
b863a8379057e3f95fc6839d715d93acb18482d2ee487606c4d505407a149fc2,9809602817,335187483,Amazon,gb,1,Totally inconvenient - liars run customer service,"Fails on every level Misleading adverts (they refuse to correct or show any concern about it at all) Takes a week to despatch a product (direct from seller - next day) Broken product received Returns process convoluted and difficult to navigate. Endless Lies about collection and collection attempts EVERY SINGLE REPRESENTATIVE LIES THROUGH THEIR TEETH!! 4 weeks in and I still have a misadvertised, broken tv and no refund. ‘Next day collection’ : translation 2 days of lying about a phantom collection, then booking collection in 7 days (product ordered early March….still not collected DO NOT USE THIS APP, OR THIS CRIMINAL ENTERPRISE","Fails on every level Misleading adverts (they refuse to correct or show any concern about it at all) Takes a week to despatch a product (direct from seller - next day) Broken product received Returns process convoluted and difficult to navigate. Endless Lies about collection and collection attempts EVERY SINGLE REPRESENTATIVE LIES THROUGH THEIR TEETH!! 4 weeks in and I still have a misadvertised, broken tv and no refund. ‘Next day collection’ : translation 2 days of lying about a phantom collection, then booking collection in 7 days (product ordered early March….still not collected DO NOT USE THIS APP, OR THIS CRIMINAL ENTERPRISE",Dufeybear,21.7.0,2023-04-11T08:17:30Z,True,itunes_rss_mostHelpful,False,False
189926590488c8dc5923834c8d3db687176bb2868a4c19dcf18f0e927eb09346,9763677992,335187483,Amazon,gb,4,Please add a free text box for delivery instructions,"None of your delivery instructions options of where to leave a package fit my property. There is no option for to leave in the storage box at the side of the house. Please, please can you add a free text box that gives the driver clear and prominent instructions what to do if we are not in? I have lost count of the times my packages have been left on the doorstep and in the rain because there is no option to tell them that there is a large Keter storage box 1 metre away! I have contacted customer service about this so many times, but it keeps happening. A simple free text box would make for many more happy customers. Thanks.","None of your delivery instructions options of where to leave a package fit my property. There is no option for to leave in the storage box at the side of the house. Please, please can you add a free text box that gives the driver clear and prominent instructions what to do if we are not in? I have lost count of the times my packages have been left on the doorstep and in the rain because there is no option to tell them that there is a large Keter storage box 1 metre away! I have contacted customer service about this so many times, but it keeps happening. A simple free text box would make for many more happy customers. Thanks.",wpuk5,21.6.2,2023-03-29T08:25:25Z,True,itunes_rss_mostHelpful,False,False
01e38b7f1d750bb2ab4399b43cd3bd39dce4822e36d42c9f3df3cf0e7c72b64a,9760583094,335187483,Amazon,gb,1,Useless customer service,"My account was hacked, and I have contacted the support team 5 times with no outcome! Each time I get told the account specialists need to review it, then get sent the same generic email asking me to log in and follow the steps when I’ve told them multiple time that I cannot because when I log in, the only option is to switch countries as I’m assuming the hackers were abroad, after 4 days and 5 calls, I am still no closer to getting the issue resolved and the foreign call centres are as good as useless!","My account was hacked, and I have contacted the support team 5 times with no outcome! Each time I get told the account specialists need to review it, then get sent the same generic email asking me to log in and follow the steps when I’ve told them multiple time that I cannot because when I log in, the only option is to switch countries as I’m assuming the hackers were abroad, after 4 days and 5 calls, I am still no closer to getting the issue resolved and the foreign call centres are as good as useless!",Huntsteiger,21.6.2,2023-03-28T11:13:23Z,True,itunes_rss_mostHelpful,False,False
8a85029b68f9451554fb4975299464b9d7f87542d8c2b08c9b94203896012c4f,9708322303,335187483,Amazon,gb,2,Is this the best you can do?,"For one of the the biggest companies in the world, this app ought to be better than this. Still no Dark mode for iPhone after a year or more of this feature being around. Every time I open the app whilst in my car, it disrupts the audio connection with CarPlay and suddenly boost the volume massively. My all time pet hate is this, I want my wish list to be accessible with the press of one single tap, whereas at the moment, you have to press 3 options to get there. It’s just annoying and should be better than this.","For one of the the biggest companies in the world, this app ought to be better than this. Still no Dark mode for iPhone after a year or more of this feature being around. Every time I open the app whilst in my car, it disrupts the audio connection with CarPlay and suddenly boost the volume massively. My all time pet hate is this, I want my wish list to be accessible with the press of one single tap, whereas at the moment, you have to press 3 options to get there. It’s just annoying and should be better than this.",Boomjunkie,21.5.0,2023-03-13T07:54:20Z,True,itunes_rss_mostHelpful,False,False
f50a5a4f2c11c7a141416061a2ac241005b6db765f4f45db28306ffd003e9c5e,9669396575,335187483,Amazon,gb,2,Five for buying stuff… but your chat is apalling,"Fine to buy things, but if something goes wrong, not a chance they’ll fix it without you waiting a week after your ‘next day’ delivery that you pay for is missed.

Trying to get help through the chat bot is terrible. All the dead ends are met with faux-cheery ‘I’m all set thanks’, when what I actually want to say is ‘this did not give me the answers I am looking for’","Fine to buy things, but if something goes wrong, not a chance they’ll fix it without you waiting a week after your ‘next day’ delivery that you pay for is missed. 

Trying to get help through the chat bot is terrible. All the dead ends are met with faux-cheery ‘I’m all set thanks’, when what I actually want to say is ‘this did not give me the answers I am looking for’",SteelBearman,21.4.0,2023-03-01T22:54:30Z,True,itunes_rss_mostHelpful,False,False
2f07503305babb8916b1fbd86bb4164bbeacf6c9b3b5ff2e584b14dc934620ce,9635357616,335187483,Amazon,gb,1,Delivery is appalling!,"I wrote a huge review only to get deleted so I will summarise quickly. I appreciate all the fake reviews will prevent his from being seen.
Deliveries never arrive when they say they will.
Delivery days change very short notice.
Delivery preferences aren’t looked at.
Having don’t deliver at weekends is ignored.
Packages are left unattended on the street.
They do not knock or use the bell!
My latest order and reason I will never use them again…I was told they would deliver Sunday, I contacted support and told them I wasn’t around then and that my preferences say don’t deliver weekends. I was then told the delivery would be Monday, Sunday afternoon I had a phone call from an angry delivery man asking where I was. I explained I had spoke to support and that it would need to be rearranged. He said ok. I was then notified that my order had been cancelled, on contacting support I was told my order was damaged and returned (his was a lie) and that I’d be refunded (currently on,y showing half full amount). 2 hours later local pub phoned me saying my package had been found in a bin in their car park. I phoned support I was told I refused the package (lie) and that I’d be refunded for some of the order and told the rest of the package would arrive Monday. Half an hour later my order was totally cancelled, on contacting support I was accused of all sorts and all the while he driver got off free without punishment and unphased by what had happened.
I am one person in millions to them so they do not care one bit. It’s appalling, felt really let down. I will never use them again you can be sure of that! Overrated expensive company anyway! No longer convenient!!","I wrote a huge review only to get deleted so I will summarise quickly. I appreciate all the fake reviews will prevent his from being seen.
Deliveries never arrive when they say they will.
Delivery days change very short notice.
Delivery preferences aren’t looked at.
Having don’t deliver at weekends is ignored.
Packages are left unattended on the street.
They do not knock or use the bell!
My latest order and reason I will never use them again…I was told they would deliver Sunday, I contacted support and told them I wasn’t around then and that my preferences say don’t deliver weekends. I was then told the delivery would be Monday, Sunday afternoon I had a phone call from an angry delivery man asking where I was. I explained I had spoke to support and that it would need to be rearranged. He said ok. I was then notified that my order had been cancelled, on contacting support I was told my order was damaged and returned (his was a lie) and that I’d be refunded (currently on,y showing half full amount). 2 hours later local pub phoned me saying my package had been found in a bin in their car park. I phoned support I was told I refused the package (lie) and that I’d be refunded for some of the order and told the rest of the package would arrive Monday. Half an hour later my order was totally cancelled, on contacting support I was accused of all sorts and all the while he driver got off free without punishment and unphased by what had happened.
I am one person in millions to them so they do not care one bit. It’s appalling, felt really let down. I will never use them again you can be sure of that! Overrated expensive company anyway! No longer convenient!!",Rosco1221,21.2.2,2023-02-19T23:14:25Z,True,itunes_rss_mostHelpful,False,False
e88718ce656469f931450dcfefb0f71e2b1ca251bf72f840cfff77d5c7436a7b,9629375007,335187483,Amazon,gb,4,Missing feature,"I can download invoices in the app, but the lack of a “share” button stops me doing anything other than looking at them - feels like an obvious omission and hopefully an easy one to fix?  (I was hoping to provide feedback in the app, but that’s the other thing I can’t work out how to do, hence the App Store review!)","I can download invoices in the app, but the lack of a “share” button stops me doing anything other than looking at them - feels like an obvious omission and hopefully an easy one to fix?  (I was hoping to provide feedback in the app, but that’s the other thing I can’t work out how to do, hence the App Store review!)",-Iain-,21.2.2,2023-02-18T07:23:58Z,True,itunes_rss_mostHelpful,False,False
0c46713250a13434c9fc087a9b7739208839bba49e163017ae5f6abcc6f1de1b,9589078813,335187483,Amazon,gb,2,Defaults to NON PRIME delivery,"I tried to order 2 items that were needed urgently but when I paid for them I noticed that the delivery would be in FIVE days time, despite each item stating it was on Prime and would be delivered next day.
However much I tried it wouldn’t give me next day delivery so I’m the end I had to cancel everything and order on my laptop.
Not good enough when we’re paying a subscription for Prime.","I tried to order 2 items that were needed urgently but when I paid for them I noticed that the delivery would be in FIVE days time, despite each item stating it was on Prime and would be delivered next day. 
However much I tried it wouldn’t give me next day delivery so I’m the end I had to cancel everything and order on my laptop. 
Not good enough when we’re paying a subscription for Prime.",Yorkiegirl56,21.2.0,2023-02-06T10:38:37Z,True,itunes_rss_mostHelpful,False,False
73bbb554247f8254aefa618f7738f7bc24f323e876b03fdb2aad6388fd006cef,9549458181,335187483,Amazon,gb,5,Order of a an e book or kindel,"I have tried ordering this book several times and your system won’t accept it. Perhaps it has something to do with the fact that I am now using a debit card and no longer a credit card. Otherwise nothing has changed except your non acceptance of my order, for which I don’t know the reason. I would be interested to know why?  The book is called Mistletoe and mince pies and I wanted it downloaded to my Kindsl, my second Kendal bought by my husband Nigel Buckley
Thank you
Wendyera","I have tried ordering this book several times and your system won’t accept it. Perhaps it has something to do with the fact that I am now using a debit card and no longer a credit card. Otherwise nothing has changed except your non acceptance of my order, for which I don’t know the reason. I would be interested to know why?  The book is called Mistletoe and mince pies and I wanted it downloaded to my Kindsl, my second Kendal bought by my husband Nigel Buckley
Thank you
Wendyera",wendyera,21.2.0,2023-01-26T14:03:57Z,True,itunes_rss_mostHelpful,False,False
a626b76619eb42338293e24eed72d45caf55aebfc095c0d2e9e5940dd16e0b45,9509427079,335187483,Amazon,gb,4,Love this app!,"There are a lot of things to like about this app, such as the wide variety of products available on it and the prices. However, there is one feature that I feel it is missing. One feature that I think it would benefit from is a description feature, where you can write your own description underneath a product in your Wishlist. If you could add this, I would definitely rate this app 5 stars as this is the only thing it’s lacking.","There are a lot of things to like about this app, such as the wide variety of products available on it and the prices. However, there is one feature that I feel it is missing. One feature that I think it would benefit from is a description feature, where you can write your own description underneath a product in your Wishlist. If you could add this, I would definitely rate this app 5 stars as this is the only thing it’s lacking.",sarahxbts,21.1.2,2023-01-15T08:23:34Z,True,itunes_rss_mostHelpful,False,False
5edff4bb93373b0d0f4712e829d4680e74afde610f0e88f9753fe4af1fe5cf29,9482643664,335187483,Amazon,gb,2,"Cluttered, buggy, searches hang","This has been a mediocre app for a while, with a lazy, cluttered interface not at all optimised for mobile. But lately it’s become extremely slow and buggy too - on an iPhone 14 Pro, so there’s no excuse. Searches often seem to hang, which is really annoying, and it’s just generally a really lazy, outdated app these days. Spend a bit of money on the dev team and let them redesign it so that it’s fit for purpose.","This has been a mediocre app for a while, with a lazy, cluttered interface not at all optimised for mobile. But lately it’s become extremely slow and buggy too - on an iPhone 14 Pro, so there’s no excuse. Searches often seem to hang, which is really annoying, and it’s just generally a really lazy, outdated app these days. Spend a bit of money on the dev team and let them redesign it so that it’s fit for purpose.",D. Adams,19.22.2,2023-01-07T20:24:08Z,True,itunes_rss_mostHelpful,False,False
ef83eae12bd8bdd70fe71893ed5d3537e3aab765ca878e09a59319da383550d5,9472769221,335187483,Amazon,gb,2,Switch region function isn’t working,"The feedback email box is so full that no more emails can be sent through for the customer service in the Chinese region, which got me here at the fist place. This version of the APP doesn’t seem to let me switch shopping region from China to others. That’s saying once the app is switch to China, I’ll have to delete the app and re-download it just to sign in like UK or USA region, which is extremely annoying. I’m hoping for an improvement here.","The feedback email box is so full that no more emails can be sent through for the customer service in the Chinese region, which got me here at the fist place. This version of the APP doesn’t seem to let me switch shopping region from China to others. That’s saying once the app is switch to China, I’ll have to delete the app and re-download it just to sign in like UK or USA region, which is extremely annoying. I’m hoping for an improvement here.",380497547,19.22.2,2023-01-05T04:40:30Z,True,itunes_rss_mostHelpful,False,False
892094dc8eb5b891f53a7c23a7adcf9f31e0e7c9f594e8db1422c528d9da4554,9402044382,335187483,Amazon,gb,2,Problem since last update,"Have been using this app for years on iPhone and iPad. Never a real problem until now.
However recently getting a problem on iPad. Every time I select any item from a search list, it takes me to the purchase page and covers it with a grey mask. I can still scroll the page but viewing is rubbish. A small X exists on the mask but does nothing.","Have been using this app for years on iPhone and iPad. Never a real problem until now. 
However recently getting a problem on iPad. Every time I select any item from a search list, it takes me to the purchase page and covers it with a grey mask. I can still scroll the page but viewing is rubbish. A small X exists on the mask but does nothing.",Yogib32,19.22.2,2022-12-16T11:51:39Z,True,itunes_rss_mostHelpful,False,False
46619e4df47b3445c211359cbed98772766e89d008e358a0ca48bfee3939c9a4,9371758385,335187483,Amazon,gb,1,U pay next day delivery premium extra,"So sad, u charge next day premium charge extra and u just fail to deliver it and wash ur hands saying, we will refund u if we donot deliver a day after , is not justified.. if u can only deliver 2 days after, even after taking next day delivery charges is not ok.. it’s fraud! N u think it’s ok to give refunds by cancelling order. You are taking extra charges for 1 day delivery and u deliver after 2 days (after taking extra money) and offering to cancel order, it’s fraudulent! Or it should be like , u should refund the one day delivery charge , not asking customer to cancel all order and give full refund!! It’s fraud","So sad, u charge next day premium charge extra and u just fail to deliver it and wash ur hands saying, we will refund u if we donot deliver a day after , is not justified.. if u can only deliver 2 days after, even after taking next day delivery charges is not ok.. it’s fraud! N u think it’s ok to give refunds by cancelling order. You are taking extra charges for 1 day delivery and u deliver after 2 days (after taking extra money) and offering to cancel order, it’s fraudulent! Or it should be like , u should refund the one day delivery charge , not asking customer to cancel all order and give full refund!! It’s fraud",Ramachandran reddy,19.22.2,2022-12-07T21:39:47Z,True,itunes_rss_mostHelpful,False,False
8888cf4449a5417780f3de2e04abca238465096d3a478adc77568d7a7452417c,9341364906,335187483,Amazon,gb,1,Lost their way,Used to be great but their greed has meant they don’t care about service. As usual with companies today you can’t speak to anyone when you have problems and they send you sms about products that you have zero interest in and can’t seem to turn off but when your order doesn’t arrive you don’t hear a thing! And can’t remember when last I got a next day delivery which was the selling point of Prime. I guess you’ll have to pay extra for that nowadays on top of Prime membership.,Used to be great but their greed has meant they don’t care about service. As usual with companies today you can’t speak to anyone when you have problems and they send you sms about products that you have zero interest in and can’t seem to turn off but when your order doesn’t arrive you don’t hear a thing! And can’t remember when last I got a next day delivery which was the selling point of Prime. I guess you’ll have to pay extra for that nowadays on top of Prime membership.,JustJ12367,19.22.0,2022-11-29T10:39:14Z,True,itunes_rss_mostHelpful,False,False
a5ea345ffce930463c81cc990196f1e1aac83bfaac7d4cec2610a9b3fef91380,9324157769,335187483,Amazon,gb,1,All prime products appear in the search results,I noticed when searching for swim wear 99% of the listings appeared in the search results were all prime products which then encourages me to sign up for prime. Also I don’t think I was getting a better deal because it only showed me listings with prime and therefore hiding all other sellers selling the same product. I didn’t have the option to select which seller I wanted to purchase from or whether it was the best deal. At the end I deleted the app.,I noticed when searching for swim wear 99% of the listings appeared in the search results were all prime products which then encourages me to sign up for prime. Also I don’t think I was getting a better deal because it only showed me listings with prime and therefore hiding all other sellers selling the same product. I didn’t have the option to select which seller I wanted to purchase from or whether it was the best deal. At the end I deleted the app.,M44k11,19.22.0,2022-11-24T15:28:19Z,True,itunes_rss_mostHelpful,False,False
bbfc76c86d55608ec7f10cb4ddfefba3e18ca1ac43353a6d8ee6b9c3f0bfc720,9318527263,335187483,Amazon,gb,1,Put me off for life,I’m never ever using this ever again in my life I used to always order then sometimes needed to return then got told we have not yet received you return spoke to them oh you will have to wait 60 days absolutely brilliant then got a refund the sand we haven’t yet received this and they are charging back?!!!! Personally what a scam now everything I order don’t get delivered I generally hate this all I find it disgusting the way they get away with this crafty stuff I will defo be closing all my accounts and never using worst online shopping experience I have,I’m never ever using this ever again in my life I used to always order then sometimes needed to return then got told we have not yet received you return spoke to them oh you will have to wait 60 days absolutely brilliant then got a refund the sand we haven’t yet received this and they are charging back?!!!! Personally what a scam now everything I order don’t get delivered I generally hate this all I find it disgusting the way they get away with this crafty stuff I will defo be closing all my accounts and never using worst online shopping experience I have,Yt_Noodle7117,19.22.0,2022-11-23T00:45:46Z,True,itunes_rss_mostHelpful,False,False
c989582a75336935ecc5392e178b172f6a747f733b974bbf02817a7ee3c67ae3,9291013113,335187483,Amazon,gb,3,Search bar bug/glitch,The website and general user friendly interface are great however I’ve recently (last 1/2 weeks) had a search bar bug on the app were there’s an error message that is half cropped off the screen. I was hoping this update would fix this but it has not as this makes using the app abit annoying.,The website and general user friendly interface are great however I’ve recently (last 1/2 weeks) had a search bar bug on the app were there’s an error message that is half cropped off the screen. I was hoping this update would fix this but it has not as this makes using the app abit annoying.,-inds,19.22.0,2022-11-15T04:56:47Z,True,itunes_rss_mostHelpful,False,False
5a65b63399f88b0933dc2f85d70654f28ef187b0c5f000c08617d401d3392dc2,9273962354,335187483,Amazon,gb,4,Notifications,"Can we please stop with the notifications. I want to turn it on to get updates on my orders, but you can’t tune which notifications you get. So it’s basically sending ads straight to you notification center. It’s either on or off. I don’t want ads, I just want to know when I’ll get my parcel.","Can we please stop with the notifications. I want to turn it on to get updates on my orders, but you can’t tune which notifications you get. So it’s basically sending ads straight to you notification center. It’s either on or off. I don’t want ads, I just want to know when I’ll get my parcel.",roastfrog,19.21.0,2022-11-10T07:58:19Z,True,itunes_rss_mostHelpful,False,False
75c49210c0ec9af917b719fd1d790752e20d52db18972d348c7a3fec553e0a8a,9227853483,335187483,Amazon,gb,3,Would have been 5 but…,"The x-ray feature is really cool. It’s very helpful because I have trouble remembering characters names. The video quality is good. That’s not the issue. The most irritating bit is the fact that if I rewind anything even by a little bit, the video quality ends up being very pixelated and then completely freezes, bar the audio, with a little message at the bottom telling me it will resume when I have better connection. This has nothing to do with my internet, seeing as all 3 bars are full, so it seems to be a bug on your end. It happens every time, and it never used to do that.","The x-ray feature is really cool. It’s very helpful because I have trouble remembering characters names. The video quality is good. That’s not the issue. The most irritating bit is the fact that if I rewind anything even by a little bit, the video quality ends up being very pixelated and then completely freezes, bar the audio, with a little message at the bottom telling me it will resume when I have better connection. This has nothing to do with my internet, seeing as all 3 bars are full, so it seems to be a bug on your end. It happens every time, and it never used to do that.",thewaryteabag,19.20.0,2022-10-27T17:51:41Z,True,itunes_rss_mostHelpful,False,False
8363bb92c0862f9cfd38a8f2b9f6a754e0a1c97074cb368d30e2eb8112468b98,9227555899,335187483,Amazon,gb,1,Certain function in app doesn’t work from an iPhone,"When in the app on an iPhone, you cannot save, print, etc, downloaded invoices. There is no enablement anywhere on the page or in the app’s tool bar to be able to do this. All you can do is take a screenshot, which is of no use to me because I want to save the invoice to Files as a PDF document. You can only do this on the website but you cannot access the website separately without it defaulting immediately to the app. This is extremely annoying and I have to keep deleting the app every time I want to save one of my order invoices, before re-installing it again! Sort it out one way or another please!","When in the app on an iPhone, you cannot save, print, etc, downloaded invoices. There is no enablement anywhere on the page or in the app’s tool bar to be able to do this. All you can do is take a screenshot, which is of no use to me because I want to save the invoice to Files as a PDF document. You can only do this on the website but you cannot access the website separately without it defaulting immediately to the app. This is extremely annoying and I have to keep deleting the app every time I want to save one of my order invoices, before re-installing it again! Sort it out one way or another please!",Lana Drexa,19.20.0,2022-10-27T15:55:58Z,True,itunes_rss_mostHelpful,False,False
5b72fa7582b2c1e8fbdc1f10b1195e5d493eb84f80fcad12f7be37e8f1fe7707,9176479380,335187483,Amazon,gb,1,Doesn’t work with iPad magic keyboard,"Unfortunately I have problems using this app when using it with the original Apple magic keyboard for the iPad 11. When moving the cursor to the bottom navigation bar (with the basket), on contact with the bar, the cursor then shoots off into the top left. It means I can’t click on the basket, or any of the navigation at the bottom with the trackpad. I have to touch the screen. It would be great if you could fix this!","Unfortunately I have problems using this app when using it with the original Apple magic keyboard for the iPad 11. When moving the cursor to the bottom navigation bar (with the basket), on contact with the bar, the cursor then shoots off into the top left. It means I can’t click on the basket, or any of the navigation at the bottom with the trackpad. I have to touch the screen. It would be great if you could fix this!",hbick,19.19.0,2022-10-12T10:23:06Z,True,itunes_rss_mostHelpful,False,False
c7478fd24eb758caf6a1c346c2b58da2d4bf5ed6643a8ed5b3f613246cc7f291,9167280552,335187483,Amazon,gb,4,"Good, but with Major Flaws!","I do like the app, and when it’s good, it’s great.

Sadly, tracking an order doesn’t work anymore. You’ll get a message saying “Your parcel is 8 stops away”, and when you try looking in the app, to see on a map, it’ll work once, then the map just dies on you, and tracking stops. Until the driver actually turns-up, you just don’t know where the driver/your order has disappeared to.

Hugely annoying!!!","I do like the app, and when it’s good, it’s great.

Sadly, tracking an order doesn’t work anymore. You’ll get a message saying “Your parcel is 8 stops away”, and when you try looking in the app, to see on a map, it’ll work once, then the map just dies on you, and tracking stops. Until the driver actually turns-up, you just don’t know where the driver/your order has disappeared to.

Hugely annoying!!!",JonD1492,19.19.0,2022-10-09T14:24:43Z,True,itunes_rss_mostHelpful,False,False
4aa2dba0547bbae8924d060ddd587ca304eff323c42e98ea402de7d5bdf2d027,9098156649,335187483,Amazon,gb,5,My orders.,"I never received my 8ft pool, but was
Still charged for it . Got the ground sheet paid for, a no pump charged for. So I cancelled my account with you. You also seemed to
Get the impression I used Deans brook road burnt oak Edgware ha8 Middlesex. I left there 29
Years ago. So if
Any addresses appear in that area or Colindale London nothing
To do with me. I have shut my account now. Avri who were doing
Deliveries for short while we’re scammers it turns out.?white transit vans. So not just me others will have also been left disappointed. I will never forget having a conversation with customer services over pink handbags I needed for a holy communion to attend for my Neice never received. Was told to have a nice life. Think that’s when I realised there was a problem. Only thing I will say and
Always will if the princessDiana Engagement ring it really was beyond my wildest dreams in qualit fit presentation. Still looks the same . The boxing gloves on a chain the man shut me
Down on that as in correspondence. He was in his words whoopie one
To me attitude . So forgive if I’m a little quiet on stepping up on orders. The £26 pool may not seem a lot to you but it’s to me and I have back injury through care work leaving me
In constant pain was therapeutic if had pool off you before would lay out there in sun on lilo. I will say your deals
Are good. Bedding brilliant jewellery books, DVD’s. Just that pool left bitter taste in my mouth. Best wishes msT Da Costa … Thankyou for reading……","I never received my 8ft pool, but was
Still charged for it . Got the ground sheet paid for, a no pump charged for. So I cancelled my account with you. You also seemed to
Get the impression I used Deans brook road burnt oak Edgware ha8 Middlesex. I left there 29
Years ago. So if
Any addresses appear in that area or Colindale London nothing
To do with me. I have shut my account now. Avri who were doing
Deliveries for short while we’re scammers it turns out.?white transit vans. So not just me others will have also been left disappointed. I will never forget having a conversation with customer services over pink handbags I needed for a holy communion to attend for my Neice never received. Was told to have a nice life. Think that’s when I realised there was a problem. Only thing I will say and
Always will if the princessDiana Engagement ring it really was beyond my wildest dreams in qualit fit presentation. Still looks the same . The boxing gloves on a chain the man shut me
Down on that as in correspondence. He was in his words whoopie one
To me attitude . So forgive if I’m a little quiet on stepping up on orders. The £26 pool may not seem a lot to you but it’s to me and I have back injury through care work leaving me
In constant pain was therapeutic if had pool off you before would lay out there in sun on lilo. I will say your deals
Are good. Bedding brilliant jewellery books, DVD’s. Just that pool left bitter taste in my mouth. Best wishes msT Da Costa … Thankyou for reading……",dacosts,,2022-09-18T18:23:43Z,True,web_ssr_helpful,False,False
02e17ea8527944321a8c827d016813e9f61614bb91440fac8726b53e2f00fb36,9055425417,335187483,Amazon,gb,2,App feed back,"I think app should be have option to be personalised. Personally don’t like blue green colours of the app back ground. Not every like colourful app some of us like dark theme or dark grey theme!
Maybe some opting to change the the size of fonts or type of fonts or colour! I think developers should look into it and give user options to make the app more personal which will boost your app usages as well as revenue!!

If you like the idea don’t forget to send me a big thank you and a % of profits generated after update of your app. 😉","I think app should be have option to be personalised. Personally don’t like blue green colours of the app back ground. Not every like colourful app some of us like dark theme or dark grey theme! 
Maybe some opting to change the the size of fonts or type of fonts or colour! I think developers should look into it and give user options to make the app more personal which will boost your app usages as well as revenue!! 

If you like the idea don’t forget to send me a big thank you and a % of profits generated after update of your app. 😉",Homeless786,19.16.0,2022-09-05T17:08:31Z,True,itunes_rss_mostHelpful,False,False
9130cc03e933d5a935a682e1b8f5c5429d9ce82330cb1e6e204df757c7febfa3,9051979740,335187483,Amazon,gb,1,Always a problem,"They sell fake brands, is not too controlled, and products opened already,too often is write eligible free shipping on orders over 20 pounds even if I have prime, and then there is no option to get free delivery, when I speak with the costumer service they keep changing associate and keep asking questions that just let you out of the chat to answer to change again associate. Keep going out of the chat and refresh the chat.. waisting time and try to get always more money then supposed to.
Twice the orders never arrived and they told me to wait 48 hours but then never arrived..Amazon really got worse lately.","They sell fake brands, is not too controlled, and products opened already,too often is write eligible free shipping on orders over 20 pounds even if I have prime, and then there is no option to get free delivery, when I speak with the costumer service they keep changing associate and keep asking questions that just let you out of the chat to answer to change again associate. Keep going out of the chat and refresh the chat.. waisting time and try to get always more money then supposed to.
Twice the orders never arrived and they told me to wait 48 hours but then never arrived..Amazon really got worse lately.",Sofia9619,19.16.0,2022-09-04T15:51:59Z,True,itunes_rss_mostHelpful,False,False
75a2a75bd639a07b0684d882ae2c971503699c2de1e9c19c0eec9c6f7c7b77c4,8999090296,335187483,Amazon,gb,3,Still not quite there,"The app has a tendency to randomly reload the search, which is incredibly frustrating. This eliminates any filters applied, and is so stupid when you’re 5 pages in. This needs to be fixed. Half the time you can’t find what you need because the search algorithm is terrible. Stuff that should come up on the first page is five or six pages down, with totally irrelevant rubbish coming up as “recommended” or “sponsored”. Combine the useless search algorithm with the tendency to randomly reload the page, and it’s a recipe for frustration. Both these problems need to be fixed, because the app didn’t do this originally, and I’m buying stuff elsewhere because the app isn’t working properly.","The app has a tendency to randomly reload the search, which is incredibly frustrating. This eliminates any filters applied, and is so stupid when you’re 5 pages in. This needs to be fixed. Half the time you can’t find what you need because the search algorithm is terrible. Stuff that should come up on the first page is five or six pages down, with totally irrelevant rubbish coming up as “recommended” or “sponsored”. Combine the useless search algorithm with the tendency to randomly reload the page, and it’s a recipe for frustration. Both these problems need to be fixed, because the app didn’t do this originally, and I’m buying stuff elsewhere because the app isn’t working properly.",Gh0st_child,19.15.0,2022-08-20T18:41:36Z,True,itunes_rss_mostHelpful,False,False
3186860d044475c77db7a5ae5b0bcbf7f224d66fa59f740b382908d4ddc9a415,8977248747,335187483,Amazon,gb,3,Unable to report bugs on app,"The App gives no easy way to find how to report a problem with the app itself.

All of a sudden, the ability to share a product has disappeared and I wanted to notify the developers that this has disappeared.
If the developers are reading this, then please put it back AND PLEASE add the ability to copy the link to the clipboard rather than just share to social medical or to an email (where I have go to copy the link I want to share)","The App gives no easy way to find how to report a problem with the app itself.

All of a sudden, the ability to share a product has disappeared and I wanted to notify the developers that this has disappeared. 
If the developers are reading this, then please put it back AND PLEASE add the ability to copy the link to the clipboard rather than just share to social medical or to an email (where I have go to copy the link I want to share)",microsandwich,19.15.0,2022-08-14T09:24:06Z,True,itunes_rss_mostHelpful,False,False
b0872d68915e617e77beeecf7ce94c3baff77e386dec8be801b5d3ecffb670bc,8965800714,335187483,Amazon,gb,3,Poor delivery,"Although good for products. They really need to sack most of their drivers. Getting a decent driver is near impossible. They are lazy, incompetent and useless. Had one outside my apartment and never attempt a delivery (even though they stated they had, had another who delivered to a different building, but dumped an entire blocks parcels) sorry if you’re a driver but you need to get out of there. Jeff sort out your drivers","Although good for products. They really need to sack most of their drivers. Getting a decent driver is near impossible. They are lazy, incompetent and useless. Had one outside my apartment and never attempt a delivery (even though they stated they had, had another who delivered to a different building, but dumped an entire blocks parcels) sorry if you’re a driver but you need to get out of there. Jeff sort out your drivers",Steveyjh,19.15.0,2022-08-10T22:40:12Z,True,itunes_rss_mostHelpful,False,False
c6f03637cac0e7bfb8d8dfc27e72eb950656a24aea3c3ba1676638872649a7b0,8955787355,335187483,Amazon,gb,3,Page goes blank,I find the app easy to use but I have found that for several months now when I click to view an item quite often the page goes blank and I have to go back to the start of the search which is extremely frustrating. App has been updated but I still have the same issue.,I find the app easy to use but I have found that for several months now when I click to view an item quite often the page goes blank and I have to go back to the start of the search which is extremely frustrating. App has been updated but I still have the same issue.,sam_goddard21,19.14.0,2022-08-07T23:39:31Z,True,itunes_rss_mostHelpful,False,False
78feed5510f38cf52aa573052d31b00efaf644b5b76c4b4d788fed1f63712842,8937656801,335187483,Amazon,gb,1,Traumatised,"So just a few years back, it was around when I was 6-7 one of the delivery people came to my door with a delivery and my dad said don’t open the door to anyone, and I was not willing to open it for the delivery guy, he saw me inside on my iPad play games and nocked on my window and yelled for me to open the door for a course of 2-3 minutes, I felt threatened and scared, ever since that day I have been mortified to even open the door to a stranger, this has caused me so much fear and trauma. I continue to buy you're products despite that. Because you’re the only brand with good quality, but as soon as I fined a better brand, I hope to never purchase a single thing from you're shop again I hope nobody should be put through this experience at a younger or elderly age and it doesn’t even matter what age, I hope you teach you’re delivery people respect and manners because it sure looks like they need some.","So just a few years back, it was around when I was 6-7 one of the delivery people came to my door with a delivery and my dad said don’t open the door to anyone, and I was not willing to open it for the delivery guy, he saw me inside on my iPad play games and nocked on my window and yelled for me to open the door for a course of 2-3 minutes, I felt threatened and scared, ever since that day I have been mortified to even open the door to a stranger, this has caused me so much fear and trauma. I continue to buy you're products despite that. Because you’re the only brand with good quality, but as soon as I fined a better brand, I hope to never purchase a single thing from you're shop again I hope nobody should be put through this experience at a younger or elderly age and it doesn’t even matter what age, I hope you teach you’re delivery people respect and manners because it sure looks like they need some.",Thiries,19.14.0,2022-08-02T14:51:22Z,True,itunes_rss_mostHelpful,False,False
898caffdb77ba2a153a64ee4934023289b2e60468c4e99eca88b0e42c7673147,8917894309,335187483,Amazon,gb,2,What’s happened?,"I think it's great that my basket is never emptied by the app and I can search years worth of purchase history very easily. However recently the app is crashing, hanging, making my phone heat up, draining the battery and the search panel text doesn't keep up with what I've written! Used to be fine and all other apps are still functioning normally on my iPhone SE. Also dislike how once I've purchased something it doesn't take me back to where I was in the search like it used to, I sometimes wish to continue shopping for similar items.","I think it's great that my basket is never emptied by the app and I can search years worth of purchase history very easily. However recently the app is crashing, hanging, making my phone heat up, draining the battery and the search panel text doesn't keep up with what I've written! Used to be fine and all other apps are still functioning normally on my iPhone SE. Also dislike how once I've purchased something it doesn't take me back to where I was in the search like it used to, I sometimes wish to continue shopping for similar items.",Teabags and Coffee,19.14.0,2022-07-27T18:50:36Z,True,itunes_rss_mostHelpful,False,False
6bf612aa6d3d85a64bf105b206dd4ecfd5712308722785e492adaa3f5f8b71cc,8904814904,335187483,Amazon,gb,5,Great way to buy,"Brilliant and very efficient website to buy any item you could be looking for.
Most of the time discounts apply and also Customer Service team is amazing , always happy to help with any issues.","Brilliant and very efficient website to buy any item you could be looking for.
Most of the time discounts apply and also Customer Service team is amazing , always happy to help with any issues.",Ab79?.66777aaa,19.13.0,2022-07-23T21:58:27Z,True,itunes_rss_mostHelpful,False,False
985a25495b7a2f373109e937c2359246c700c881bdd58bbfb1a635d507a00394,8890675206,335187483,Amazon,gb,3,Glitch causes search results to vanish,"I’m not sure why this happens, but randomly when I search for items and start to scroll through the results, the entire list will abruptly vanish, leaving me looking at a blank white screen! This fundamental bug is really starting to annoy me. I keep having to use the website—which defeats the purpose of this app!","I’m not sure why this happens, but randomly when I search for items and start to scroll through the results, the entire list will abruptly vanish, leaving me looking at a blank white screen! This fundamental bug is really starting to annoy me. I keep having to use the website—which defeats the purpose of this app!",Matt_EA,19.13.0,2022-07-19T18:03:36Z,True,itunes_rss_mostHelpful,False,False
d3a5a0799068264de2e15c30b000ae07723b709ecabc0b933bdb7a70a32a51ac,8887779180,335187483,Amazon,gb,4,Where is Fresh on iPad,"App is generally great but when is Fresh coming to the iPad app? Less convenient having to use web or iPhone app for that sometimes. Also, a note on Fresh in general, it makes more sense to allow a customer to select delivery slot and then be shown available products for that slot, not after they have added everything to basket to then find out items aren’t available.","App is generally great but when is Fresh coming to the iPad app? Less convenient having to use web or iPhone app for that sometimes. Also, a note on Fresh in general, it makes more sense to allow a customer to select delivery slot and then be shown available products for that slot, not after they have added everything to basket to then find out items aren’t available.",matt340uk,19.13.0,2022-07-18T21:32:26Z,True,itunes_rss_mostHelpful,False,False
5967dca8e4fa290c0ec51ff94530a7acea527c8a03fd1aeb2446ff2e194f48a6,8881081346,335187483,Amazon,gb,1,Atrocious,"I’m not happy with the PRIME SERVICE because I didn’t get the results I paid for and neither what I was reassured.

I basically got nothing but unreliability and frustration.

My entire work stopped because I didn’t have the two main items that I needed to actually start the job!!!

This is incredibly frustrating because the items have been held in ENFIELD since 6 (something) AM and Enfield is only a 15/20 minute drive to my home.

The driver literally had ALL DAY to deliver my items!!

I find the driver’s service extremely disappointing, unfortunately his/her service also reflects on customer service department as there is literally NOTHING in place to resolve issues like this, even though it’s not physically the fault of people who work in the customer service department.

Penalties for the driver isn’t going to get me my item on time regardless now as it is well past delivery time.

I’ll still have lost out on two days rent because I’m now behind on sorting out the room for the tenant!!!
I needed to start the job today so it could have been finished by Monday evening, ready for them to move Monday evening.

I should have been contacted and told by the driver that they’re not going to deliver, I could have got the products elsewhere in time!!!

I pay prime and choose next day delivery for a reason!!!
What’s the point of prime if it’s completely unreliable anyway???","I’m not happy with the PRIME SERVICE because I didn’t get the results I paid for and neither what I was reassured.

I basically got nothing but unreliability and frustration. 

My entire work stopped because I didn’t have the two main items that I needed to actually start the job!!! 

This is incredibly frustrating because the items have been held in ENFIELD since 6 (something) AM and Enfield is only a 15/20 minute drive to my home. 

The driver literally had ALL DAY to deliver my items!! 

I find the driver’s service extremely disappointing, unfortunately his/her service also reflects on customer service department as there is literally NOTHING in place to resolve issues like this, even though it’s not physically the fault of people who work in the customer service department.

Penalties for the driver isn’t going to get me my item on time regardless now as it is well past delivery time.

I’ll still have lost out on two days rent because I’m now behind on sorting out the room for the tenant!!! 
I needed to start the job today so it could have been finished by Monday evening, ready for them to move Monday evening. 

I should have been contacted and told by the driver that they’re not going to deliver, I could have got the products elsewhere in time!!! 

I pay prime and choose next day delivery for a reason!!!  
What’s the point of prime if it’s completely unreliable anyway???",AnnaLiam_099,19.13.0,2022-07-16T21:25:56Z,True,itunes_rss_mostHelpful,False,False
1b4addc30d08b5dd3e00f855331c13ffafb3f9c6e63dc07411e4faa895704f32,8870342520,335187483,Amazon,gb,5,Niggles,"Just a shame you can’t control more of your stuff through the app, instead of having to go to the website still to activate or cancel subscriptions etc.
Apart from that it does exactly what you expect from it","Just a shame you can’t control more of your stuff through the app, instead of having to go to the website still to activate or cancel subscriptions etc.
      Apart from that it does exactly what you expect from it",mapskebduxienspapdjdbeuxheo,19.13.0,2022-07-13T16:51:42Z,True,itunes_rss_mostHelpful,False,False
2f7a4d8355a45e21d840a5553b58dd874db8b1c6f06f020f01a36202c0152616,8823081255,335187483,Amazon,gb,4,Search function breaks,"This would be a 5-star app. But I have noticed some bugs during my product search.

I findAfter I enter my keyword search then go to filter search to choose by star rating and high and low price I noticed my search results go completely blank, and I have to start from the beginning all over again, although the search bar to store my last search keywords stop irritating I’m looking for a product that happens almost consistently","This would be a 5-star app. But I have noticed some bugs during my product search.

I findAfter I enter my keyword search then go to filter search to choose by star rating and high and low price I noticed my search results go completely blank, and I have to start from the beginning all over again, although the search bar to store my last search keywords stop irritating I’m looking for a product that happens almost consistently",JoeyChttrj,19.13.0,2022-06-29T16:51:38Z,True,itunes_rss_mostHelpful,False,False
8ed69d707583ed59edda510e04d2de68df59dfe880a9f6f3a1c4dc6ddf19ec5e,8807088589,335187483,Amazon,gb,5,Vital nowadays.,"A highly valuable service to obtain items of ALL qualities for usually cheaper than the highstreet for tech. It’s nowhere near as bad as Ebay for pirate merchants, but often the quality is not quite as good as Etsy. Also roughly conditioned packaging from storage is somewhat common.","A highly valuable service to obtain items of ALL qualities for usually cheaper than the highstreet for tech. It’s nowhere near as bad as Ebay for pirate merchants, but often the quality is not quite as good as Etsy. Also roughly conditioned packaging from storage is somewhat common.",ZeRFaLLeN,19.13.0,2022-06-24T22:12:13Z,True,itunes_rss_mostHelpful,False,False
215d49769374adee990f52a1d280f88ae4ccfd3f3bed17a244bd7ff2cecf1c3d,8805211330,335187483,Amazon,gb,5,Easy shopping,When ever you need anything just stop for a minute go to your shopping site and guess what you’ve got it what can be any easier keep up the fantastic work privilege to do business with you Thank you,When ever you need anything just stop for a minute go to your shopping site and guess what you’ve got it what can be any easier keep up the fantastic work privilege to do business with you Thank you,Taxi pete 1,19.13.0,2022-06-24T09:24:26Z,True,itunes_rss_mostHelpful,False,False
30acf0935550b5c8bb6cdce27c17ef72b2494a9d40e3f01a8be4f7f1ca0f9201,8795201580,335187483,Amazon,gb,1,Rubbish,I’m sick of ringing you about the security two step you have and a the txt not being sent to confirm my account. If you update I have to sign in again & have problems. You do nothing about this and then demand photo ID. I’m paying for prime & music and can’t set up my devices. Can’t cancel the two steps security because I have to gp through the txt thing to my phone 😡 then you blame my phone number. I want a refund because I certainly can’t use my prime or music 🙄😡SORT THE TWO STEP SECURITY OUT WANKERS.,I’m sick of ringing you about the security two step you have and a the txt not being sent to confirm my account. If you update I have to sign in again & have problems. You do nothing about this and then demand photo ID. I’m paying for prime & music and can’t set up my devices. Can’t cancel the two steps security because I have to gp through the txt thing to my phone 😡 then you blame my phone number. I want a refund because I certainly can’t use my prime or music 🙄😡SORT THE TWO STEP SECURITY OUT WANKERS.,Dorey69,19.13.0,2022-06-21T08:39:56Z,True,itunes_rss_mostHelpful,False,False
4711bdb914e58cabe8bf121b0fb6877d0385e09db6f82cbc962f798a5c269bc1,8783246419,335187483,Amazon,gb,3,Please fix the blank screen bug,"When the app works without the bug getting int he way it’s great.
It’s just sometimes I’ll be browsing a product and suddenly the product screen goes blank whilst I’m scrolling the images. This then means I have to come out of the app then restart my search all over again. Which can be really frustrating when you’ve been looking for the right product and you’ve spent an age looking, only for the screen to go blank and have to start all over again.","When the app works without the bug getting int he way it’s great. 
It’s just sometimes I’ll be browsing a product and suddenly the product screen goes blank whilst I’m scrolling the images. This then means I have to come out of the app then restart my search all over again. Which can be really frustrating when you’ve been looking for the right product and you’ve spent an age looking, only for the screen to go blank and have to start all over again.",Daz730,19.12.2,2022-06-17T15:34:51Z,True,itunes_rss_mostHelpful,False,False
1b7521d7ac92160a008f5b9f0cca8e40b9282b2b62587cc35b65c1fa44bb0594,8780804980,335187483,Amazon,gb,4,"Download Invoice no option to save, print or share.","The app in general works fine. Doesn’t crash and responds well but one glaring omission occurs on the “Download Invoice” option.
Yes you can display the invoice on screen but there is no option for printing or saving other than taking a screen shot, this is not ideal.
Can the developers of the app please rectify this omission at their earliest inconvenience.","The app in general works fine. Doesn’t crash and responds well but one glaring omission occurs on the “Download Invoice” option.
Yes you can display the invoice on screen but there is no option for printing or saving other than taking a screen shot, this is not ideal.
Can the developers of the app please rectify this omission at their earliest inconvenience.",7/738/88/6,19.12.2,2022-06-16T21:18:44Z,True,itunes_rss_mostHelpful,False,False
36e6208c55a6c88da9b6b59170631341f36db86bef9bc472d8554fec557fd038,8770630269,335187483,Amazon,gb,5,just simply me,"No matter how skilled or intelligent i am, and i am very skilled,  i am ""just me"". This is how you are a lot warmer than people in companies who think i.q. makes you less in need of people who care. They thought i was excluding myself - this was a mosunderstanding caused by liars.","No matter how skilled or intelligent i am, and i am very skilled,  i am ""just me"". This is how you are a lot warmer than people in companies who think i.q. makes you less in need of people who care. They thought i was excluding myself - this was a mosunderstanding caused by liars.",nicholaksca,19.12.2,2022-06-13T17:51:19Z,True,itunes_rss_mostHelpful,False,False
3262adb1d9a2263e0db9bbed10b53f1a507c310326917915523f06605623b63c,8756081262,335187483,Amazon,gb,5,Fingertips,"Every now and then I need something like yesterday but obviously that’s impossible, however the guarantee of the following day without leaving your home is fantastic.
Unrivalled service that still amazes me every time I think about it 😊","Every now and then I need something like yesterday but obviously that’s impossible, however the guarantee of the following day without leaving your home is fantastic. 
Unrivalled service that still amazes me every time I think about it 😊",kouytewcvh,19.12.0,2022-06-09T08:45:11Z,True,itunes_rss_mostHelpful,False,False
f85d0f78f8bf6711dd432d431041393152d626b7f1725e444428f4b927400c31,8661327534,335187483,Amazon,gb,3,Can’t print invoices,"This app has a major flaw in that there is no way that I can see to print off an invoice when downloading on my phone. What’s the point in it opening but not available as a printable or storeable file! Ridiculous. The best I’ve managed is to select all of the invoice, copy across to Word and paste it but it then loses most of its formatting and needs heavy editing before printing.","This app has a major flaw in that there is no way that I can see to print off an invoice when downloading on my phone. What’s the point in it opening but not available as a printable or storeable file! Ridiculous. The best I’ve managed is to select all of the invoice, copy across to Word and paste it but it then loses most of its formatting and needs heavy editing before printing.",Rob Barron,19.10.0,2022-05-11T22:37:45Z,True,itunes_rss_mostHelpful,False,False
295e1d0f706b714a20a06e768496b69ab22c7b47346edcbf8dd47385d2a4a026,8649371653,335187483,Amazon,gb,3,App blanking out,"I use this app frequently and for the last few weeks it’s been having episodes where I search for something, I’m scrolling down the results and suddenly they all disappear. You can see the search bar, which also empties of what you searched for sometimes, but no results. It also sometimes happens where I click on a result and I’m reading it and then it also disappears. That’s annoying because to fix the issue I have to return to the search and often it just returns me to the homepage and I have to start again. Not great when you’re on page three or four of the results already and then have to try and find the one you were looking for again. I’ve tried reinstalling the app and it hasn’t helped. Please fix this issue, it’s so frustrating!","I use this app frequently and for the last few weeks it’s been having episodes where I search for something, I’m scrolling down the results and suddenly they all disappear. You can see the search bar, which also empties of what you searched for sometimes, but no results. It also sometimes happens where I click on a result and I’m reading it and then it also disappears. That’s annoying because to fix the issue I have to return to the search and often it just returns me to the homepage and I have to start again. Not great when you’re on page three or four of the results already and then have to try and find the one you were looking for again. I’ve tried reinstalling the app and it hasn’t helped. Please fix this issue, it’s so frustrating!",jess_ct,19.9.0,2022-05-08T09:26:51Z,True,itunes_rss_mostHelpful,False,False
26494ef5f1d3fcf04546acb8dc769a5c1ad2c96f299a5c48dedcb3dfd2fbce29,8636460282,335187483,Amazon,gb,4,Order numbers,"Why do I get and email telling that an order number will be late but when I go to the app it shows me the item I ordered but not the order number along side it, I then have to open all the orders to try and find the one that is delayed. This is very frustrating!","Why do I get and email telling that an order number will be late but when I go to the app it shows me the item I ordered but not the order number along side it, I then have to open all the orders to try and find the one that is delayed. This is very frustrating!",Stumphy,19.9.0,2022-05-04T14:07:51Z,True,itunes_rss_mostHelpful,False,False
5f13c866b6d74e299e3778195f86ed2cc75f960f631380c73bdb35bae2dbac82,8633160627,335187483,Amazon,gb,3,Changing delivery dates,It is very disappointing when purchasing an item to find out after your purchase that the advertised date of delivery has changed to a later date. This is quite misleading as a decision to purchase an item is not only based on convenience but also delivery date.,It is very disappointing when purchasing an item to find out after your purchase that the advertised date of delivery has changed to a later date. This is quite misleading as a decision to purchase an item is not only based on convenience but also delivery date.,Gallis#1,19.9.0,2022-05-03T15:14:57Z,True,itunes_rss_mostHelpful,False,False
a077664a209292d49ba42d44ab409fd30f2f0200276bc23fc1b1f555379e3f41,8628449078,335187483,Amazon,gb,3,Screen goes blank,"Don’t know if it’s me… but have used the app with bug fixes and it seems to have a new bug. The part of the screen with the photos and descriptions suddenly goes blank and if you press the back arrow to attempt to go back to the item you were just trying to look at before the screen went blank, it takes you back to the item before! Strange!","Don’t know if it’s me… but have used the app with bug fixes and it seems to have a new bug. The part of the screen with the photos and descriptions suddenly goes blank and if you press the back arrow to attempt to go back to the item you were just trying to look at before the screen went blank, it takes you back to the item before! Strange!",Wheelie woman,19.9.0,2022-05-02T07:24:30Z,True,itunes_rss_mostHelpful,False,False
82e7f4afc3695ef5744436740265f8f02be2e63e5d02f1e532f7e34c7f6f9ddc,8614386147,335187483,Amazon,gb,4,Room for improvement,"Great shopping app with everything you could possibly need at the click of a button, returns and refunds are very easy and stress free. The only thing that annoys me is the same day delivery option, it says order within a certain timeframe to get today I do that and I’m then told item will be here next day although it’s sometimes taken a few days","Great shopping app with everything you could possibly need at the click of a button, returns and refunds are very easy and stress free. The only thing that annoys me is the same day delivery option, it says order within a certain timeframe to get today I do that and I’m then told item will be here next day although it’s sometimes taken a few days",Mini morningmaxamiser,19.9.0,2022-04-28T10:05:42Z,True,itunes_rss_mostHelpful,False,False
c84e5745b395960eefe9a2ff6a1b1a89b502e8ac4885bf96e7ee598d50f45a7d,8604562256,335187483,Amazon,gb,1,Far to zoomed in,"My primary “mobile” device is an ipad pro and this app is just far to zoomed in to be of any use to me.  The website at 100% is also poor but at least i can drop that to 85% in settings (id prefer to drop it to 75% but that doesn’t gain me anything as the web site doesn’t support this very well).  At least web site does support different levels of zoom though, and as the app doesnt the web site is far superior to the app.  Only installed to contact customer support via chat and then promptly deleted again.","My primary “mobile” device is an ipad pro and this app is just far to zoomed in to be of any use to me.  The website at 100% is also poor but at least i can drop that to 85% in settings (id prefer to drop it to 75% but that doesn’t gain me anything as the web site doesn’t support this very well).  At least web site does support different levels of zoom though, and as the app doesnt the web site is far superior to the app.  Only installed to contact customer support via chat and then promptly deleted again.",Neilgc1,19.8.0,2022-04-25T12:13:06Z,True,itunes_rss_mostHelpful,False,False
5d8353b30831e22c2512cebd9e0a9b59805e7b3ab6d3d34bff1b1f2d7b9c2c85,8597947791,335187483,Amazon,gb,3,Product page keeps disappearing.,"The app has gone through many design changes over previous versions. It's still usable but still contains bugs and glitches.

Things like:
After doing a search and navigating to a product page when you click back button the search list has reset. I.e. Your filtering options have been lost or its jump back to the first page of the search results.

Most recently I've noticed opening a product the item the page would load for a second before it goes blank page. It seems intermittent but doesn't bold well for user experience and makes viewing items frustrating.

Can you please fix. Otherwise app is still usable but not as good as website.","The app has gone through many design changes over previous versions. It's still usable but still contains bugs and glitches.

Things like:
After doing a search and navigating to a product page when you click back button the search list has reset. I.e. Your filtering options have been lost or its jump back to the first page of the search results. 

Most recently I've noticed opening a product the item the page would load for a second before it goes blank page. It seems intermittent but doesn't bold well for user experience and makes viewing items frustrating.

Can you please fix. Otherwise app is still usable but not as good as website.",Parallax20,19.8.0,2022-04-23T13:58:05Z,True,itunes_rss_mostHelpful,False,False
1834777138ec253743996471d6dd31b3a14d4e58eec25d6e959719a24922096c,8587345856,335187483,Amazon,gb,4,Too wide a search,"I often search for something quite specific but get a whole host of results that include other items that I then have to wade through to find what I want. Better to show me what I ask for and give me an option for more diverse results.
Also, reviews are sometimes on different products or about the company. I generally find them unreliable.
Finally, some products such as Kleenex Ultra Soft tissues refer to product info that is no longer true - such as tissue count/box (possibly very old stock) - or is not in English and not made in UK and is likely to be not the same quality.","I often search for something quite specific but get a whole host of results that include other items that I then have to wade through to find what I want. Better to show me what I ask for and give me an option for more diverse results. 
Also, reviews are sometimes on different products or about the company. I generally find them unreliable. 
Finally, some products such as Kleenex Ultra Soft tissues refer to product info that is no longer true - such as tissue count/box (possibly very old stock) - or is not in English and not made in UK and is likely to be not the same quality.",PeterCrit,19.8.0,2022-04-20T12:41:06Z,True,itunes_rss_mostHelpful,False,False
4e77f7a6ba29855122579a19652933d0113af1f1869ce4e0ed1257c381cf96df,8579595748,335187483,Amazon,gb,5,Great app,"This is one of the best apps for online shopping. It’s got an easy interface with the ability to search and filter very quickly.

One little thing I would like to request to the developers is the ability to share links on the iPad version of the iPad like you can with the iPhone version.","This is one of the best apps for online shopping. It’s got an easy interface with the ability to search and filter very quickly. 

One little thing I would like to request to the developers is the ability to share links on the iPad version of the iPad like you can with the iPhone version.",Jevans316,19.8.0,2022-04-18T06:40:35Z,True,itunes_rss_mostHelpful,False,False
29d5beec37f891560e9f36395ef128858e00e0fdba7034126378a357e304b155,8578491178,335187483,Amazon,gb,1,Rubbish,"This app used to be awesome. I spent so much money on here they offered me a business account. That was then but now it just doesn’t work. It’s hard to find anything you want without finding reams of Chinese crap. For example if you wanted a mens shirt you’ll get everything including womens dresses etc but little in a usable European sized shirt.
And it’s unstable. I tried to by engine engine oil earlier. It took 5 attempts. The app just crashes. Again and again and again.
You can’t always delete old searches no matter how many times you close it down and restart. It’s genuinely an awful app offering mostly awful goods. And a lot of fakes.","This app used to be awesome. I spent so much money on here they offered me a business account. That was then but now it just doesn’t work. It’s hard to find anything you want without finding reams of Chinese crap. For example if you wanted a mens shirt you’ll get everything including womens dresses etc but little in a usable European sized shirt.
And it’s unstable. I tried to by engine engine oil earlier. It took 5 attempts. The app just crashes. Again and again and again. 
You can’t always delete old searches no matter how many times you close it down and restart. It’s genuinely an awful app offering mostly awful goods. And a lot of fakes.",George & Mildred,19.8.0,2022-04-17T21:55:00Z,True,itunes_rss_mostHelpful,False,False
69a40dbf7064f3cee971c69fdcb9a41099f421d35435f86ad351510ba19fddd8,8566493949,335187483,Amazon,gb,3,Has been better,I use this app regularly and it serves its purpose but it is slowly starting to go downhill. If I select a product and start reading the description and reviews then everything goes blank and I have to go back and then select the product again to read. It’s starting to get frustrating.,I use this app regularly and it serves its purpose but it is slowly starting to go downhill. If I select a product and start reading the description and reviews then everything goes blank and I have to go back and then select the product again to read. It’s starting to get frustrating.,Hummingbird79,19.8.0,2022-04-14T13:46:22Z,True,itunes_rss_mostHelpful,False,False
4f60bb6746f3e99b2837cc0ee18e0be4e791ca29e4b4626b5be7ce0375b98732,8552423241,335187483,Amazon,gb,5,My go to app,"I am a price researcher but it’s not just on the basis of cheapness but in whether it comes when needed. I like this app as it’s always where I look first, it’s easy to use, there are parts that need to be worked for people who have visual impairments which makes it a lot faster but it still don’t prevent me from wanting to step on using it","I am a price researcher but it’s not just on the basis of cheapness but in whether it comes when needed. I like this app as it’s always where I look first, it’s easy to use, there are parts that need to be worked for people who have visual impairments which makes it a lot faster but it still don’t prevent me from wanting to step on using it",KeithVenus,19.7.0,2022-04-10T13:32:05Z,True,itunes_rss_mostHelpful,False,False
d9c0f9cce1497cecf7056df3544118b011482c32a42e86f46af063a2581ebd21,8546579267,335187483,Amazon,gb,2,App randomly blanks search results,"This has been irritating for a while now and still not fixed: you do a search for a product on the app, start looking at the results, and about 10 seconds in the whole list blanks out to a non responsive white page. Only option is to hit the ‘back’ arrow and re-do the whole search. This will happen randomly when browsing on product screens as well as when scrolling around on the search results or an individual product listing.

Can someone not fix this bug?!

The app is on the latest iOS and is the latest build available.","This has been irritating for a while now and still not fixed: you do a search for a product on the app, start looking at the results, and about 10 seconds in the whole list blanks out to a non responsive white page. Only option is to hit the ‘back’ arrow and re-do the whole search. This will happen randomly when browsing on product screens as well as when scrolling around on the search results or an individual product listing. 

Can someone not fix this bug?! 

The app is on the latest iOS and is the latest build available.",LondonFinn,19.7.0,2022-04-08T23:26:02Z,True,itunes_rss_mostHelpful,False,False
c54b6559d99c0938b047412f790cb96d678a477a503fd50c62d81e29a520409a,8545180458,335187483,Amazon,gb,3,Re delivery,"We are having issues on deliveries , this has happened since the last few weeks . Our address is 15 westwinds road , however your drivers sat nab is directing and delivering to westwinds garden which is around the corner from our street . Please can this be amended as the occupier of westwinds gardens is getting annoyed and we are missing deliveries , kind regards DHanson","We are having issues on deliveries , this has happened since the last few weeks . Our address is 15 westwinds road , however your drivers sat nab is directing and delivering to westwinds garden which is around the corner from our street . Please can this be amended as the occupier of westwinds gardens is getting annoyed and we are missing deliveries , kind regards DHanson",gales and storms,19.7.0,2022-04-08T14:06:36Z,True,itunes_rss_mostHelpful,False,False
828448cc617bb7a6b5dad851b159bfbe3c431c47004da7f72cc34ff667520473,8522117847,335187483,Amazon,gb,1,Bloody joke,My account got closed down for no reason they said it was because someone linked to my account had been closed down for violating the rules etc I told them I don’t share my account and if they check my details and everything Iv paid for over the years they would see I haven’t done anything wrong but instead they send the same email reply from a robot instead of actually helping sort this out they won’t reopen my account and told me they won’t let me make a new one fuming is not the word I used this account because I can’t get out much I always get my kids birthday presents from here bits and bobs and they have just closed my account for no reason Iv only ever returned 1 item to them in the 3 or whatever years Iv used them not happy at all,My account got closed down for no reason they said it was because someone linked to my account had been closed down for violating the rules etc I told them I don’t share my account and if they check my details and everything Iv paid for over the years they would see I haven’t done anything wrong but instead they send the same email reply from a robot instead of actually helping sort this out they won’t reopen my account and told me they won’t let me make a new one fuming is not the word I used this account because I can’t get out much I always get my kids birthday presents from here bits and bobs and they have just closed my account for no reason Iv only ever returned 1 item to them in the 3 or whatever years Iv used them not happy at all,Georgieporgie96,19.7.0,2022-04-02T06:35:08Z,True,itunes_rss_mostHelpful,False,False
3fa5a00937b8451e83943ff0565670c6a2c869653c6773b5ec84b725be454de3,8416943682,335187483,Amazon,gb,4,Good app but…,"… buying at the checkout seems more complicated than it should be. It automatically put my order in for next day delivery (which would cost me extra) when I only wanted standard - it was easy to change it before placing the order, but it shouldn’t happen as default. Also part way through ordering, it cancelled the process and put everything back in the basket. But other than that the app is pretty good, it’s easy to keep track of and organise wish lists.","… buying at the checkout seems more complicated than it should be. It automatically put my order in for next day delivery (which would cost me extra) when I only wanted standard - it was easy to change it before placing the order, but it shouldn’t happen as default. Also part way through ordering, it cancelled the process and put everything back in the basket. But other than that the app is pretty good, it’s easy to keep track of and organise wish lists.",AliEdwardsx,19.5.0,2022-03-03T19:33:03Z,True,itunes_rss_mostHelpful,False,False
d147bc50627d93d107c7a1ad4ad793acd002c8f0c8daf167f477510d85deeff0,8403358172,335187483,Amazon,gb,5,Always favourite,"Great app, I can find everything I need easily, the prices are always competitive if not cheaper with a great choice and with prime most things are next day delivery. Refunds are no quibble as customer service are always very happy to help so really what more do you want. I love it.","Great app, I can find everything I need easily, the prices are always competitive if not cheaper with a great choice and with prime most things are next day delivery. Refunds are no quibble as customer service are always very happy to help so really what more do you want. I love it.",leelokiwolf,19.4.2,2022-02-27T20:43:07Z,True,itunes_rss_mostHelpful,False,False
de759e132345dae8591b7b221331abf552c4c0a29384296fac48964fae8ae936,8377531257,335187483,Amazon,gb,5,Easy way to shop,I have found that all of the items I have purchased were delivered on time and where always good value for the money without the time and cost of going shopping and having to find a parking space,I have found that all of the items I have purchased were delivered on time and where always good value for the money without the time and cost of going shopping and having to find a parking space,Alfrado Mancini,19.4.2,2022-02-20T15:40:27Z,True,itunes_rss_mostHelpful,False,False
7263053997cad7f54e122c64d557c36e021efc9494a3be497f328c7f3bd7fe18,8359477154,335187483,Amazon,gb,5,Delivery,"Despite clear delivery instructions the lazy driver dumped my parcel in the common entrance there is no mail box or table or anything there. This entrance is in the ground floor and I live in the 3rd floor
someone found the parcel opened and strewn on the floor and saw my flat number and brought it up. Very lucky this time
What’s wrong with these guys","Despite clear delivery instructions the lazy driver dumped my parcel in the common entrance there is no mail box or table or anything there. This entrance is in the ground floor and I live in the 3rd floor 
someone found the parcel opened and strewn on the floor and saw my flat number and brought it up. Very lucky this time 
What’s wrong with these guys",smit semi sub 1,19.3.0,2022-02-15T19:30:00Z,True,itunes_rss_mostHelpful,False,False
2be34eb5594fbd06a6033ed4c8865ea5ab138b72697948700ffbac6b8fdb573b,8347066043,335187483,Amazon,gb,2,The exact same search on different phones brings different results,"I typed the long description in one phone of an item I had found on my other phone and it took ages to find the item - due to algorithms you
Cannot trust the search anymore you search on one day and then again on another a different set of items is presented - better search on Google first - also eBay is now starting to get cheaper for Chinese made goods.","I typed the long description in one phone of an item I had found on my other phone and it took ages to find the item - due to algorithms you
Cannot trust the search anymore you search on one day and then again on another a different set of items is presented - better search on Google first - also eBay is now starting to get cheaper for Chinese made goods.",KateHoratia,19.3.0,2022-02-12T11:21:16Z,True,itunes_rss_mostHelpful,False,False
b7698541ae84c531078fc415e5c593883afe4da35b16c0064f82c08125a4bdc9,8336798467,335187483,Amazon,gb,5,Wonderful service,First class delivery service on almost anything you want to buy   It has been a life saver during the pandemic.   I’m 85 years old and would recommend them to anyone of my age to make life easier.,First class delivery service on almost anything you want to buy   It has been a life saver during the pandemic.   I’m 85 years old and would recommend them to anyone of my age to make life easier.,Humphbee,19.3.0,2022-02-09T14:43:22Z,True,itunes_rss_mostHelpful,False,False
e5faf1a1cc7d6d99161595c592445b3b11f99eb229f46a3985e5055b108edd1e,8309903265,335187483,Amazon,gb,5,I can’t imagine life without you,"Are used to be an avid book reader. Some 20 years ago I lost my eyesight and not being able to read books was one of the biggest things I’ve missed. The ability to lose yourself in a good book is something that I have always valued. Audible has given me that back. When I come in from work each day I no longer switch the television on, I listen to my current book instead. The quality of the narrators is brilliant and I enjoy every minute of them. Well done Audible, long may you continue.","Are used to be an avid book reader. Some 20 years ago I lost my eyesight and not being able to read books was one of the biggest things I’ve missed. The ability to lose yourself in a good book is something that I have always valued. Audible has given me that back. When I come in from work each day I no longer switch the television on, I listen to my current book instead. The quality of the narrators is brilliant and I enjoy every minute of them. Well done Audible, long may you continue.",Jactrav,19.3.0,2022-02-02T07:45:18Z,True,itunes_rss_mostHelpful,False,False
a4bf23a83146d68f27a858355b710d9f5e4f50b2dbeb8df595e63e575edbf580,8289415529,335187483,Amazon,gb,3,Delivery problems,"There's nowhere to leave a proper review regarding delivery - my last delivery was left outside even though I had stayed in. The driver didn't even bother to ring my bell. The package was left outside, exposed to the elements and for anyone to take. It would still be there if it were not for a passerby who knows me, who saw the address and he rang my bell.
I'm not happy as I stayed in to get the package as the first delivery time was anytime up to 10pm!!!!!!!!","There's nowhere to leave a proper review regarding delivery - my last delivery was left outside even though I had stayed in. The driver didn't even bother to ring my bell. The package was left outside, exposed to the elements and for anyone to take. It would still be there if it were not for a passerby who knows me, who saw the address and he rang my bell.
I'm not happy as I stayed in to get the package as the first delivery time was anytime up to 10pm!!!!!!!!",grandpa19,19.2.0,2022-01-27T17:42:45Z,True,itunes_rss_mostHelpful,False,False
efca9c39d68328e52f6d036f72455365e9830adfdf2423ae457aca047a4eba85,8279706880,335187483,Amazon,gb,1,Biased fact checkers in FB Philippines,"I am very much annoyed and displeased on how FB is being run in the Philippines. There is too much bias towards a certain group through their group called “fact checkers”. Individuals and group pages are being close down or suspended because of their own version of truth. I do applaud FB for putting in place these fact checkers to defend the truth and eliminate misinformation. However, it is just a sad reality in the Philippines that these fact checkers promote and protect only certain group and not the general public. Its a shame that FB continue to allow this injustice and bullying.","I am very much annoyed and displeased on how FB is being run in the Philippines. There is too much bias towards a certain group through their group called “fact checkers”. Individuals and group pages are being close down or suspended because of their own version of truth. I do applaud FB for putting in place these fact checkers to defend the truth and eliminate misinformation. However, it is just a sad reality in the Philippines that these fact checkers promote and protect only certain group and not the general public. Its a shame that FB continue to allow this injustice and bullying.",GeraldPh01,19.2.0,2022-01-25T03:20:36Z,True,itunes_rss_mostHelpful,False,False
b743689e4a68d26d9450bf5f4612046981289ce1959bd208d6b99a40e94d8237,8203929888,335187483,Amazon,gb,2,My package is late😑,"I got bought clay, it was late. When it was suppose come it did not come we waited and waited and still, we looked out the window but still no, we don’t know when they will come but we sat and looked at my phone it was three stops away. It took him/her way to long at the same house, we we waited 13 or 12 mins and still did not come!

My dad has stood at the window for 40 mins no sign of the van

Took really long!","I got bought clay, it was late. When it was suppose come it did not come we waited and waited and still, we looked out the window but still no, we don’t know when they will come but we sat and looked at my phone it was three stops away. It took him/her way to long at the same house, we we waited 13 or 12 mins and still did not come!

My dad has stood at the window for 40 mins no sign of the van 

Took really long!",lucy aderson,19.1.0,2022-01-04T15:57:55Z,True,itunes_rss_mostHelpful,False,False
9882e29168572180aeecc7bae9417a7652c641ff2ca07e4233c0a2499fb9b20e,8197244779,335187483,Amazon,gb,1,Service problem not vegan friendly,I want to proceed with my order made at Morrison but I cannot because I need some assurance that all replaced goods will be vegan I have tried not allowing replacement and I am having my order cancelled and the money I paid not being seen on my bank statement so all that needs to be resolved especially some note that my vegan diet is being respected and no non vegan will be sent. If anything is not vegan please assume it is there by mistake have it removed best wishes from Helene Ryles,I want to proceed with my order made at Morrison but I cannot because I need some assurance that all replaced goods will be vegan I have tried not allowing replacement and I am having my order cancelled and the money I paid not being seen on my bank statement so all that needs to be resolved especially some note that my vegan diet is being respected and no non vegan will be sent. If anything is not vegan please assume it is there by mistake have it removed best wishes from Helene Ryles,everything vegan or else,17.22.2,2022-01-02T21:09:26Z,True,itunes_rss_mostHelpful,False,False
7ca4691decc47fa80fc6f00f90b3c2ae3af588ac53326e4c2cb3de7d6c85a6f1,8196531584,335187483,Amazon,gb,5,Bracelet,"I bought this bracelet for me and my friend and it was the only one that had a reasonable price, good offers and all the elements I wanted it to have. Me and my friend thought it brung us closer together. It’s the best bracelets we have ever bought. We give it five star. So you should 100 percent buy it.","I bought this bracelet for me and my friend and it was the only one that had a reasonable price, good offers and all the elements I wanted it to have. Me and my friend thought it brung us closer together. It’s the best bracelets we have ever bought. We give it five star. So you should 100 percent buy it.",deeeedubzzz,17.22.2,2022-01-02T16:42:50Z,True,itunes_rss_mostHelpful,False,False
4f50d72b13a2b29267ab90c3d159e9aefab072cedcb9f22e0a3dac82dc951780,8180423436,335187483,Amazon,gb,5,"Great app, but!","Can we have biometric Face ID “ON” at all times when using the app please?.

This option will increase security while having the app installed.
I normally use the web version as this can be verified when login in by Face ID every time I want to access the website.
I cannot see this function in the app’s configuration but my iPhone have this feature activated.

Also can we makes easier to change from one country version to another. It will be great to have the flag icon in a more visible place of the main page. I am a multi country buyer and need to be accessing various country websites during the day.

Thanks for the hard work.","Can we have biometric Face ID “ON” at all times when using the app please?.

This option will increase security while having the app installed.
I normally use the web version as this can be verified when login in by Face ID every time I want to access the website. 
I cannot see this function in the app’s configuration but my iPhone have this feature activated.

Also can we makes easier to change from one country version to another. It will be great to have the flag icon in a more visible place of the main page. I am a multi country buyer and need to be accessing various country websites during the day. 

Thanks for the hard work.",BoroLopez,17.22.2,2021-12-29T08:02:14Z,True,itunes_rss_mostHelpful,False,False
d8b8315b2e8833d2a349bb13d031a105f3e6e809e5d20522d53eb6c10a89b2b3,8155189435,335187483,Amazon,gb,2,"Things keep changing, but regressing","As an app it’s easy to use and functions well, but doesn’t do exactly what I’d like. I’m a keen Kindle reader yet I can’t buy Kindle books through the app - why not?? Seems odd not to be able to, and a pain to revert to the website whenever I want to buy a book or Kindle Daily Deal. I also have a wishlist full of Kindle books but they’ve now removed the prices from this list (not from normal items, just Kindle books) so to see if a book has gone up/down in price I have to look through every single item’s listing, changing it from paperback (which it defaults to when clicked on) to Kindle version each time, which is tedious. I used to be able to see the prices at a glance on this list like any other wishlist so why change it?? Hardly an app that’s moving with the times and encouraging you to use technology/kindle over old-fashioned books with printing & packing costs delivered by diesel vans.","As an app it’s easy to use and functions well, but doesn’t do exactly what I’d like. I’m a keen Kindle reader yet I can’t buy Kindle books through the app - why not?? Seems odd not to be able to, and a pain to revert to the website whenever I want to buy a book or Kindle Daily Deal. I also have a wishlist full of Kindle books but they’ve now removed the prices from this list (not from normal items, just Kindle books) so to see if a book has gone up/down in price I have to look through every single item’s listing, changing it from paperback (which it defaults to when clicked on) to Kindle version each time, which is tedious. I used to be able to see the prices at a glance on this list like any other wishlist so why change it?? Hardly an app that’s moving with the times and encouraging you to use technology/kindle over old-fashioned books with printing & packing costs delivered by diesel vans.",VicC14,,2021-12-22T00:23:39Z,True,web_ssr_helpful,False,False
63db7d3f8e883d6078fd0da5cb90c36386458c731b2d4a026d95d5a3b8c1c03c,8139413216,335187483,Amazon,gb,5,One criticism,Great products at good prices and quick delivery. My one niggle is that delivery people leave stuff on front doorstep which annoying as it leaves stuff open to view. I am concerned as their is a notice on front wall asking for delivery’s to be made at rear door.,Great products at good prices and quick delivery. My one niggle is that delivery people leave stuff on front doorstep which annoying as it leaves stuff open to view. I am concerned as their is a notice on front wall asking for delivery’s to be made at rear door.,42HT,17.22.2,2021-12-17T11:53:39Z,True,itunes_rss_mostHelpful,False,False
6cb3644ae25ca47f57f403540cc5a6865deb1d8e6eb6edf51cbdbb36a97169bd,8133599423,335187483,Amazon,gb,3,Missing at least one basic feature,When I’ve received my order and I give a negative feedback and say I haven’t received my order due to making a user error (like I ordered it to the wrong place) I have no recourse to correct that by giving feedback for that order again. There should be an easy way to undo the feedback that’s been given.,When I’ve received my order and I give a negative feedback and say I haven’t received my order due to making a user error (like I ordered it to the wrong place) I have no recourse to correct that by giving feedback for that order again. There should be an easy way to undo the feedback that’s been given.,vegancookies!,17.22.2,2021-12-15T18:23:57Z,True,itunes_rss_mostHelpful,False,False
cb9a239f340013ebd0446dd0761b9b4b1d4a849c62db6c5cb7b8f4f2e81b6d9b,8130175388,335187483,Amazon,gb,5,"Great app, so easy to shop!","This App is the first place I go when shopping online. I like how easy it is to use, has all my addresses and cards saved and takes seconds to check out. With the added convenience of having things delivered to lockers, I can’t think of a better shopping app to use.","This App is the first place I go when shopping online. I like how easy it is to use, has all my addresses and cards saved and takes seconds to check out. With the added convenience of having things delivered to lockers, I can’t think of a better shopping app to use.",AndyBB UK,17.22.2,2021-12-14T18:41:50Z,True,itunes_rss_mostHelpful,False,False
930f25303ec7715b06d6c5c31c925ffbae0c0c98e9828fd60d863e20420347d8,8126509009,335187483,Amazon,gb,5,Swipe to pay,"Once you have found your desired product searching through the user friendly platform, you are then given the option to swipe to pay for your goods along with the various payment methods makes this an enjoyable experience. Thank you.

kind regards

Ian","Once you have found your desired product searching through the user friendly platform, you are then given the option to swipe to pay for your goods along with the various payment methods makes this an enjoyable experience. Thank you.

kind regards 

Ian",capanica1,17.22.2,2021-12-13T16:39:58Z,True,itunes_rss_mostHelpful,False,False
d893f6ccc7ba09b2684f1fc1b6624eac7ded167034676752b026a3960a8a7b74,8105514845,335187483,Amazon,gb,4,Delivery charge added every time new details added,"Overall very good but I found to check and recheck the final amount due to the delivery charge being added every time I made changes to my details when at the checkout.
Unfortunately I had to cancel my last order and re order because the items had been grouped for delivery even after opting for a separate delivery because one item was not yet available for delivery.","Overall very good but I found to check and recheck the final amount due to the delivery charge being added every time I made changes to my details when at the checkout. 
Unfortunately I had to cancel my last order and re order because the items had been grouped for delivery even after opting for a separate delivery because one item was not yet available for delivery.",Idontgame2024,17.22.2,2021-12-07T17:54:34Z,True,itunes_rss_mostHelpful,False,False
22d6afa674a827ce10fe109894d14a78b68d4edffe8247c48d19c1ae6268c6ef,8091467764,335187483,Amazon,gb,3,Delay in refreshing the app,"I find that the app takes a while to update when you purchase something or even put things into your wish list. I panicked with my last order as I bought something and it didn’t show up in my purchases, but the money was taken out of my account. It updated eventually, but not until the next day.","I find that the app takes a while to update when you purchase something or even put things into your wish list. I panicked with my last order as I bought something and it didn’t show up in my purchases, but the money was taken out of my account. It updated eventually, but not until the next day.",Tuchi-roo,17.22.2,2021-12-03T19:15:56Z,True,itunes_rss_mostHelpful,False,False
f4eff3c5e9b3e2d6020e12d98a3239ec49698a1c7bcc5d1a7348389b6cfc5616,8065018512,335187483,Amazon,gb,5,Autocorrect,"When I'm looking for ""bluetooth midi"" that means I'm looking for a MIDI adapter, as a musician, and do not want to see anything for ""bluetooth miNi"" and a bunch of useless bt earplugs it thinks I need. When I looking for something, whatever it is, please give me the results for that actual string I wrote, and nothing else. Thank you.","When I'm looking for ""bluetooth midi"" that means I'm looking for a MIDI adapter, as a musician, and do not want to see anything for ""bluetooth miNi"" and a bunch of useless bt earplugs it thinks I need. When I looking for something, whatever it is, please give me the results for that actual string I wrote, and nothing else. Thank you.",blackhawkworks,17.22.2,2021-11-26T12:01:43Z,True,itunes_rss_mostHelpful,False,False
cde7889743336884c84a78dbb50679d3b84a149446cac504227bfc7cf15e865f,8060341496,335187483,Amazon,gb,5,Brilliant app,"I am very happy to see a lot of good changes made to this app. I give this app 5 star. Very easy to use and search for any product. The only thing that i am not happy about is the minimum £20 order to get a free delivery, compare to other competitors who has no minimum order limit.","I am very happy to see a lot of good changes made to this app. I give this app 5 star. Very easy to use and search for any product. The only thing that i am not happy about is the minimum £20 order to get a free delivery, compare to other competitors who has no minimum order limit.",ESHANN,17.22.2,2021-11-25T03:35:52Z,True,itunes_rss_mostHelpful,False,False
4e621b71621f89f854c9765f28c78b0db7d515bc07221f33eedf6d50a422bd24,8041104258,335187483,Amazon,gb,4,Almost perfect,"Great experience, great app and works EXTREMELY well in every aspect but could do with a couple of tweaks.

1. You shouldn’t be able to search for shopping items whilst on the Shopping Basket tab. Too easy to lose where you’re looking if you go back to the Basket.

2. Remove the back arrow in the corner when you’ve completed checkout, it looks like it tries to process the payment again (don’t want the hassle of being charged twice). Should just have the options to review your purchase or continue shopping without the option of going back a page.","Great experience, great app and works EXTREMELY well in every aspect but could do with a couple of tweaks.

1. You shouldn’t be able to search for shopping items whilst on the Shopping Basket tab. Too easy to lose where you’re looking if you go back to the Basket.

2. Remove the back arrow in the corner when you’ve completed checkout, it looks like it tries to process the payment again (don’t want the hassle of being charged twice). Should just have the options to review your purchase or continue shopping without the option of going back a page.",David Cutting,17.22.2,2021-11-19T17:02:51Z,True,itunes_rss_mostHelpful,False,False
5f8afa4faf340b47326006b970e8d0967345c665309a86b01b0a25ead9a39a7a,8027708771,335187483,Amazon,gb,3,STILL Some broken elements,"Quite often it is impossible to view all items in a list - just doesn't scroll down properly on iPad. Also, when you click on reviews, it NEVER EVER actually takes you to the reviews.

Another problem with lists on iPad is that the invite button doesn't actually work or do anything. Impossible to share lists.

The add to list button is still not obvious on the page and lists should really be one of the menu options at the bottom of the iPad screen as its wide enough. Overall, a disappointing app from a company this size.","Quite often it is impossible to view all items in a list - just doesn't scroll down properly on iPad. Also, when you click on reviews, it NEVER EVER actually takes you to the reviews.

Another problem with lists on iPad is that the invite button doesn't actually work or do anything. Impossible to share lists. 

The add to list button is still not obvious on the page and lists should really be one of the menu options at the bottom of the iPad screen as its wide enough. Overall, a disappointing app from a company this size.",Adriantheandroid,17.22.2,2021-11-15T19:00:23Z,True,itunes_rss_mostHelpful,False,False
4b4716416aa89faa47ab024b9bd81d63c4d72718ce05d832fec7a44f56f33828,8010005797,335187483,Amazon,gb,4,ITS DRIVING ME CRAZY'!!!,Either its being updated DAILY or there’s something wrong with it!!!!! Everytime I open the app its completely reset itself. All the dialogue boxes are coming up as if its a new thing (its not). I have it set a certain way so I can read with my disability and everytime I open the app its reset itself to how it started. Beyond frustrated!,Either its being updated DAILY or there’s something wrong with it!!!!! Everytime I open the app its completely reset itself. All the dialogue boxes are coming up as if its a new thing (its not). I have it set a certain way so I can read with my disability and everytime I open the app its reset itself to how it started. Beyond frustrated!,Pumperninkel,17.21.0,2021-11-10T20:06:46Z,True,itunes_rss_mostHelpful,False,False
11f5fbfc975e13f395290b9d80a73432aa84b08691c8b5b7a2dbff5d9ba926f9,7997145315,335187483,Amazon,gb,2,I was a fan of your app ..not now,"Why, why have you changed the App.  It is much more difficult to get information of orders.  Just today I thought I had ordered 3 items, then found I’d only ordered 2, it was hard to check this or amend.  When I looked at it again I still could not figure it out as easy as it would have been with the previous settings.  Not a fan.
Messes you around too much.","Why, why have you changed the App.  It is much more difficult to get information of orders.  Just today I thought I had ordered 3 items, then found I’d only ordered 2, it was hard to check this or amend.  When I looked at it again I still could not figure it out as easy as it would have been with the previous settings.  Not a fan.
Messes you around too much.",Tinamac61,17.21.0,2021-11-07T03:07:25Z,True,itunes_rss_mostHelpful,False,False
f29c262844399b8bf0dc438f6df979df88ae53a86575f5c0b2cc0ab96e5098f1,7989438777,335187483,Amazon,gb,3,App Review,"Since my last purchase the ordering process has changed.
There is no option to just select the items you wish to immediately buy from your basket instead only the entire basket is offered.
This is very inconvenient and takes extra time to faff about ordering individually, to the point I almost gave up and took my custom elsewhere.
Please revert to the previous method and allow paying customers to save time and just order items wanted in one transaction.
C A Moore","Since my last purchase the ordering process has changed. 
There is no option to just select the items you wish to immediately buy from your basket instead only the entire basket is offered.
This is very inconvenient and takes extra time to faff about ordering individually, to the point I almost gave up and took my custom elsewhere.
Please revert to the previous method and allow paying customers to save time and just order items wanted in one transaction.
C A Moore",CanIsend,17.21.0,2021-11-04T23:26:59Z,True,itunes_rss_mostHelpful,False,False
d15d437f41417853ab2b5edff912876e2af235cbcfc05b676f3f489b7542e58d,7984305622,335187483,Amazon,gb,3,improvement suggestions,"There needs to be a search button at the bottom the screen, or add a gesture to invoke search.

It’s too awkward to stretch your thumb to the top of the screen to reach the search field.

App would benefit from a dark mode, as the app’s white background is blinding at night.  Even make the app’s launch splash screen dark.","There needs to be a search button at the bottom the screen, or add a gesture to invoke search.

It’s too awkward to stretch your thumb to the top of the screen to reach the search field.

App would benefit from a dark mode, as the app’s white background is blinding at night.  Even make the app’s launch splash screen dark.",soiwaslike,17.21.0,2021-11-03T12:27:11Z,True,itunes_rss_mostHelpful,False,False
649a4422175c8a791f9b0d97c423fa9423cbff19ecdcc325f1ccb6a3b206a38f,7971692664,335187483,Amazon,gb,5,My thoughts,Having used this quite a number of times I think it’s well formed and explains clearly enough as to its products and prices. Also you have choices as to whether you want items delivered faster or not.,Having used this quite a number of times I think it’s well formed and explains clearly enough as to its products and prices. Also you have choices as to whether you want items delivered faster or not.,yeeeeeeeeeeer!!,17.20.0,2021-10-30T23:00:44Z,True,itunes_rss_mostHelpful,False,False
4c11ee7d69e2fae43a4b7d048f9702286c498ba215f8a8da9eb78dcd023f20a1,7930574439,335187483,Amazon,gb,4,Dark Mode?,Any chance you can develop a dark mode? Most of not all apps have this feature not to mention that most smart phones allow for this too. I do invert the colours however videos and photos don’t always show true and it hurts the experience. Just a suggestion as overall I love searching the app!,Any chance you can develop a dark mode? Most of not all apps have this feature not to mention that most smart phones allow for this too. I do invert the colours however videos and photos don’t always show true and it hurts the experience. Just a suggestion as overall I love searching the app!,Wells1892,17.20.0,2021-10-19T08:52:11Z,True,itunes_rss_mostHelpful,False,False
363f74ff2af2a6569af00ab5383dd664d7f0a4dd6888531ea816b36297f9a9e7,7924628723,335187483,Amazon,gb,3,Broken with iPad Magic Keyboard Trackpad,"Trying to select the action buttons at the bottom of the app screen with the iPad Pro magic keyboard trackpad, the cursor flies off up the screen and you can’t actually select the items except my touching the screen. This is definitely a bug in the app. Not sure what testing is done on each release; this is bizarre behaviour.","Trying to select the action buttons at the bottom of the app screen with the iPad Pro magic keyboard trackpad, the cursor flies off up the screen and you can’t actually select the items except my touching the screen. This is definitely a bug in the app. Not sure what testing is done on each release; this is bizarre behaviour.",ermintrudetoo,17.19.0,2021-10-17T13:35:22Z,True,itunes_rss_mostHelpful,False,False
a74045b63193b3f44851f6ec5f43439f153221bfd45de292b6f3f0c415fda9bb,7894839760,335187483,Amazon,gb,3,Invoice can’t be downloaded from application.,"I wanted to download and share the invoice of a product from app but after downloading the invoice it opens within the app and there is no option to share, print or even opening it in any other app. Even it is not visible within files on the phone or icloud. Everytime I want to share the invoice I have to login to browser to share it.","I wanted to download and share the invoice of a product from app but after downloading the invoice it opens within the app and there is no option to share, print or even opening it in any other app. Even it is not visible within files on the phone or icloud. Everytime I want to share the invoice I have to login to browser to share it.",AkhilSri,17.19.0,2021-10-09T11:07:27Z,True,itunes_rss_mostHelpful,False,False
9fc28e65df371f1aece718ff3082a5c91c99f53790a655fea16181738168deed,7852921251,335187483,Amazon,gb,1,The old app was the best.,"I’ve been a member for about 8 years I have roughly about 20 items a month from here,I’m a prime member have been for 6 years but now the new app has come about it’s no more next day delivery,I’ve just upgraded the app orded 3 items which I’ve ordered before and I’ve got to wait 3 days for 2 of the items and 5 days for the other,I’ve had these before and delived the next day,so sorry to say I’ve just cancelled my prime membership as I’m no better off,bad move for the new app.","I’ve been a member for about 8 years I have roughly about 20 items a month from here,I’m a prime member have been for 6 years but now the new app has come about it’s no more next day delivery,I’ve just upgraded the app orded 3 items which I’ve ordered before and I’ve got to wait 3 days for 2 of the items and 5 days for the other,I’ve had these before and delived the next day,so sorry to say I’ve just cancelled my prime membership as I’m no better off,bad move for the new app.",Boogie Barry,17.18.0,2021-09-28T04:54:51Z,True,itunes_rss_mostHelpful,False,False
aabd1df6209f620ac939da327474589f3ac62194067334f322fc75780efc98a0,7848852948,335187483,Amazon,gb,3,Quality of life: key info + a dark mode,"It works, doesn’t often crash but feel like navigation could be optimised

Important stuff like delivery passcode (never seen it before today) is basically unfindable when the guy is on the doorstep.

Naturally without a dark mode I cannot shop without burning my retinas with the power of 1000 suns when I remember that one thing I wanted before bed","It works, doesn’t often crash but feel like navigation could be optimised 

Important stuff like delivery passcode (never seen it before today) is basically unfindable when the guy is on the doorstep. 

Naturally without a dark mode I cannot shop without burning my retinas with the power of 1000 suns when I remember that one thing I wanted before bed",Max(imumApathy),17.18.0,2021-09-26T23:25:10Z,True,itunes_rss_mostHelpful,False,False
a2b17d545ccacf9c4b9ed3899e4b7d763854643d8073df8b3d7a9b8d3c75f999,7846235426,335187483,Amazon,gb,5,Easy and confident shopping,Shopping is quick and easy with useful information about product and delivery makes the whole process stress free and have confidence when purchasing online.,Shopping is quick and easy with useful information about product and delivery makes the whole process stress free and have confidence when purchasing online.,SophLouXx,17.18.0,2021-09-26T06:22:41Z,True,itunes_rss_mostHelpful,False,False
fc6abde3fa27c1aee715ed89008abb25c6513990ec0f6846c98c223c77bb3c96,7845045826,335187483,Amazon,gb,2,Apps Getting worse,"I use the app on iOS and the recent update has made it difficult to use, it’s as if no one has thought through the user experience from searching to buying. Navigating through the revised interface has gotten more difficult and once you’ve bought something it leaves to hanging in a dead end place which you then have to back out of all the way.","I use the app on iOS and the recent update has made it difficult to use, it’s as if no one has thought through the user experience from searching to buying. Navigating through the revised interface has gotten more difficult and once you’ve bought something it leaves to hanging in a dead end place which you then have to back out of all the way.",Scouser38,17.18.0,2021-09-25T21:01:39Z,True,itunes_rss_mostHelpful,False,False
32888c655136820b653b41215d07943c899192173794bb16d834be074adc04a3,7830809297,335187483,Amazon,gb,3,Review,"The lag on your app is really frustrating! Products keep appearing in my check out box also! Sometimes I’ve bought
Items twice which is also frustrating! And one item was a completely different shape to what it was in the picture!! Anyway, good app but delivery speed seems to mop be great either! Hope you can improve as a company and sort out your issues 😊","The lag on your app is really frustrating! Products keep appearing in my check out box also! Sometimes I’ve bought
Items twice which is also frustrating! And one item was a completely different shape to what it was in the picture!! Anyway, good app but delivery speed seems to mop be great either! Hope you can improve as a company and sort out your issues 😊",Rabbie Aitken,17.18.0,2021-09-21T19:58:48Z,True,itunes_rss_mostHelpful,False,False
e65a018f9ccf328503ce607adf736c267b5e9d06b699a46eb5df99dab4a2c230,7816602787,335187483,Amazon,gb,1,Nightmare,"It’s been a nightmare since latest update, screen constantly flips, can’t move screen along to see the items like the one your looking at and I get a white block at the bottom of the screen so you can only view a couple of items at a time when you’ve searched for something. Apart from the colour change and the issues people have already stated I don’t see what the point of the latest update was","It’s been a nightmare since latest update, screen constantly flips, can’t move screen along to see the items like the one your looking at and I get a white block at the bottom of the screen so you can only view a couple of items at a time when you’ve searched for something. Apart from the colour change and the issues people have already stated I don’t see what the point of the latest update was",Pessimist79,17.17.0,2021-09-17T20:16:49Z,True,itunes_rss_mostHelpful,False,False
8dd07247ce16c400f239968b209ee37d7c6eddc0c9a72501bac27ebb333f780e,7812015247,335187483,Amazon,gb,2,It’s now awful…!,"I don’t usually write reviews but ohh what have you done..?! The app used to work well on bot iPhone and iPad now it’s just terrible, did you even check it on an iPad?
It insists on starting portrait, only uses half the screen to display anything (but thinks it’s using more so images are half-masked), it frequently reverts to portrait mode whenever a screen is refreshed… I could go on but as of today it’s gone, uninstalled and will stay that way unless you carry out some major rework!","I don’t usually write reviews but ohh what have you done..?! The app used to work well on bot iPhone and iPad now it’s just terrible, did you even check it on an iPad?
It insists on starting portrait, only uses half the screen to display anything (but thinks it’s using more so images are half-masked), it frequently reverts to portrait mode whenever a screen is refreshed… I could go on but as of today it’s gone, uninstalled and will stay that way unless you carry out some major rework!",force8s,17.17.0,2021-09-16T13:04:24Z,True,itunes_rss_mostHelpful,False,False
0891d80d722bb1822d15cbbb36e94d2939c3816e7c460789cf590f8e9a5eb403,7811287336,335187483,Amazon,gb,2,Half of the page is now missing,"I know not why but for about a week half of the page is missing on screen on my ipad.  I am up to date. Cannot view products properly or minimise the screen (it stays quite large with only the top half of the page visible) and I cannot add shopping to my basket as the page view now omits the ‘add to basket’!! So frustrating and I have tried to follow google advice and turn off simple mode, but I don’t appear to have one 😁","I know not why but for about a week half of the page is missing on screen on my ipad.  I am up to date. Cannot view products properly or minimise the screen (it stays quite large with only the top half of the page visible) and I cannot add shopping to my basket as the page view now omits the ‘add to basket’!! So frustrating and I have tried to follow google advice and turn off simple mode, but I don’t appear to have one 😁",Julrosmo,17.17.0,2021-09-16T08:20:05Z,True,itunes_rss_mostHelpful,False,False
8bf5afd7739cde9be22f631eb50b8d11a843c306829cb3a1da0b9324fbd1f38d,7809720111,335187483,Amazon,gb,2,Latest update annoying,"Since the latest update the app can’t decide between landscape or portrait layout?, on my iPad you can have the iPad in landscape position but you select another department or item and the layout switches to portrait, also the open window does not fit the screen and you can’t drag the window across or up to see all the images or info, it’s very annoying but at least eBay is still working,","Since the latest update the app can’t decide between landscape or portrait layout?, on my iPad you can have the iPad in landscape position but you select another department or item and the layout switches to portrait, also the open window does not fit the screen and you can’t drag the window across or up to see all the images or info, it’s very annoying but at least eBay is still working,",Vigazle,17.17.0,2021-09-15T19:45:00Z,True,itunes_rss_mostHelpful,False,False
99cbf25d65fbaca923489d37e075b6b8c1fc9b9f5682313b12f9b20356995b37,7808849469,335187483,Amazon,gb,2,Half of page missing.,"I had no problems until a few days ago when the colours changed and the bottom section of the pages was missing. I have deleted and reinstalled several times and it keeps doing the same thing, I’ve given up and it will stay deleted now, it became impossible to use! Is this supposed to be an improvement?","I had no problems until a few days ago when the colours changed and the bottom section of the pages was missing. I have deleted and reinstalled several times and it keeps doing the same thing, I’ve given up and it will stay deleted now, it became impossible to use! Is this supposed to be an improvement?",Fed up user.,17.17.0,2021-09-15T14:09:57Z,True,itunes_rss_mostHelpful,False,False
b830b5b25ee0e24eeaa8b59b6967c0b2055d3f2d61959059f0a823f06e1b531e,7806297252,335187483,Amazon,gb,3,White band and iffy orientation,"Updated this app yesterday and can’t get rid of a deep, plain white band and the bottom of the page…whatever the orientation. This means you are prevented from seeing related products, products which have been viewed….. upon opening, the app displays in portrait view, sometimes it will change, but not always….
Left me completely disoriented as the app bears little resemblance to the former great always working…app.
Please help!","Updated this app yesterday and can’t get rid of a deep, plain white band and the bottom of the page…whatever the orientation. This means you are prevented from seeing related products, products which have been viewed….. upon opening, the app displays in portrait view, sometimes it will change, but not always….
Left me completely disoriented as the app bears little resemblance to the former great always working…app.
Please help!",Life bird,17.17.0,2021-09-14T19:26:54Z,True,itunes_rss_mostHelpful,False,False
d46dd657f7c9c9ac515968fbdd93f38aae20448ee4927b53043c26ff56b0e7c0,7805897838,335187483,Amazon,gb,1,Useless new update,"This app has worked really well and I’ve used it regularly for years. Inuit got told I had to update and since then it’s not working. It is failing to fit to the screen, meaning I can’t buy anything (right side is way off the screen and the bottom is blank) and it keeps trying to flip my screen to portrait, making it very flashy. Not sure what the update was supposed to have done, but it’s broken the app on my device. Absolute disaster!","This app has worked really well and I’ve used it regularly for years. Inuit got told I had to update and since then it’s not working. It is failing to fit to the screen, meaning I can’t buy anything (right side is way off the screen and the bottom is blank) and it keeps trying to flip my screen to portrait, making it very flashy. Not sure what the update was supposed to have done, but it’s broken the app on my device. Absolute disaster!",M0l1eh,17.17.0,2021-09-14T16:40:08Z,True,itunes_rss_mostHelpful,False,False
01c76c2399fa6b25abaf15bddba267e49082f3c65d27a10d1f7aa3285392a4a3,7804183621,335187483,Amazon,gb,2,Has been good till now,"My poor iPad doesn’t know which way is up, literally, and on this app only, regardless of which way around it finally settles, some sort of large white banner covers half the screen that’s totally empty making it impossible to do much of anything.
Latest update says bug fixes, well seems more like bug introduction.
As Prime customers I’m used to using the app a lot, and I have to say this is currrently awful.","My poor iPad doesn’t know which way is up, literally, and on this app only, regardless of which way around it finally settles, some sort of large white banner covers half the screen that’s totally empty making it impossible to do much of anything.
Latest update says bug fixes, well seems more like bug introduction.
As Prime customers I’m used to using the app a lot, and I have to say this is currrently awful.",Aierus,17.17.0,2021-09-14T05:42:04Z,True,itunes_rss_mostHelpful,False,False
acd305474a4072d9e04765f4256a462b4acc86d70515c61919a38feeca37005c,7803030563,335187483,Amazon,gb,1,Where has the pricing disappeared to?,"Since the update the prices have disappeared on items in my wish list. I have a list of books in my wish list for the kindle and used to check the prices each morning to see if they had prices dropped or Monthly for the kindle deals. The last few weeks the prices went on a few books and now it’s every single book ,being the prices back.","Since the update the prices have disappeared on items in my wish list. I have a list of books in my wish list for the kindle and used to check the prices each morning to see if they had prices dropped or Monthly for the kindle deals. The last few weeks the prices went on a few books and now it’s every single book ,being the prices back.",Wild@Heart83,17.17.0,2021-09-13T20:35:45Z,True,itunes_rss_mostHelpful,False,False
2f4f402caf2d4c2100d27396b956b3559c5bdfd1ceb567f5c81cd053e0289fd7,7802477200,335187483,Amazon,gb,2,What have they done to the iPad app?,"Used to work perfectly, now I can’t see a third of the screen because of some kind of blank ghost ribbon across the bottom.  All that’s on there is an “add to basket” button which I can’t shift. Plus the whole app keeps flicking to portrait mode even though the iPad is sat on a table in landscape and hasn’t moved a millimetre. There was an update today that didn’t fix anything. Please sort it out, it makes purchasing items a real slog.","Used to work perfectly, now I can’t see a third of the screen because of some kind of blank ghost ribbon across the bottom.  All that’s on there is an “add to basket” button which I can’t shift. Plus the whole app keeps flicking to portrait mode even though the iPad is sat on a table in landscape and hasn’t moved a millimetre. There was an update today that didn’t fix anything. Please sort it out, it makes purchasing items a real slog.",ShockDiamond,17.17.0,2021-09-13T16:33:53Z,True,itunes_rss_mostHelpful,False,False
13ec41a976bf96776c7e2018b7cad22d2af87062106e9efeb8901354d5837b0f,7801947377,335187483,Amazon,gb,1,Atrocious on older iPad,"I used to find this app pretty convenient, but I use an iPad Pro from 2015 (no need to change) instead of a laptop. The latest update seems to load in portrait format which means flipping the screen twice to get it into landscape. Once that has been tackled and the item required has been located I find that the “Buy” button is off the right hand side of the screen with no means of accessing it. The quickest workaround is to load the three items that are “frequently bought together” into the basket and then delete the two I don’t want.
Its probably easier to drive to the shops (over 10 miles away) than to use this app.
Fortunately there are other retailers who make life easier than this.","I used to find this app pretty convenient, but I use an iPad Pro from 2015 (no need to change) instead of a laptop. The latest update seems to load in portrait format which means flipping the screen twice to get it into landscape. Once that has been tackled and the item required has been located I find that the “Buy” button is off the right hand side of the screen with no means of accessing it. The quickest workaround is to load the three items that are “frequently bought together” into the basket and then delete the two I don’t want.
Its probably easier to drive to the shops (over 10 miles away) than to use this app.
Fortunately there are other retailers who make life easier than this.",ZZ1.Tim,17.17.0,2021-09-13T13:27:59Z,True,itunes_rss_mostHelpful,False,False
e905405f6ca1230b1076064898339c5e660756f26182e7b18720615bd45abb78,7801498720,335187483,Amazon,gb,5,Not Yet Dispatched Option !,"Hallelujah!! After taking it away finally, finally an option is back in Filter Orders to view your Outstanding (or as they are now calling it Not Yet Dispatched) Orders 😃

It’s a shame about the portrait bug etc and the fact kindle prices appear to have gone but at least somebody listened about the filter options 👍","Hallelujah!! After taking it away finally, finally an option is back in Filter Orders to view your Outstanding (or as they are now calling it Not Yet Dispatched) Orders 😃

It’s a shame about the portrait bug etc and the fact kindle prices appear to have gone but at least somebody listened about the filter options 👍",beatlesaint,17.17.0,2021-09-13T10:50:53Z,True,itunes_rss_mostHelpful,False,False
95f486ac6721ded86040692c5ae2c6d1739ffdbf64d1d91d3c26a437b58c3de0,7799311718,335187483,Amazon,gb,2,Poor iOS iPad support,"I’ve used the app for several years and it the display orientation was always aligned with the iPad orientation, the text was easy to read, the functions that I used most were easily available. Not any more!

The app ignores the iPad orientation; the home screen starts in portrait mode but displays content that appears to be intended for landscape mode - so a lot of content is off the screen and isn’t scrollable. When I navigate into product information, the content is formatted properly but the text is much smaller than before. The effect is that the app is unusable by anyone either elderly or with any real visual impairment.

The wish list is no longer available directly from the home screen (I don’t mean the “alexa wish list” which seems to be more about groceries than the kind of online shopping that I do). Instead, I have to find it via the “profile” tab.

For me, this is a huge backwards step. If things don’t improve soon, I may as well delete the app and use a browser. At least I’ll get functionality and readable text.","I’ve used the app for several years and it the display orientation was always aligned with the iPad orientation, the text was easy to read, the functions that I used most were easily available. Not any more! 

The app ignores the iPad orientation; the home screen starts in portrait mode but displays content that appears to be intended for landscape mode - so a lot of content is off the screen and isn’t scrollable. When I navigate into product information, the content is formatted properly but the text is much smaller than before. The effect is that the app is unusable by anyone either elderly or with any real visual impairment. 

The wish list is no longer available directly from the home screen (I don’t mean the “alexa wish list” which seems to be more about groceries than the kind of online shopping that I do). Instead, I have to find it via the “profile” tab.

For me, this is a huge backwards step. If things don’t improve soon, I may as well delete the app and use a browser. At least I’ll get functionality and readable text.",ooklibrarian,17.17.0,2021-09-12T17:52:22Z,True,itunes_rss_mostHelpful,False,False
b63d819d146d29817c34010fb091f85b20d7c75c9bfc5668fd3d3e20d108f20d,7798577008,335187483,Amazon,gb,2,What the hell have you done?,"You’ve taken something that worked great and given it a makeover that has ruined its functionality.
Won’t lock in portrait anymore. Bottom quarter of the screen won’t draw. I used to use this everyday to feed my Prime addiction.
Now i find myself wanting to avoid it and look for other places to buy what i need.
It wasn’t broken before but it is now!","You’ve taken something that worked great and given it a makeover that has ruined its functionality. 
Won’t lock in portrait anymore. Bottom quarter of the screen won’t draw. I used to use this everyday to feed my Prime addiction.
Now i find myself wanting to avoid it and look for other places to buy what i need. 
It wasn’t broken before but it is now!",Redmanc68,17.17.0,2021-09-12T13:46:29Z,True,itunes_rss_mostHelpful,False,False
ccfc79d2a1595ca0ebf2a8c38050189ec82e85d5b1d6cbd0593d163bb85f071b,7798036438,335187483,Amazon,gb,3,Changes,"Love this app and the ease of use, but all of a sudden the screen keeps changing from landscape to portrait. Why? Please stop changing things that work. Now there is white space at the foot of the page so you only have 2/3rds of a page. Really don’t know what is going on but it’s annoying to say the least. Please put the app back to its fully working state","Love this app and the ease of use, but all of a sudden the screen keeps changing from landscape to portrait. Why? Please stop changing things that work. Now there is white space at the foot of the page so you only have 2/3rds of a page. Really don’t know what is going on but it’s annoying to say the least. Please put the app back to its fully working state",m1tchec,17.17.0,2021-09-12T10:41:22Z,True,itunes_rss_mostHelpful,False,False
7131e769c17ed9db21e31b510447726e8d267984faf05d0c92800e53dff929de,7797930290,335187483,Amazon,gb,4,Odd account presentation,"Not sure what is happening, the update from 5 days ago was working fine, now the theme colour is a pale blue, orientation keeps switching and part of the screen is simply not used. Uninstalling and reinstalling the app corrects this for a short period of time, then on the next opening of the app the presentation goes odd again.

As this only started a few days after the app update I suspect it is server based, but as annoying as hell. Using the browser version until it is fixed.","Not sure what is happening, the update from 5 days ago was working fine, now the theme colour is a pale blue, orientation keeps switching and part of the screen is simply not used. Uninstalling and reinstalling the app corrects this for a short period of time, then on the next opening of the app the presentation goes odd again.

As this only started a few days after the app update I suspect it is server based, but as annoying as hell. Using the browser version until it is fixed.",RavenofLeys,17.17.0,2021-09-12T09:59:48Z,True,itunes_rss_mostHelpful,False,False
13f113d11d911c2bf36d9f978505178e929224f8bf13987710128b2f3d60dac1,7797875539,335187483,Amazon,gb,5,Update just makes it infuriating,"New update makes it infuriating to use in landscape orientation. It worked perfectly well in either portrait or landscape before the update. Why change it just to limit it to one orientation? Honestly I swear developers are their & our worse enemy, if it works just leave it alone!!","New update makes it infuriating to use in landscape orientation. It worked perfectly well in either portrait or landscape before the update. Why change it just to limit it to one orientation? Honestly I swear developers are their & our worse enemy, if it works just leave it alone!!",Jeep addict Steve,17.17.0,2021-09-12T09:38:29Z,True,itunes_rss_mostHelpful,False,False
771b1b0ef4c959e042900863904eb07f74afeb11a6ca17bd01e1ae6b8348523e,7797874099,335187483,Amazon,gb,5,Screen Change,"Why on the latest update do I get a white strip about 2inches right across the bottom of the screen? I much prefer the previous version, surely you can update to fix bugs etc without changing the screen view we are all used to ? If it ain’t broke bony mend it 🤷🏻‍♀️","Why on the latest update do I get a white strip about 2inches right across the bottom of the screen? I much prefer the previous version, surely you can update to fix bugs etc without changing the screen view we are all used to ? If it ain’t broke bony mend it 🤷🏻‍♀️",Valanne,17.17.0,2021-09-12T09:37:54Z,True,itunes_rss_mostHelpful,False,False
e84aa540f69927c21fb98bc551295affaa69b1a4546fe04c330c1bed817baaec,7797575846,335187483,Amazon,gb,1,iPad Pro orientation broken.,I have the latest iPad and for the past 3 versions of this app when you look at images or videos of reviews it keeps changing the orientation of the screen for no good reason. And it’s getting	ing to be a pain as it’s doing the same in other areas. And you have to orientation the iPad to get it back to the right orientation.  Do you not test your software.   Had to go and use the web based version as this is a terrible broken app and never had problems until the last 3 versions.,I have the latest iPad and for the past 3 versions of this app when you look at images or videos of reviews it keeps changing the orientation of the screen for no good reason. And it’s getting	ing to be a pain as it’s doing the same in other areas. And you have to orientation the iPad to get it back to the right orientation.  Do you not test your software.   Had to go and use the web based version as this is a terrible broken app and never had problems until the last 3 versions.,MeridiusUK,17.17.0,2021-09-12T07:42:24Z,True,itunes_rss_mostHelpful,False,False
9dce9407378bc0e90f958851129b46550cc0f582f9a364c357092c7b80450b6c,7796074468,335187483,Amazon,gb,1,Was great until today’s update!,"I’ve used this app for some years now and always been happy with it even when they keep making annoying changes to it, however I installed the latest update today and now when I open the app everything has moved and I now have a big white block at the bottom half of the screen so I can’t see the page properly, and when I click into an item the right hand side of the page is missing so I can’t see the area with the price or buy it buttons! What the hell have they done to it??? Change it back, it was fine before, and the new colour scheme is sickly!","I’ve used this app for some years now and always been happy with it even when they keep making annoying changes to it, however I installed the latest update today and now when I open the app everything has moved and I now have a big white block at the bottom half of the screen so I can’t see the page properly, and when I click into an item the right hand side of the page is missing so I can’t see the area with the price or buy it buttons! What the hell have they done to it??? Change it back, it was fine before, and the new colour scheme is sickly!",Shazzer243,17.17.0,2021-09-11T21:05:54Z,True,itunes_rss_mostHelpful,False,False
15682937a753f2c421d448e9cfb1e8c7739f8cc5db030edb8bc09d93f3a21614,7795700048,335187483,Amazon,gb,2,Perfect app gone to pot,"What happened? This was a perfect app. Since the last upgrade it has become a nuisance to use on the iPad. It keeps opening in portrait. When you close and open the app again it sometimes goes back to landscape but a third of the screen is blank and unusable.
Please do something about this or it will mean I will have to go back to the website.
Wish I could attached a screen shot of the problem.","What happened? This was a perfect app. Since the last upgrade it has become a nuisance to use on the iPad. It keeps opening in portrait. When you close and open the app again it sometimes goes back to landscape but a third of the screen is blank and unusable. 
Please do something about this or it will mean I will have to go back to the website. 
Wish I could attached a screen shot of the problem.",Usank,17.17.0,2021-09-11T18:19:33Z,True,itunes_rss_mostHelpful,False,False
43eb7badac3636d8011dd6bfe2e068a2c366c3828cc70825b3441fa0f0ab2ac7,7795555703,335187483,Amazon,gb,5,A thanks to all,"Great job to all ,. Thank you 😀, the whole site is fab and the way I can use app helps a lot as I’m not the greatest with techno but between iPhone , other apps but by far this is the best so thank you for all the hard work that maybe we don’t see behind the scenes so very much appreciate from yoal . Ta","Great job to all ,. Thank you 😀, the whole site is fab and the way I can use app helps a lot as I’m not the greatest with techno but between iPhone , other apps but by far this is the best so thank you for all the hard work that maybe we don’t see behind the scenes so very much appreciate from yoal . Ta",angel hariel 73,17.17.0,2021-09-11T17:23:07Z,True,itunes_rss_mostHelpful,False,False
6c48b4563e57f18ea49051268c2a96c31dbc4f9af7a1cdf99ece44837f14f6d1,7795066469,335187483,Amazon,gb,2,Faulty for ages,"Been quite a few months (and a few updates) that this app is broken. Every-time you do something on it (look at an item and go back for example) the thing opens in portrait mode.  Also often opens in portrait from the start. You then have to either close the app or swivel your iPad back and fourth, then seconds later back to portrait.

Also, since the latest update there is a large (at least a third of the screen) blank white band across the bottom of the page.

Why is it taking so long to fix the orientation issues, and now the white band issue?  App developers all off on the sick and cleaners taken over?  Back to the drawing board, developers!

Back to using the web version I guess.","Been quite a few months (and a few updates) that this app is broken. Every-time you do something on it (look at an item and go back for example) the thing opens in portrait mode.  Also often opens in portrait from the start. You then have to either close the app or swivel your iPad back and fourth, then seconds later back to portrait. 

Also, since the latest update there is a large (at least a third of the screen) blank white band across the bottom of the page. 

Why is it taking so long to fix the orientation issues, and now the white band issue?  App developers all off on the sick and cleaners taken over?  Back to the drawing board, developers!

Back to using the web version I guess.",Taffy UK,17.17.0,2021-09-11T14:41:35Z,True,itunes_rss_mostHelpful,False,False
43d9491db84363da3f862e55cebab6962ae7d2a78949660b01102349d75f797d,7792195004,335187483,Amazon,gb,2,Something is wrong with the latest update,Recently the app gives me an error message most of the time I try to add something to my basket. It is really frustrating as I need to find alternative ways of buying the products. Sometimes it helps if I restart the whole app; other times it doesn’t make any difference and I still can’t purchase the product. This has to be fixed ASAP.,Recently the app gives me an error message most of the time I try to add something to my basket. It is really frustrating as I need to find alternative ways of buying the products. Sometimes it helps if I restart the whole app; other times it doesn’t make any difference and I still can’t purchase the product. This has to be fixed ASAP.,Nida01i,17.17.0,2021-09-10T19:49:53Z,True,itunes_rss_mostHelpful,False,False
4b7572e3722d82f387d09202c6462945e32b45848eef66c4403f07b52c147f6b,7791896995,335187483,Amazon,gb,1,Portrait?,"App keeps opening up in portrait mode since the last update. Why oh why can’t things be left alone when they work. If it ain’t broke……….and the bottom half of the screen is blank. Can’t the software developers see this? Obviously, they don’t look at the reviews. So now we have an App that actually worked. Developers have done an update. Now it’s not fit for purpose. I wonder how long we have to wait for the next update to fix the last update. I have now deleted the App and gone back to the webpage.
🤔🤬🤬","App keeps opening up in portrait mode since the last update. Why oh why can’t things be left alone when they work. If it ain’t broke……….and the bottom half of the screen is blank. Can’t the software developers see this? Obviously, they don’t look at the reviews. So now we have an App that actually worked. Developers have done an update. Now it’s not fit for purpose. I wonder how long we have to wait for the next update to fix the last update. I have now deleted the App and gone back to the webpage. 
🤔🤬🤬",Hadge1,17.17.0,2021-09-10T17:35:41Z,True,itunes_rss_mostHelpful,False,False
80f1f01e3e4797b10af035aeaef7915382c0a6ac3214aad7eac15d91292dead3,7791554228,335187483,Amazon,gb,5,Can’t see to order stuff on new app on I pad,The layout on the app has changed on my i pad can’t see items on screen they’re all hanging off the edges!! So off and can’t find any wagers to sort it. It keeps switching landscape!! Off to other shopping app now,The layout on the app has changed on my i pad can’t see items on screen they’re all hanging off the edges!! So off and can’t find any wagers to sort it. It keeps switching landscape!! Off to other shopping app now,gillygilly66,17.17.0,2021-09-10T15:26:14Z,True,itunes_rss_mostHelpful,False,False
55b623d8ba999f9984d0365d5be27ef42060a3304e8f6b73675f6fa00bd29ffe,7791233647,335187483,Amazon,gb,1,App is practically unusable,"I don’t know what happened with the latest update but my app refuses to stay in landscape mode, I have to flip my iPad every single time I go to a new page.
Half of the screen is being covered by a blank white bar and I can’t scroll along sideways to view products, most are half-hidden on the right side of my screen.
Portrait mode isn’t an option either as all these problems remain but the product viewing is even Worse than in landscape.
The entire thing is basically unusable at this point.","I don’t know what happened with the latest update but my app refuses to stay in landscape mode, I have to flip my iPad every single time I go to a new page. 
Half of the screen is being covered by a blank white bar and I can’t scroll along sideways to view products, most are half-hidden on the right side of my screen.
Portrait mode isn’t an option either as all these problems remain but the product viewing is even Worse than in landscape.
The entire thing is basically unusable at this point.",LlamaLikesLicking,17.17.0,2021-09-10T13:44:03Z,True,itunes_rss_mostHelpful,False,False
650ac67d226f83f1bcf82b33e25c594abbfb2e5c9cbe6f9f18596cbc27871b70,7788003079,335187483,Amazon,gb,1,This app needs an update!,"I have deleted and reinstalled this app a few times in an atte,pt to resolve a few issues. I use the app on my iPad, and ever time I switch screens (using the icons at the bottom) in landscape (horizontal) mode, the app switches to portrait (vertical) mode. Not sure why it does that. It still functions, but it is very annoying. Additionally, there is this really odd border at the bottom that is blank. It covers about 1/3 of the screen. Maybe it’s supposed to be an ad, or an announcement, but it is just blank with no apparent way to get rid of it. This covers some of the content on the screen.","I have deleted and reinstalled this app a few times in an atte,pt to resolve a few issues. I use the app on my iPad, and ever time I switch screens (using the icons at the bottom) in landscape (horizontal) mode, the app switches to portrait (vertical) mode. Not sure why it does that. It still functions, but it is very annoying. Additionally, there is this really odd border at the bottom that is blank. It covers about 1/3 of the screen. Maybe it’s supposed to be an ad, or an announcement, but it is just blank with no apparent way to get rid of it. This covers some of the content on the screen.",Ebbinterest,17.17.0,2021-09-09T14:55:56Z,True,itunes_rss_mostHelpful,False,False
f89ff6e5d80aca9af620462bd36947d571d2b550fc3103063409a54633f4c020,7769107594,335187483,Amazon,gb,5,ChrisR,"Quick, easy. Saves precious time looking around for that right purchase and at the right price.
Finding the item you require without endless hours visiting many retailers and not coming away with exactly what your looking for.
Delivered quickly with little fuss.
Delivery,  checking the app knowing when the delivery will take place for those times when you need to be home to accept the item, or just awareness of what time the item will arrive
It does have many benefits of making like easier","Quick, easy. Saves precious time looking around for that right purchase and at the right price. 
Finding the item you require without endless hours visiting many retailers and not coming away with exactly what your looking for.
 Delivered quickly with little fuss. 
Delivery,  checking the app knowing when the delivery will take place for those times when you need to be home to accept the item, or just awareness of what time the item will arrive 
It does have many benefits of making like easier",petvienna,17.16.2,2021-09-04T07:30:40Z,True,itunes_rss_mostHelpful,False,False
d8ffc62d0601b3a1698d938058488e7db82a077e778058401f273a03704b8cf8,7753109974,335187483,Amazon,gb,5,Have used it for many years !,I have found it to be an extremely easy app to use and have never had any problems as of writing this review. I have found my older mother and father have no problem using the apps or websites either.,I have found it to be an extremely easy app to use and have never had any problems as of writing this review. I have found my older mother and father have no problem using the apps or websites either.,natcol84,17.16.2,2021-08-30T22:54:22Z,True,itunes_rss_mostHelpful,False,False
27fe4ac7e8bd9ee1cb300acd7c1afb582d761a6bfc8c04d0f8c124297a59be73,7750890497,335187483,Amazon,gb,1,Gripe reviewing purchases,I keep getting mails to review my purchases how was the delivery what was the product like etc. i have no issue doing this but I once managed to review a whole heap of items in one hit but cant do that now. Why is this not an option within the app that you can easily find in the menu that gives the choice to review those that you have not done. Then another option to see and possibly alter reviews as things can go bad after a while.,I keep getting mails to review my purchases how was the delivery what was the product like etc. i have no issue doing this but I once managed to review a whole heap of items in one hit but cant do that now. Why is this not an option within the app that you can easily find in the menu that gives the choice to review those that you have not done. Then another option to see and possibly alter reviews as things can go bad after a while.,Dunnyrail,17.15.2,2021-08-30T09:00:26Z,True,itunes_rss_mostHelpful,False,False
60ad2a81907ad4d718b266bfcf1c18d91b76377b6902d042ef07a3a102c25f83,7748525696,335187483,Amazon,gb,1,"Slow to load, laggy scroll, inoperable","Used to love this app - used most days. But for some reason it’s been inoperable the last few weeks. I can’t scroll through products without huge lag problems. Images won’t load. SomEtimes whole products just take forever to load. Click a button nothing happens, then 3seconds later it activates. Just really slow, really laggy and un-useable.
I thought it might be a data service issue but No other app on my phone does it so I’m not so sure.
Doesn’t matter if I’m on WiFi or using data - app performance is still the same… poor at best, un-usable at worst.","Used to love this app - used most days. But for some reason it’s been inoperable the last few weeks. I can’t scroll through products without huge lag problems. Images won’t load. SomEtimes whole products just take forever to load. Click a button nothing happens, then 3seconds later it activates. Just really slow, really laggy and un-useable. 
I thought it might be a data service issue but No other app on my phone does it so I’m not so sure.
Doesn’t matter if I’m on WiFi or using data - app performance is still the same… poor at best, un-usable at worst.",jsjxbahoddns,17.15.2,2021-08-29T16:15:10Z,True,itunes_rss_mostHelpful,False,False
7f7ef730382ce4a50e0b3b0cae000867d4e864a9cccaad5e517199d4581eda97,7748307625,335187483,Amazon,gb,5,Simplicity itself,I can generally find what I need also I probably spend less money on shopping for items I really ‘don’t need’ and definitely don’t waste so much time browsing in shops or paying for car parking!,I can generally find what I need also I probably spend less money on shopping for items I really ‘don’t need’ and definitely don’t waste so much time browsing in shops or paying for car parking!,Elgin15,17.15.2,2021-08-29T15:04:55Z,True,itunes_rss_mostHelpful,False,False
b15881366e78b04dd8009398214995fb1693e200dc184cdd0f3ec964c8fdedb3,7748306849,335187483,Amazon,gb,3,Buggy,"Latest version of the app on iPad has an problem with detecting screen orientation in horizontal alignment, it’ll get confused on initial load and spins around before settling, then as you look around in the app, it would often just orient itself in portrait and lock itself in that position..

Order and tracking could be better, too many buttons to click to get to the information you need.","Latest version of the app on iPad has an problem with detecting screen orientation in horizontal alignment, it’ll get confused on initial load and spins around before settling, then as you look around in the app, it would often just orient itself in portrait and lock itself in that position.. 

Order and tracking could be better, too many buttons to click to get to the information you need.",dr0nzer,17.15.2,2021-08-29T15:04:42Z,True,itunes_rss_mostHelpful,False,False
de85707c81ee7602a2271a1fe8e01a39d1450d6d4cb89719624b0e236d74f7e9,7732988918,335187483,Amazon,gb,5,Faster than fast delivery,"Great service from start to finish, there’s times when you think your items have arrived before you actually ordered it there that quick, returns are few and far between but help is always on hand why can’t other companies do this","Great service from start to finish, there’s times when you think your items have arrived before you actually ordered it there that quick, returns are few and far between but help is always on hand why can’t other companies do this",3341deanp,17.15.2,2021-08-25T14:05:26Z,True,itunes_rss_mostHelpful,False,False
1170fc15ff2b137fa754ab021f4eaaa74c3b33d8cc6b4fe964c350372ccd78fc,7732726069,335187483,Amazon,gb,3,Not very clear,"The app is great if you want to just keep update with deliveries👌🏻

However, when purchasing items there can be glitches as well as finding your sub&saved items to cancel is very unclear
There’s currently a CS11 issue, which was resolved at first (by re-downloading the app) and later unresolved, with now an issue that’s been ongoing for a couple days now.","The app is great if you want to just keep update with deliveries👌🏻

However, when purchasing items there can be glitches as well as finding your sub&saved items to cancel is very unclear
There’s currently a CS11 issue, which was resolved at first (by re-downloading the app) and later unresolved, with now an issue that’s been ongoing for a couple days now.",roxynial,17.15.2,2021-08-25T12:47:30Z,True,itunes_rss_mostHelpful,False,False
0382fcfe94c0d59fb996ae62e109de3441487be01398f990a53303a49a46edc9,7731930576,335187483,Amazon,gb,1,App broken,"Till yesterday profile and order history section was broken and I was forced to update the new version but surprisingly there is no intimation to user in app that new version is available it’s bit pathetic. Unless I intentionally go to store I am clueless if issue is fixed or ur tech team still working. One add on idea from my end is whenever mishaps happen and u release new version develop a feature like dismissible pop up which u can target based on ur build version for informing user there is new version available.
However after update still we have one issue. When you tap on DFP add for cif wipes it take you to blank page.","Till yesterday profile and order history section was broken and I was forced to update the new version but surprisingly there is no intimation to user in app that new version is available it’s bit pathetic. Unless I intentionally go to store I am clueless if issue is fixed or ur tech team still working. One add on idea from my end is whenever mishaps happen and u release new version develop a feature like dismissible pop up which u can target based on ur build version for informing user there is new version available.
However after update still we have one issue. When you tap on DFP add for cif wipes it take you to blank page.",BinayAgarwal,17.15.2,2021-08-25T08:07:25Z,True,itunes_rss_mostHelpful,False,False
5bf3293ae2d02e6c8294c427e65ea5b06de9555977709d37ef35827b38b30d5b,7730586605,335187483,Amazon,gb,5,Good but just one thing,"When I rote a product review the app lost it while I was trying to add a photo,, then seems to submit my review on the wrong item. When I went back on 4th attempt it lost my updated review ant the original wrong one was there. Maybe it’s me but I now don’t know what’s been added to what .

Cs11 error widespread tecnicsl fault in app is affecting many people","When I rote a product review the app lost it while I was trying to add a photo,, then seems to submit my review on the wrong item. When I went back on 4th attempt it lost my updated review ant the original wrong one was there. Maybe it’s me but I now don’t know what’s been added to what .

Cs11 error widespread tecnicsl fault in app is affecting many people",bob1234567890az,17.15.2,2021-08-24T22:43:17Z,True,itunes_rss_mostHelpful,False,False
54878163e1d79f9699082657cb2546ba63d8bb7e3e69c4c1390b0aceef15487c,7730291528,335187483,Amazon,gb,3,was ok but updates keep breaking it,"finally fixed bug brought by last  update gave error CS11 whenever you try anything account related like checking orders or even buying something. this is on top of bug introduced in 17-11 in when selecting instalments this shows right up until you pay then order confirmation comes through as pay in full. and ability tinder open orders still not brought back

remember the point is to make it easy for us to buy stuff and track ordera","finally fixed bug brought by last  update gave error CS11 whenever you try anything account related like checking orders or even buying something. this is on top of bug introduced in 17-11 in when selecting instalments this shows right up until you pay then order confirmation comes through as pay in full. and ability tinder open orders still not brought back

remember the point is to make it easy for us to buy stuff and track ordera",Mike Nelson 1963,17.15.2,2021-08-24T20:20:09Z,True,itunes_rss_mostHelpful,False,False
0560fedf99cd1f6eae8c36eaf624aaecac1404f0078065348ddc05690923b36b,7726724750,335187483,Amazon,gb,5,Challenge,"Everything I’ve ordered from this site, paying for upfront, having total faith in Amazons fantastic service has turned up on time, and it’s as it should be, so I’m all in for the long haul, so thank you, great job to all.

Challenge

Just putting this out there? But I’ve never won anything.","Everything I’ve ordered from this site, paying for upfront, having total faith in Amazons fantastic service has turned up on time, and it’s as it should be, so I’m all in for the long haul, so thank you, great job to all. 
        
Challenge

Just putting this out there? But I’ve never won anything.",martinthornett,17.15.0,2021-08-23T20:59:39Z,True,itunes_rss_mostHelpful,False,False
fc50178b20d2c2e0714a4118dc810dc2c5e044ca7e6ae22b328db4ad404fecbb,7725751175,335187483,Amazon,gb,1,No customer support,I am appalled with this company my friend from India but me gift card for 35 pounds and rings for £60 and I can’t use the codes for the coupons and I haven’t received the rings there seems to me no contact here in U.K. he can contact his customer service but here no contact so basically you took his money and didn’t deliver the goods quite frankly you don’t even deserve one star. You a multi billion pound cooperation with no customer service to me I can’t trust a company like this ever again,I am appalled with this company my friend from India but me gift card for 35 pounds and rings for £60 and I can’t use the codes for the coupons and I haven’t received the rings there seems to me no contact here in U.K. he can contact his customer service but here no contact so basically you took his money and didn’t deliver the goods quite frankly you don’t even deserve one star. You a multi billion pound cooperation with no customer service to me I can’t trust a company like this ever again,spaceboundshady3,17.15.0,2021-08-23T14:42:15Z,True,itunes_rss_mostHelpful,False,False
251fc2db7067a72892750c020e9d141dd96c2540253fb240feb7653426c4d89a,7702389934,335187483,Amazon,gb,1,Suddenly very laggy and slow,"This app did work great until the most recent update about a week ago and now the interface gets very laggy / choppy after a few minutes of use. I am running the latest (non beta) version of iOS on a iPhone 11 Pro and this is the only app this is happening with.

It’s very frustrating when trying to browse the search list or read through a longer product listing and killing and restarting the app only fixes it for a few minutes.","This app did work great until the most recent update about a week ago and now the interface gets very laggy / choppy after a few minutes of use. I am running the latest (non beta) version of iOS on a iPhone 11 Pro and this is the only app this is happening with. 

It’s very frustrating when trying to browse the search list or read through a longer product listing and killing and restarting the app only fixes it for a few minutes.",TomJames,17.15.0,2021-08-17T08:33:43Z,True,itunes_rss_mostHelpful,False,False
72ba7a35ba2488e01b4eb63b6aa80dd6df83bafa3ff31db44bd87773eb392d37,7685041088,335187483,Amazon,gb,1,Broken update on iPhone 11 - Still broken - Still broken,"Recent update is poor on iPhone 11. When browsing/scrolling the app gets slower and slower, and the phone gets hotter and hotter. Eventually hangs, often on an image that can’t be shrunk (the cross to shrink it appears almost off the edge of the screen). Updated today but it’s still broken on iPhone 11. Choppy scrolling and grinds to a halt quickly. Whatever bug fix was done today has not fixed the major issues the app has developed in the last 2 weeks!

Update - 12th August - app is still broken on iPhone 11 - very choppy scrolling, eventually grinds to a halt, runs the CPU at 100% etc","Recent update is poor on iPhone 11. When browsing/scrolling the app gets slower and slower, and the phone gets hotter and hotter. Eventually hangs, often on an image that can’t be shrunk (the cross to shrink it appears almost off the edge of the screen). Updated today but it’s still broken on iPhone 11. Choppy scrolling and grinds to a halt quickly. Whatever bug fix was done today has not fixed the major issues the app has developed in the last 2 weeks!

Update - 12th August - app is still broken on iPhone 11 - very choppy scrolling, eventually grinds to a halt, runs the CPU at 100% etc",Nujol,17.15.0,2021-08-12T16:16:25Z,True,itunes_rss_mostHelpful,False,False
88a2e840e5b52658f9a8d929b98f2a36d1ebf889e95b309d77480089b49a9a2b,7679679033,335187483,Amazon,gb,1,Gets worse with every update,"Updates to improve an app make sense. When it’s to make things more confusing and to push sponsored content before your enquiry then that’s not on. And there is no option to turn off the embedded videos that now play in the result. Do not want that. Did not ask for that. So it’s time to bin the app and go back to a PC web browser with AdBlock Plus and Badger Privacy enabled.

Would also recommend browsing signed out. It’s “odd” how many better deals are available on Prime when it thinks your not a Prime member.","Updates to improve an app make sense. When it’s to make things more confusing and to push sponsored content before your enquiry then that’s not on. And there is no option to turn off the embedded videos that now play in the result. Do not want that. Did not ask for that. So it’s time to bin the app and go back to a PC web browser with AdBlock Plus and Badger Privacy enabled. 

Would also recommend browsing signed out. It’s “odd” how many better deals are available on Prime when it thinks your not a Prime member.",Magathery,17.15.0,2021-08-11T07:38:19Z,True,itunes_rss_mostHelpful,False,False
d69c9459d1a6668eb7ee88cd735630656567edbcec21471adf9f45a0c64cb4d2,7677645635,335187483,Amazon,gb,1,Absolute joke of customer services and yet the cheek to call themselves customer centric,"Woooow what a joke of customer services… they are bunch of liars saying what you like to hear at the time and then just not bothering with any feedback. It’s absolute rubbish of an experience to get ripped off by them by choosing to get “added benefits” with prime unless you are happy to pay for another flight to the space. I’ve been lied repeatedly by the agents, asked for a manager to escalate the issue who was even worse. I am not going to pay for the ridiculous service.","Woooow what a joke of customer services… they are bunch of liars saying what you like to hear at the time and then just not bothering with any feedback. It’s absolute rubbish of an experience to get ripped off by them by choosing to get “added benefits” with prime unless you are happy to pay for another flight to the space. I’ve been lied repeatedly by the agents, asked for a manager to escalate the issue who was even worse. I am not going to pay for the ridiculous service.",hypocrypto_,17.15.0,2021-08-10T17:39:35Z,True,itunes_rss_mostHelpful,False,False
13f1e111586551a14da4203ad023483df718d498ce1c2f831f0e74f7804f4333,7669870866,335187483,Amazon,gb,3,About order payment,The main problem I’m having many time is while ordering the goods when there is no money in account order wil stop n as soon as I top up my account they will took out the money without knowing me n proceed the order n this make me buy the same product twice n it’s difficult to return as well too many procedure,The main problem I’m having many time is while ordering the goods when there is no money in account order wil stop n as soon as I top up my account they will took out the money without knowing me n proceed the order n this make me buy the same product twice n it’s difficult to return as well too many procedure,Roshanlim046,17.14.0,2021-08-08T17:09:23Z,True,itunes_rss_mostHelpful,False,False
bb4f9bf143a8b43f0cca7dbb179c79eda40a3e849a10c84afca8960945ed1cfb,7613268538,335187483,Amazon,gb,2,Use the desktop site - it’s easier and better.,"Why do you keep changing things in this app which are not broken? The new icon is as bland and unremarkable as it could be and takes longer to find. The app is just about ok - although for most things, the desktop site is considerably easier to use. Also, what is the point of listing bocks in the app when you can’t buy them? You refuse to even show a price (which most times is all I’m interested in) why bother having a kindle app for iOS if you can’t buy books on the device - Utterly stupid.","Why do you keep changing things in this app which are not broken? The new icon is as bland and unremarkable as it could be and takes longer to find. The app is just about ok - although for most things, the desktop site is considerably easier to use. Also, what is the point of listing bocks in the app when you can’t buy them? You refuse to even show a price (which most times is all I’m interested in) why bother having a kindle app for iOS if you can’t buy books on the device - Utterly stupid.",stevespalding,17.13.0,2021-07-24T16:02:27Z,True,itunes_rss_mostHelpful,False,False
888db0dd17556aaeacc3498860bf168b1fa656ff771c4ec27e93990657f17aaa,7609385303,335187483,Amazon,gb,5,Never bought any other shop,"Too easy to buy. Ive only used this app a few times…………………..
….a day. Never but anywhere else. Next day delivery, easy returns.  Sort of credit with credit card, monthly payments for big purchases.","Too easy to buy. Ive only used this app a few times…………………..
….a day. Never but anywhere else. Next day delivery, easy returns.  Sort of credit with credit card, monthly payments for big purchases.",Sesspit,17.13.0,2021-07-23T15:24:40Z,True,itunes_rss_mostHelpful,False,False
26b6bdd326479d119853c1382d9f32e618b991925973a080e53ade7134f0c4d9,7582844091,335187483,Amazon,gb,2,Poor implementation of of app on iPad,"The iPad app doesn’t really take account of the size or resolution of your iPad. Whereas the iOS app sizes and lays out appropriately for a phone, the iPadOS version behaves more or less like the web version. On an iPad mini text and pictures are so small you have to zoom in on everything.

There’s no way to share an item to a friend, so you have to save it in your wish list then share it from a phone. Clicking on the ratings at the top of a page doesn’t take you to the ratings section, you have to scroll down to the end of the page, unlike the web version.

All in all it is poorly designed app.","The iPad app doesn’t really take account of the size or resolution of your iPad. Whereas the iOS app sizes and lays out appropriately for a phone, the iPadOS version behaves more or less like the web version. On an iPad mini text and pictures are so small you have to zoom in on everything. 

There’s no way to share an item to a friend, so you have to save it in your wish list then share it from a phone. Clicking on the ratings at the top of a page doesn’t take you to the ratings section, you have to scroll down to the end of the page, unlike the web version. 

All in all it is poorly designed app.",wkdjudmdiiem,17.13.0,2021-07-16T12:07:53Z,True,itunes_rss_mostHelpful,False,False
90449de37356f300cdab6818b733d0daf1d82827861e8fdce58ecaa99d54085a,7564065822,335187483,Amazon,gb,5,Best shopping app,This is by far the best shopping app in the world easy to use and everything I need is right at my fingertips no walking around for hours and miles only to find something is out of stock or that store does not sell that product,This is by far the best shopping app in the world easy to use and everything I need is right at my fingertips no walking around for hours and miles only to find something is out of stock or that store does not sell that product,Hyrvdcc,17.13.0,2021-07-11T11:49:57Z,True,itunes_rss_mostHelpful,False,False
d994ccf4bcc142f51b21d854fdaa6ef5b4646e7ac385c277746cad88dce3ca6b,7554064784,335187483,Amazon,gb,5,Happy with the app but…,"You used to be able to list open orders, handy for when you order books prior to their release date, but this option seems to have disappeared, any chance of it coming back?","You used to be able to list open orders, handy for when you order books prior to their release date, but this option seems to have disappeared, any chance of it coming back?",hugha1951,17.13.0,2021-07-08T17:53:31Z,True,itunes_rss_mostHelpful,False,False
aa8f625600664dc40dff388c5cf3b5285e2f09237f3713250c5bf36e83589009,7513643788,335187483,Amazon,gb,5,Amazing,"Simple amazing app, easy to use easy to order and find everything what you need using this up!
Using this app almost for 3 years and everything works perfect, it’s easy to track everything and connect to staff support if you have any questions! Amazing lovit!","Simple amazing app, easy to use easy to order and find everything what you need using this up! 
Using this app almost for 3 years and everything works perfect, it’s easy to track everything and connect to staff support if you have any questions! Amazing lovit!",Bruno klavins,17.12.0,2021-06-28T01:04:35Z,True,itunes_rss_mostHelpful,False,False
da303e482dfde71db0118670763d9ed066a862a066bf7be88a4a42914ab0467d,7492162283,335187483,Amazon,gb,4,Another App suggestion,"Nice to see they’ve added the ‘changed price’ area to the basket…albeit in a very odd way. It doesn’t say increased or decreased at the top of each section. The fact, the headings are identical, just informing you of a change. You just have to look through the prices. Also, why is there no link from the prices, directly to the item? This would be hugely useful, rather than scrolling through your saved items to find what you want.","Nice to see they’ve added the ‘changed price’ area to the basket…albeit in a very odd way. It doesn’t say increased or decreased at the top of each section. The fact, the headings are identical, just informing you of a change. You just have to look through the prices. Also, why is there no link from the prices, directly to the item? This would be hugely useful, rather than scrolling through your saved items to find what you want.",Finkfan77,17.11.0,2021-06-22T06:17:25Z,True,itunes_rss_mostHelpful,False,False
204b8fdbb556d44ff0c33d0ae118aa80efcb4d4d3553dd4fc16c3e427a7da2a8,7468730644,335187483,Amazon,gb,5,Good service,"I can always find whatever I need on this website and delivery people are on time:hardworking, cheerful ….. if there has ever been a problem over the years I have buying (hardly any to speak of )… it has been dealt with immediately to my satisfaction … highly recommended their next day delivery on so many items is amazing ….","I can always find whatever I need on this website and delivery people are on time:hardworking, cheerful ….. if there has ever been a problem over the years I have buying (hardly any to speak of )… it has been dealt with immediately to my satisfaction … highly recommended their next day delivery on so many items is amazing ….",Alex .........x,17.11.0,2021-06-15T20:45:28Z,True,itunes_rss_mostHelpful,False,False
bf7bb4370d09071f3103cd0fa397bef15af5a0b3e63cd85a074ad3ca36f8f558,7467452405,335187483,Amazon,gb,3,Confusing,First time shopping with Amason which I found quite confusing when setting up account.  It didn’t give you enough time to put the amason number in when asked so I had to go through same procedure again as I thought I had done something wrong.  If your not sure what to do you must allow future customers more time to set up account.  After all we are not all aged 19 and super smart!,First time shopping with Amason which I found quite confusing when setting up account.  It didn’t give you enough time to put the amason number in when asked so I had to go through same procedure again as I thought I had done something wrong.  If your not sure what to do you must allow future customers more time to set up account.  After all we are not all aged 19 and super smart!,Rob-Frinton,17.11.0,2021-06-15T13:29:11Z,True,itunes_rss_mostHelpful,False,False
47fc891592a585ab688d5e39e9ff78281ad4f3266ffd9e29cdd7b2fb7694292c,7403335873,335187483,Amazon,gb,5,"Very reliable way to buy online, hardly any problems so far.","Apart from one or two items either missed or not right, which in all fairness is not Amazons fault, I love shopping online, not sure if there is anything you cannot buy lol .","Apart from one or two items either missed or not right, which in all fairness is not Amazons fault, I love shopping online, not sure if there is anything you cannot buy lol .",bramblebrsr,17.10.0,2021-05-29T19:11:06Z,True,itunes_rss_mostHelpful,False,False
8cbbb5daf746a801ad9f4e9774f24e14e97f315ddd8b28ce5fb8b5c08aa19e54,7401948358,335187483,Amazon,gb,4,"Great app, easy to use. Filters could be better",Use this app a lot but they changed the filter screen a while ago and I find it far less intuitive than before plus often still brings up other items even when you have searched for something specific. I wanted a metal version of a measuring tool for example but even though metal was in the title it still threw up a load of plastic ones,Use this app a lot but they changed the filter screen a while ago and I find it far less intuitive than before plus often still brings up other items even when you have searched for something specific. I wanted a metal version of a measuring tool for example but even though metal was in the title it still threw up a load of plastic ones,Steven967,17.10.0,2021-05-29T11:53:30Z,True,itunes_rss_mostHelpful,False,False
c3aaaf65990825ade93ae2f30262f2d15566dd05cba0d97f083e77713648ea36,7395694864,335187483,Amazon,gb,1,Prime,Accidentally signed up to prime without knowing as I must have clicked the more prominent button activating the prime without giving it a double take managed to cancel it after £40 was spent on it and then cancelling I’ve hit subscribe annually which has taken another £79 out my account which I think is getting put back in. But it’s really annoying when there aren’t any messages saying are you sure you want prime or to upgrade to annual it just sets it right away with one accidental click and charges instantly. Hoping I get the £79 back though.... please add warnings after tapping the subscription buttons.,Accidentally signed up to prime without knowing as I must have clicked the more prominent button activating the prime without giving it a double take managed to cancel it after £40 was spent on it and then cancelling I’ve hit subscribe annually which has taken another £79 out my account which I think is getting put back in. But it’s really annoying when there aren’t any messages saying are you sure you want prime or to upgrade to annual it just sets it right away with one accidental click and charges instantly. Hoping I get the £79 back though.... please add warnings after tapping the subscription buttons.,zuecus,17.10.0,2021-05-27T20:16:47Z,True,itunes_rss_mostHelpful,False,False
cafc5efccf9edfa5d3a056bce36e511187a0567fe53b98a45062812ab49b5f91,7386366298,335187483,Amazon,gb,5,Site is good but....,"Great app and its easy to use but when ordering it would really help if you knew that what you are ordering will fit through your letterbox or do you need to get it sent to the lockers,sometimes even the smallest item come in large packaging that you end up having to get redelivered","Great app and its easy to use but when ordering it would really help if you knew that what you are ordering will fit through your letterbox or do you need to get it sent to the lockers,sometimes even the smallest item come in large packaging that you end up having to get redelivered",Rossco1872,17.10.0,2021-05-25T12:26:38Z,True,itunes_rss_mostHelpful,False,False
04758126132e2584e051336a57581f33c3faf4f1e46bb7dfb7c58c7602220b68,7352558558,335187483,Amazon,gb,3,Open Orders,"Hi, can we get the ability to filter by open orders back? Sometimes you pre-order an item, often a book, months before it’s available and you used to be able to filter open orders which made it easy to find and check on these. The option to do this appears to have gone in a recent update. Shame as otherwise the app works really well.","Hi, can we get the ability to filter by open orders back? Sometimes you pre-order an item, often a book, months before it’s available and you used to be able to filter open orders which made it easy to find and check on these. The option to do this appears to have gone in a recent update. Shame as otherwise the app works really well.",verseandy,17.10.0,2021-05-17T21:24:59Z,True,itunes_rss_mostHelpful,False,False
227f876b8400e7405c0ac135bb1dba75c63998d8f529ab9e92c68b3b93fc5b16,7347734150,335187483,Amazon,gb,5,Options great,"Problem is with some of the deliveries, anyone seems to be able to become a delivery contractor and some of them are in that much of a hurry they don’t wait for you to get to the door and on some occasions if we didn’t have cameras we wouldn’t know they had been","Problem is with some of the deliveries, anyone seems to be able to become a delivery contractor and some of them are in that much of a hurry they don’t wait for you to get to the door and on some occasions if we didn’t have cameras we wouldn’t know they had been",mar 46,17.9.0,2021-05-16T21:36:28Z,True,itunes_rss_mostHelpful,False,False
6cad76a9a67ff1abc0cd4961f0fc645edb54ceaf92e006f6536009dd7fbb0005,7341820533,335187483,Amazon,gb,5,Add to cart button,"Please remove the add to cart button that has suddenly appeared just where you scroll up and down a page. Fed up accidentally adding things to my cart when scrolling and having to then remove them from my cart, I wonder how many people have bought things by accident?","Please remove the add to cart button that has suddenly appeared just where you scroll up and down a page. Fed up accidentally adding things to my cart when scrolling and having to then remove them from my cart, I wonder how many people have bought things by accident?",Wenhazed,17.9.0,2021-05-15T13:26:37Z,True,itunes_rss_mostHelpful,False,False
b09dbf5526351488aa157cd8436079f2844828daaa1e828f9737b4b0cc3d4ce6,7340564769,335187483,Amazon,gb,5,Latest update - what’s happened to order filtering,"Since the app updated in May 2021, I can no longer filter my orders by open status. This makes is really hard to keep on top of my orders. A negative change with no rationale from the user end.","Since the app updated in May 2021, I can no longer filter my orders by open status. This makes is really hard to keep on top of my orders. A negative change with no rationale from the user end.",newweegie,17.9.0,2021-05-15T06:30:53Z,True,itunes_rss_mostHelpful,False,False
c184a95710cd378790c5a1ddb258a9536c73bd5b23e3568fcc0afe1a0a9e39db,7336565660,335187483,Amazon,gb,1,Don’t use their delivery services,"Fraudster delivery. Marked as delivered, asked delivery guy to leave it a bin near house, when got home checked there is nothing. Writing to support about this issue, spent in total about 5 hrs on the phone with them, nothing happens, still receiving answer in kind of “Hey it was delivered to you or your housemates check anybody else who might have it”, asked for a proof of completing my instructions and basically then it would be my fault that it was stolen, but no, they don’t have a photo and continue stating that it was delivered to someone in hands, because you told driver your OTP we can’t issue a refunded replacement. Ridiculous situation, hope this driver enjoys my AirPods👍🏽","Fraudster delivery. Marked as delivered, asked delivery guy to leave it a bin near house, when got home checked there is nothing. Writing to support about this issue, spent in total about 5 hrs on the phone with them, nothing happens, still receiving answer in kind of “Hey it was delivered to you or your housemates check anybody else who might have it”, asked for a proof of completing my instructions and basically then it would be my fault that it was stolen, but no, they don’t have a photo and continue stating that it was delivered to someone in hands, because you told driver your OTP we can’t issue a refunded replacement. Ridiculous situation, hope this driver enjoys my AirPods👍🏽",gdkclvmsb,17.9.0,2021-05-14T07:44:53Z,True,itunes_rss_mostHelpful,False,False
e8d24041213211b88cf2642d15e166616e29a4cf3318cf07ea1268320cced38d,7308456389,335187483,Amazon,gb,2,Can only zoom on pictures,Since a recent update you can only zoom in on the product pictures unlike before where you could open up the whole picture of the product. This new feature is very inconvenient when you wish to see the product properly and seems a step backwards not an enhancement. Please please change it back or at least give us the option of how we view products,Since a recent update you can only zoom in on the product pictures unlike before where you could open up the whole picture of the product. This new feature is very inconvenient when you wish to see the product properly and seems a step backwards not an enhancement. Please please change it back or at least give us the option of how we view products,Ian fry 123,17.9.0,2021-05-07T13:09:51Z,True,itunes_rss_mostHelpful,False,False
59fb07df2c536919072d8eed7754dd7332fdafa602fa701817d6da8be6dc8bda,7307955469,335187483,Amazon,gb,5,Brilliant ! But ....,"Brilliant ! Whatever you order , you get .... the only pain is that even though the delivery can be put in the front porch which is open , some drivers either leave it on the doorstep , luckily a neighbour picked one up also one was blowing down the road ! Or they stuff them under the front of the car ..... mostly delivery is fine .","Brilliant ! Whatever you order , you get .... the only pain is that even though the delivery can be put in the front porch which is open , some drivers either leave it on the doorstep , luckily a neighbour picked one up also one was blowing down the road ! Or they stuff them under the front of the car ..... mostly delivery is fine .",Stryder .,17.9.0,2021-05-07T10:18:28Z,True,itunes_rss_mostHelpful,False,False
23b90554678fa21b1a0d24f9235a6fc2cc42e10db9fe0b298feba81877a3f925,7289648251,335187483,Amazon,gb,3,Change for the worse,"Love the app but for some reason if you put an upcoming deal on your watch list is no longer shows a list of what you’re watching and in the notifications, where it says a deal has started, if you click on it it just takes you to the deals home page, not directly to the deal you were watching for so there seems no point in a watch list any longer. No idea why it was changed but please change back as I don’t have the time to scroll through all deals every time I to find one item that I may not want anyway, you are loosing sales by this. Would be five stars if this was corrected.","Love the app but for some reason if you put an upcoming deal on your watch list is no longer shows a list of what you’re watching and in the notifications, where it says a deal has started, if you click on it it just takes you to the deals home page, not directly to the deal you were watching for so there seems no point in a watch list any longer. No idea why it was changed but please change back as I don’t have the time to scroll through all deals every time I to find one item that I may not want anyway, you are loosing sales by this. Would be five stars if this was corrected.",Craizie cat laydee,17.8.0,2021-05-02T16:11:04Z,True,itunes_rss_mostHelpful,False,False
1315ea04ea3ab482c4c7919c12c6f19653efb76cdc9d983b356601cd3abffd35,7266661652,335187483,Amazon,gb,3,Unexpected premium charge,"I was bewildered as yesterday, after ordering 2 items with free delivery option I found out that I was charged premium delivery charge. I tried to change it but short of cancelling the order I couldn’t find out how to.
My items arrived today so at least the premium delivery charge worked as promised.
But I would have liked to have the choice to change.","I was bewildered as yesterday, after ordering 2 items with free delivery option I found out that I was charged premium delivery charge. I tried to change it but short of cancelling the order I couldn’t find out how to. 
My items arrived today so at least the premium delivery charge worked as promised. 
But I would have liked to have the choice to change.",Ancld,17.8.0,2021-04-26T16:09:56Z,True,itunes_rss_mostHelpful,False,False
29d27ff0ffe249e09ef759245389f0671395fa396361c71cde38c42b282e8f06,7243352058,335187483,Amazon,gb,5,Just love,Everything I order I love and used to the full extent like my new fitness watch what I got today ever since it got here I’ve been using it the battery life is amazing helps me get motivated and my phone case which is also new and shockproof because I’m accident prone to drop my phone,Everything I order I love and used to the full extent like my new fitness watch what I got today ever since it got here I’ve been using it the battery life is amazing helps me get motivated and my phone case which is also new and shockproof because I’m accident prone to drop my phone,whitz may,17.8.0,2021-04-20T12:37:48Z,True,itunes_rss_mostHelpful,False,False
22947eb3c0336cbf3d0c59235201e42d4400a8910e66b507a7dce2609f8e2d4a,7231291497,335187483,Amazon,gb,3,Why can’t I delete some purchase items,Some items I would not like to be on my history and I should have the option to delete it but it seems impossible not every body would want the whole family know what is being bought by other members of the family it might be a surprise gift and that would help if I can delete the item off the history. Something needs to be done about that,Some items I would not like to be on my history and I should have the option to delete it but it seems impossible not every body would want the whole family know what is being bought by other members of the family it might be a surprise gift and that would help if I can delete the item off the history. Something needs to be done about that,Super medow,17.7.0,2021-04-17T06:49:59Z,True,itunes_rss_mostHelpful,False,False
716873e0eb241a0e1a12fbee513a411112e4c04345ef9e30beec4655c814e406,7220652332,335187483,Amazon,gb,1,Watchlist For Deals Doesn’t Work,"What is going on with the ability to clearly see your watchlist for lightning deals?! It was so simple before.. now you have to click more times to access it and as of today, all my items get removed from the watch list when the deal goes live... is this normal?? I’m not going through that entire list again to find the product I previously added. What’s the point of the watch list then? Seems like a bug to me...","What is going on with the ability to clearly see your watchlist for lightning deals?! It was so simple before.. now you have to click more times to access it and as of today, all my items get removed from the watch list when the deal goes live... is this normal?? I’m not going through that entire list again to find the product I previously added. What’s the point of the watch list then? Seems like a bug to me...",*Mav*,17.7.0,2021-04-14T10:00:43Z,True,itunes_rss_mostHelpful,False,False
fc224ad7437872116034305a939069f31602a6eeaa2b0ed1e5133fefe3a5adef,7206390313,335187483,Amazon,gb,4,Bug to fix,"Devs, immediately after making a checkout purchase, the back arrow on the order summary page should take user back to the home page, and not back to the previous credit card processing screen because it gives the impression that the order will be purchased twice.","Devs, immediately after making a checkout purchase, the back arrow on the order summary page should take user back to the home page, and not back to the previous credit card processing screen because it gives the impression that the order will be purchased twice.",RyanHP,17.7.0,2021-04-10T14:28:12Z,True,itunes_rss_mostHelpful,False,False
718fafd06992f6de016d8377724d61e09110208efa6dec90826a90ceaa9317b6,7174122820,335187483,Amazon,gb,5,A staple,"Like many people, it’s one of those apps one uses often. Easy to use, search and see similar related items for for those you are looking to purchase or have purchased. Not a markdown but always thought it strange that the confirmation screen once an order has gone through looks very early 2000s!","Like many people, it’s one of those apps one uses often. Easy to use, search and see similar related items for for those you are looking to purchase or have purchased. Not a markdown but always thought it strange that the confirmation screen once an order has gone through looks very early 2000s!",myoo78,17.6.0,2021-04-02T09:50:20Z,True,itunes_rss_mostHelpful,False,False
dc20fd8a5974d9d0e6e4c851b4e68191910bb83d81735a068ce4b699cd78c255,7166283578,335187483,Amazon,gb,5,Great app,"Whilst I love this app as so easy and quick to use, I was wondering if at all there could be something put in place to acknowledge when we have received any item . I’ve bought so much stuff and in ‘my orders’ there are items I’ve already received but it says ‘expected on xx’ .
In my opinion it would be beneficial to have a tab you can press to say already received ? I think this may help the seller too ?
Just a thought 🤔🤔","Whilst I love this app as so easy and quick to use, I was wondering if at all there could be something put in place to acknowledge when we have received any item . I’ve bought so much stuff and in ‘my orders’ there are items I’ve already received but it says ‘expected on xx’ . 
In my opinion it would be beneficial to have a tab you can press to say already received ? I think this may help the seller too ? 
Just a thought 🤔🤔",Biscuitsforbrains,17.6.0,2021-03-31T12:15:13Z,True,itunes_rss_mostHelpful,False,False
10b0aa5a4dafa7dca23265cb535203810d3bd6a15d7b6ddde156739acb79a2d2,7145024385,335187483,Amazon,gb,1,Absolutely useless!,"Search filters are horrible, barely existing any search filters options at all. 3/4 of the screen is filled by adverts of products which I’m not interested in, and list of products I search for is annoyingly short and doesn’t allow me to change to more products view on the same page. 90% of products sold are Chinese rubbish, and no option to filter only for UK based sellers. Navigation within the app is a nightmare; takes ages to find what I’m looking for in the endless maze of adverts of Chinese crap. Customer service non existing and replaced by the automated bot. AVOID. EBay is million times better.","Search filters are horrible, barely existing any search filters options at all. 3/4 of the screen is filled by adverts of products which I’m not interested in, and list of products I search for is annoyingly short and doesn’t allow me to change to more products view on the same page. 90% of products sold are Chinese rubbish, and no option to filter only for UK based sellers. Navigation within the app is a nightmare; takes ages to find what I’m looking for in the endless maze of adverts of Chinese crap. Customer service non existing and replaced by the automated bot. AVOID. EBay is million times better.",***Rune***,17.6.0,2021-03-26T01:43:30Z,True,itunes_rss_mostHelpful,False,False
0e4161fc7dbfa43a410f566315f822e32d0295018a342d43247279ec0c022888,7126092893,335187483,Amazon,gb,5,"Global retail upheaval probably needs a neat little app., and this does the job nicely.","I suppose I could moan that the Lists go a little squirly once in a while, some of the reviews are clearly bought and paid for and prices can be kinda high once in a while.

But that would just be petty really.  And rather misses the point.  This glorious global retail juggernaut has an app it does the job very well.   Go shop.","I suppose I could moan that the Lists go a little squirly once in a while, some of the reviews are clearly bought and paid for and prices can be kinda high once in a while. 

But that would just be petty really.  And rather misses the point.  This glorious global retail juggernaut has an app it does the job very well.   Go shop.",27oakley,17.5.0,2021-03-21T02:37:16Z,True,itunes_rss_mostHelpful,False,False
6a2c2417cc68a064287dea56e0ee0a6a80ba756c93c303ca39f686ee9c5ab315,7113167742,335187483,Amazon,gb,3,Tracking service is good but delivery service is crap,"Tracking is good as to what time the item is expected. The bad thing about this is lately, goods are just being dumped at the front of the door. I can understand contactless delivery during these times but will your delivery service stop presuming that there will always be someone at the house. Mine was nearly stolen. This has happened a lot in USA and this is happening here as well. This is either sheer laziness or uncaring service just so it is delivered. Will you please include other options as to where the item can be delivered to secure that the good will be delivered safely?","Tracking is good as to what time the item is expected. The bad thing about this is lately, goods are just being dumped at the front of the door. I can understand contactless delivery during these times but will your delivery service stop presuming that there will always be someone at the house. Mine was nearly stolen. This has happened a lot in USA and this is happening here as well. This is either sheer laziness or uncaring service just so it is delivered. Will you please include other options as to where the item can be delivered to secure that the good will be delivered safely?",Yjna71,17.5.0,2021-03-17T14:04:15Z,True,itunes_rss_mostHelpful,False,False
02f0f0d262167b658bbb75ee317b756e4018ba9d1c10055f74ff46cd4823ffb9,7101449334,335187483,Amazon,gb,5,Delivery,"I ask for delivery  to be taken up the stairs and but at my door I  had a delivery three months  ago and thought it had not come so ask you about it and got no response so closed my account and then I open it up again because you are good for a lot of things , yesterday I found my order behind a hut we have","I ask for delivery  to be taken up the stairs and but at my door I  had a delivery three months  ago and thought it had not come so ask you about it and got no response so closed my account and then I open it up again because you are good for a lot of things , yesterday I found my order behind a hut we have",rhduidj,17.5.0,2021-03-14T10:14:10Z,True,itunes_rss_mostHelpful,False,False
0d3840fa1bf771846fd5f07f81d1e7accd743ad5ea81f660db24c932e33af076,7098855929,335187483,Amazon,gb,5,Bad icon colour choice,The app itself is brilliant. High quality. However the developers have changed the icon design and colour. I can never actually see the app when I look for it. It blends into the background and does not stand out. Bit surprised someone though this was a good icon design 🤷🏼‍♂️,The app itself is brilliant. High quality. However the developers have changed the icon design and colour. I can never actually see the app when I look for it. It blends into the background and does not stand out. Bit surprised someone though this was a good icon design 🤷🏼‍♂️,Rory1973,17.5.0,2021-03-13T15:52:17Z,True,itunes_rss_mostHelpful,False,False
96d7c09f6f120f84fd4e89bb76ddb6d244ac5ef1fca879e6fc709f1d23b5e9af,7095123471,335187483,Amazon,gb,5,Takes ages to find previous order if returning an item and can’t print direct from the app,"My item failed to keep charge and no me I have to waste time to return things when it used to be easy to find a previous order.

Still can’t print from the app especially reruns notes. Has to open a link in Safari. Just print from the app.","My item failed to keep charge and no me I have to waste time to return things when it used to be easy to find a previous order.

Still can’t print from the app especially reruns notes. Has to open a link in Safari. Just print from the app.",James Bond's smarter brother,17.5.0,2021-03-12T16:04:15Z,True,itunes_rss_mostHelpful,False,False
5d32e58c9d0c28742ff86bf34bc1993d36037051a8a96a33e0f9115c62678983,7087566364,335187483,Amazon,gb,5,It’s perfect,I have tried this app for years now and it has everything anything I search it will come up with many good options I love it so much I highly recommend this app for anyone who has little money or who needs high quality stuff there are some expensive stuff but there are also many cheap options it’s perfect download it now!,I have tried this app for years now and it has everything anything I search it will come up with many good options I love it so much I highly recommend this app for anyone who has little money or who needs high quality stuff there are some expensive stuff but there are also many cheap options it’s perfect download it now!,K😜😜,17.4.0,2021-03-10T15:33:56Z,True,itunes_rss_mostHelpful,False,False
b4db84963c5d4270783f528a4a056abc88148af1c9f145d7c148399432bf9d1f,7075466697,335187483,Amazon,gb,4,Prime is slacking.,"Prime used to be definitely next day delivery and that was fantastic, I am paying for this service after all. But now, I order something on prime with it said to arrive the next day, (order at decent time of course) , but once processing the payments or after paying for the products, now they say the products will be delivered day after next or even more than that.

When it’s busy seasons like Christmas, that’s understandable. Any other time, not acceptable. Products on prime are more expensive after all. I might as well buy a product not on prime and get same delivery dates and lower product price.

Thank you prime for when you do as you promise!","Prime used to be definitely next day delivery and that was fantastic, I am paying for this service after all. But now, I order something on prime with it said to arrive the next day, (order at decent time of course) , but once processing the payments or after paying for the products, now they say the products will be delivered day after next or even more than that. 

When it’s busy seasons like Christmas, that’s understandable. Any other time, not acceptable. Products on prime are more expensive after all. I might as well buy a product not on prime and get same delivery dates and lower product price. 

Thank you prime for when you do as you promise!",Tappiology,17.4.0,2021-03-07T10:26:18Z,True,itunes_rss_mostHelpful,False,False
c278c78a8271c1d57b2fc998b1d77b5011cb2f8cf018916fc8b8bbabc99e82c3,7075281754,335187483,Amazon,gb,5,Convenient,"I use this app all the time and it’s really convenient. The only problem is, when you order from the app, any dispatch and delivered emails won’t show the details of the items in the email so it can leave you feeling baffled as to what you ordered if you order a lot like me. Whereas if you use the desktop site, you get email updates pertaining to what you ordered and it’s details.","I use this app all the time and it’s really convenient. The only problem is, when you order from the app, any dispatch and delivered emails won’t show the details of the items in the email so it can leave you feeling baffled as to what you ordered if you order a lot like me. Whereas if you use the desktop site, you get email updates pertaining to what you ordered and it’s details.",LittlePiggyToes19,17.4.0,2021-03-07T09:19:43Z,True,itunes_rss_mostHelpful,False,False
9ce6ce868b8f5d8372657f57f491551b11ca9f11f744938447a67827d6cfc4bd,7070570044,335187483,Amazon,gb,4,Great til you need help,"For ordering and buying things available it’s great, but so frustrating if you need help...none of their own links to pages that should help me within the site worked, uploading photos for ID didn’t work either. They need to check their help links actually work.","For ordering and buying things available it’s great, but so frustrating if you need help...none of their own links to pages that should help me within the site worked, uploading photos for ID didn’t work either. They need to check their help links actually work.",lozzeee123,17.4.0,2021-03-06T04:15:16Z,True,itunes_rss_mostHelpful,False,False
747583641c8e78842002580d6c60b42773f6a5d8387a1aec0762d73a03693604,7069230598,335187483,Amazon,gb,5,Love it all 👍,"It’s a great package. Prime is an excellent idea and certainly has been a god send over the past year in the horrible pandemic. Music is a bit on and off as the offers seem to change. Love Prime video. It has great films, series and other good book to. Hope they don’t put the price up and put everyone off 😏","It’s a great package. Prime is an excellent idea and certainly has been a god send over the past year in the horrible pandemic. Music is a bit on and off as the offers seem to change. Love Prime video. It has great films, series and other good book to. Hope they don’t put the price up and put everyone off 😏",paulycakehole,17.4.0,2021-03-05T19:26:56Z,True,itunes_rss_mostHelpful,False,False
c952458368b1a234561edfb8209a70f7e5192ccf639053483ea38246c20f82e5,7052305253,335187483,Amazon,gb,2,Unusable on large iPad,"Since the last major update of the UI this app is awful to use on the large screen of the 13.9” iPad. I don’t particularly like or understand why they’ve limited the amount of items on one page as it’s annoying even on the phone app, but the endless scrolling is just awful on the iPad. It’s not how people naturally shop - I’d prefer to be presented with lots of options so I can then zoom in on the ones that catch my eye, as you would in real life. As it is, every time I search for something on the iPad I just want to shut down the app as soon as the results page appears.","Since the last major update of the UI this app is awful to use on the large screen of the 13.9” iPad. I don’t particularly like or understand why they’ve limited the amount of items on one page as it’s annoying even on the phone app, but the endless scrolling is just awful on the iPad. It’s not how people naturally shop - I’d prefer to be presented with lots of options so I can then zoom in on the ones that catch my eye, as you would in real life. As it is, every time I search for something on the iPad I just want to shut down the app as soon as the results page appears.",Cloudfish9978,17.4.0,2021-03-01T09:51:00Z,True,itunes_rss_mostHelpful,False,False
10bb7c8e0e5903d963f87a590caf34d4c4e93a60437ecab8d4aaead0998f2c70,7046712946,335187483,Amazon,gb,1,Awful Delivery,"Twice I have bought a product from this place and twice it failed to arrive on time. I mean COME ON. The deliver date was over a month away and yet they still failed to get both items to me on time? It really shouldn’t take all that long. Realistically delivery should only take around a week because of the logistics of packaging it, flying it out and having it go through some form of customs before reaching you. But a whole month? Over a month just for a package is really ridiculous.","Twice I have bought a product from this place and twice it failed to arrive on time. I mean COME ON. The deliver date was over a month away and yet they still failed to get both items to me on time? It really shouldn’t take all that long. Realistically delivery should only take around a week because of the logistics of packaging it, flying it out and having it go through some form of customs before reaching you. But a whole month? Over a month just for a package is really ridiculous.",Mara Whiteley,17.4.0,2021-02-27T23:00:39Z,True,itunes_rss_mostHelpful,False,False
83f6e68ca9493ab9021d0299e5d94c8195709b9410ba05124ac9339e91fc3667,7034933042,335187483,Amazon,gb,1,Nothing but trouble since latest upgrade,"Error CS11, I haven’t been able to order anything for a week, fix the error or refund the prime membership for time lost. I left 1 star because I can’t leave less but I’ve uninstalled, reinstalled, changed my password and tried customer services, nothing helps. There’s no help on the forums because everyone else on there with the same problem is as frustrated as me, on all devices. Don’t waste your time if you looking at it for thr first time.","Error CS11, I haven’t been able to order anything for a week, fix the error or refund the prime membership for time lost. I left 1 star because I can’t leave less but I’ve uninstalled, reinstalled, changed my password and tried customer services, nothing helps. There’s no help on the forums because everyone else on there with the same problem is as frustrated as me, on all devices. Don’t waste your time if you looking at it for thr first time.",sunstorm33,17.4.0,2021-02-25T00:37:24Z,True,itunes_rss_mostHelpful,False,False
12a4b8d3f732c096a0d98366bc69ae809c1954407b77204c3fc36597972519d2,7034621651,335187483,Amazon,gb,4,Really nice app but....,"When looking for clothing you can’t look for the fabric it’s made from. It’s impossible to reply to a message that sent to you and you have to do that on a web browser and not using the app as I found it impossible and how to do that. When an item is dispatched you can’t be specific in where you want it left due to multiple choice answers only. You also can’t tell if you are going to get the parcel quickly or not as you don’t know where the seller is based. There are other issues with this app but apart from a few minor ones, it’s a really great site to buy from as it’s a lot cheaper than eBay...","When looking for clothing you can’t look for the fabric it’s made from. It’s impossible to reply to a message that sent to you and you have to do that on a web browser and not using the app as I found it impossible and how to do that. When an item is dispatched you can’t be specific in where you want it left due to multiple choice answers only. You also can’t tell if you are going to get the parcel quickly or not as you don’t know where the seller is based. There are other issues with this app but apart from a few minor ones, it’s a really great site to buy from as it’s a lot cheaper than eBay...",rusiycitfitcitcitcitcitciycyi,17.4.0,2021-02-24T22:31:26Z,True,itunes_rss_mostHelpful,False,False
7c2470821c573ff925c2c6af6d4037406affa4cc0f85c0b8eae853c4ab413349,6998787781,335187483,Amazon,gb,5,Oil purchase on previous order,"This really was a debacle, paid for delivery which didn’t happen. Driver didn’t leave a card for details on which post office to collect at. I rang Parcelforce who didn’t recognise the tracking number. I had to contact seller again for alternate tracking number. Another phone call back to Parcelforce and then had to drive,  pay and park to collect my order.","This really was a debacle, paid for delivery which didn’t happen. Driver didn’t leave a card for details on which post office to collect at. I rang Parcelforce who didn’t recognise the tracking number. I had to contact seller again for alternate tracking number. Another phone call back to Parcelforce and then had to drive,  pay and park to collect my order.",Di Guy 1,17.3.0,2021-02-15T21:30:23Z,True,itunes_rss_mostHelpful,False,False
6cff64c8a3a63eca6fe04344f10e87d5a06b08055ae694a647a84d03fd757376,6976693138,335187483,Amazon,gb,5,Great app but could be even better,"I really like the app, it’s easy to use and to find products. Especially in this troubled period.
I enjoy the fact that you can track your deliveries up to your doorstep.
One suggestion that can make it even better is when the deliveries are done by a third party it would also be nice to mark them as delivered ourselves. As I’ve still got numerous orders still showing as late for deliveries or expected to be delivered when they’ve already arrived.
Thanks in advance for your feedback and keep up the good work","I really like the app, it’s easy to use and to find products. Especially in this troubled period. 
I enjoy the fact that you can track your deliveries up to your doorstep. 
One suggestion that can make it even better is when the deliveries are done by a third party it would also be nice to mark them as delivered ourselves. As I’ve still got numerous orders still showing as late for deliveries or expected to be delivered when they’ve already arrived. 
Thanks in advance for your feedback and keep up the good work",JaydeeFrenchBloke,17.3.0,2021-02-10T08:27:39Z,True,itunes_rss_mostHelpful,False,False
8a5ea1fc942179195a510048b47927895cc2a580368cf800b89eacf231f639e9,6964936621,335187483,Amazon,gb,1,Filter facilities abysmal,"If you’re happy to but the first product you see you might rate this app as 5 stars.  I can’t rate it as any more than 1.  As a consumer I want to be able to have greater control over my search.  An example.  I search for an alarm clock, I want to be able to filter for specific features as well... I may want just DAB radio alarm clocks or just Smart clocks but alas the app doesn’t allow this.    It’s also full of unknown brands!  You should be able to filter this so you can easily see brands you know and love.  Definitely works work!","If you’re happy to but the first product you see you might rate this app as 5 stars.  I can’t rate it as any more than 1.  As a consumer I want to be able to have greater control over my search.  An example.  I search for an alarm clock, I want to be able to filter for specific features as well... I may want just DAB radio alarm clocks or just Smart clocks but alas the app doesn’t allow this.    It’s also full of unknown brands!  You should be able to filter this so you can easily see brands you know and love.  Definitely works work!",UKSpellsarah,17.2.0,2021-02-07T10:28:31Z,True,itunes_rss_mostHelpful,False,False
971850b797989562c9bf8b110d8ae92a22c1074a9cb3639b84f6c5dc33b4a064,6949782277,335187483,Amazon,gb,5,"Fast value, excellent customer service","I have been a Prime customer for ages. The postage savings have really mounted up and during lockdown in a remote area the range of goods and the efficiency of delivery have been invaluable.
I also now take advantage of many subscribe and save items which makes value even better.
The crowning glory is the customer service. If there is a problem or a disagreement it is resolved quickly and almost always in the customer’s favour.","I have been a Prime customer for ages. The postage savings have really mounted up and during lockdown in a remote area the range of goods and the efficiency of delivery have been invaluable.
I also now take advantage of many subscribe and save items which makes value even better. 
The crowning glory is the customer service. If there is a problem or a disagreement it is resolved quickly and almost always in the customer’s favour.",Screenworm,17.2.0,2021-02-03T18:07:56Z,True,itunes_rss_mostHelpful,False,False
31850479e1d83e2e71d0fccc38c8dce41444141cdaad8b4a91c08be2fff2513d,6946486031,335187483,Amazon,gb,1,Disgusting,"Took over £80, when I tried to place the order it kept saying to update the payment method, I did and it took the money but still said the payment was invalid and that I needed to update it again, and therefore wouldn’t deliver any of the items I had bought. Really angry about this inconvenience as I don’t think I’ll get it back. Won’t be using this app again and will find a more trustworthy online store. Doesn’t even deserve 1 star, I would give 0 but unfortunately you need a rating to post. It also suggest irrelevant things that have nothing to do with what’s on my wish list.","Took over £80, when I tried to place the order it kept saying to update the payment method, I did and it took the money but still said the payment was invalid and that I needed to update it again, and therefore wouldn’t deliver any of the items I had bought. Really angry about this inconvenience as I don’t think I’ll get it back. Won’t be using this app again and will find a more trustworthy online store. Doesn’t even deserve 1 star, I would give 0 but unfortunately you need a rating to post. It also suggest irrelevant things that have nothing to do with what’s on my wish list.",un pog,17.2.0,2021-02-02T23:05:46Z,True,itunes_rss_mostHelpful,False,False
4649e126afb16b6a0c205d7f065ae0dc1ec896b2b37e5b666c688aa6a3c14ad6,6883744418,335187483,Amazon,gb,3,Good but some issues,"This app is generally good and I really like that you get a push notification of an item from your wish list is on sale.

However I can’t scroll down my wish list consistently. Sometimes I can and sometimes I can’t. This is inconvenient because I like to use the list to keep rack of the prices and stock availability daily.","This app is generally good and I really like that you get a push notification of an item from your wish list is on sale. 

However I can’t scroll down my wish list consistently. Sometimes I can and sometimes I can’t. This is inconvenient because I like to use the list to keep rack of the prices and stock availability daily.",c.ryan.,17.1.0,2021-01-18T07:48:09Z,True,itunes_rss_mostHelpful,False,False
92b1d658c41637aa77418b82db5370370f96beee374ac39c992de9f91337e2f3,6867218527,335187483,Amazon,gb,3,Near perfect,"This app is really good and close to accurate. The two things they really need to do is make more accurate gps readings when the vans a few stops away, and add a blank space to write what you need for specific deliveries. I live at my grandmas and I feel bad when I have a few deliveries arriving weekly, it would help if they left the package on my door step to collect (if it doesn’t require signature)","This app is really good and close to accurate. The two things they really need to do is make more accurate gps readings when the vans a few stops away, and add a blank space to write what you need for specific deliveries. I live at my grandmas and I feel bad when I have a few deliveries arriving weekly, it would help if they left the package on my door step to collect (if it doesn’t require signature)",VROween,17.1.0,2021-01-14T02:37:47Z,True,itunes_rss_mostHelpful,False,False
8ac5a1cbea2ead9a63e5a9f811aa2294129b38385c2ed49d2026b418c1095b6f,6839147609,335187483,Amazon,gb,5,Easy to use,"The app was fine and worked well before the change. So not a fan of the new design, but after using for some time you get over it and even thought I’m still not a fan.

The bottom menu is just a pain on the new iPhone and would be best at the top.","The app was fine and worked well before the change. So not a fan of the new design, but after using for some time you get over it and even thought I’m still not a fan. 

The bottom menu is just a pain on the new iPhone and would be best at the top.",Ohgreatffs,15.21.4,2021-01-06T20:59:43Z,True,itunes_rss_mostHelpful,False,False
109718b7dcb5584217be6fc34dbd6d959c015b76e7a3a7cc92a52dce41bcc7e8,6827352863,335187483,Amazon,gb,5,Perfect,"As far as apps go and how much you can do, YES this does have some limitations like you cannot seem to copy and paste. But apart from that it’s having a smaller seller central in your pocket.
You can easily reply to messages. Check stock and sales. Of course there are some that want the app to even deliver their parcels but let’s be realistic. When you compare to ebay. Etsy abs others, this by far out performs all the others and is simple to use just like the web based seller central.

There are always ways to improve of course but as for me it gives everything you need in one place.
I just wish there was an iPad version but to be honest on an iPad you can use the web version with no problems.","As far as apps go and how much you can do, YES this does have some limitations like you cannot seem to copy and paste. But apart from that it’s having a smaller seller central in your pocket. 
You can easily reply to messages. Check stock and sales. Of course there are some that want the app to even deliver their parcels but let’s be realistic. When you compare to ebay. Etsy abs others, this by far out performs all the others and is simple to use just like the web based seller central. 

There are always ways to improve of course but as for me it gives everything you need in one place.
I just wish there was an iPad version but to be honest on an iPad you can use the web version with no problems.",Wyldeboylondon,15.21.4,2021-01-03T19:52:57Z,True,itunes_rss_mostHelpful,False,False
8b4a8c114183f3c3bb8df7127acd0fc8b950194de8083aa1bf87b5bd5b32149d,6819681731,335187483,Amazon,gb,5,Links to advertised product items,"It used to be that when you clicked on an advertised item it would take you straight to the item but now it takes you to a general page and you have to begin searching for the item.
NO WAY WILL I START DOING THIS.","It used to be that when you clicked on an advertised item it would take you straight to the item but now it takes you to a general page and you have to begin searching for the item.
NO WAY WILL I START DOING THIS.",Bettycxb,15.21.4,2021-01-01T22:48:30Z,True,itunes_rss_mostHelpful,False,False
d81493fad46912bf50589d4fb162cc26ecffedd881ec28beb5d6d1bde9feda05,6813542508,335187483,Amazon,gb,5,Used to be good.,"I used your app when I first got my iPhone a couple of years ago. Mainly because your mobile web page didn't work.
Then the mobile site started working again earlier this year so stopped using the app. Then recently the mobile site was intermittent sometimes it would work sometimes not so got the app again.
But ive noticed that searching on the app is worse than the site or mobile site.
When I searched for something on the app it doesn't allways show everything thats Available. So I won't be using the app ever again as its so intermittent on how it works a bit like your mobile site but at least the mobile site while it works shows me everything on the site.","I used your app when I first got my iPhone a couple of years ago. Mainly because your mobile web page didn't work. 
Then the mobile site started working again earlier this year so stopped using the app. Then recently the mobile site was intermittent sometimes it would work sometimes not so got the app again. 
But ive noticed that searching on the app is worse than the site or mobile site. 
When I searched for something on the app it doesn't allways show everything thats Available. So I won't be using the app ever again as its so intermittent on how it works a bit like your mobile site but at least the mobile site while it works shows me everything on the site.",Tony 912,15.21.4,2020-12-31T07:54:52Z,True,itunes_rss_mostHelpful,False,False
2614aaf969def007167f3d7e00c6708903f437771869fc981ccc03053e1915b1,6800037874,335187483,Amazon,gb,5,Useless,"This app requires a major overhaul ,simple requirements like being able to delete delivery addresses,billing address changed by the app to a delivery address and unable to change it back ,and as for the customer service they are as useful as a chocolate fire guard","This app requires a major overhaul ,simple requirements like being able to delete delivery addresses,billing address changed by the app to a delivery address and unable to change it back ,and as for the customer service they are as useful as a chocolate fire guard",irate63,15.21.4,2020-12-27T16:19:26Z,True,itunes_rss_mostHelpful,False,False
c69564fe9b228459b2989316b82d301d958c390bb22b0828a59efdfc7a97aed1,6795388555,335187483,Amazon,gb,5,Used to be great,"This app used to be wonderful. Fluid and easy interface, you could share products and scroll through the images really easily. The update which occurred 12months ago ruined the shopping experience. Glitchy, too fiddly to operate and worth avoiding as all costs.","This app used to be wonderful. Fluid and easy interface, you could share products and scroll through the images really easily. The update which occurred 12months ago ruined the shopping experience. Glitchy, too fiddly to operate and worth avoiding as all costs.",Filmrocker82,15.21.4,2020-12-26T11:35:07Z,True,itunes_rss_mostHelpful,False,False
9a59c512c155e2248b241a61d78788fc70e7c62f0a22588a044df66eff6d4445,6787890391,335187483,Amazon,gb,3,App doesn’t work properly after new update,"I find the new update a bit buggy. Most of the time, the app automatically changes my chosen delivery date without me even touching the screen and I have to change it back myself.

One more thing, once you have placed the order, there is no button to quickly navigate to the Homepage or Orders page. The only button there is the Back button, when you press it, it takes you back to payment processing page which makes you think you would be charged again if you don’t quit now. So I would quit the app, kill it and open again.

I never had any issues with the app before this update. So hopefully the app developers will see this and have it fixed.

Many thanks","I find the new update a bit buggy. Most of the time, the app automatically changes my chosen delivery date without me even touching the screen and I have to change it back myself. 

One more thing, once you have placed the order, there is no button to quickly navigate to the Homepage or Orders page. The only button there is the Back button, when you press it, it takes you back to payment processing page which makes you think you would be charged again if you don’t quit now. So I would quit the app, kill it and open again.

I never had any issues with the app before this update. So hopefully the app developers will see this and have it fixed. 

Many thanks",Leopard.Snow🇬🇧,15.21.4,2020-12-24T09:38:06Z,True,itunes_rss_mostHelpful,False,False
0361e88421fab3717c2e8922750189b320f50831a2aad71a4fe41a2e2b1146d7,6767890971,335187483,Amazon,gb,1,Customer service,"Bought a laptop, touchpad didn’t work, falsely advertised for Microsoft subscription. Contacted customer service less than an hour after delivery. Unhelpful and passed onto 8!!! Different people. Asked to be called back instead of chat. Asked could I use a different number rather than the UK 😂 when I explained that’s where I lived. Kept getting fobbed off with someone will call within 5 mins..... that never happened and I had to find the number to call them. Horrendous customer service and attitude. I’ve now cancelled my Prime due to this.","Bought a laptop, touchpad didn’t work, falsely advertised for Microsoft subscription. Contacted customer service less than an hour after delivery. Unhelpful and passed onto 8!!! Different people. Asked to be called back instead of chat. Asked could I use a different number rather than the UK 😂 when I explained that’s where I lived. Kept getting fobbed off with someone will call within 5 mins..... that never happened and I had to find the number to call them. Horrendous customer service and attitude. I’ve now cancelled my Prime due to this.",Sort your game out,15.21.4,2020-12-18T20:02:37Z,True,itunes_rss_mostHelpful,False,False
1bcf7b0bdbff751b48508ad2b4a3f5f9a5bf759447390b20b15f56837e16e23e,6759378951,335187483,Amazon,gb,5,Can’t purchase kindle books,Very frustrating that you can’t make kindle book purchases on the app especially as security seems to have tightened on using the website on your phone by asking you to additionally type in the letters on an image every time.  Other than that it’s great though.,Very frustrating that you can’t make kindle book purchases on the app especially as security seems to have tightened on using the website on your phone by asking you to additionally type in the letters on an image every time.  Other than that it’s great though.,Bzcommuter,15.21.4,2020-12-16T12:34:42Z,True,itunes_rss_mostHelpful,False,False
f99b55b7024d267f343f3685d6c1e24f35c1bcbeb80c64dccdd60d51911ce6a1,6757283147,335187483,Amazon,gb,1,Image gallery destroyed,"Typical. Yet another big thinks they know ux. The app used to be good. You could tap the image to open it up to fill the screen and just nice and easy swipe left and right to see the large images. Not anymore. Some overpaid ux “expert” thought it would better to have all the thumbnails as well so now they use up half the screen and you don’t get a decent zoom in on the images. Worse still, sometimes you can’t even zoom the image. Like I said. Typical. I’d be embarrassed to say I worked on this app :(","Typical. Yet another big thinks they know ux. The app used to be good. You could tap the image to open it up to fill the screen and just nice and easy swipe left and right to see the large images. Not anymore. Some overpaid ux “expert” thought it would better to have all the thumbnails as well so now they use up half the screen and you don’t get a decent zoom in on the images. Worse still, sometimes you can’t even zoom the image. Like I said. Typical. I’d be embarrassed to say I worked on this app :(",whoneedsanic,15.21.4,2020-12-15T21:18:22Z,True,itunes_rss_mostHelpful,False,False
059e0c69cd201fb6bb46ac05281dfb5fd8bd4b90c02f49b7f1a6729e8f76f997,6740596206,335187483,Amazon,gb,4,DREADFUL COMPANY,"Awful company that takes direct debits from you without asking, then makes it impossible to stop them. Sends 6 emails a day and makes it impossible to unsubscribe. Then when you finally get through to customer service you spend 1.5 hours trying to cancel subscriptions that you didn’t opt for and go through 6 customer service people to do it. Bloody dreadful!! Don’t bother with them","Awful company that takes direct debits from you without asking, then makes it impossible to stop them. Sends 6 emails a day and makes it impossible to unsubscribe. Then when you finally get through to customer service you spend 1.5 hours trying to cancel subscriptions that you didn’t opt for and go through 6 customer service people to do it. Bloody dreadful!! Don’t bother with them",Beanar7,15.21.4,2020-12-11T08:36:18Z,True,itunes_rss_mostHelpful,False,False
a2728f49ad501f0c6faff1627b6e07f02c7b1d440b0c1cd68d4559f9032eec34,6739200543,335187483,Amazon,gb,5,Customer service questions  -  10 Dec 2020,Will not communicate to answer questions. Asks for phone number - SHOWS my number - press  - Call me now. Then it cuts off.   Tried 3+ times then it tells me my number is BLOCKED yes BLOCKED. I have a screenshot of my query but you may not be interested,Will not communicate to answer questions. Asks for phone number - SHOWS my number - press  - Call me now. Then it cuts off.   Tried 3+ times then it tells me my number is BLOCKED yes BLOCKED. I have a screenshot of my query but you may not be interested,GSPpal,15.21.4,2020-12-10T22:06:29Z,True,itunes_rss_mostHelpful,False,False
a54f6fd9c051a48159a1a26aa7f3dfc1acf8c3b051569a91dee257724e6b3f67,6735557284,335187483,Amazon,gb,5,"Perfect way to buy everything you need quickly, easily and at competitive prices!","I buy practically everything I need via this app! Such a wide variety of merchandise, high quality goods, competitive prices and constant price reductions! Delivery is quick and on time and the customer services is exceptional!","I buy practically everything I need via this app! Such a wide variety of merchandise, high quality goods, competitive prices and constant price reductions! Delivery is quick and on time and the customer services is exceptional!",Drewsy S,15.21.4,2020-12-09T21:49:48Z,True,itunes_rss_mostHelpful,False,False
86af75c7c5a4ef5ab6611bd891acc106fb07b8f5892871eb37d394ec0e2fc603,6733633065,335187483,Amazon,gb,5,Downloading,"Why do I have to keep downloading my play lists ...I use this app and my playlists for travelling ..so when I want to play a playlist .....it’s gone ! Then I have limited music to listen to in a long flight ...annoying

Premium delivery ? A joke seldom a next day delivery and prime is just getting worse and worse ... I checked yesterday with customer services to check a prime delivery ( next day ) they told me it’s next day delivery ... “ when  it’s dispatched “ so you buy based on next  day delivery and actually you get it only when it’s sent ... so why pay prime costs ? Useless and misleading","Why do I have to keep downloading my play lists ...I use this app and my playlists for travelling ..so when I want to play a playlist .....it’s gone ! Then I have limited music to listen to in a long flight ...annoying 

Premium delivery ? A joke seldom a next day delivery and prime is just getting worse and worse ... I checked yesterday with customer services to check a prime delivery ( next day ) they told me it’s next day delivery ... “ when  it’s dispatched “ so you buy based on next  day delivery and actually you get it only when it’s sent ... so why pay prime costs ? Useless and misleading",Genevech,15.21.4,2020-12-09T09:56:15Z,True,itunes_rss_mostHelpful,False,False
2d5489d774002f76057264c2efa7c32ff82534898beff7546569ffca89ac8b25,6710826576,335187483,Amazon,gb,3,Why oh why can’t we sort wishlists by priority at Christmas?!,"In many ways I love this app; everything just works… except that for some bonkers reason you have removed the ability to sort wishlists. All of my family add priorities to wishlists, particularly before Christmas and birthdays. Many items on our lists are simply notes to self, household bits and pieces, etc, which we may or may not return to. Highest and high priority items are those that we’d genuinely like to receive as gifts. People we invite to the lists have to be able to see these items, and only these, not the miscellaneous other stuff. The removal of our ability to actually view these priorities easily has ruined the whole point of using lists for gift purchases, and caused much frustration.

Please fix it, so that your features don’t corral us in ways you want us to go but instead focus on helping us to do what we want, which is ultimately to easily buy the right things from you.","In many ways I love this app; everything just works… except that for some bonkers reason you have removed the ability to sort wishlists. All of my family add priorities to wishlists, particularly before Christmas and birthdays. Many items on our lists are simply notes to self, household bits and pieces, etc, which we may or may not return to. Highest and high priority items are those that we’d genuinely like to receive as gifts. People we invite to the lists have to be able to see these items, and only these, not the miscellaneous other stuff. The removal of our ability to actually view these priorities easily has ruined the whole point of using lists for gift purchases, and caused much frustration. 

Please fix it, so that your features don’t corral us in ways you want us to go but instead focus on helping us to do what we want, which is ultimately to easily buy the right things from you.",Lhollo,,2020-12-02T22:19:25Z,True,web_ssr_helpful,False,False
d4cdf46439beaff25597947f3ca4bd6a46b1e812cfb8eeb2e715179befa0759a,6709095215,335187483,Amazon,gb,5,No sound with notifications,"I have had this app for my iPhone for a long time. Originally it played sound with notifications then stopped. I have followed all recommendations to reinstate the sound but with no success.
Developers, please remedy this problem as it is annoying and can lead to missed deliveries etc.
It is not a recent problem and should have been solved by now.","I have had this app for my iPhone for a long time. Originally it played sound with notifications then stopped. I have followed all recommendations to reinstate the sound but with no success.
Developers, please remedy this problem as it is annoying and can lead to missed deliveries etc.
It is not a recent problem and should have been solved by now.",unkbvhy,15.21.2,2020-12-02T10:39:41Z,True,itunes_rss_mostHelpful,False,False
ab515fe93778bfbb3beb8b4528cf8db7daed5d545ca7c3c3e0e9aa08e83103bf,6691284550,335187483,Amazon,gb,3,Decent with minor annoyances,"Don’t like the new look for the app, but that’s just my opinion.

One question-In the ‘switch account’ section you could seamlessly transfer to another account(I use my partners) without inputting passwords etc. As of today (27/11)  the app has forgotten these other accounts and asks me to ‘add account’ each time I try to swap. This, along with the region changing feature is extremely useful to me so why is the app not retaining the other account information?","Don’t like the new look for the app, but that’s just my opinion. 

One question-In the ‘switch account’ section you could seamlessly transfer to another account(I use my partners) without inputting passwords etc. As of today (27/11)  the app has forgotten these other accounts and asks me to ‘add account’ each time I try to swap. This, along with the region changing feature is extremely useful to me so why is the app not retaining the other account information?",junob50,15.21.2,2020-11-27T12:14:53Z,True,itunes_rss_mostHelpful,False,False
8dfc7f3f45d727acc45b3d98082433104893086aab7a66e687ff1ede08f4817c,6676250029,335187483,Amazon,gb,1,No way of reporting issues with App?!,"I have found an issue with the search function & have searched searched searched for how I report and error. I finally thought I’d found something useful but all it says is “use your email” but doesn’t give an email address. Helpful! Not! Surely reporting app errors is an important part of a seamless online shopping experience.
So I’ll report my issue here. I put in “minecraft” in the search bar. Filtered on Prime. Then sorted by “Ave Customer Rating”. It brought back all sorts of irrelevant items. The first on the list was Harry Potter! “Minecraft” is one word, so how on earth can it be relating minecraft with Harry Potter??!! Someone needs to work on the algorithm","I have found an issue with the search function & have searched searched searched for how I report and error. I finally thought I’d found something useful but all it says is “use your email” but doesn’t give an email address. Helpful! Not! Surely reporting app errors is an important part of a seamless online shopping experience. 
So I’ll report my issue here. I put in “minecraft” in the search bar. Filtered on Prime. Then sorted by “Ave Customer Rating”. It brought back all sorts of irrelevant items. The first on the list was Harry Potter! “Minecraft” is one word, so how on earth can it be relating minecraft with Harry Potter??!! Someone needs to work on the algorithm",Chrisy babes,15.21.2,2020-11-23T06:27:13Z,True,itunes_rss_mostHelpful,False,False
5408879986319571cf07ffa9d6796a5c1b46175d96878bd3d8438be6978c0827,6660742867,335187483,Amazon,gb,3,It’s great but hard to find what I want,"This is great and everything but the camera for when u want to upload a picture to find what you need, it’s for clothing only and I can never find other products I need and I don’t have a barcode for the item and it’s just kinda impossible to find what you need and the only way is to search it and look for it which takes a very long time","This is great and everything but the camera for when u want to upload a picture to find what you need, it’s for clothing only and I can never find other products I need and I don’t have a barcode for the item and it’s just kinda impossible to find what you need and the only way is to search it and look for it which takes a very long time",💖Yoyo💖,15.21.2,2020-11-18T22:58:29Z,True,itunes_rss_mostHelpful,False,False
909c1fe3ff52630f0c7ce4965767d409c781477a01d589fbdcde6e31bab979c5,6649020873,335187483,Amazon,gb,1,All the money in the world and such a poor app,"Using the app is so frustrating. It’s literally impossible to browse through product groups and know the price until you’ve gone through 3 or 4 steps. If I’m searching for a product I just want to know the price, not a bloody range of prices for 20 different products. Just tell me the price of the item I’m looking at. And stop advertising something as under a certain price to fit it into the Sale categories, then put it as a group where literally one thing meets the criteria.

If you select a category that’s says under £20, logic would dictate that I don’t want to view items that cost more than that but the way you group products is awful and such a poor experience.","Using the app is so frustrating. It’s literally impossible to browse through product groups and know the price until you’ve gone through 3 or 4 steps. If I’m searching for a product I just want to know the price, not a bloody range of prices for 20 different products. Just tell me the price of the item I’m looking at. And stop advertising something as under a certain price to fit it into the Sale categories, then put it as a group where literally one thing meets the criteria. 

If you select a category that’s says under £20, logic would dictate that I don’t want to view items that cost more than that but the way you group products is awful and such a poor experience.",LatMatt754,15.21.2,2020-11-15T17:05:18Z,True,itunes_rss_mostHelpful,False,False
66b5e73d5c49bedcf5e5fbf524b1b6b80596ec61200ea9f864270a69ef9e8307,6629305605,335187483,Amazon,gb,1,Painful to SHARE products. 0 stars if I could.,"Cannot share a product!! It’s so hit and miss. Firstly it’s almost impossible for anyone to realise where the share button is. Once it’s found (hovering over the actual product images) it’s impossible to tap and select!
It just does not work on countless products. Make it easier! Make it simple. Place the share button at the top right next to the product title/name. Or under the pricing or in the description. Anywhere but on top of the images. You click on the share button and sometimes it opens the image itself. I’m having to screenshot products to send or just give up and go on the browser/laptop. Absurd UI. Plenty of other reviews have talked about dark patterns too and it’s obvious. Results shown in-App are different to in browser. This should be a super slick and easy way to search for products. Sharing products to compare with your friends or family should be just straightforward. Why have you made the above difficult?","Cannot share a product!! It’s so hit and miss. Firstly it’s almost impossible for anyone to realise where the share button is. Once it’s found (hovering over the actual product images) it’s impossible to tap and select! 
It just does not work on countless products. Make it easier! Make it simple. Place the share button at the top right next to the product title/name. Or under the pricing or in the description. Anywhere but on top of the images. You click on the share button and sometimes it opens the image itself. I’m having to screenshot products to send or just give up and go on the browser/laptop. Absurd UI. Plenty of other reviews have talked about dark patterns too and it’s obvious. Results shown in-App are different to in browser. This should be a super slick and easy way to search for products. Sharing products to compare with your friends or family should be just straightforward. Why have you made the above difficult?",savrak19,15.21.2,2020-11-10T11:53:19Z,True,itunes_rss_mostHelpful,False,False
c303815d5cd7a035ca87dce7e66a2af98376488f7bdd652e05c6496b43c02044,6614515870,335187483,Amazon,gb,1,Pictures too tiny,"The latest update has rendered pictures of products far too small for customers to see properly.
You used to have a large picture with the writing below, now you shrink the pic and put the writing next to it, in a small font that is also too small for many to see.
In addition users now have to hunt around for the item’s description.
All of this is affecting sales because many will just give up and use other sites and retailers.
Please return to the previous version.","The latest update has rendered pictures of products far too small for customers to see properly.
You used to have a large picture with the writing below, now you shrink the pic and put the writing next to it, in a small font that is also too small for many to see.
In addition users now have to hunt around for the item’s description.
All of this is affecting sales because many will just give up and use other sites and retailers.
Please return to the previous version.",Khemster,15.20.0,2020-11-06T10:01:08Z,True,itunes_rss_mostHelpful,False,False
45f25d2211a062a709877f7f3e351830b980a1ae1aca4ece4c89d5ad099f97b2,6608251615,335187483,Amazon,gb,4,Don't fix what ain't broke,"UI on mobile is now cluttered with a fixed bar hiding content at the bottom of screen.
Functionality is still great but please, stop messing about with UI for the sake of it. Go back to a single menu bar at the top and be done with it. Or if you really want to get creative, give users the choice of UI - as long as you include a simple top bar option.","UI on mobile is now cluttered with a fixed bar hiding content at the bottom of screen. 
Functionality is still great but please, stop messing about with UI for the sake of it. Go back to a single menu bar at the top and be done with it. Or if you really want to get creative, give users the choice of UI - as long as you include a simple top bar option.",Dochache,15.20.0,2020-11-04T13:51:43Z,True,itunes_rss_mostHelpful,False,False
d00ef965ab2101fbb4526f135e8ffcf974ef77f2b22e0472ab2a4fd1182591fd,6604028995,335187483,Amazon,gb,5,Useless and don’t get items when GUARANTEED,Hopeless being a prime member. Was promised an order that would arrive today. Now told it won’t come until Thursday yet on website I can order the same item and it’s saying guaranteed by 10pm today?!! False advertising,Hopeless being a prime member. Was promised an order that would arrive today. Now told it won’t come until Thursday yet on website I can order the same item and it’s saying guaranteed by 10pm today?!! False advertising,Lou-ann-angel,15.20.0,2020-11-03T09:25:54Z,True,itunes_rss_mostHelpful,False,False
dca3287d788701b072f442f91fbd795d45983e261c5b4d8d1397329941b204e7,6604015229,335187483,Amazon,gb,5,The best shopping app,"Theres not a single day that I don’t use this app. Though it is really bad for your wallet and amazing for the sellers but I love the fact i can buy anything with confidence that my money isn’t going in waste. However, i wish it could have the option to see how much money spent per month per card saved in the account. Wouldn't have to rely on other apps in doing so.","Theres not a single day that I don’t use this app. Though it is really bad for your wallet and amazing for the sellers but I love the fact i can buy anything with confidence that my money isn’t going in waste. However, i wish it could have the option to see how much money spent per month per card saved in the account. Wouldn't have to rely on other apps in doing so.",Farhak87,15.20.0,2020-11-03T09:19:57Z,True,itunes_rss_mostHelpful,False,False
6d9b1f7bed65539f73148e0225afcd11b9e3daacc64094ce30e9279edca6eee5,6583752999,335187483,Amazon,gb,3,Nagware,"It was a good app (apart from the lack of ability to purchase Kindle books, brought about by Amazon’s understandable refusal to give Apple a cut), but suddenly following an update (autumn 2020) it has started sending me notifications recommending stuff I don’t want, and I can’t find a way to stop them other than by turning off notifications altogether.  It’s become nagware, and has been deleted for that reason.","It was a good app (apart from the lack of ability to purchase Kindle books, brought about by Amazon’s understandable refusal to give Apple a cut), but suddenly following an update (autumn 2020) it has started sending me notifications recommending stuff I don’t want, and I can’t find a way to stop them other than by turning off notifications altogether.  It’s become nagware, and has been deleted for that reason.",Jif001,15.20.0,2020-10-28T17:49:07Z,True,itunes_rss_mostHelpful,False,False
e04a565c6dff097bbda0629b149b1813e851e812813b26c609d282a2eecdd50a,6575239477,335187483,Amazon,gb,5,Double check actual delivery dates!,"Be careful when ordering items that indicate in the advert that they are available for delivery the next day. More often than not the payment process results in you paying for delivery which results in the item being delivered at a later date.
Check the delivery date in the payment process before paying.","Be careful when ordering items that indicate in the advert that they are available for delivery the next day. More often than not the payment process results in you paying for delivery which results in the item being delivered at a later date.
Check the delivery date in the payment process before paying.",scrue roblox,15.19.0,2020-10-26T08:45:03Z,True,itunes_rss_mostHelpful,False,False
3b508df85cd66313cabd79c9a78bff5804f961d27ec399cbc41a71378a9ac68a,6557612756,335187483,Amazon,gb,1,The devil makes work for idle hands,"The app developers must have had time on their hands and no idea what update they should do next so all they could come up with was to make the app look like the web browser. The whole idea of an app surely is to provide a different experience from a web browser not repeat it. The previous version allowed for decent images that I could swipe through in order to make a quick decision as to whether to purchase the item. Now my searching and viewing takes much longer I am feeling like why should I bother.
This change cannot be good for all the sellers who rely on a good reliable quick and easy platform to sell their goods on.","The app developers must have had time on their hands and no idea what update they should do next so all they could come up with was to make the app look like the web browser. The whole idea of an app surely is to provide a different experience from a web browser not repeat it. The previous version allowed for decent images that I could swipe through in order to make a quick decision as to whether to purchase the item. Now my searching and viewing takes much longer I am feeling like why should I bother.
This change cannot be good for all the sellers who rely on a good reliable quick and easy platform to sell their goods on.",carpozed,15.19.0,2020-10-21T07:00:55Z,True,itunes_rss_mostHelpful,False,False
e0fab6e0af27a3f32dab640ba753009bb91b015743f9db3ae7664c611cf08ee0,6540425259,335187483,Amazon,gb,1,Deliveries,"I am a prime customer and have been for many years. It’s very rare that I’ve been unhappy with my service.
I’m now unfortunately becoming increasingly upset with medium size packages being forced through my letterbox to the point it’s now broken and needs to be replaced at a cost to me. Only two days ago I was home.. no knock at the door but aware of my front door rattling, I opened the door and confronted the delivery man about my broken letter box and needless to say he clearly couldn’t care less that I now have replace it at a cost to me. This is unnecessary, aggressive and a total disregard to the customer, unfortunately me!
Thanks for costing me extra payment for a replacement especially in this current climate.
Disgruntled Gabrielle Ali","I am a prime customer and have been for many years. It’s very rare that I’ve been unhappy with my service. 
I’m now unfortunately becoming increasingly upset with medium size packages being forced through my letterbox to the point it’s now broken and needs to be replaced at a cost to me. Only two days ago I was home.. no knock at the door but aware of my front door rattling, I opened the door and confronted the delivery man about my broken letter box and needless to say he clearly couldn’t care less that I now have replace it at a cost to me. This is unnecessary, aggressive and a total disregard to the customer, unfortunately me! 
Thanks for costing me extra payment for a replacement especially in this current climate.
Disgruntled Gabrielle Ali",Gabby Ali,15.19.0,2020-10-16T08:56:41Z,True,itunes_rss_mostHelpful,False,False
b8bb76ee7fe8ac71225c9724868788642b4d82fd2cf1337e7f48291915bf13b1,6525466357,335187483,Amazon,gb,2,Redesign is a backward step,"The redesign and new colour scheme have simply made the app worse. It is now clunky and slow, which makes it difficult to use. The UI at times is a mess and very cumbersome (try deleting things from your wishlist).
From such a big company, this really should be slicker, smarter and easier to use. After all, you’re trying to us to buy stuff, right? So (for your own benefit) you should make it an easy and smooth process. But it isn’t. In fact, it is easier more enjoyable to use the website.","The redesign and new colour scheme have simply made the app worse. It is now clunky and slow, which makes it difficult to use. The UI at times is a mess and very cumbersome (try deleting things from your wishlist). 
From such a big company, this really should be slicker, smarter and easier to use. After all, you’re trying to us to buy stuff, right? So (for your own benefit) you should make it an easy and smooth process. But it isn’t. In fact, it is easier more enjoyable to use the website.",Big Tram,15.19.0,2020-10-11T22:29:21Z,True,itunes_rss_mostHelpful,False,False
1137cb1ce5716940298e793170a6e0fc3e7eeb9f48da06206b3f842c701a153d,6509032664,335187483,Amazon,gb,2,"Was bad before, worse now.","When reading reviews you can no longer tap on pictures for a larger view. You can’t make them larger in any way.  Too tiny to see. Second, Amazon’s search is the worst I have ever used. I search for a specific product, using the model or actual part number and it returns thousands of unrelated garbage items. Use eBay. You’ll get a better deal and won’t spend hours searching through useless unrelated items.","When reading reviews you can no longer tap on pictures for a larger view. You can’t make them larger in any way.  Too tiny to see. Second, Amazon’s search is the worst I have ever used. I search for a specific product, using the model or actual part number and it returns thousands of unrelated garbage items. Use eBay. You’ll get a better deal and won’t spend hours searching through useless unrelated items.",ImaginaryKaos,15.19.0,2020-10-07T05:49:00Z,True,itunes_rss_mostHelpful,False,False
8d0564d2d02abcee2f5aedb84d2d1f6e38e15f1226105ad4e47fe2f3986a827f,6487654327,335187483,Amazon,gb,5,Great app but...,"The ability to directly share items via text, or just copy the link so it can be pasted into a text, has been removed and replaced with an option that shares by email. Please change this back!","The ability to directly share items via text, or just copy the link so it can be pasted into a text, has been removed and replaced with an option that shares by email. Please change this back!",TheSunAndTheRainfall,15.19.0,2020-10-01T07:55:58Z,True,itunes_rss_mostHelpful,False,False
fd88ce6dd534b917755f368368c0d7e61ba4c6c7435a8723cd8622d9a1e546d9,6481762469,335187483,Amazon,gb,4,Why update and ruin a perfectly good app,"Loved this app but now, not so much. Easy enough to search but why oh why would you change how you look at the images when you choose an item. I loved that I could look at the item images in a different window expand if needed. Now I have to run my finger over the images to get a closer look. Nope I definitely don’t like that please change it back. Also why did you change the function of touching the ratings and being taken to the reviews again please change it back. Other than that it’s okay!","Loved this app but now, not so much. Easy enough to search but why oh why would you change how you look at the images when you choose an item. I loved that I could look at the item images in a different window expand if needed. Now I have to run my finger over the images to get a closer look. Nope I definitely don’t like that please change it back. Also why did you change the function of touching the ratings and being taken to the reviews again please change it back. Other than that it’s okay!",Mozzizz,15.18.0,2020-09-29T18:03:06Z,True,itunes_rss_mostHelpful,False,False
6d67d40a12c43fcde919928b3007150acaecddefde49cb686a04eac954e940ff,6478708473,335187483,Amazon,gb,5,Delivery,"If items are sent via carrier they always arrive on time if not earlier.

Unfortunately this is definitely not the case if posted via Royal Mail! Sometimes deliveries are so late (a week or two) that you worry the package has got lost!
This is a big problem if items are gifts.","If items are sent via carrier they always arrive on time if not earlier. 

Unfortunately this is definitely not the case if posted via Royal Mail! Sometimes deliveries are so late (a week or two) that you worry the package has got lost!
This is a big problem if items are gifts.",jof58,15.18.0,2020-09-28T20:28:01Z,True,itunes_rss_mostHelpful,False,False
2edece57b7ecfd737f53397efc2d37f3ae0b4c76e9c4617724ba877a2410c282,6477776628,335187483,Amazon,gb,5,Item not recieved,I am really disappointed because one of the item which is steamer has not yet been deliverd to me as the delivery date was in May and June . I tried to put forward lots of mail but no response ... and i have not recieved the item or got the payment back.... really disappointed,I am really disappointed because one of the item which is steamer has not yet been deliverd to me as the delivery date was in May and June . I tried to put forward lots of mail but no response ... and i have not recieved the item or got the payment back.... really disappointed,anjaly antony,15.18.0,2020-09-28T14:44:15Z,True,itunes_rss_mostHelpful,False,False
2f9f027836d74463c2c51a2e4588c1a632208a42545ee94563e1e6eb7ac3d911,6468011044,335187483,Amazon,gb,2,Searching,"Too many non relevant items appear in search.
Eg a search for 100% cotton duvet sets will bring  100% polyester in the products offered. Too many misleading descriptions for poor quality products unfortunately, is there no quality control employed over vendors? I’ve seen wall art that has a picture that is clearly over 2.4m wide in the ad, yet max width available is 1.2m. A lot of vendors advertising is designed catch you out and you will unless you look closely at the ad. and reviews. I’m available if Jeffrey Preston Bezos wants a chat and some randomness.
Thing is I still use it as it’s so convenient for a lot of items and will continue to do so.","Too many non relevant items appear in search. 
Eg a search for 100% cotton duvet sets will bring  100% polyester in the products offered. Too many misleading descriptions for poor quality products unfortunately, is there no quality control employed over vendors? I’ve seen wall art that has a picture that is clearly over 2.4m wide in the ad, yet max width available is 1.2m. A lot of vendors advertising is designed catch you out and you will unless you look closely at the ad. and reviews. I’m available if Jeffrey Preston Bezos wants a chat and some randomness. 
Thing is I still use it as it’s so convenient for a lot of items and will continue to do so.",fumedup,15.18.0,2020-09-25T19:14:04Z,True,itunes_rss_mostHelpful,False,False
489de74c1b3982b6c29462608d93c3f06e451fab0bd87dae3bb7436786ce86be,6466217612,335187483,Amazon,gb,1,Utterly Rubbish Update,"In all my years as a test manager, I’ve never seen a company update an application and make it far less easy to use quite like this one. This new version has failing filter systems, which disable your ability to get up a layer of the organisational tree. It doesn’t doesn’t contain the same sub folders as the live website. I searched for minutes looking for where one category was. I then gave up and looked on the website.

Honestly, the designer and head tester for this update project need to be put on administrative leave. I would personally have suspended them for allowing this trash to market.","In all my years as a test manager, I’ve never seen a company update an application and make it far less easy to use quite like this one. This new version has failing filter systems, which disable your ability to get up a layer of the organisational tree. It doesn’t doesn’t contain the same sub folders as the live website. I searched for minutes looking for where one category was. I then gave up and looked on the website.

Honestly, the designer and head tester for this update project need to be put on administrative leave. I would personally have suspended them for allowing this trash to market.",MetalPoet,15.18.0,2020-09-25T08:28:01Z,True,itunes_rss_mostHelpful,False,False
ae93d3229863c4582bb7d5e6d03d7dce8d199109236149c5bc2160a329a29ced,6452171463,335187483,Amazon,gb,2,Maps for delivery no longer showing,For the last week now I have been getting the usual 8 stops away update message for any parcels but the map to track this has vanished! This is the most useful feature of the delivery especially when your are in a location not easy to find and you can keep a look out for a lost driver once he is showing as near to you on the map. Sometime 8 stops could be 15 mins and sometimes up to an hour so always useful to know. Why has it vanished since last week on phone and iPad apps?,For the last week now I have been getting the usual 8 stops away update message for any parcels but the map to track this has vanished! This is the most useful feature of the delivery especially when your are in a location not easy to find and you can keep a look out for a lost driver once he is showing as near to you on the map. Sometime 8 stops could be 15 mins and sometimes up to an hour so always useful to know. Why has it vanished since last week on phone and iPad apps?,Oscar 31,15.18.0,2020-09-21T10:14:08Z,True,itunes_rss_mostHelpful,False,False
e7f0c1e2c8c460d2b57477a5599c0f2f51f66bb160a3af5fb7bea9b02e8d71f5,6410205221,335187483,Amazon,gb,5,Honest British Reviewer,We will probably all know Amazon’s abilities for global domination by now and it’s only set to get greater as they actually deliver what they say they will. I’ve had the odd issue but that’s not even 1% of the time and it’s always 100% down to third party sellers but that being said they all have to honour amazons refunds policy so it’s no bother at all really. There’s actually no limit to this company and if they keep up their ways they’ll simply keep going too. Great work.,We will probably all know Amazon’s abilities for global domination by now and it’s only set to get greater as they actually deliver what they say they will. I’ve had the odd issue but that’s not even 1% of the time and it’s always 100% down to third party sellers but that being said they all have to honour amazons refunds policy so it’s no bother at all really. There’s actually no limit to this company and if they keep up their ways they’ll simply keep going too. Great work.,Honest British Traveller,15.17.0,2020-09-09T05:43:05Z,True,itunes_rss_mostHelpful,False,False
fdc8bbcd5f43f13cdabb727544403785b062f72995cc241e48daeb8130a807bb,6406141707,335187483,Amazon,gb,3,Substandard customer service help desk,I ordered twice now of the same category of item in here and both times my items haven't arrived. Been waiting for 4 months now. Customer service is rubbish and really can’t help solve problems not to mention how difficult it is to get a decent agent. Even the manager i have spoken with didn’t help and just promised that the item will be delivered but it hasn’t,I ordered twice now of the same category of item in here and both times my items haven't arrived. Been waiting for 4 months now. Customer service is rubbish and really can’t help solve problems not to mention how difficult it is to get a decent agent. Even the manager i have spoken with didn’t help and just promised that the item will be delivered but it hasn’t,Lumiere00,15.17.0,2020-09-08T00:13:52Z,True,itunes_rss_mostHelpful,False,False
a5716f01d3101e69b8d91727cdc3b503f8d2c80c7cb63a42f2cb29378b51499e,6401105170,335187483,Amazon,gb,5,Emails notifications,The only thing I don’t like are erratic email notifications when item is ready for collection from the hub locker. There were times when I nearly missed to pick the item up owing to lack of the initial notification email. Otherwise no complaints.,The only thing I don’t like are erratic email notifications when item is ready for collection from the hub locker. There were times when I nearly missed to pick the item up owing to lack of the initial notification email. Otherwise no complaints.,Buka-z-Muminkow,15.17.0,2020-09-06T12:32:12Z,True,itunes_rss_mostHelpful,False,False
e4bdcff99be5fc5ffe1329d079381b155d4289a35d578ded1c2d8fdc92c61805,6397658547,335187483,Amazon,gb,5,Usability getting worse and worse,It just isn’t very intuitive any more to find things and to search. Also account settings are difficult to navigate and customer service impossible to find,It just isn’t very intuitive any more to find things and to search. Also account settings are difficult to navigate and customer service impossible to find,Tomsainsbury,15.17.0,2020-09-05T12:38:57Z,True,itunes_rss_mostHelpful,False,False
2b6585b247ae1c597d2faf3f15ee98ec31f6ca8ed7327e37a9c03f2a42d7e89f,6377328488,335187483,Amazon,gb,5,Double login doesn’t work!,"Whilst I understand the need to improve security I fail to see how an inability to login at all will help your business. I cannot login via the app but can via the website since the application was updated, its frustrating to say the least. The process of OTP and character entries and confirmation of my card details is clunky at best. Something you know, something you have and something are works best.","Whilst I understand the need to improve security I fail to see how an inability to login at all will help your business. I cannot login via the app but can via the website since the application was updated, its frustrating to say the least. The process of OTP and character entries and confirmation of my card details is clunky at best. Something you know, something you have and something are works best.",Martyboyp,15.16.0,2020-08-30T13:26:35Z,True,itunes_rss_mostHelpful,False,False
ff55153f797311601cd875db3dbf1dddca98d5a2976375d174165912a21f8c8e,6356301229,335187483,Amazon,gb,4,Has issues,"It’s a pretty good app but it does have some issues. It usually freezes when I’m going through product customisation options (size, colour, etc) and I’m completely unable to view second-hand offers since it just wont open.","It’s a pretty good app but it does have some issues. It usually freezes when I’m going through product customisation options (size, colour, etc) and I’m completely unable to view second-hand offers since it just wont open.",nicknames are weirdchamp,15.16.0,2020-08-24T16:46:26Z,True,itunes_rss_mostHelpful,False,False
efe638a7e2293cd30785e927e5b3af0205c7b8d71c5981498c4ed5ae373fe215,6346130190,335187483,Amazon,gb,3,Looks nothing like the screenshots,There seem to be different versions of the app appearance despite everyone being on the same version number. For ages mine remained dark whilst my OHs was light and with a more spaced out UI. Now I have the same version as he has. I used to feel left out but now I wish I had the previous version. There’s so much window chrome getting in the way. It’s annoying and would be better if it was fixed to the base of the screen.,There seem to be different versions of the app appearance despite everyone being on the same version number. For ages mine remained dark whilst my OHs was light and with a more spaced out UI. Now I have the same version as he has. I used to feel left out but now I wish I had the previous version. There’s so much window chrome getting in the way. It’s annoying and would be better if it was fixed to the base of the screen.,LabGeek,15.16.0,2020-08-21T20:10:56Z,True,itunes_rss_mostHelpful,False,False
09ba798d8f6110c96005f2f88d1b1339f89c87d62f3aa30223ced8a2b374da26,6322129365,335187483,Amazon,gb,5,I really enjoy this app,"I like this app. It’s good and easy to manage with your orders. Easy to contact customer service from the app. It helps you to track your order, get notifications and easy to return the items. It’s easy to pay once you have setup one click payment. Can see your past orders. It’s really helpful. I really like this app and really enjoy to do shopping from this app.","I like this app. It’s good and easy to manage with your orders. Easy to contact customer service from the app. It helps you to track your order, get notifications and easy to return the items. It’s easy to pay once you have setup one click payment. Can see your past orders. It’s really helpful. I really like this app and really enjoy to do shopping from this app.",Ravi Multani,15.15.0,2020-08-15T12:30:07Z,True,itunes_rss_mostHelpful,False,False
3429f6aa5d7de0f3ccfdc7ae912fbb420723c86c8f59effe1cc691fdaf77b269,6321898371,335187483,Amazon,gb,3,New app not great.,Some aspects of the new app are ok. I don’t like how it seems less stable then the previous style. Since the update when I move to the lightning deal at least half of the time it changes to a blank page. This is annoying. On the upside I’ve spent less moment as I get annoyed and move off the app. I like banner at the bottom but hate that it obscure the content. Also hate the next button. When looking for items I get bored having to press the next button then wait for it too load. So once again annoying and I look elsewhere.,Some aspects of the new app are ok. I don’t like how it seems less stable then the previous style. Since the update when I move to the lightning deal at least half of the time it changes to a blank page. This is annoying. On the upside I’ve spent less moment as I get annoyed and move off the app. I like banner at the bottom but hate that it obscure the content. Also hate the next button. When looking for items I get bored having to press the next button then wait for it too load. So once again annoying and I look elsewhere.,24b.l.4eva.,15.15.0,2020-08-15T11:14:17Z,True,itunes_rss_mostHelpful,False,False
ef149fc953f22dfbb6e8b7795a59456a7e6fa5f3b74f80f3f48f919de3b431e2,6295683262,335187483,Amazon,gb,3,Does what it’s supposed to. But could be better.,"Reviewed: 8 Aug 2020 on iPhone XS Max

Likes:
- it just works, simple to operate and simple to actually buy things (and monitor the progress of deliveries),
- on the user interface there’s now a menu that hovers at the bottom so one can reach: ‘home’, Your Account, Basket and Menu options within reach of ones thumb if using single-handed...

Dislikes:
- however, the Search bar is still right at the top unfortunately,
- still no dark mode,
- there seems to links all over the place, maybe there’s a way to have a hovering menu that provides easier access to: customer reviews, similar items, product details, etc,
- would be nice to have an option for a ‘dark mode’ icon,
- does not swivel around to work in landscape orientation,
- no widget to see at a glance progress of deliveries, or items in basket, or items in wish list  (for example),
- no option to lock the app with Touch ID or Face ID (e.g. for those times when the iPhone is being used by the youngest kids).

Thanks","Reviewed: 8 Aug 2020 on iPhone XS Max

Likes: 
- it just works, simple to operate and simple to actually buy things (and monitor the progress of deliveries), 
- on the user interface there’s now a menu that hovers at the bottom so one can reach: ‘home’, Your Account, Basket and Menu options within reach of ones thumb if using single-handed...

Dislikes: 
- however, the Search bar is still right at the top unfortunately, 
- still no dark mode, 
- there seems to links all over the place, maybe there’s a way to have a hovering menu that provides easier access to: customer reviews, similar items, product details, etc, 
- would be nice to have an option for a ‘dark mode’ icon, 
- does not swivel around to work in landscape orientation, 
- no widget to see at a glance progress of deliveries, or items in basket, or items in wish list  (for example), 
- no option to lock the app with Touch ID or Face ID (e.g. for those times when the iPhone is being used by the youngest kids). 

Thanks",Marranello,15.15.0,2020-08-08T17:43:20Z,True,itunes_rss_mostHelpful,False,False
a39ad174f1bef16d2d1213c484393a10731f70f838d8a450aae020d5dbb6aa10,6284286410,335187483,Amazon,gb,4,Almost 5 stars!,"I love how easy the app is in terms of searching and purchasing.

The only one thing the app lacking is the background function.

It would be nice if you could see the app with a black background just to make it easier on the eyes especially when browsing after hours. Even if it’s locked on black rather than white, it makes life a lot easier 👍","I love how easy the app is in terms of searching and purchasing.

The only one thing the app lacking is the background function.

It would be nice if you could see the app with a black background just to make it easier on the eyes especially when browsing after hours. Even if it’s locked on black rather than white, it makes life a lot easier 👍",Bagzy88 XD,15.15.0,2020-08-05T21:00:31Z,True,itunes_rss_mostHelpful,False,False
6368f3b88e8d3e399b8bba5e2af50b570128190c14a24cce8f0228f22532c2d0,6264726966,335187483,Amazon,gb,5,Great,"Great app. Love the update except for one thing. Favourites, where have all my favourites that I saved, planned purchases, really not happy about this and now each time I add something it takes the previous one out. Can you please restore the favourites list to what it was please. Other than that really love the app.","Great app. Love the update except for one thing. Favourites, where have all my favourites that I saved, planned purchases, really not happy about this and now each time I add something it takes the previous one out. Can you please restore the favourites list to what it was please. Other than that really love the app.",Dizzy66blonde,15.15.0,2020-07-31T21:21:26Z,True,itunes_rss_mostHelpful,False,False
8176a9e41a8f5e33f7148573a139f1ee1d84c1322de113cc1d70208b1afd0eff,6258451553,335187483,Amazon,gb,5,Don’t like new update,The app was fine the way it was. Now this green look and having the basket at the bottom and everything made in huge fonts isn’t doing it for me. App was fine with the look from before.,The app was fine the way it was. Now this green look and having the basket at the bottom and everything made in huge fonts isn’t doing it for me. App was fine with the look from before.,emgee28,15.15.0,2020-07-30T08:02:29Z,True,itunes_rss_mostHelpful,False,False
5803e8e978c29724236713bd9e285336e56be0581dcfc9eee9e8c5b07e7a96d3,6258046259,335187483,Amazon,gb,2,Much less user friendly update,This new update is horrible. Why does the menu hover over everything instead of sitting nicely at the top like it used to? Why also does the hamburger menu button then display a list of options in a stupid sized font in unpredictable alignment with no visible separation between options. The old version was so much more intuitive. Please have a word with your developers who’ve obviously just learnt a new skill and wanted to show it off to the detriment of the users.,This new update is horrible. Why does the menu hover over everything instead of sitting nicely at the top like it used to? Why also does the hamburger menu button then display a list of options in a stupid sized font in unpredictable alignment with no visible separation between options. The old version was so much more intuitive. Please have a word with your developers who’ve obviously just learnt a new skill and wanted to show it off to the detriment of the users.,Zombviewer,15.15.0,2020-07-30T05:12:11Z,True,itunes_rss_mostHelpful,False,False
07a53ad036115832149886cd216a263347193fc22842e341da6d800102f64335,6257002108,335187483,Amazon,gb,5,What happened...?!,"The latest update is a major break from the past. Everything has moved. I’ll get used to it in time but for now it’s pretty jarring.

What I don’t understand is why this decision was taken. It’s extremely bold design, which would be ok if it was enjoyable. But I don’t like the colours, I don’t like the 20 different font sizes and I don’t like the everpresent menu. And I’m stuck with these unless I use a browser.

Thanks?","The latest update is a major break from the past. Everything has moved. I’ll get used to it in time but for now it’s pretty jarring.

What I don’t understand is why this decision was taken. It’s extremely bold design, which would be ok if it was enjoyable. But I don’t like the colours, I don’t like the 20 different font sizes and I don’t like the everpresent menu. And I’m stuck with these unless I use a browser.

Thanks?",ratmfan_andrew,15.15.0,2020-07-29T22:21:37Z,True,itunes_rss_mostHelpful,False,False
af6373f045c1347fb51a5695d554b6de5f647fb6514a1e41c85aae8fdfe34019,6254455455,335187483,Amazon,gb,3,BETTER AND WORSE,"Some UX improvements like the bottom navigation, but some awful omissions.
After clicking a product photo, previously user could return to main product screen with a swipe right, now have to reach the top of the screen for the cancel button and slows down the user experience.
Search and filters don't work well, relevancy is not weighted. For example, items that do not match all the search keywords appear in the results, can be seen when ordering by ascending price, search synthetic oil 5w40 5l and 1l (litre) products show up.","Some UX improvements like the bottom navigation, but some awful omissions.
After clicking a product photo, previously user could return to main product screen with a swipe right, now have to reach the top of the screen for the cancel button and slows down the user experience.
Search and filters don't work well, relevancy is not weighted. For example, items that do not match all the search keywords appear in the results, can be seen when ordering by ascending price, search synthetic oil 5w40 5l and 1l (litre) products show up.",Lozisung,15.15.0,2020-07-29T07:30:02Z,True,itunes_rss_mostHelpful,False,False
c1a34a96d9f0fca51f254975588a0ab0dbd2eaef8def00da6c6a0c4d0db2e63e,6251330796,335187483,Amazon,gb,2,No sharing items button with new update,"Tried to share a specific item from the app but I cannot not find the share button, after speaking to support they could find the share button them selves but they suggested to make a list and place the item in a list then share the list with someone, just to share one item which I find silly because it makes it 3-4 steps longer than it should be just to share one item, please revert back or re add the SHARE BUTTON PLEASE!!!!!","Tried to share a specific item from the app but I cannot not find the share button, after speaking to support they could find the share button them selves but they suggested to make a list and place the item in a list then share the list with someone, just to share one item which I find silly because it makes it 3-4 steps longer than it should be just to share one item, please revert back or re add the SHARE BUTTON PLEASE!!!!!",w41ty93,15.15.0,2020-07-28T12:24:35Z,True,itunes_rss_mostHelpful,False,False
6b2b58c0334b2f04058cf6b6c35b910c09ff5e62d0f4972aabe05ec7408aa9ea,6250781144,335187483,Amazon,gb,1,Dislike!,"Firstly, you went away from intuitive positioning to a confusing one. Before, after you choose something at the top, you just scroll down and have a nice shopping experience. Now it feels that you want me never forget that I have a basket, buy buy buy buy. Not smooth and not pleasant.

I don’t like the new colour scheme. Since colours are equally light (white light greenish light blueish) you need to concentrate.

Finally. Don’t be so sneaky! This wasn’t simply “fixing bugs”, you changed the design completely. State it up front. I wouldn’t update. To me previous version was just fine.","Firstly, you went away from intuitive positioning to a confusing one. Before, after you choose something at the top, you just scroll down and have a nice shopping experience. Now it feels that you want me never forget that I have a basket, buy buy buy buy. Not smooth and not pleasant. 

I don’t like the new colour scheme. Since colours are equally light (white light greenish light blueish) you need to concentrate. 

Finally. Don’t be so sneaky! This wasn’t simply “fixing bugs”, you changed the design completely. State it up front. I wouldn’t update. To me previous version was just fine.",L1617737621,15.15.0,2020-07-28T09:09:12Z,True,itunes_rss_mostHelpful,False,False
ab459c4df41539066192371a7c6f761702e2a0bdf60f9c32cb11a963650357c9,6249536318,335187483,Amazon,gb,2,Why change it?,"Updated app is just frustrating me. I dislike the new colours, which I know is a personal thing and everything being at the bottom isn’t easier for me. Worst of all though my share button has stopped working. I never realised just how much I rely on that until I was trying to organise my child’s birthday presents with faraway family. It’s like you don’t actually want us to buy anything from you. Please fix it.","Updated app is just frustrating me. I dislike the new colours, which I know is a personal thing and everything being at the bottom isn’t easier for me. Worst of all though my share button has stopped working. I never realised just how much I rely on that until I was trying to organise my child’s birthday presents with faraway family. It’s like you don’t actually want us to buy anything from you. Please fix it.",Eilz1,15.15.0,2020-07-28T00:40:14Z,True,itunes_rss_mostHelpful,False,False
c50777bcdff80b9bb5a11b4da62aedea4281986a6d3ef7bf13a9088286872f32,6240588230,335187483,Amazon,gb,5,I used to like the app,"The new update has done nothing of note but change colours and move stuff around. Why after so many years would you change something. If it ain’t broke, don’t fix it is clearly something the developers haven’t heard before. And why the hell can I still not buy and download kindle books using the app?

Edit: The app was reverted back to the old version a few days after this review but has now changed back again. You get nothing but bad reviews every time you push this ridiculous, user unfriendly update. People like the old version, it’s easy to Use, everything is easy to find and and it’s aesthetically pleasing. All things that this new version is not. Pleas stop trying to fix something that isn’t broke.","The new update has done nothing of note but change colours and move stuff around. Why after so many years would you change something. If it ain’t broke, don’t fix it is clearly something the developers haven’t heard before. And why the hell can I still not buy and download kindle books using the app?

Edit: The app was reverted back to the old version a few days after this review but has now changed back again. You get nothing but bad reviews every time you push this ridiculous, user unfriendly update. People like the old version, it’s easy to Use, everything is easy to find and and it’s aesthetically pleasing. All things that this new version is not. Pleas stop trying to fix something that isn’t broke.",Cophed,15.15.0,2020-07-25T15:03:22Z,True,itunes_rss_mostHelpful,False,False
1d5e077b41b36010806270ccd2cfaed28a2253d71f11cf759cfa0a693eebd4e3,6216428781,335187483,Amazon,gb,3,Problems using Subscribe And Save & One Click,"This app is ok for one click purchases and seeing my placed orders, but when it comes to using the Subscribe And Save option, it works for a short while and then it won’t show the Subscribe And Save option when I click on the item to subscribe to it. It’s very inconvenient. Plus, the one click option is now not showing at all despite being being selected in the settings.","This app is ok for one click purchases and seeing my placed orders, but when it comes to using the Subscribe And Save option, it works for a short while and then it won’t show the Subscribe And Save option when I click on the item to subscribe to it. It’s very inconvenient. Plus, the one click option is now not showing at all despite being being selected in the settings.",Stroppypaws,15.14.0,2020-07-19T13:01:14Z,True,itunes_rss_mostHelpful,False,False
bebd73ba15b183ceb8f73790201d024cb0980688d14145fbd08eea192675adf5,6130848905,335187483,Amazon,gb,1,Organisational discrimination,"There isn’t any option to complain. This is a repetitive and non-negotiable cycle (the definition of organisational discrimination). I’ve place an order multiple times now and all the feedback I get is ‘revise payment method’. It won’t highlight what’s wrong with the payment details and eBay doesn’t seem to have any problems with my payment details so I’m not sure what amazon’s problem is but if you won’t let me buy something, that’s fine by me. It’s my first and last time using this service. Be more transparent","There isn’t any option to complain. This is a repetitive and non-negotiable cycle (the definition of organisational discrimination). I’ve place an order multiple times now and all the feedback I get is ‘revise payment method’. It won’t highlight what’s wrong with the payment details and eBay doesn’t seem to have any problems with my payment details so I’m not sure what amazon’s problem is but if you won’t let me buy something, that’s fine by me. It’s my first and last time using this service. Be more transparent",Kameron Bautista,15.13.0,2020-06-28T06:42:33Z,True,itunes_rss_mostHelpful,False,False
30c6312b3cfa4c5071328525ab4a5fff8ab7ce7434493e0f0e3c4a8210409b62,6107862823,335187483,Amazon,gb,4,Gift card balance,"In the past, when purchasing goods, I could select “Change” on the payment to see the balance on my gift card. This helped me to decide whether to pay by credit card or use my gift card balance.
Now I don’t see the balance remaining on the gift card. Please can you include this again?","In the past, when purchasing goods, I could select “Change” on the payment to see the balance on my gift card. This helped me to decide whether to pay by credit card or use my gift card balance.
Now I don’t see the balance remaining on the gift card. Please can you include this again?",Zarafet,15.12.6,2020-06-22T11:11:57Z,True,itunes_rss_mostHelpful,False,False
d933d5ca9b1c6e20e37ab25f19ce145d09d5b21f059fbfab0f32e6cd7377c230,6077760530,335187483,Amazon,gb,3,Could Easily be Better,"For some reason, the developer thought it was a good idea to put the icon bar almost at the bottom of the page and obscuring some of the text and images on the page. It's a nuisance as it's on the page but does not move up or down when scrolling up or down, nor is it a footer or header to the page.

Apart from this, generally OK to use.","For some reason, the developer thought it was a good idea to put the icon bar almost at the bottom of the page and obscuring some of the text and images on the page. It's a nuisance as it's on the page but does not move up or down when scrolling up or down, nor is it a footer or header to the page.

Apart from this, generally OK to use.",Ottorino20,15.12.6,2020-06-15T07:29:06Z,True,itunes_rss_mostHelpful,False,False
d6ba1aa5ef9ee28cfdeb40cf2167bc143335f579f79cda597be64751f66e241c,6066347773,335187483,Amazon,gb,5,Customer Service,"A driver without Id, in a plain white van, left a parcel on my doorstep and demanded id and date of birth but couldn’t tell me why. I hadn’t ordered anything! He refused to leave it.
I complained on line and was promised the parcel would be redelivered but wouldn’t give me details of how to complain.
There has been no follow up, explanation or parcel delivered.","A driver without Id, in a plain white van, left a parcel on my doorstep and demanded id and date of birth but couldn’t tell me why. I hadn’t ordered anything! He refused to leave it.
I complained on line and was promised the parcel would be redelivered but wouldn’t give me details of how to complain.
There has been no follow up, explanation or parcel delivered.",website is poor,15.12.6,2020-06-12T10:29:06Z,True,itunes_rss_mostHelpful,False,False
412a9b7634e57b96f68cac3b74fbcd118fce903b36a52f5d03f26e2637eca11d,6050975862,335187483,Amazon,gb,5,Latest update made it slow,"It was ok until the latest update. Now things like searches or cart content don't load on my iPhone 8 plus and I just get a white screen in the middle with “still loading” which never seems to happen. Another problem seems to be around the cart and instructions to save things, it just refuses to carry it out and I have to quit and reload the app. Typical case of why fix it when it ain’t broke?","It was ok until the latest update. Now things like searches or cart content don't load on my iPhone 8 plus and I just get a white screen in the middle with “still loading” which never seems to happen. Another problem seems to be around the cart and instructions to save things, it just refuses to carry it out and I have to quit and reload the app. Typical case of why fix it when it ain’t broke?",Agibee,15.9.0,2020-06-08T14:15:23Z,True,itunes_rss_mostHelpful,False,False
8645c14785cfcd0c5a649fd53983314c94539780747850efda454c7aa6698927,5974176059,335187483,Amazon,gb,2,I hate this app,"It’s so hard to just do what I want. When I’m reality, it could all be so easy. Even wanting to just buy one thing from your basket requires me to remove everything else....WHY! In a shop I can fill a trolly and buy just one thing with real ease. Also products keep selling out in my basket but I get no warnings or notifications that it’s running low. And some of these product don’t come back.

Will be happy when another company makes an app I appreciate more so I can never use this useless waist of time again.","It’s so hard to just do what I want. When I’m reality, it could all be so easy. Even wanting to just buy one thing from your basket requires me to remove everything else....WHY! In a shop I can fill a trolly and buy just one thing with real ease. Also products keep selling out in my basket but I get no warnings or notifications that it’s running low. And some of these product don’t come back. 

Will be happy when another company makes an app I appreciate more so I can never use this useless waist of time again.",D-unit99,15.9.0,2020-05-21T10:53:56Z,True,itunes_rss_mostHelpful,False,False
6e26f1d85b67ad9919ea04cc1db183bbc011391c396de8826ddab24616355458,5965287670,335187483,Amazon,gb,3,Works well enough - but design and layout are sub-par,"For one of the leading companies on Earth, Amazon’s app designs are respectively awful. They feel incredibly outdated. The app functions well enough and is convenient, but that’s the most I can say in a positive light.

Everything feels to “large”, some filtering options are convoluted and finding details related to your account can be quite confusing/overwhelming.","For one of the leading companies on Earth, Amazon’s app designs are respectively awful. They feel incredibly outdated. The app functions well enough and is convenient, but that’s the most I can say in a positive light. 

Everything feels to “large”, some filtering options are convoluted and finding details related to your account can be quite confusing/overwhelming.",ADizzleGrizzle,15.8.2,2020-05-19T11:34:15Z,True,itunes_rss_mostHelpful,False,False
a47f51870ecf4ed352f0247299119b20abd9db970d4fd64b9b0f138a91036d1a,5950957338,335187483,Amazon,gb,1,Update is terrible,"Latest version is awful. Re-loads every time you switch between other apps. It’s not iOS either, as other recently opened apps save their state to RAM without issue.

How can a shopping app be so resource heavy that it has to reload pretty much every time? You don’t even have the “infinite scroll” for search results anymore (it was the best feature), instead you get about 20 results before having to click next.

Maybe see if eBay can give you some tips on how to make an app?","Latest version is awful. Re-loads every time you switch between other apps. It’s not iOS either, as other recently opened apps save their state to RAM without issue. 

How can a shopping app be so resource heavy that it has to reload pretty much every time? You don’t even have the “infinite scroll” for search results anymore (it was the best feature), instead you get about 20 results before having to click next. 

Maybe see if eBay can give you some tips on how to make an app?",AndySMoore,15.8.2,2020-05-16T01:30:59Z,True,itunes_rss_mostHelpful,False,False
817a1b0b06f0cece89926f9caae7193489e62736b1e12224f340e1fd3cec1062,5922968850,335187483,Amazon,gb,4,Wish List on iPad,"The Wish List feature is great, especially for adding Kindle books to in order to download later on the Kindle.

However they don’t seem to work properly on the iPad (but they do on the iPhone).

I have a Reading List set as default, however when I add a new Kindle book via Add to List it automatically creates a new list and adds it that. I the have to go to Wish List, select the newly created list, move the book to my Reading List and delete the newly created list, very annoying.

On the iPhone when you Add to List it brings up your lists so you can choose which to add it to, with the default list being at the top.

It appears to be a bug.","The Wish List feature is great, especially for adding Kindle books to in order to download later on the Kindle.

However they don’t seem to work properly on the iPad (but they do on the iPhone).

I have a Reading List set as default, however when I add a new Kindle book via Add to List it automatically creates a new list and adds it that. I the have to go to Wish List, select the newly created list, move the book to my Reading List and delete the newly created list, very annoying.

On the iPhone when you Add to List it brings up your lists so you can choose which to add it to, with the default list being at the top.

It appears to be a bug.",Smifmeistergeneral,15.8.2,2020-05-09T10:26:25Z,True,itunes_rss_mostHelpful,False,False
52d7c53ad73740e6c51b89bc5bd32ab8321e6c35a2aa493428711af845ea08b9,5922921004,335187483,Amazon,gb,3,More options,"I think there should be an option for when your paying, if you have lots of things in your basket that you don’t want to buy yet, we should be able to choose what items in our basket we want to buy so that we can pay just for one or more things without paying for our whole entire basket!","I think there should be an option for when your paying, if you have lots of things in your basket that you don’t want to buy yet, we should be able to choose what items in our basket we want to buy so that we can pay just for one or more things without paying for our whole entire basket!",broniethebrownie,15.8.2,2020-05-09T10:09:16Z,True,itunes_rss_mostHelpful,False,False
a91bea95beef359d13b1b76d96665104cbf7fc087346e38a4c29790f70c31622,5870611049,335187483,Amazon,gb,5,This new version is full of bugs and horrible. Please please fix this.,"The old app was great. You have turned it into an app full of frustrating bugs. It doesn’t work. It’s awful.
The price change notification in basket only stays up for a few seconds and then permanently disappears. The basket contents appears, goes blank, appears, goes blank. And other occasions it comes up and can’t close it or navigate away with forcing the app to close and start again.
You have not improved the app. You have downgraded it to rubbish that I can’t even use without losing my temper.","The old app was great. You have turned it into an app full of frustrating bugs. It doesn’t work. It’s awful.
The price change notification in basket only stays up for a few seconds and then permanently disappears. The basket contents appears, goes blank, appears, goes blank. And other occasions it comes up and can’t close it or navigate away with forcing the app to close and start again.
You have not improved the app. You have downgraded it to rubbish that I can’t even use without losing my temper.",XiaoAnLondon,15.8.0,2020-04-27T12:35:09Z,True,itunes_rss_mostHelpful,False,False
761c22f9533d5193b3e5406ad440c55f763f55a04b37467ef0281adae0c7a4b0,5847553254,335187483,Amazon,gb,2,Latest update,"What a disappointment.
There is now this pale background and why oh why would you move the menu bar etc to the bottom where it gets in the way of the product description. It’s so awful I’ve reverted to using the web page on my phone.
I loved the app and it was functional everything at the top where you could see it not at the bottom where your hand covers it and it covers your item details.
Ever heard the expression if it’s not broke. Don’t fix it!!! You broke it.","What a disappointment. 
There is now this pale background and why oh why would you move the menu bar etc to the bottom where it gets in the way of the product description. It’s so awful I’ve reverted to using the web page on my phone. 
I loved the app and it was functional everything at the top where you could see it not at the bottom where your hand covers it and it covers your item details. 
Ever heard the expression if it’s not broke. Don’t fix it!!! You broke it.",Sparkle167,15.8.0,2020-04-22T10:20:15Z,True,itunes_rss_mostHelpful,False,False
f046ce102ea1385d1daa43f9430283e76d805f3ae6612d678e9d52392f7ba0fa,5836067687,335187483,Amazon,gb,5,Recent change includes a bar at the bottom of screen,I used to like the app. The bar at the bottom is so annoying. The desktop on am iPhone is too small. Why make a change when it wasn’t needed. Please revert back or tell me how.,I used to like the app. The bar at the bottom is so annoying. The desktop on am iPhone is too small. Why make a change when it wasn’t needed. Please revert back or tell me how.,X88jar,15.8.0,2020-04-19T22:18:28Z,True,itunes_rss_mostHelpful,False,False
db8386d65ec1ab22fa498d7ba48af15be0b0b37bb56f64fb1a27971a77fa4135,5833995405,335187483,Amazon,gb,5,Terrible update,"The colour scheme alone is enough to put me off, but the redesigned UI is confusing and less useful than the original. Why did it need changing? This app was actually one of my favourite to use, but now I’m inclined to go back to using the browser... perhaps allow users to switch to “old” style? And to change the ghastly colour!","The colour scheme alone is enough to put me off, but the redesigned UI is confusing and less useful than the original. Why did it need changing? This app was actually one of my favourite to use, but now I’m inclined to go back to using the browser... perhaps allow users to switch to “old” style? And to change the ghastly colour!",liketotally,15.8.0,2020-04-19T11:48:39Z,True,itunes_rss_mostHelpful,False,False
d2e6a38fe387ddc6812ecaf97154169ce0f4af8ddb186aeea08d56a98111c0c0,5830705545,335187483,Amazon,gb,5,New Update UI needs work,"Little things like viewing photos on reviews not being able to flick out of them and having to use the cross doesn’t feel natural.
Colour scheme is horrid... the ability to change that would be nice!","Little things like viewing photos on reviews not being able to flick out of them and having to use the cross doesn’t feel natural. 
Colour scheme is horrid... the ability to change that would be nice!",StueyM87,15.8.0,2020-04-18T18:04:12Z,True,itunes_rss_mostHelpful,False,False
eacdfb4c7cefa24a8c7dc7e76ce897c0ef430d7f369270df6dcf00a2cb423a08,5819138372,335187483,Amazon,gb,2,What have you done?,"What an awful update! The home screen is about as interesting as lifting a toilet lid. J used to enjoy flicking through the ‘similar ‘ pages, and the ‘what you might like’ stuff. Now it’s dull and bland. What you’ve successfully done here is stop people buying things on a whim, and if that was your aim, well done. If you wanted people to browse your wares and pick things as you would in a supermarket, then sack whoever designed this tosh and go back to what you had. This is a classic case of ‘if it ain’t broke, don’t fix it’. It was not broke - it is now!","What an awful update! The home screen is about as interesting as lifting a toilet lid. J used to enjoy flicking through the ‘similar ‘ pages, and the ‘what you might like’ stuff. Now it’s dull and bland. What you’ve successfully done here is stop people buying things on a whim, and if that was your aim, well done. If you wanted people to browse your wares and pick things as you would in a supermarket, then sack whoever designed this tosh and go back to what you had. This is a classic case of ‘if it ain’t broke, don’t fix it’. It was not broke - it is now!",Andyg2,15.8.0,2020-04-16T09:29:23Z,True,itunes_rss_mostHelpful,False,False
7cdafbf8c29ab812f6d4c15200abbce167952720434e33075db6ec2e07af343f,5816766606,335187483,Amazon,gb,5,What have you done,"This new update is crap , don’t like the new features at the bottom of the app , there was nothing wrong with the way it was . Don’t like it one bit . And bring back the wish list at the bottom of the app screen","This new update is crap , don’t like the new features at the bottom of the app , there was nothing wrong with the way it was . Don’t like it one bit . And bring back the wish list at the bottom of the app screen",fred asstirr,15.8.0,2020-04-15T21:02:24Z,True,itunes_rss_mostHelpful,False,False
eb28ea073cc1e76fea4afc9cacfca5b415c3591daf13ba433755060fd62ecba2,5816666691,335187483,Amazon,gb,5,Update is awful,"Like other reviewers, the new look update is simply awful.  Why do you need a new look pastel blue?  Why have you made it less intuitive to use?  There was nothing wrong with the old version.  Fix the bugs by all means but this update truly is awful.","Like other reviewers, the new look update is simply awful.  Why do you need a new look pastel blue?  Why have you made it less intuitive to use?  There was nothing wrong with the old version.  Fix the bugs by all means but this update truly is awful.",bloostar76,15.8.0,2020-04-15T20:29:52Z,True,itunes_rss_mostHelpful,False,False
ccd26943b7f7e5745417fe7e3593d8571414c7c6e543f184d97f87361f7e82b8,5815395394,335187483,Amazon,gb,3,New Update,"Don’t like the new update. Can’t search as fully as before. Too restricted and not enough filters for searching. Why change it ?  Worked really well, could filter the search down to Uk only, can’t do that now.
I tried finding negative holders, but hardly anything came up, and it was only International shipping  !  What’s with that ????
Please update again and reset the filters","Don’t like the new update. Can’t search as fully as before. Too restricted and not enough filters for searching. Why change it ?  Worked really well, could filter the search down to Uk only, can’t do that now. 
I tried finding negative holders, but hardly anything came up, and it was only International shipping  !  What’s with that ????
Please update again and reset the filters",Sandraw21,15.8.0,2020-04-15T14:31:41Z,True,itunes_rss_mostHelpful,False,False
2d16598c5a52d2ab3d609150dd65dcd02a7bf2a2fa77cb99517c5bf366c4cd56,5810883131,335187483,Amazon,gb,5,REFUNDS,"I TRIED WITHOUT DOUBT EVERY WHICH WAY I CAN, I HAVE BEEN TRYING TO CANCEL AN ORDER THAT SUDDENLY APPEARED ON MY ORDER LIST WITHOUT AN ORDER NUMBER NOR A REFUND BOX, TRACK PACKAGE WHICH IS QUITE OBVIOUS BECAUSE IT IS COLOURED YELLOW, A CONTACT SELLER OR THE UBIQUITOUS REQUEST CANCELLATION.  UNFORTUNATELY THE ORDER, THAT IS ONE OF TWO IS MISSING AN ORDER NUMBER, TRACK PACKAGE AND REQUEST CANCELLATION BOX, AND THERE IS WHEN YOU REALISE THAT THEY HAVE YOUR MARITAL TACKLE BY THE SHORT AND CURLY’S.  YOU FIND OUT THAT THERE IS NO WAY OUT, SHORT OF THE JAPANESE ART OF HARI-KIRI, I’VE TRIED EVERYTHING AND I MEAN EVERYTHING TO MESSAGE CUSTOMER SERVICES TO MAKE THEM UNDERSTAND THAT I AM AN UNHAPPY CUSTOMER BUT, THEY WON’T LET ME, THERE ARE ALL TYPES OF MESSAGES, BY DATE, BY YEAR/ YEARS AND FOR NO REASON AT ALL, BUT, WHOEVER WROTE THE SYSTEM WAS NOT VERY CUSTOMER FRIENDLY AND FOR AN APP SUCH AS THIS IS ONE NEEDS TO BE CUSTOMER FRIENDLY.  BELIEVE ME, TRY IT AND TRY IT AGAIN BUT YOU CANNOT AND THEY WILL NOT LET YOU HAVE THAT REFUND.  WHY?  BECAUSE THERE IS NO REQUEST CANCELLATION BOX WRITTEN INTO THE BASIC WEBSITE, THEREBY HANGS THE TACKLE, OR WHATEVER YOU NEVER ORDERED, SO AS GOOD AS THIS APP IS AT GETTING YOU THE TAIL OF A MONGOOSE FROM OUTER MONGOLIA, AT AN UNBELIEVABLE PRICE AND ON PRIME ( THEIR NEXT DAY DELIVERY, IF YOU’RE LUCKY) YOU WILL NOT, EVER, LIVE LONG ENOUGH TO MANAGE MY FRIEND OR NOT, TO GET THAT REFUND OR ( REQUEST CANCELLATION ) SO I CAN ONLY GIVE THIS APP, ONE STAR, BUT THEY ARE NOT GOING TO WIN, I HAVE ORDERED AN ORIGINAL JAPANESE SWORD ON PRIME.","I TRIED WITHOUT DOUBT EVERY WHICH WAY I CAN, I HAVE BEEN TRYING TO CANCEL AN ORDER THAT SUDDENLY APPEARED ON MY ORDER LIST WITHOUT AN ORDER NUMBER NOR A REFUND BOX, TRACK PACKAGE WHICH IS QUITE OBVIOUS BECAUSE IT IS COLOURED YELLOW, A CONTACT SELLER OR THE UBIQUITOUS REQUEST CANCELLATION.  UNFORTUNATELY THE ORDER, THAT IS ONE OF TWO IS MISSING AN ORDER NUMBER, TRACK PACKAGE AND REQUEST CANCELLATION BOX, AND THERE IS WHEN YOU REALISE THAT THEY HAVE YOUR MARITAL TACKLE BY THE SHORT AND CURLY’S.  YOU FIND OUT THAT THERE IS NO WAY OUT, SHORT OF THE JAPANESE ART OF HARI-KIRI, I’VE TRIED EVERYTHING AND I MEAN EVERYTHING TO MESSAGE CUSTOMER SERVICES TO MAKE THEM UNDERSTAND THAT I AM AN UNHAPPY CUSTOMER BUT, THEY WON’T LET ME, THERE ARE ALL TYPES OF MESSAGES, BY DATE, BY YEAR/ YEARS AND FOR NO REASON AT ALL, BUT, WHOEVER WROTE THE SYSTEM WAS NOT VERY CUSTOMER FRIENDLY AND FOR AN APP SUCH AS THIS IS ONE NEEDS TO BE CUSTOMER FRIENDLY.  BELIEVE ME, TRY IT AND TRY IT AGAIN BUT YOU CANNOT AND THEY WILL NOT LET YOU HAVE THAT REFUND.  WHY?  BECAUSE THERE IS NO REQUEST CANCELLATION BOX WRITTEN INTO THE BASIC WEBSITE, THEREBY HANGS THE TACKLE, OR WHATEVER YOU NEVER ORDERED, SO AS GOOD AS THIS APP IS AT GETTING YOU THE TAIL OF A MONGOOSE FROM OUTER MONGOLIA, AT AN UNBELIEVABLE PRICE AND ON PRIME ( THEIR NEXT DAY DELIVERY, IF YOU’RE LUCKY) YOU WILL NOT, EVER, LIVE LONG ENOUGH TO MANAGE MY FRIEND OR NOT, TO GET THAT REFUND OR ( REQUEST CANCELLATION ) SO I CAN ONLY GIVE THIS APP, ONE STAR, BUT THEY ARE NOT GOING TO WIN, I HAVE ORDERED AN ORIGINAL JAPANESE SWORD ON PRIME.",erapraps,15.8.0,2020-04-14T16:07:25Z,True,itunes_rss_mostHelpful,False,False
7d17ba87169e420ab50894648037815d001fa3f258783380bd3ec1a4add1d76a,5805997436,335187483,Amazon,gb,5,The updates,The last couple of updates have ruined what used to be a good app. The bar at the bottom of the screen just floating there is the most annoying thing I’ve ever experienced on an app. I hope they can fix this soon.,The last couple of updates have ruined what used to be a good app. The bar at the bottom of the screen just floating there is the most annoying thing I’ve ever experienced on an app. I hope they can fix this soon.,CAMROSS,15.7.0,2020-04-13T15:17:43Z,True,itunes_rss_mostHelpful,False,False
cec7fa0e076165e5e45026f4460743a92476378924ea4ac68c1907fa61922951,5802069468,335187483,Amazon,gb,1,Terrible and less useful. Great for saving me money now!,"I understand app revamps and such but seems pointless and annoying when your just moving buttons.

Ad features and not just move stuff.

The hamburger / 3 horizontal lines button, has moved from top left where the search bar was to bottoms right which has made changing categories and searching worse.

Now you can find yourself perpetually search pantry when when you want all things or Visa versa.

Also This new design is definitely going to save me money because there’s no section for my prime recommendations, books, pc parts, etc ridding me of impulse purchases.

I suppose thank you.

But I did enjoy seeing when some of these dropped in price so I’d prime it.

Floating bar at the bottom is not needed Tbf, could of just changed fonts, icons and color schemes and had same effect.

Il use the mobile web browser app in lieu of the phone app.","I understand app revamps and such but seems pointless and annoying when your just moving buttons. 

Ad features and not just move stuff.

The hamburger / 3 horizontal lines button, has moved from top left where the search bar was to bottoms right which has made changing categories and searching worse.

Now you can find yourself perpetually search pantry when when you want all things or Visa versa.

Also This new design is definitely going to save me money because there’s no section for my prime recommendations, books, pc parts, etc ridding me of impulse purchases.

I suppose thank you.

But I did enjoy seeing when some of these dropped in price so I’d prime it.

Floating bar at the bottom is not needed Tbf, could of just changed fonts, icons and color schemes and had same effect.

Il use the mobile web browser app in lieu of the phone app.",CoffeeBooks&iPad,15.7.0,2020-04-12T19:01:23Z,True,itunes_rss_mostHelpful,False,False
29d73c7437b2bd1971132640c458d8f69e24e36b9d883b752cacc5f9bdf6e6c8,5775403170,335187483,Amazon,gb,2,Give us what we want,"Why when I put in the name of an actor, you give me a load of crap I don’t want. I asked for a specific actor, believe it or not, that is actually what I want.
Why are your movies so expensive to rent? You are not blockbuster. We pay for prime yet you want to rip us off more. It seems you put the films on we have already seen yet want us to pay for the others.
Your new movies are older than gods dog. Why can’t you stop ripping us off and treat us as valued customers?
Times are getting harder now we are in lockdown and all you wish to do is profit from peoples misery. You should hang your heads in shame.","Why when I put in the name of an actor, you give me a load of crap I don’t want. I asked for a specific actor, believe it or not, that is actually what I want.
Why are your movies so expensive to rent? You are not blockbuster. We pay for prime yet you want to rip us off more. It seems you put the films on we have already seen yet want us to pay for the others. 
Your new movies are older than gods dog. Why can’t you stop ripping us off and treat us as valued customers?
Times are getting harder now we are in lockdown and all you wish to do is profit from peoples misery. You should hang your heads in shame.",vumfry,15.7.0,2020-04-07T11:10:08Z,True,itunes_rss_mostHelpful,False,False
56c32968d42ec2ebd3c7bd408f37cccccde77408e99011c992b3b89e577f1688,5765026145,335187483,Amazon,gb,5,“Used” price feature removed from the wish list,"ok I used to be able to see “used” prices n my public wish list - I can no longer see this at a glance, now I have to click into each item to view the “used”
it’s been like this for the last week
It’s very time consuming","ok I used to be able to see “used” prices n my public wish list - I can no longer see this at a glance, now I have to click into each item to view the “used”
it’s been like this for the last week
It’s very time consuming",Jools - Pulp Fiction,15.6.0,2020-04-05T07:14:43Z,True,itunes_rss_mostHelpful,False,False
91298c3c613876c7ebe1355c627e2d1bbb688e74124aa4913a5abe5c7b37eb1b,5730688457,335187483,Amazon,gb,1,What is the point?,"The search function is useless. I thought the on website/desk top was bad but this app takes the biscuit. It in all probability is the same engine it just seems worse on the app. Aside from you cannot manage your account, it’s very basic function yet you cannot do it here, head off to your nearest available to to PC otherwise your not going to get it done. The only thing that is good about this app is the up to the minute notifications of your delivery’s progress from your local delivery depot it is that and that alone that gave two stars. Otherwise it would have been zero","The search function is useless. I thought the on website/desk top was bad but this app takes the biscuit. It in all probability is the same engine it just seems worse on the app. Aside from you cannot manage your account, it’s very basic function yet you cannot do it here, head off to your nearest available to to PC otherwise your not going to get it done. The only thing that is good about this app is the up to the minute notifications of your delivery’s progress from your local delivery depot it is that and that alone that gave two stars. Otherwise it would have been zero",ukarnold,15.6.0,2020-03-29T12:30:04Z,True,itunes_rss_mostHelpful,False,False
8f446d1723f70351e284a20177f4885d5502aa79ed9693f3ead29c40ca9b1df2,5715489706,335187483,Amazon,gb,1,New Home Page is Awful,"Updated the app on my iPad yesterday and hate the new home page.  The first thing you see is a photograph of the last thing you ordered which is really NOT helpful when you have ordered a birthday present for someone else in the household who uses the iPad!!

Also, where are the book recommendations tailored to you on the basis of what you have shown interest in previously?  One upside is that I will almost certainly spent a lot less as I won’t see a book I “must have” every time I access the site.

Please go back to the old Home Page.","Updated the app on my iPad yesterday and hate the new home page.  The first thing you see is a photograph of the last thing you ordered which is really NOT helpful when you have ordered a birthday present for someone else in the household who uses the iPad!!

Also, where are the book recommendations tailored to you on the basis of what you have shown interest in previously?  One upside is that I will almost certainly spent a lot less as I won’t see a book I “must have” every time I access the site.

Please go back to the old Home Page.",youareallmad,15.6.0,2020-03-26T10:11:54Z,True,itunes_rss_mostHelpful,False,False
c5714b238f833ba50a8e2b832d89ac8112a214f141dc44fbf12c26f76ae581d5,5521290021,335187483,Amazon,gb,1,Fix the full screen auto launch video issue... if it is an issue,I have religiously used the app for years now and it has always been smooth. However after the latest update prime video ads are automatically launching in full screen after opening the app. This is highly annoying and invasive as many others have said. If this is a bug then it should be addressed soon and the app can be rated higher once again. If this is a marketing ploy and is going to stick around then I will be doing my shopping from the browser from now on.,I have religiously used the app for years now and it has always been smooth. However after the latest update prime video ads are automatically launching in full screen after opening the app. This is highly annoying and invasive as many others have said. If this is a bug then it should be addressed soon and the app can be rated higher once again. If this is a marketing ploy and is going to stick around then I will be doing my shopping from the browser from now on.,A5HL3Y91,15.3.0,2020-02-12T12:01:04Z,True,itunes_rss_mostHelpful,False,False
4ead1d59c9c874097e7cba572faf32532d4bbf6254ff724b122cdcb95a946a70,5503418068,335187483,Amazon,gb,5,What happened!,"Never had a problem with the app until yesterday, now it won’t let me view My Orders. One Touch won’t work, a window saying ‘something’s wrong please try again’ comes up, which then opens another screen asking to log in with password, again is says something’s wrong and repeats the log in with password screen, then just gets stuck in a loop! Please sort it out!","Never had a problem with the app until yesterday, now it won’t let me view My Orders. One Touch won’t work, a window saying ‘something’s wrong please try again’ comes up, which then opens another screen asking to log in with password, again is says something’s wrong and repeats the log in with password screen, then just gets stuck in a loop! Please sort it out!",triggerhippyman,15.3.0,2020-02-08T10:39:15Z,True,itunes_rss_mostHelpful,False,False
89e6ae11e4a8e1252b7326ad5b2c0fb3f56f974073c73c534825161771bda156,5501550287,335187483,Amazon,gb,2,"I like the app, but","I like the app, but I find that I cannot load the app without being forced to see prime video adverts, they pop up when I’m about to do a search and it makes me lose what I was about to look for.

Oh then it refreshes when I switch between apps to message someone so of course i get forced to see the adverts yet again.

This is intrusive and just disgusting. We’re spending money in this and prime and yet you still spam us! Even Netflix doesn’t do that!","I like the app, but I find that I cannot load the app without being forced to see prime video adverts, they pop up when I’m about to do a search and it makes me lose what I was about to look for.

Oh then it refreshes when I switch between apps to message someone so of course i get forced to see the adverts yet again.

This is intrusive and just disgusting. We’re spending money in this and prime and yet you still spam us! Even Netflix doesn’t do that!",GratuitiousViolets,15.3.0,2020-02-08T00:55:07Z,True,itunes_rss_mostHelpful,False,False
eae0ab52453f315a7bb2b97706d5cdf9e2b78fe65398756fdc6c97ac7c509e16,5490109552,335187483,Amazon,gb,4,Why waste space with international reviews?,"In general I am very happy with the app, but why on earth is so much space wasted by showing international reviews that I can’t read without translating them? There are generally loads of UK reviews that are not shown because the international ones are. A total pointless waste of screen space. It would be just about acceptable if there were the ability to switch this off but there doesn’t even seem to be a setting for this. A mistaken experiment in my view!","In general I am very happy with the app, but why on earth is so much space wasted by showing international reviews that I can’t read without translating them? There are generally loads of UK reviews that are not shown because the international ones are. A total pointless waste of screen space. It would be just about acceptable if there were the ability to switch this off but there doesn’t even seem to be a setting for this. A mistaken experiment in my view!",NickCollingridge,15.3.0,2020-02-05T07:33:03Z,True,itunes_rss_mostHelpful,False,False
c446bb4369817b20ac6acc3f91b7f6bd607fe7fe5bdbea1e0293d7391f237c9b,5477139214,335187483,Amazon,gb,1,Can’t sort by price anymore,"The most recent update has annihilated the app. When searching for a product you might see a load of results and think, ‘ah, I’d prefer to see these in ascending price order’. Used to work fine - now it actually gets rid of all the useful results.

I don’t say that to exaggerate... Search for ‘pc monitor’, tap ‘prime’, then do some searching. Some fab results, right? Now press ‘low to high’. Just try to find a single pc monitor. Genuinely... How has it managed to filter out all of the pc monitors and left you with only RPi monitors and OLED dev kits?!

Somehow the algorithm is doing something genuinely incredible, but that thing is not what I’ve asked for. 10/10 for innovation. 0/10 for execution.

Also, please bring back the old filter options?! Or at least a way to filter more thoroughly on mobile? It’s not hard... just port it from the web version.","The most recent update has annihilated the app. When searching for a product you might see a load of results and think, ‘ah, I’d prefer to see these in ascending price order’. Used to work fine - now it actually gets rid of all the useful results.

I don’t say that to exaggerate... Search for ‘pc monitor’, tap ‘prime’, then do some searching. Some fab results, right? Now press ‘low to high’. Just try to find a single pc monitor. Genuinely... How has it managed to filter out all of the pc monitors and left you with only RPi monitors and OLED dev kits?! 

Somehow the algorithm is doing something genuinely incredible, but that thing is not what I’ve asked for. 10/10 for innovation. 0/10 for execution. 

Also, please bring back the old filter options?! Or at least a way to filter more thoroughly on mobile? It’s not hard... just port it from the web version.",Hamhamham,15.2.4,2020-02-02T03:35:46Z,True,itunes_rss_mostHelpful,False,False
c0472a112852f05cbbb232e73b637b4f39d610f23a735a2d4656c95dbc73676b,5449851935,335187483,Amazon,gb,2,Not intuitive and clunky,"The new filter options along the top have added nothing to the app and the “sort by” option is buried away in these filters. Maybe personal preference but I prefer the “sort by” option to appear separately. I don’t actually see how sorting is construed as a filter (I’m not removing certain results)

Also, as someone a few people have mentioned - too many sponsored ads in the listings. Maybe as a Prime member we should have the ability to suppress these?","The new filter options along the top have added nothing to the app and the “sort by” option is buried away in these filters. Maybe personal preference but I prefer the “sort by” option to appear separately. I don’t actually see how sorting is construed as a filter (I’m not removing certain results) 

Also, as someone a few people have mentioned - too many sponsored ads in the listings. Maybe as a Prime member we should have the ability to suppress these?",Mattz99,15.2.0,2020-01-26T05:57:15Z,True,itunes_rss_mostHelpful,False,False
07258ce12d471581f188499e042ff4a34fa48501e977f7109bfd3cec6895df8b,5252194408,335187483,Amazon,gb,3,Not as good as it used to be,"What have the developers done with the app? Been using it for years with no problems sharing lists, scrolling through searches. Now nobody seems to be able to use what I share for birthday and Xmas list, constant ‘next page’ when searching, also finds stuff that has absolutely nothing to do with what has been searched for. A real step backwards","What have the developers done with the app? Been using it for years with no problems sharing lists, scrolling through searches. Now nobody seems to be able to use what I share for birthday and Xmas list, constant ‘next page’ when searching, also finds stuff that has absolutely nothing to do with what has been searched for. A real step backwards",udvjjhbokllkhfdsc,13.21.2,2019-12-09T12:06:54Z,True,itunes_rss_mostHelpful,False,False
62bf1d606f8b1526617a2eb63fc282b8252d98aac29ce4212cf0eb73faade08f,5238628980,335187483,Amazon,gb,5,App Immediately Closes,"When this app is working which is about 99% of the time it’s awesome, but on a rare occasion like now I’ve not been able to use it for a few days now.   When I try to open the app it immediately closes, I’ve tried many things to rectify the problem, I’ve done all the necessary things like making sure my iPad’s firmware is up to date, turning my iPad off and back on again.   I still give it 5 stars though, like I said when it works it’s awesome!","When this app is working which is about 99% of the time it’s awesome, but on a rare occasion like now I’ve not been able to use it for a few days now.   When I try to open the app it immediately closes, I’ve tried many things to rectify the problem, I’ve done all the necessary things like making sure my iPad’s firmware is up to date, turning my iPad off and back on again.   I still give it 5 stars though, like I said when it works it’s awesome!",Weylandyutanicorp,13.21.2,2019-12-06T03:44:54Z,True,itunes_rss_mostHelpful,False,False
4f037e7f02f13e117a92ba9b31d0e1b0cf00e704280f80e472d88d372cba2938,5216173765,335187483,Amazon,gb,1,Worst app for PRIVACY!,"Dear sir or madam,                                                                Perverts are using coat hanger cameras to spy on ladies in restrooms or hotels when there on the toilet or washing there hands. They take shots and record personal conversations would you like people being nervous because of your product?   I can’t believe you have not noticed you should fix it immediately!                                                                                       Other spy cameras sold are just as bad with privacy.                      I hope you make the right choice.                                                       Yours faithfully,                                                                                   Mia.","Dear sir or madam,                                                                Perverts are using coat hanger cameras to spy on ladies in restrooms or hotels when there on the toilet or washing there hands. They take shots and record personal conversations would you like people being nervous because of your product?   I can’t believe you have not noticed you should fix it immediately!                                                                                       Other spy cameras sold are just as bad with privacy.                      I hope you make the right choice.                                                       Yours faithfully,                                                                                   Mia.",pink fully,13.21.2,2019-11-30T10:35:47Z,True,itunes_rss_mostHelpful,False,False
8c9a4127a8fbacee8723f646cd25e663439f64d86d3acb0b6218172266bb2060,5205359380,335187483,Amazon,gb,5,Orders,"I too have many orders and some say still to be dispatched . As I order sometimes for family I to am finding it difficult to remember what I have or have not received . This can be frustrating as I queried one last week to be told  it had been received? I cannot remember receiving and as in one incident last week received a text to say an order was being delivered on a day ... when I went out in evening to lock up the parcel had been left on top of the parcel box which was empty .
It could have been nicked  how would I have proved that ...","I too have many orders and some say still to be dispatched . As I order sometimes for family I to am finding it difficult to remember what I have or have not received . This can be frustrating as I queried one last week to be told  it had been received? I cannot remember receiving and as in one incident last week received a text to say an order was being delivered on a day ... when I went out in evening to lock up the parcel had been left on top of the parcel box which was empty . 
It could have been nicked  how would I have proved that ...",Bobscottie,13.21.2,2019-11-27T22:32:29Z,True,itunes_rss_mostHelpful,False,False
02a66c2cdcd2f3e5b4ad148437e008bfad153a3320c7f04ff122a38ea0eda6d3,5196565476,335187483,Amazon,gb,2,Why make a good App worse?,"This App used to be incredibly user-friendly and productive; but recent updates have removed all the good features and left annoyances.

For example, you can no longer set multiple filter items and then apply them all at one - instead someone obviously thought it was far better to select each filter individually then return you to the search listing.  If you have an idea of what you want and need to set multiple filters, this is now a long tedious operation.

Next, the search results are now split into separate pages which means trying to scroll through multiple items is a drawn out process.  What was wrong with 100 items on each page?

Then there is the Save & Compare feature that was useful for dragging thumbnail pictures from the listing into the Save & Compare list.  This no longer works.

In summary, this used to be a pleasure to use but now it’s been made worse.","This App used to be incredibly user-friendly and productive; but recent updates have removed all the good features and left annoyances.

For example, you can no longer set multiple filter items and then apply them all at one - instead someone obviously thought it was far better to select each filter individually then return you to the search listing.  If you have an idea of what you want and need to set multiple filters, this is now a long tedious operation.

Next, the search results are now split into separate pages which means trying to scroll through multiple items is a drawn out process.  What was wrong with 100 items on each page?

Then there is the Save & Compare feature that was useful for dragging thumbnail pictures from the listing into the Save & Compare list.  This no longer works.

In summary, this used to be a pleasure to use but now it’s been made worse.",GordyMcK,13.21.2,2019-11-25T17:57:20Z,True,itunes_rss_mostHelpful,False,False
d9256b1d3df189577d48a46ac9d9184a30392fd65b05b8b476559c48f79b098f,5180986724,335187483,Amazon,gb,5,App update has made app useless waste of time...,"App previously worked well being able to scroll through products, now you have to open each page separately.
(The next new big idea will be, they’ll get rid of the app and bring out a catalog instead....😂🤔.  That’s not actually a serious suggestion..🙄).","App previously worked well being able to scroll through products, now you have to open each page separately.
(The next new big idea will be, they’ll get rid of the app and bring out a catalog instead....😂🤔.  That’s not actually a serious suggestion..🙄).",Whistler11841,13.21.2,2019-11-22T11:32:27Z,True,itunes_rss_mostHelpful,False,False
8d07d8cd5b1fa233da75e08ac6c91a24f80f30c14b2e8f22bcaf6c761b383fa3,5169147814,335187483,Amazon,gb,5,Easy to shop,"Great stock. Easy to find what you need.
What is missing is a link where you could say you received your order as if you go to your orders you could see a message saying your order is coming later as you expected.
Just a button where you could say I received my item.","Great stock. Easy to find what you need.
What is missing is a link where you could say you received your order as if you go to your orders you could see a message saying your order is coming later as you expected.
Just a button where you could say I received my item.",XSteauaX,13.21.2,2019-11-19T15:34:01Z,True,itunes_rss_mostHelpful,False,False
c837816b2c90bbad032ac973f2fb5304c6bc0a00caeaf1b26f5397d1495db95f,5164550856,335187483,Amazon,gb,5,Unfortunate,"The app worked well for a while - I had to
Use the app as the pc site wouldn’t recognise sign in(ridiculous). I’ve asked the app to keep me signed in but halfway through an order it asks for sign in.  Will a on rectify it - apparently not so I’ve cancelled prime membership
& won’t use them
Again.","The app worked well for a while - I had to
Use the app as the pc site wouldn’t recognise sign in(ridiculous). I’ve asked the app to keep me signed in but halfway through an order it asks for sign in.  Will a on rectify it - apparently not so I’ve cancelled prime membership
& won’t use them
Again.",ASE56309,13.21.2,2019-11-18T13:47:29Z,True,itunes_rss_mostHelpful,False,False
8fed17585369f461dcd94b944a3ecd1cf1a313b89a07b45c89757ed49cff0de3,5091093718,335187483,Amazon,gb,1,as much use as a chocolate ashtray on the back of a motorbike,"Still horrible to navigate, search and filter. It’s quite infuriating to use since the previous update. Was hoping when the app needed updating thus time the app developers may actually try to make the shopping experience smoother, and might have addressed the horrid selecting one filter at a time & the “previous / next” buttons & reverted back to the previous, more user friendly format. But no, it’s still about as much use as a chocolate ashtray on the back of a motorbike.","Still horrible to navigate, search and filter. It’s quite infuriating to use since the previous update. Was hoping when the app needed updating thus time the app developers may actually try to make the shopping experience smoother, and might have addressed the horrid selecting one filter at a time & the “previous / next” buttons & reverted back to the previous, more user friendly format. But no, it’s still about as much use as a chocolate ashtray on the back of a motorbike.",beatle-magic,13.21.0,2019-11-05T20:37:50Z,True,itunes_rss_mostHelpful,False,False
829b32f28c9b900378010e3d2ae694d18a4c7a998ed33e9db6ac85089ec4c2b7,5056170693,335187483,Amazon,gb,4,Good app missing a few things,"Good app works well and I use it regularly. Other people have mentioned several missing features. Personally I think a feature where you can split your orders where you can state when you have received the items and it moves it to another list, so you know what’s still to arrive, useful especially when buying from third party sellers as usually those items can take a while to arrive and if you order things regularly those orders can quickly go down the list.","Good app works well and I use it regularly. Other people have mentioned several missing features. Personally I think a feature where you can split your orders where you can state when you have received the items and it moves it to another list, so you know what’s still to arrive, useful especially when buying from third party sellers as usually those items can take a while to arrive and if you order things regularly those orders can quickly go down the list.",kandrejo,13.20.0,2019-10-31T15:35:24Z,True,itunes_rss_mostHelpful,False,False
5006f5f21fcef52db94d76f252e56b82a281dc17d15ae0065cac796130485b2a,4994576094,335187483,Amazon,gb,5,"Great, BUT I have a simple suggestion","Night mode!

Please, for the love of god, implement a night mode feature. Even with my brightness down to the lowest possible setting, the white background pierced my eyes.

I, like a lot of others, like to browse in the evening when it’s time to wind down - I don’t really want to be blinded by the screen to the point that I have to close the app.....","Night mode!

Please, for the love of god, implement a night mode feature. Even with my brightness down to the lowest possible setting, the white background pierced my eyes.

I, like a lot of others, like to browse in the evening when it’s time to wind down - I don’t really want to be blinded by the screen to the point that I have to close the app.....",FootlongFlaccid,13.19.0,2019-10-21T22:13:00Z,True,itunes_rss_mostHelpful,False,False
299dd893542b456a1f4a64cd2d19ff86d71125b57be277e9143834abcd41d819,4988811058,335187483,Amazon,gb,1,Oh what have they done to this app?,"Since the last update this app has become an absolute pain to use - the search function seems to have gone backwards to the old hit n miss times - it now brings up many items that do not meet the criteria and misses many items that do. The ability of the search function to accurately handle a multiple word search string has been severely eroded and the final straw is over 1/3 of each search result page is filled with sponsored items many of which, do not even correctly match the search string! It’s incredibly frustrating! So, after many several years using the app, I’ve gone back to the desktop version. GET THIS FIXED GUYS!","Since the last update this app has become an absolute pain to use - the search function seems to have gone backwards to the old hit n miss times - it now brings up many items that do not meet the criteria and misses many items that do. The ability of the search function to accurately handle a multiple word search string has been severely eroded and the final straw is over 1/3 of each search result page is filled with sponsored items many of which, do not even correctly match the search string! It’s incredibly frustrating! So, after many several years using the app, I’ve gone back to the desktop version. GET THIS FIXED GUYS!",Highandlady,13.19.0,2019-10-20T21:27:59Z,True,itunes_rss_mostHelpful,False,False
abecf14ebd23df354f5c6559e9ead3c565700e8f2a345571d77340e5806efdc1,4979287923,335187483,Amazon,gb,2,"Good, not great.","The app works, however is not intuitive and as user friendly as it could be. No clear options and one has to search for links at the bottom of the page to add to wishlists or shopping lists. The layout seems like an after thought and is not clean. Lack of drop downs for obvious things like adding to lists. Recommendations on similar products also not a good layout and should be scroll down, not scroll to side.","The app works, however is not intuitive and as user friendly as it could be. No clear options and one has to search for links at the bottom of the page to add to wishlists or shopping lists. The layout seems like an after thought and is not clean. Lack of drop downs for obvious things like adding to lists. Recommendations on similar products also not a good layout and should be scroll down, not scroll to side.",FiReStream50,13.19.0,2019-10-19T20:58:12Z,True,itunes_rss_mostHelpful,False,False
b711a7bc3b7a3df93c10ce5e660eb054e6ea66dec72f5f88569dcbadaf8df4c0,4950088418,335187483,Amazon,gb,3,Can you stop the auto play adverts please?,"Normally a great app but last update seems to have introduced automatic playing of prime video ads when the app is opened. Please stop. When I want to buy something I open the app and then waiting for a video to end just gets in the way of me spending money !  I’m a prime subscriber, and on any other app I’d expect that to turn off adverts. Please stop the auto plays and it will be back to. 5 stars from me.","Normally a great app but last update seems to have introduced automatic playing of prime video ads when the app is opened. Please stop. When I want to buy something I open the app and then waiting for a video to end just gets in the way of me spending money !  I’m a prime subscriber, and on any other app I’d expect that to turn off adverts. Please stop the auto plays and it will be back to. 5 stars from me.",Spoonabubble,13.19.0,2019-10-15T08:58:37Z,True,itunes_rss_mostHelpful,False,False
108bc1b6635c92ca862344019b151cb40be55c416db56ade4817e0fe5007fe64,4946711115,335187483,Amazon,gb,5,Ordering via the app,"Would love to see a tick box next to the items on the order page so the account holder can tick those boxes for the items which have a varied delivery period and have been delivered.
Sometimes I lose track of where I bought an item from when it gets delivered a few days or wks later if ordering from overseas.
Currently there’s no where to do this apart from printing off the order history and manually crossing off on paper what’s been delivered or not. Having that function within the app would be fabulous for all account holders.","Would love to see a tick box next to the items on the order page so the account holder can tick those boxes for the items which have a varied delivery period and have been delivered. 
Sometimes I lose track of where I bought an item from when it gets delivered a few days or wks later if ordering from overseas. 
Currently there’s no where to do this apart from printing off the order history and manually crossing off on paper what’s been delivered or not. Having that function within the app would be fabulous for all account holders.",Single person,13.19.0,2019-10-14T15:03:14Z,True,itunes_rss_mostHelpful,False,False
27b4ec4594811e37a78118c7d9a7135963c6e4bfe83cc1ff2b898fd8b68d30b1,4900805897,335187483,Amazon,gb,5,Update is awful,New update is so slow and instead of it giving you the full list of items you now have to press next next next or previous this is absolutely stupid just takes sooo long to load how can I get the old one back?,New update is so slow and instead of it giving you the full list of items you now have to press next next next or previous this is absolutely stupid just takes sooo long to load how can I get the old one back?,Lou-lou-91,13.18.0,2019-10-06T20:10:15Z,True,itunes_rss_mostHelpful,False,False
c07b9e30b00ef52c831039537ee54b6adb001b4dc864bbcb56e4fce8a0b2a37d,4874266732,335187483,Amazon,gb,5,Bad update,"The recent update means you cannot scroll continuously down the screen when you view items after using the search bar. After 10 items you then get the option of next or previous page. No option for page turn or continuous scroll. Changes were made without consulting users.
Also you cannot drag items to the old compare bar at the bottom of the screen.
The new updates makes the app unuser friendly in my opinion and more time consuming.
Sack the programmer.
Give users a choice.
I won’t be using the app until this is rectified.","The recent update means you cannot scroll continuously down the screen when you view items after using the search bar. After 10 items you then get the option of next or previous page. No option for page turn or continuous scroll. Changes were made without consulting users. 
Also you cannot drag items to the old compare bar at the bottom of the screen. 
The new updates makes the app unuser friendly in my opinion and more time consuming. 
Sack the programmer. 
Give users a choice. 
I won’t be using the app until this is rectified.",Craigiebabie,13.18.0,2019-10-02T17:16:26Z,True,itunes_rss_mostHelpful,False,False
af91e8eccd62b2e7b13c2f2559a3946d06eaacc2e6a2c9e25510f79134d36c30,4845830071,335187483,Amazon,gb,1,Backward step with latest update,"This is an app we use a lot. Unfortunately, the latest update may force a rethink as the new layout make scanning through the available items a real pain in the backside. The huge size of the product images combined with an inefficient operation of the filter options (having to reopen the filter options multiple times to make a full range of choices) has rendered the app virtually unusable. To me, this has the look of a smartphone app that’s been upscaled for use on an iPad rather than something that’s been designed for the purpose (as the previous version was).","This is an app we use a lot. Unfortunately, the latest update may force a rethink as the new layout make scanning through the available items a real pain in the backside. The huge size of the product images combined with an inefficient operation of the filter options (having to reopen the filter options multiple times to make a full range of choices) has rendered the app virtually unusable. To me, this has the look of a smartphone app that’s been upscaled for use on an iPad rather than something that’s been designed for the purpose (as the previous version was).",Dave Pinnell,13.18.0,2019-09-27T11:18:36Z,True,itunes_rss_mostHelpful,False,False
f1d4a9c7f452f5cfa0a53bfc09dfdcad470eab19436719558494bc945e05b112,4691300154,335187483,Amazon,gb,2,Don’t change what is not broken,"The app has now changed so that the items you search for are shown around 10 at a time with a ‘next’ button to go onto another page of results - Really Annoying! Was much easier to scroll up and down the list and find and item further up that you were thinking about but went past. Don’t know where the obsession with changing things just because comes from, it it ain’t broke don’t fix it.","The app has now changed so that the items you search for are shown around 10 at a time with a ‘next’ button to go onto another page of results - Really Annoying! Was much easier to scroll up and down the list and find and item further up that you were thinking about but went past. Don’t know where the obsession with changing things just because comes from, it it ain’t broke don’t fix it.",Cms888,13.16.0,2019-08-29T17:55:53Z,True,itunes_rss_mostHelpful,False,False
cacb2c455b5d0ac9d4a94de9c869cf83f6946ef787e414d212436a1f17bfc4c1,4646519713,335187483,Amazon,gb,2,Signed in/not signed in,"Since the last couple of updates i can’t place an order or look up my previous orders, keeps asking for finger print and then telling me something went wrong when i scan my finger print then redirects me to sign in while i’m already signed in, what is going on, guess i can head down town and get what i need or may be use other web sites. So tried turning off biometric authentication and now i get a dialog box welcoming me by name and asking for my password what the hell is going on with this app. I’ve never had problems with amazon’s app till now.","Since the last couple of updates i can’t place an order or look up my previous orders, keeps asking for finger print and then telling me something went wrong when i scan my finger print then redirects me to sign in while i’m already signed in, what is going on, guess i can head down town and get what i need or may be use other web sites. So tried turning off biometric authentication and now i get a dialog box welcoming me by name and asking for my password what the hell is going on with this app. I’ve never had problems with amazon’s app till now.",so so annoyed,13.15.0,2019-08-20T17:49:00Z,True,itunes_rss_mostHelpful,False,False
2bc1525eb364a48a6b10fb11ec35c370c17d3a77ed02bddac3098da489758d34,4637012858,335187483,Amazon,gb,5,It’s really good app,"It’s really good app, but can I suggest something? On the order history could show the price we bought something and when you press “buy again” to show the price at the moment. This way the customer can decide if will buy it again, or tell a friend how much they bought the item....","It’s really good app, but can I suggest something? On the order history could show the price we bought something and when you press “buy again” to show the price at the moment. This way the customer can decide if will buy it again, or tell a friend how much they bought the item....",Nikitaki,13.15.0,2019-08-18T15:26:48Z,True,itunes_rss_mostHelpful,False,False
35aeefda9127b1a982e463e1bcc080f0a1e271eff70fad70e15817060e755cc4,4633108216,335187483,Amazon,gb,4,Great app but please bring back widget,It is a great app but could be bettered by bringing back the widget in the next update! Up until a few months ago the app came with a widget which made it easier to check on orders at a glance and was a fast link to track orders and see how many stops away the courier was on the map etc rather than going into the app and finding the order to see.,It is a great app but could be bettered by bringing back the widget in the next update! Up until a few months ago the app came with a widget which made it easier to check on orders at a glance and was a fast link to track orders and see how many stops away the courier was on the map etc rather than going into the app and finding the order to see.,helen27093,13.15.0,2019-08-17T22:54:49Z,True,itunes_rss_mostHelpful,False,False
fcde6218dba287b2ffb3f95693040cf39c284dec1130df3287639433c41d7efd,4377492769,335187483,Amazon,gb,3,Good but needs another update,"As a seller I’m disappointed that adding comments to a customer product review which is very important that customers read does not show up or anywhere available when using the app on iPhone or iPad. They are visible on a normal computer screen.

This is both unfair to sellers and especially buyers who are unable to read them","As a seller I’m disappointed that adding comments to a customer product review which is very important that customers read does not show up or anywhere available when using the app on iPhone or iPad. They are visible on a normal computer screen.
 
This is both unfair to sellers and especially buyers who are unable to read them",Sjxsays,13.13.0,2019-06-27T15:54:57Z,True,itunes_rss_mostHelpful,False,False
475ca799d9939e0e8bc23852486c2df6eb3f60fd94b53f785fb3e26b70261064,4375990921,335187483,Amazon,gb,4,Fairly decent app,"I find the all good and easy to use. I like being able to track the delivery when they are within 8 deliveries away and being able to put delivery options such as leave with a neighbour.
I am a bit disappointed the iOS widget has been removed in a recent update. I used to use this as a quick link for my order updates. I would appreciate it if this could be brought back.","I find the all good and easy to use. I like being able to track the delivery when they are within 8 deliveries away and being able to put delivery options such as leave with a neighbour.
I am a bit disappointed the iOS widget has been removed in a recent update. I used to use this as a quick link for my order updates. I would appreciate it if this could be brought back.",Browny1637,13.13.0,2019-06-27T08:52:14Z,True,itunes_rss_mostHelpful,False,False
5f6c6ef335302e7107a640b2910e99736b3e0e0bc131660295ab233f7b0fbb48,4276783035,335187483,Amazon,gb,3,Server stops responding,"Someone commented that the app hangs up and they get a stupid error message. This also happens quite frequently on the site when you access it on your desktop, and it’s either that the servers cant cope with the volume, or it times out while trying to find and load the item. You have to try again later, which means I then go to Etsy...","Someone commented that the app hangs up and they get a stupid error message. This also happens quite frequently on the site when you access it on your desktop, and it’s either that the servers cant cope with the volume, or it times out while trying to find and load the item. You have to try again later, which means I then go to Etsy...",alraat,13.11.0,2019-06-07T08:59:07Z,True,itunes_rss_mostHelpful,False,False
ca203eaf0185abec1c17dc50217edb38cbf7866c344c03aaa812fe71900f9816,4111306675,335187483,Amazon,gb,5,Slow,"What has happened to this app? It’s now quicker to view in safari. When scrolling down results it constantly has a whirling symbol while it loads. It never used to do this. Even trying to use the filter there’s a few seconds lag for it to pop up and because you reselect it, it pops up and disappears again.","What has happened to this app? It’s now quicker to view in safari. When scrolling down results it constantly has a whirling symbol while it loads. It never used to do this. Even trying to use the filter there’s a few seconds lag for it to pop up and because you reselect it, it pops up and disappears again.",ethel red,13.9.0,2019-05-06T23:26:39Z,True,itunes_rss_mostHelpful,False,False
15c21dd74fa220704d3aa85791adc8e6e324c4d5a91502f377e66711d4a52e06,3988474350,335187483,Amazon,gb,1,Poor,"At the checkout I went back to check the subtotal because it was more than expected. After making some changes to the delivery options I pressed continue to try and get back to the page I was on before I went back but it instead placed the order. It did this despite me pressing “continue” as I’d done before, and there was no request for confirmation. I had to cancel my orders and lost the £10 voucher for using the app for the first time which I’m pretty sure hadn’t even been applied in the first place.","At the checkout I went back to check the subtotal because it was more than expected. After making some changes to the delivery options I pressed continue to try and get back to the page I was on before I went back but it instead placed the order. It did this despite me pressing “continue” as I’d done before, and there was no request for confirmation. I had to cancel my orders and lost the £10 voucher for using the app for the first time which I’m pretty sure hadn’t even been applied in the first place.",SodThreads,13.6.2,2019-04-09T00:33:20Z,True,itunes_rss_mostHelpful,False,False
49d5200b6f39fcf79b6b2c22690d10ab61690cf7d15a67370cee3df9f84266e3,3957408594,335187483,Amazon,gb,2,Really poor design,"The app works, but man is it a pain in the backside to use. You can’t just click the reviews number next to the star rating, you have to scroll all the way to the bottom of the item page to read them. And if you click to expand a photo, you can’t scroll to see other photos - your only option is to go back and refresh the whole item page again. Just really stupid design flaws ruining what is otherwise a half decent experience.","The app works, but man is it a pain in the backside to use. You can’t just click the reviews number next to the star rating, you have to scroll all the way to the bottom of the item page to read them. And if you click to expand a photo, you can’t scroll to see other photos - your only option is to go back and refresh the whole item page again. Just really stupid design flaws ruining what is otherwise a half decent experience.",Jack_Cooper,13.6.2,2019-04-01T22:46:35Z,True,itunes_rss_mostHelpful,False,False
fce39a4dcfc1043a2c30bff06cd0bf8878083f0a5516c2d45877c8f8f7642fd3,3884981389,335187483,Amazon,gb,5,No filter options on Deals,Why make people’s shopping experience more difficult. I would regularly check the deals but use the filter to see things that I’m interested in. Unfortunately for me the filter options have been removed. This means you have to look through everything or nothing at all. I’ve chosen nothing at all!,Why make people’s shopping experience more difficult. I would regularly check the deals but use the filter to see things that I’m interested in. Unfortunately for me the filter options have been removed. This means you have to look through everything or nothing at all. I’ve chosen nothing at all!,Nikose669,13.5.1,2019-03-15T18:01:31Z,True,itunes_rss_mostHelpful,False,False
2a88c43fca582a41c7fb6da67045f7b1c4469ceb3abe68b23bd27ca237f4a777,3797983916,335187483,Amazon,gb,5,Cannot see customer reviews anymore?,"Unable to see customer reviews on iPad App and things I look at seem to appear on hubbys   iPhone?
I have Prime and have household too so accounts are linked, but my searching shouldn’t be showing on hubbys account on his  iPhone account surely ?
Tried deleting App and reinstalling but bugs/ glitches are  still there.
Annoying to say the least!","Unable to see customer reviews on iPad App and things I look at seem to appear on hubbys   iPhone? 
I have Prime and have household too so accounts are linked, but my searching shouldn’t be showing on hubbys account on his  iPhone account surely ?
Tried deleting App and reinstalling but bugs/ glitches are  still there.
Annoying to say the least!",Squiffybinlinerdiddyicky,13.3.0,2019-02-21T18:50:19Z,True,itunes_rss_mostHelpful,False,False
f86b86a223dcae057912a3841738d0ccfdc727ab83026d114a28044407dd3ae1,3797830135,335187483,Amazon,gb,5,Great but...,"The app is amazing, it is very good to buy gifts for your family/friends. However, this does not stop me using the app, but it would make it much easier if you could put all the stuff in your wish list into folders, so it is easier to find what you are looking for. This app is amazing otherwise and an amazing app to look on for gifts for family friends","The app is amazing, it is very good to buy gifts for your family/friends. However, this does not stop me using the app, but it would make it much easier if you could put all the stuff in your wish list into folders, so it is easier to find what you are looking for. This app is amazing otherwise and an amazing app to look on for gifts for family friends",Go Manchester United!,13.3.0,2019-02-21T17:46:44Z,True,itunes_rss_mostHelpful,False,False
97f047cf36fbaacf6c2d9401461f9b9358a3b5c4a0c665c6c1b13845735712f8,3698082969,335187483,Amazon,gb,5,Love the app,I love this app but I think you should add a description so if the person doesn’t know what the thing is called then they can just describe what they want instead of spending forever trying to find out what it’s called or they just give up. Other then that I can’t see any negatives.,I love this app but I think you should add a description so if the person doesn’t know what the thing is called then they can just describe what they want instead of spending forever trying to find out what it’s called or they just give up. Other then that I can’t see any negatives.,Bunnl,13.1.0,2019-01-26T20:09:29Z,True,itunes_rss_mostHelpful,False,False
45a1981a7ce1b802ddc215287ae36cf98a159d47eba6ed794099a98a0643972d,3658124021,335187483,Amazon,gb,2,Easier to use the website in a browser,"When I search for specific items on the desktop site I can almost always find what I’m looking for but when I try to do so on the app I have found far fewer items available for viewing - sometimes only two or three out of hundreds that can be found in the website. I am giving two stars because the app is functional, just not very user friendly. The way the tabs work is needlessly annoying in that tabs pile up and there is no way to go back other than backtrack no through them all which can be tedious or skipping right back to the home page and losing all the tabs. In the end it’s easier to just use the website in chrome or safari than use this mess of an app.","When I search for specific items on the desktop site I can almost always find what I’m looking for but when I try to do so on the app I have found far fewer items available for viewing - sometimes only two or three out of hundreds that can be found in the website. I am giving two stars because the app is functional, just not very user friendly. The way the tabs work is needlessly annoying in that tabs pile up and there is no way to go back other than backtrack no through them all which can be tedious or skipping right back to the home page and losing all the tabs. In the end it’s easier to just use the website in chrome or safari than use this mess of an app.",hfuieopwmsndbfgrywio,13.1.0,2019-01-16T22:00:05Z,True,itunes_rss_mostHelpful,False,False
48a0f6df93825b71c0ffdce56cd1ed6124f1bec5eba33f2448d7927c6aa26d75,3627430733,335187483,Amazon,gb,3,"Good app, shame about the customer service","The app is responsive and intuitive.
You can also call or chat to someone from customer services within the app. That is where the problem is: the customer service location seems to be based in India, which isn’t known for its friendly or customer-service oriented mindset. I’ve come across some agents who are a bit stubborn or unhelpful.","The app is responsive and intuitive.
You can also call or chat to someone from customer services within the app. That is where the problem is: the customer service location seems to be based in India, which isn’t known for its friendly or customer-service oriented mindset. I’ve come across some agents who are a bit stubborn or unhelpful.",Numb15,13.1.0,2019-01-08T18:39:20Z,True,itunes_rss_mostHelpful,False,False
f20425f1c2da32888bdd5aaa9d48ce7871c8ee01dfb5ea4f4cb90061fb643cfe,3485858666,335187483,Amazon,gb,4,Some misleading information,This is generally a very good app and I use it all the time to buy things worth one click. However I have found that the order tracking can be quite misleading at times. For example right now on my account if I select ‘my orders’ in the list it shows I have an order ‘Arriving today’. However when I click that order and navigate to the next screen it says ‘Arriving tomorrow by 9pm’. This leads to some disappointment.,This is generally a very good app and I use it all the time to buy things worth one click. However I have found that the order tracking can be quite misleading at times. For example right now on my account if I select ‘my orders’ in the list it shows I have an order ‘Arriving today’. However when I click that order and navigate to the next screen it says ‘Arriving tomorrow by 9pm’. This leads to some disappointment.,LydGol,11.21.2,2018-12-02T15:28:16Z,True,itunes_rss_mostHelpful,False,False
86e32d968ab7c8b97a1aae29c69d3819946e29a998355b06f972265703a2ff7d,3453785001,335187483,Amazon,gb,5,Current version is not displaying properly the bottom info on iPhone 8 Plus,"I am writing this review in order to report a bug with the current version of the app and iPhone 8 Plus screen size.
It looks that the app thinks that the iPhone 8 Plus has longer screen (like iPhone XR) as part of information is not displayed at full at the bottom of the screen.
Otherwise the app works great.","I am writing this review in order to report a bug with the current version of the app and iPhone 8 Plus screen size.  
It looks that the app thinks that the iPhone 8 Plus has longer screen (like iPhone XR) as part of information is not displayed at full at the bottom of the screen. 
Otherwise the app works great.",AthanSim,11.21.2,2018-11-24T06:11:31Z,True,itunes_rss_mostHelpful,False,False
9cda81a510eaed3238da142ddf898257fbc5636dda6984cdc2eb0b9622df7bf2,3451711056,335187483,Amazon,gb,3,Changing address,"All fine but sometimes can’t go back to previous item, and then on 3 occasions, always when I have tried to order something to a new address, the app has gone all the way through agreeing it will send the order to the new address, and then on the confirmation page shows the order with the default delivery address. I then have to cancel and re-order via computer. Very annoying.","All fine but sometimes can’t go back to previous item, and then on 3 occasions, always when I have tried to order something to a new address, the app has gone all the way through agreeing it will send the order to the new address, and then on the confirmation page shows the order with the default delivery address. I then have to cancel and re-order via computer. Very annoying.",_Lel_,11.21.2,2018-11-23T17:14:07Z,True,itunes_rss_mostHelpful,False,False
5373d067df642d5ec8f40727f7f6f8c8fc6ab0d985f6be6162a1a5a9ebd35053,3444894177,335187483,Amazon,gb,3,Agree with other customers,"I still use this app BUT, since a recent update, there are so many bugs, especially not being able to see product options as they display 'off screen' at the bottom of my iPhone 7.

The app has always been a bit glitchy in general. Areas that haven't had enough attention paid to them.

Please create a nicely refreshed app that works for your customers. You've got plenty of them!!!","I still use this app BUT, since a recent update, there are so many bugs, especially not being able to see product options as they display 'off screen' at the bottom of my iPhone 7. 

The app has always been a bit glitchy in general. Areas that haven't had enough attention paid to them.

Please create a nicely refreshed app that works for your customers. You've got plenty of them!!!",cure_liqueur,11.21.2,2018-11-21T22:03:51Z,True,itunes_rss_mostHelpful,False,False
11f31b64378ed5811b66d5c6fdedeb171693a82cf4a74b29a7215e3404d933eb,3435187917,335187483,Amazon,gb,4,Broken on older iPhone,"A recent update to this app has caused it to cut off the bottom of the display on my iPhone 7. It looks like it’s been optimised for newer (taller) screens. This is particularly noticeable when selecting sizes of products and you can’t see the price, or using the ‘Buy Now’ button which then cuts off the ‘swipe to buy’ button.

Unfortunately I couldn’t find how to give app feedback, hence leaving this review.","A recent update to this app has caused it to cut off the bottom of the display on my iPhone 7. It looks like it’s been optimised for newer (taller) screens. This is particularly noticeable when selecting sizes of products and you can’t see the price, or using the ‘Buy Now’ button which then cuts off the ‘swipe to buy’ button. 

Unfortunately I couldn’t find how to give app feedback, hence leaving this review.",olsiris,11.21.2,2018-11-19T08:02:13Z,True,itunes_rss_mostHelpful,False,False
ce01a0a6bd8b0c3643f71099eb974bcbbcb79c5b56a04a23443686117c6cbd24,3427372985,335187483,Amazon,gb,5,GREAT APP,"Have had no issues using this app. LOVE IT. The only thing I would change is when the item gets dispatched where is said, tell us where to leave it the only thing I would change is given us a option where it says Other, so we can Type it, As some of the options are not what I want to say or where to leave it so giving us an option so we can specify where to leave it.","Have had no issues using this app. LOVE IT. The only thing I would change is when the item gets dispatched where is said, tell us where to leave it the only thing I would change is given us a option where it says Other, so we can Type it, As some of the options are not what I want to say or where to leave it so giving us an option so we can specify where to leave it.",micks1979,11.21.2,2018-11-17T07:42:59Z,True,itunes_rss_mostHelpful,False,False
5cf2c324e95a59964526cf6c9f0c5e2dfac51bc9cf9811741ba6661e0be0f35f,3392547308,335187483,Amazon,gb,4,1 (small) issue,"The app is absolutely fantastic and I use it all the time. However, 1 small problem is that there is no simple way to view all of your Lists at once, only your Wish List. This is very inconvenient as I use multiple lists on a regular basis. Just adding a button for ""Lists"" would be great and earn the final star.","The app is absolutely fantastic and I use it all the time. However, 1 small problem is that there is no simple way to view all of your Lists at once, only your Wish List. This is very inconvenient as I use multiple lists on a regular basis. Just adding a button for ""Lists"" would be great and earn the final star.",GameplayByNecro,11.21.2,2018-11-07T22:23:20Z,True,itunes_rss_mostHelpful,False,False
d7d67b84f8da6f9b7a0c61fd00e1496da82ff84ad76b7fe9619266a91ee9e770,3388900204,335187483,Amazon,gb,2,Frustrating,"Purchased something earlier this evening which I then wanted to cancel, has not yet been dispatched so I tried to price the “cancel item” button but it will not work. Every time I click the button it brings me to a blank white screen, restarted my phone to see if it was anything to do with that and also updated my IOS in case it was a glitch but still not working. I need the money back in my bank so its frustrating me","Purchased something earlier this evening which I then wanted to cancel, has not yet been dispatched so I tried to price the “cancel item” button but it will not work. Every time I click the button it brings me to a blank white screen, restarted my phone to see if it was anything to do with that and also updated my IOS in case it was a glitch but still not working. I need the money back in my bank so its frustrating me",__cjm,11.21.0,2018-11-06T22:12:50Z,True,itunes_rss_mostHelpful,False,False
aa7d073eccfb06b54bc0af3fb569a9bbce0794a1b86d4a7b131ecec6e2084a0d,3310029539,335187483,Amazon,gb,2,Baby list,"This used to be a good app but as always every update worsens the user experience. I am no longer able to access my created baby list using the app to view items i want to purchase ie if i go to the list menu all i can see is shopping and wish list.

Also if i come across an item i would like to save to the baby list the option is no longer available. I instead can only save to my shopping and wishlist.

It was a complete waste of time setting up the baby list as the functionality is poor.","This used to be a good app but as always every update worsens the user experience. I am no longer able to access my created baby list using the app to view items i want to purchase ie if i go to the list menu all i can see is shopping and wish list. 

Also if i come across an item i would like to save to the baby list the option is no longer available. I instead can only save to my shopping and wishlist. 

It was a complete waste of time setting up the baby list as the functionality is poor.",Star633,11.20.0,2018-10-16T23:32:35Z,True,itunes_rss_mostHelpful,False,False
46189ca2666c7322c49ae4e01417eba5ef8fc77ba2116f5afc469a50e0e36c3f,3309375458,335187483,Amazon,gb,3,Good and bad,"The app is useful as it’s easy to use and is much quicker than using a browser. You can quickly buy an item, no issues.
The issue comes when you want to contact a seller, as I had an issue and needed to contact the seller about my order. I messaged them and it was pretty straightforward. The problem was that it didn’t send me any notifications to any of the replies, the replies were not even in the same area. Instead I had to dig through menus to find any reply which was very frustrating as it wasted a lot of time.","The app is useful as it’s easy to use and is much quicker than using a browser. You can quickly buy an item, no issues. 
The issue comes when you want to contact a seller, as I had an issue and needed to contact the seller about my order. I messaged them and it was pretty straightforward. The problem was that it didn’t send me any notifications to any of the replies, the replies were not even in the same area. Instead I had to dig through menus to find any reply which was very frustrating as it wasted a lot of time.",Bradders981,11.20.0,2018-10-16T18:32:22Z,True,itunes_rss_mostHelpful,False,False
b27b80017a897370af4ff41fb1beb848ee8a7c72e01684d2368d4fa0b0e0ba62,3287149062,335187483,Amazon,gb,1,Deceiving customers,"The app could be worse to be honest, however I give one star as I find discussing that every time we open the app, start typing and press search, it goes to all this amazon/alexa products which I did not wish to search.

I then have to press back and type everything again. Do you really think that you will sell more of your stuff by tricking customers? How does that work? I want to buy a battery charger, Alexa or whatever comes up, and that’s what I’m going to buy then??? Really???? Poor ethics shown here...","The app could be worse to be honest, however I give one star as I find discussing that every time we open the app, start typing and press search, it goes to all this amazon/alexa products which I did not wish to search.

I then have to press back and type everything again. Do you really think that you will sell more of your stuff by tricking customers? How does that work? I want to buy a battery charger, Alexa or whatever comes up, and that’s what I’m going to buy then??? Really???? Poor ethics shown here...",Bakuras,11.19.0,2018-10-10T22:43:28Z,True,itunes_rss_mostHelpful,False,False
fe7bde95b305e47e4e1348ccc7576bccf7a2dd590975460ec12db4492ef63de4,3232570030,335187483,Amazon,gb,5,Quite good,"I’ve been using this app for a while now and I have found it to be very useful. It is very easy to search through and buy items.
When you’ve bought an item, it gives you notifications of when it will arrive and when it has been delivered. It also gives updates on items you’ve put in your list, if there’s been any changes.
Overall quite good and easy to use","I’ve been using this app for a while now and I have found it to be very useful. It is very easy to search through and buy items. 
When you’ve bought an item, it gives you notifications of when it will arrive and when it has been delivered. It also gives updates on items you’ve put in your list, if there’s been any changes. 
Overall quite good and easy to use",Naaiima29,11.18.0,2018-09-26T15:07:30Z,True,itunes_rss_mostHelpful,False,False
cb5c2ceacafedfc98fa322797362533dd9a8fa16754d2653007782921fe301f1,3211029832,335187483,Amazon,gb,5,Needs a print invoice button,"Great app, easy to use but would be perfect if it had a feature where you can print out invoices of goods bought instead of having to go online and do it through the website, it would be easier and better to do it through the app as I’m always on it and never go online","Great app, easy to use but would be perfect if it had a feature where you can print out invoices of goods bought instead of having to go online and do it through the website, it would be easier and better to do it through the app as I’m always on it and never go online",mattbagwell,11.18.0,2018-09-20T19:11:20Z,True,itunes_rss_mostHelpful,False,False
b546935bb757d4591da9431fa31986814b9495ba0f33cf17124fad600175a002,3197088089,335187483,Amazon,gb,1,Purchase page on a loop,"You would think that with the main aim of this app making buying things from your phone easy, that this would be at least possible. I’ve tried to use this app on several occasions, on different networks/WiFi connections, to no avail. I’ve been unable to complete the checkout page, as anytime I try to change the delivery options the app seems unable to handle it and gets stuck on a loading page.

I assume this app would work if you didn’t need to change your delivery options (were happy with your saved default address/default delivery time).","You would think that with the main aim of this app making buying things from your phone easy, that this would be at least possible. I’ve tried to use this app on several occasions, on different networks/WiFi connections, to no avail. I’ve been unable to complete the checkout page, as anytime I try to change the delivery options the app seems unable to handle it and gets stuck on a loading page. 

I assume this app would work if you didn’t need to change your delivery options (were happy with your saved default address/default delivery time).",BetReview,11.17.0,2018-09-16T20:24:20Z,True,itunes_rss_mostHelpful,False,False
73e50cca55dfe19113222b9fd11d93cb6e8b4a29fe98b0cd478013e0cf3c9c72,3148992389,335187483,Amazon,gb,2,Disappointing,"Although having the app makes logging in quicker and easier, key features are missing. You can’t see where your deliveries are on a map without actually logging in on a laptop and the delivery times without the map are pretty useless. My delivery today just said “before 9pm”, but it arrived just after 4pm, if I hadn’t logged in elsewhere to see the map, I would’ve missed it. I also couldn’t update my delivery preferences on the map to ensure they left it in a safe place instead of not delivering.","Although having the app makes logging in quicker and easier, key features are missing. You can’t see where your deliveries are on a map without actually logging in on a laptop and the delivery times without the map are pretty useless. My delivery today just said “before 9pm”, but it arrived just after 4pm, if I hadn’t logged in elsewhere to see the map, I would’ve missed it. I also couldn’t update my delivery preferences on the map to ensure they left it in a safe place instead of not delivering.",CMort18,11.16.0,2018-09-03T15:11:59Z,True,itunes_rss_mostHelpful,False,False
df37e7b144edd64e80aa9237f31e0219be45fd0be81e52d8aca29e144497f792,3130518755,335187483,Amazon,gb,5,Used to be great,"The app was what I expect. But lately things just don’t work properly and there is now easy feedback to sent to development to improve the issues. Layout keeps changing, wish list keeps reverting to any list it wants to show me not the last one I had selected, nor my default one.  Can’t see some details cos the item loads on the page then the zoom changes and all the words shrink and move around. Can’t read details and reviews. Very flakey.","The app was what I expect. But lately things just don’t work properly and there is now easy feedback to sent to development to improve the issues. Layout keeps changing, wish list keeps reverting to any list it wants to show me not the last one I had selected, nor my default one.  Can’t see some details cos the item loads on the page then the zoom changes and all the words shrink and move around. Can’t read details and reviews. Very flakey.",Lonewolf73,11.16.0,2018-08-29T22:24:14Z,True,itunes_rss_mostHelpful,False,False
1b81d17d02f18a9fe867a79ad5eacd644434074ce84f49eb210336d963f12e02,3098181425,335187483,Amazon,gb,3,Still broken,"The last update (or maybe the one before) broke the formatting of item descriptions - a narrow column of text down the right of the screen, and acres of white space to the left, overlapping text in that column, etc, etc.  This latest update hasn’t done anything about that.  Can we please go back a few versions to the app that worked properly?  And could you please institute a policy of testing updates before release?","The last update (or maybe the one before) broke the formatting of item descriptions - a narrow column of text down the right of the screen, and acres of white space to the left, overlapping text in that column, etc, etc.  This latest update hasn’t done anything about that.  Can we please go back a few versions to the app that worked properly?  And could you please institute a policy of testing updates before release?",GeoffCusick,11.16.0,2018-08-22T07:47:55Z,True,itunes_rss_mostHelpful,False,False
67a807d43ade7db124260442f1a4b480bee8fcf2610f4cd381a2ad400678ee72,3053770606,335187483,Amazon,gb,1,Formatting messed up,"In the last update you managed to screw something up now every item page’s formatting is messed up all scrunched together on the right hand side, hope a fix is coming soon.

Also if a item has multiple versions to choose from if you pick another then all the information about the product and anything else below that box and the pictures of the item vanishes and you can’t even purchase the item the. As that includes the Buy button.

Please fix quickly, can’t really use the app like this.","In the last update you managed to screw something up now every item page’s formatting is messed up all scrunched together on the right hand side, hope a fix is coming soon.

Also if a item has multiple versions to choose from if you pick another then all the information about the product and anything else below that box and the pictures of the item vanishes and you can’t even purchase the item the. As that includes the Buy button.

Please fix quickly, can’t really use the app like this.",WhiteHawk,11.15.0,2018-08-12T10:47:57Z,True,itunes_rss_mostHelpful,False,False
5f4275641d0ac25c2b386c8195b8c0a081b549592296b5ec29d46494aca353a3,2882698204,335187483,Amazon,gb,1,The search only gives a few results,"Since the last update if you search for something.. say “Pokemon” it only gives you a handful of results.
When you search the exact same thing on the pc on the official website.. it gives you 1000+ results. I think the last update broke something. But I have no idea how to repost this. Reading reviews it looks like I’m not the only one. I’ll reverse this feedback once this issue is solved. As this was my main go too shopping app at one point. Now it’s unusable to search and buy anything.","Since the last update if you search for something.. say “Pokemon” it only gives you a handful of results. 
When you search the exact same thing on the pc on the official website.. it gives you 1000+ results. I think the last update broke something. But I have no idea how to repost this. Reading reviews it looks like I’m not the only one. I’ll reverse this feedback once this issue is solved. As this was my main go too shopping app at one point. Now it’s unusable to search and buy anything.",GXV3,11.13.0,2018-07-11T06:11:36Z,True,itunes_rss_mostHelpful,False,False
cc8845d8a85227c1cbc5468a8bc23840a5204302a227978d3fa2e4c732193dc1,2837855078,335187483,Amazon,gb,3,Good app that lets itself down,"This app has a lot of good qualities - it’s intuitive and easy to use etc, but it’s a bit frustrating how limited the suggestions on the home page are and how they are oriented more towards gender than past purchases or preferences. This often leads to me choosing to use the website to shop instead though it is sometimes easier to pay through the app once the items are in my basket.","This app has a lot of good qualities - it’s intuitive and easy to use etc, but it’s a bit frustrating how limited the suggestions on the home page are and how they are oriented more towards gender than past purchases or preferences. This often leads to me choosing to use the website to shop instead though it is sometimes easier to pay through the app once the items are in my basket.",Redcore4,11.13.0,2018-07-04T21:45:08Z,True,itunes_rss_mostHelpful,False,False
f01414f5f329ba6d62f233e5da04918001823337e454dbd377c6e2bee8dfcbf4,2618457417,335187483,Amazon,gb,5,Not available for UK users?!?!?!?,"I have been using the app no problem in a last couple of years up to now! App on iPad ask for update but not available for UK users??? What a crap?
Worst, without update I am unable to open the app.
Seems i have to search and shop on eBay, as I never had similar or any other kind of problem using eBay app.","I have been using the app no problem in a last couple of years up to now! App on iPad ask for update but not available for UK users??? What a crap? 
Worst, without update I am unable to open the app. 
Seems i have to search and shop on eBay, as I never had similar or any other kind of problem using eBay app.",Titijana,11.11.0,2018-05-30T20:48:55Z,True,itunes_rss_mostHelpful,False,False
403f139ae444b88107b8252ea0b70ddecd3ca1ff3b6e1d725f989ccca406b8e1,2606804550,335187483,Amazon,gb,5,App doesn’t work,"This app used to work all the time but this past year it will not open on my iPhone, it says no internet available when I have WiFi and also a huge amount of internet data on my phone, all my other apps work even eBay and everything is up to date. Sort It out guys","This app used to work all the time but this past year it will not open on my iPhone, it says no internet available when I have WiFi and also a huge amount of internet data on my phone, all my other apps work even eBay and everything is up to date. Sort It out guys",Lesleylexy,11.10.0,2018-05-28T08:42:29Z,True,itunes_rss_mostHelpful,False,False
f124d077e678426d25a2b9f01ed70f2a027de75517d7ab7ead468898782b61a8,2456996982,335187483,Amazon,gb,1,Useless. No longer shows items I am selling,"As others has pointed out, this app is useless. Click on the selling link and you are invited to enter a keyword for a new item to sell. The items you are already selling are nowhere to be seen. Fortunately I had received some messages which contained a link to my listing. That was the only way I could view it within the app.  Much other functionality from the old happ has been lost. Come on Ebay, hire some decent developers and get this app back on track!","As others has pointed out, this app is useless. Click on the selling link and you are invited to enter a keyword for a new item to sell. The items you are already selling are nowhere to be seen. Fortunately I had received some messages which contained a link to my listing. That was the only way I could view it within the app.  Much other functionality from the old happ has been lost. Come on Ebay, hire some decent developers and get this app back on track!",Gadg3tgal,11.8.0,2018-04-23T06:45:42Z,True,itunes_rss_mostHelpful,False,False
acab2d4f724e67051c9305e11ce39e187be93eea0bac02e6cb3af23fc5c72b27,2451083453,335187483,Amazon,gb,5,Constantly crashing since update,This app has gone downhill since the latest update. Screens don’t load; hitting the ‘apply’ button when filtering previous orders by year doesn’t work; wish list doesn’t load; menu button is temperamental. Crashes after crashes. Not good. Please fix ASAP,This app has gone downhill since the latest update. Screens don’t load; hitting the ‘apply’ button when filtering previous orders by year doesn’t work; wish list doesn’t load; menu button is temperamental. Crashes after crashes. Not good. Please fix ASAP,Krib35,11.8.0,2018-04-21T20:42:12Z,True,itunes_rss_mostHelpful,False,False
df033b09001cc34d79e97807c8b229a5261c48dc078da718047db13ac5b2d53a,2333493279,335187483,Amazon,gb,2,"Was near useless on iPad Pro, now fixed.","The App keeps switching from one layout to another, it’s like a completely new app but it’s not updating to do this? It’s now got black banners like the website with no choices along the bottom or on the top right side. I keep deleting it and reinstalling to get the preferred app layout.
I have used this app a lot in the past. Now I use it a lot less when it insisted on spending £20 to get free delivery, ridiculous. This company is massive so charging postage for items under a certain price is greedy. Especially when the likes of HMV & also Very in think do free delivery on £10 and over.","The App keeps switching from one layout to another, it’s like a completely new app but it’s not updating to do this? It’s now got black banners like the website with no choices along the bottom or on the top right side. I keep deleting it and reinstalling to get the preferred app layout.
I have used this app a lot in the past. Now I use it a lot less when it insisted on spending £20 to get free delivery, ridiculous. This company is massive so charging postage for items under a certain price is greedy. Especially when the likes of HMV & also Very in think do free delivery on £10 and over.",TitaniumHand,11.6.0,2018-03-22T12:03:32Z,True,itunes_rss_mostHelpful,False,False
76807c2eb5d37585ee910921eac16b353a1220d96091288907cd61db075847c1,2310020980,335187483,Amazon,gb,2,Tracking of orders,"Today I ordered something that should be delivered tonight. It says handed to resident but nobody’s home and I couldn’t find it where courier normally leaves a package when nobody else is around. Normally a courier will leave a message where they left the parcel.
If this certain parcel was left with a neighbor, please specify where you left the parcel to so it’s easier to know where and who received it? Because it will be very awkward to ask around neighbors if they have the parcel or not.
And please make it easier for customers to send messages or concerns in the app.","Today I ordered something that should be delivered tonight. It says handed to resident but nobody’s home and I couldn’t find it where courier normally leaves a package when nobody else is around. Normally a courier will leave a message where they left the parcel. 
If this certain parcel was left with a neighbor, please specify where you left the parcel to so it’s easier to know where and who received it? Because it will be very awkward to ask around neighbors if they have the parcel or not.
And please make it easier for customers to send messages or concerns in the app.",catspaw1018,11.5.0,2018-03-15T22:32:33Z,True,itunes_rss_mostHelpful,False,False
e424b2eb3477791a1eca379a52957b293294b131600f5768748c31e2924730a7,2293604298,335187483,Amazon,gb,2,Frustrating.,"Having to input credit or debit card details when you change an address is understandable but mildly frustrating as I travel a lot.
The address defaulting back to your home address having already changed the address on an order because you decided to “continue shopping” is very frustrating and has caused me to have to cancel orders, ultimately my own fault though.
Gift messages you’ve typed out then being forgotten because you decided to “continue shopping” is irritating to the point that I cancelled the order.","Having to input credit or debit card details when you change an address is understandable but mildly frustrating as I travel a lot. 
The address defaulting back to your home address having already changed the address on an order because you decided to “continue shopping” is very frustrating and has caused me to have to cancel orders, ultimately my own fault though. 
Gift messages you’ve typed out then being forgotten because you decided to “continue shopping” is irritating to the point that I cancelled the order.",Beller73,11.5.0,2018-03-11T05:57:42Z,True,itunes_rss_mostHelpful,False,False
0e4beb6c0ccf42234bd227e47e4d12faffc1ec385fc7c56c62cd6e9f3f1b7891,2231588422,335187483,Amazon,gb,2,What have they done?!,"Made it impossible to view customer reviews on the App on iPhone 6 & iPhone 7.
I can no longer filter the reviews or change the viewing display order, for example I’ve tried changing it to show the latest reviews, yet every time I click to change it, it just stops and prevents you from doing anything so you have repeatedly click somewhere else on the screen to exit. Faulty App, fix it please.","Made it impossible to view customer reviews on the App on iPhone 6 & iPhone 7. 
I can no longer filter the reviews or change the viewing display order, for example I’ve tried changing it to show the latest reviews, yet every time I click to change it, it just stops and prevents you from doing anything so you have repeatedly click somewhere else on the screen to exit. Faulty App, fix it please.",CloudSurfin,11.4.0,2018-02-21T10:04:08Z,True,itunes_rss_mostHelpful,False,False
1fdd24e97adc57d8c518402a098bc3648ba49577691b57ed0a363e6c4870424a,2186539198,335187483,Amazon,gb,5,Used to do the Job,"Latest version has a Close button that if hit by accident when browsing from one product to a linked/related product, means you lose the page with no way I can find to quickly re-open it. Instead you have to retrace your steps and hope you find it again. Not conducive to helping me give you my money!","Latest version has a Close button that if hit by accident when browsing from one product to a linked/related product, means you lose the page with no way I can find to quickly re-open it. Instead you have to retrace your steps and hope you find it again. Not conducive to helping me give you my money!",iPod Head,11.3.0,2018-02-09T11:30:53Z,True,itunes_rss_mostHelpful,False,False
66c4f08054fc0ab097bd67e062bb0d1fe6d6fad1c2cb96021b6dba5c99aed8e5,2119623515,335187483,Amazon,gb,5,"Fast, efficient, affordable","This app saves me a lot of time when searching for a certain product. If I just type in the product I want to see, it will have a 90% chance of showing. Usually, typing in the products into google usually give you the plug socket or accessory when accessing it through the ‘shopping’ tab/filter.","This app saves me a lot of time when searching for a certain product. If I just type in the product I want to see, it will have a 90% chance of showing. Usually, typing in the products into google usually give you the plug socket or accessory when accessing it through the ‘shopping’ tab/filter.",Usuvk,11.02.0,2018-01-23T21:24:51Z,True,itunes_rss_mostHelpful,False,False
f75c149fc90aab3bf205cbb06d0d2edcb0ec089a2979e9258e1a7c69f490bb09,2107247866,335187483,Amazon,gb,1,What’s gone wrong???,"This used to be one of my favourite apps. Then suddenly I couldn’t checkout any more! I couldn’t sign in either to view previous orders. So I could add items to my basket then had to end up using IE or Safari to checkout.
Today I’ve uninstalled the app and re-installed the app.
I can now checkout - yippee!!...but...l.can no longer access my wish list or any of my saved friends and families wish lists. Tells me I need to update the app. Well, as I’d just updated to the latest app half an hour (apparently released 4 days ago?!?!), I have the latest app.
It’s now a pointless app - as a Prime customer I use it lots. Very disappointing","This used to be one of my favourite apps. Then suddenly I couldn’t checkout any more! I couldn’t sign in either to view previous orders. So I could add items to my basket then had to end up using IE or Safari to checkout.
Today I’ve uninstalled the app and re-installed the app.
I can now checkout - yippee!!...but...l.can no longer access my wish list or any of my saved friends and families wish lists. Tells me I need to update the app. Well, as I’d just updated to the latest app half an hour (apparently released 4 days ago?!?!), I have the latest app.
It’s now a pointless app - as a Prime customer I use it lots. Very disappointing",Heavenly Dev,11.01.2,2018-01-20T07:12:55Z,True,itunes_rss_mostHelpful,False,False
0dac1064bfe453117075effa11bab5865a416e431f309bcc80262881717b7bf6,2086660640,335187483,Amazon,gb,4,Glitches,This app which I use a lot has became very glitchy. I’ve never known issues like it. When viewing an item and also when viewing a description of an item the top menu functions become unresponsive on a frequent basis. Almost all the time for me. The back button doesn’t work and the burger with drop down menu doesn’t work. Search doesn’t work. The home button doesn’t work. The only way around is to click on an item in the wishlist which sits at the bottom of the app. The same thing happens over again with the next product. Disappointed to say the very least. Please fix this.,This app which I use a lot has became very glitchy. I’ve never known issues like it. When viewing an item and also when viewing a description of an item the top menu functions become unresponsive on a frequent basis. Almost all the time for me. The back button doesn’t work and the burger with drop down menu doesn’t work. Search doesn’t work. The home button doesn’t work. The only way around is to click on an item in the wishlist which sits at the bottom of the app. The same thing happens over again with the next product. Disappointed to say the very least. Please fix this.,(-alex-),11.01.0,2018-01-14T00:38:58Z,True,itunes_rss_mostHelpful,False,False
7d7fbfb067fac9dad51e5f0df5086a676d911f085ad70a9ebfe94f8b89a93cde,2079489309,335187483,Amazon,gb,5,Can only access the search bar intermittently to sear for items.,"The app is unresponsive to searching for things in the search bar. No matter how many times I tap the search bar, 90% of the time it won’t let me enter text. Didn’t have this problem before.","The app is unresponsive to searching for things in the search bar. No matter how many times I tap the search bar, 90% of the time it won’t let me enter text. Didn’t have this problem before.",SierraFive,11.01.0,2018-01-11T19:41:50Z,True,itunes_rss_mostHelpful,False,False
8a6ae8a2d2d631f43b97aa843db9b015c8e8c0421af4d9ae6e82a45b545fdeb6,2003421805,335187483,Amazon,gb,4,Vibrate drives me crazy,"This is a minor point, and I would rather feed it back direct to the app team than post it here, but I can’t figure out how to do that in iOS 11 / this app.

Guys - please make it possible to disable the vibrate on adding item to basket feature!!! I do most of my shopping when my wife is asleep next to me, and this is always at risk of waking her. Please make this optional!","This is a minor point, and I would rather feed it back direct to the app team than post it here, but I can’t figure out how to do that in iOS 11 / this app.

Guys - please make it possible to disable the vibrate on adding item to basket feature!!! I do most of my shopping when my wife is asleep next to me, and this is always at risk of waking her. Please make this optional!",PhilWilshaw,9.22,2017-12-17T10:08:12Z,True,itunes_rss_mostHelpful,False,False
bbf251b99e3264e087a80c6ea32dcfda3b8ca9afe6dd87fcfd8a328fe1c1ea6f,1998062677,335187483,Amazon,gb,5,Unnecessary and unfinished.,"Most annoying thing is that if you use someone’s wish list and open it from the app t but, the items do not remove so you and ten others turn up with the same gift.

I understand why there’s no digital purchases because of Apple’s commission but with both these issues it makes the app completely unnecessary and only causes issues over use the web.","Most annoying thing is that if you use someone’s wish list and open it from the app t but, the items do not remove so you and ten others turn up with the same gift. 

I understand why there’s no digital purchases because of Apple’s commission but with both these issues it makes the app completely unnecessary and only causes issues over use the web.",Tig2810,9.22,2017-12-15T10:06:01Z,True,itunes_rss_mostHelpful,False,False
96aa8d97bde8208546878d25965c2351c2924952aadf5f7e57133c224db6747b,1983018540,335187483,Amazon,gb,5,Unable to actually PURCHASE anything....,"Whenever I try to tap to ‘Proceed to Checkout’, it asks me to enter my password. When I enter it, that screen then disappears and I get a message saying “Oops, something went wrong” and throws me back to my basket, BUT when I then tap ‘Proceed to Checkout’ again, it brings me to the Order Confirmation page and when I tap ‘Confirm’ it sends me back to my basket and I have to tap ‘Proceed to Checkout’ again and the same process starts all over again. In the end I have to go to the actual website and purchase from there.

Kind of defeats the object of having an app...","Whenever I try to tap to ‘Proceed to Checkout’, it asks me to enter my password. When I enter it, that screen then disappears and I get a message saying “Oops, something went wrong” and throws me back to my basket, BUT when I then tap ‘Proceed to Checkout’ again, it brings me to the Order Confirmation page and when I tap ‘Confirm’ it sends me back to my basket and I have to tap ‘Proceed to Checkout’ again and the same process starts all over again. In the end I have to go to the actual website and purchase from there. 

Kind of defeats the object of having an app...",Pinstrypsoldier,9.22,2017-12-09T14:54:07Z,True,itunes_rss_mostHelpful,False,False
0250cf886ee5983e75260d91fa254f6c40f010de051b472a09097c90d7829273,1978626147,335187483,Amazon,gb,3,Has faults,"If you are looking at Daily Deals and scrolling down - if you click on an item to view, when you click back it refreshes the page and takes you right back to the top. Very frustrating. A few updates ago it only did it occasionally but now it’s every time.
It has stopped me from looking at Daily Deals but is saving me from buying crap I don’t need. Maybe I should score it higher but no, it fails at the bit i use the most so 3/5.","If you are looking at Daily Deals and scrolling down - if you click on an item to view, when you click back it refreshes the page and takes you right back to the top. Very frustrating. A few updates ago it only did it occasionally but now it’s every time. 
It has stopped me from looking at Daily Deals but is saving me from buying crap I don’t need. Maybe I should score it higher but no, it fails at the bit i use the most so 3/5.",Superfly Agaric,9.22,2017-12-07T23:28:06Z,True,itunes_rss_mostHelpful,False,False
22522171a731d86bda58d3b257a2449879d0cb19d73bf41cec0158963d5b5287,1975960890,335187483,Amazon,gb,5,App is fine but!!!,"Appp is fine but there are couple of improvements I would like to suggest.
Some sellers particularly from China have extended delivery date. It would be useful to see a list of outstanding deliveries rather than searching thro’ my all my orders.
Finally a statement of one’s expenditure over previous month is also very useful.","Appp is fine but there are couple of improvements I would like to suggest. 
Some sellers particularly from China have extended delivery date. It would be useful to see a list of outstanding deliveries rather than searching thro’ my all my orders. 
Finally a statement of one’s expenditure over previous month is also very useful.",AmirUK.,9.22,2017-12-06T22:23:53Z,True,itunes_rss_mostHelpful,False,False
7295f8726a899d3003bb90261c2fdb6c01d17032f30956f17cdbf25b73493243,1974771865,335187483,Amazon,gb,5,Checkout loop!,What has happened to this app! 15 various items were in my basket. I go to checkout and are told that some items qualify for free delivery. Great. I continue to checkout and see that my items are automatically sorted into 5 dispatches. I continue to checkout and get sent back to the same page telling me I have free delivery items. This goes on and on and on over and over again and then I get kicked out and have to sign in again. Your twitter page can't help and you email people want a screenshot. Just fix the app!,What has happened to this app! 15 various items were in my basket. I go to checkout and are told that some items qualify for free delivery. Great. I continue to checkout and see that my items are automatically sorted into 5 dispatches. I continue to checkout and get sent back to the same page telling me I have free delivery items. This goes on and on and on over and over again and then I get kicked out and have to sign in again. Your twitter page can't help and you email people want a screenshot. Just fix the app!,exMuseme,9.22,2017-12-06T11:12:58Z,True,itunes_rss_mostHelpful,False,False
a2f685c812da5a5416e3fd9b29da9ce4567128e3132988485b192a1fa42030a5,1944713787,335187483,Amazon,gb,1,New update lots of problems,"- app errors out for looking at your own wedding registry (past event)
- moving the wish list 'see other list' to the top right hand side which isn't convenient when you quick want to select between lists
- in your wish list when an item is no longer available your clueless as to what it was so you can order an alternative
- surely there should be a review tab where it gives you a list of recent products you've brought and allow you easily write quick reviews and upload photos","- app errors out for looking at your own wedding registry (past event)
- moving the wish list 'see other list' to the top right hand side which isn't convenient when you quick want to select between lists
- in your wish list when an item is no longer available your clueless as to what it was so you can order an alternative
- surely there should be a review tab where it gives you a list of recent products you've brought and allow you easily write quick reviews and upload photos",T1-LDN,9.22,2017-11-24T07:03:57Z,True,itunes_rss_mostHelpful,False,False
c3795d64c253558abbee343b3e0cc64c5eee876decda89e5f497f65e94d3cf19,1873522287,335187483,Amazon,gb,5,You Vill View Ze App how ve vant...,"I used to use this app all the time (some would say too much, including my bank manager), but it has now been consigned to the recycle bin as it can no longer be used in landscape mode. This has rendered my keyboard case redundant for the app, which ironically was purchased using the app. The two stars are for the happy consumerist memories...","I used to use this app all the time (some would say too much, including my bank manager), but it has now been consigned to the recycle bin as it can no longer be used in landscape mode. This has rendered my keyboard case redundant for the app, which ironically was purchased using the app. The two stars are for the happy consumerist memories...",greyhammeruk,9.21.1,2017-10-25T08:38:23Z,True,itunes_rss_mostHelpful,False,False
cb5059750f552c874db63029d29cbed63521b870012d245368a39e31ab6164aa,1873363982,335187483,Amazon,gb,4,No landscape mode on iPad,"Like many others, on my iPad the app no longer works in landscape mode. Adding this review as a protest, because I can't believe amazons software testing department didn't know this would happen. What was the idea - let's remove landscape mode and see if anyone complains? Well lots of people are complaining so fix it now!

Now fixed. Next time, do some testing before releasing!","Like many others, on my iPad the app no longer works in landscape mode. Adding this review as a protest, because I can't believe amazons software testing department didn't know this would happen. What was the idea - let's remove landscape mode and see if anyone complains? Well lots of people are complaining so fix it now!

Now fixed. Next time, do some testing before releasing!",luteman,9.21.1,2017-10-25T06:51:48Z,True,itunes_rss_mostHelpful,False,False
4fc6e764b276aedf76e3182a5d56756c8b190c4270fcf03400466798898c8f8f,1870037360,335187483,Amazon,gb,5,Why so much hate???,I absolutely love this app! I bought a Halloween costume off this app and it is just as it said. I’m getting another one this year and it’s beautiful. The helpful tips make it just the better. I don’t understand why people are hating on this as it is an amazing app! Get this app now because it’s just fantastic,I absolutely love this app! I bought a Halloween costume off this app and it is just as it said. I’m getting another one this year and it’s beautiful. The helpful tips make it just the better. I don’t understand why people are hating on this as it is an amazing app! Get this app now because it’s just fantastic,Ultimate girl 12345,9.20.0,2017-10-23T20:29:38Z,True,itunes_rss_mostHelpful,False,False
5a82c5fc5c1c314eb9dd0d79bb72026a265e66f3f6fc47a5bb6aec8912d34e4f,1869875816,335187483,Amazon,gb,2,Cancelled un-bought order!,"I was looking at speaker systems but was yet to decide on one. I got an email saying my order had been cancelled. I didn’t even order anything, it was as if someone was trying to buy goods on my account. It made me very suspicious and made me change my password and up the security on all devices I use this app on. I also removed all credit cards, I thought I was being scammed and private information was being lost. I was very worried!!!! 😠","I was looking at speaker systems but was yet to decide on one. I got an email saying my order had been cancelled. I didn’t even order anything, it was as if someone was trying to buy goods on my account. It made me very suspicious and made me change my password and up the security on all devices I use this app on. I also removed all credit cards, I thought I was being scammed and private information was being lost. I was very worried!!!! 😠",Samamamma.P,9.20.0,2017-10-23T18:37:14Z,True,itunes_rss_mostHelpful,False,False
0141232dc7cb8794d249a06e2c84fd9b32a0941b853f0350684e17e10952eb2d,1867244378,335187483,Amazon,gb,1,Appalling,"Instead of improving this app it just gets worse and like other reviewers the feedback is just ignored. My wife and I are now having to use the web site as the app version should not even be allowed on the app store. This is not a single instance as my wife and I have a tablet each and the faults are the same on both tablets. Amazon’s cure is to reinstall the apps. Having already done this a few times, they do not specify how often this has to be done before a miracle occurs and it suddenly starts becoming usable.","Instead of improving this app it just gets worse and like other reviewers the feedback is just ignored. My wife and I are now having to use the web site as the app version should not even be allowed on the app store. This is not a single instance as my wife and I have a tablet each and the faults are the same on both tablets. Amazon’s cure is to reinstall the apps. Having already done this a few times, they do not specify how often this has to be done before a miracle occurs and it suddenly starts becoming usable.",Amosbabel,9.20.0,2017-10-22T17:22:11Z,True,itunes_rss_mostHelpful,False,False
ec7fa7b27066364481ea331172806d01d58ff9b35bb29ec880e70543a364f5e3,1866233584,335187483,Amazon,gb,5,No Landscape View,"The latest update seems to have eliminated landscape mode. I’ve tried restarting / resetting / deleting and installing but no landscape mode. This I find annoying.

This app always worked for me, a few niggles like kindle book purchases and some account aspects but on the whole solid app, I just do not like it being dictated as to how I actually use the app. I get enough of that when I walk into a shop, please not online now too.","The latest update seems to have eliminated landscape mode. I’ve tried restarting / resetting / deleting and installing but no landscape mode. This I find annoying.

This app always worked for me, a few niggles like kindle book purchases and some account aspects but on the whole solid app, I just do not like it being dictated as to how I actually use the app. I get enough of that when I walk into a shop, please not online now too.",Arriving Somewhere,9.20.0,2017-10-22T07:53:56Z,True,itunes_rss_mostHelpful,False,False
950b994c1b00678e0224e24c27e9bc5eba47e20db66080f8676c8d38996d74f8,1863957667,335187483,Amazon,gb,1,A waste of space and time!!,"This app is annoying beyond belief. Firstly, when you sign in it takes so long to bring up a(any) screen page, you may as well go away on holiday for a week.

Secondly, it only PARTLY syncs with the browser version. As an example, in the app, I've just clicked on recently viewed items and it brings up only the items I've viewed via the app, not the items I've viewed via browser, and yet it updates my shopping basket. This means I have to go back to the browser version just to see what I've been looking at.

Time wasting beyond belief.","This app is annoying beyond belief. Firstly, when you sign in it takes so long to bring up a(any) screen page, you may as well go away on holiday for a week.

Secondly, it only PARTLY syncs with the browser version. As an example, in the app, I've just clicked on recently viewed items and it brings up only the items I've viewed via the app, not the items I've viewed via browser, and yet it updates my shopping basket. This means I have to go back to the browser version just to see what I've been looking at.

Time wasting beyond belief.",why-wait,9.18.0,2017-10-21T09:02:51Z,True,itunes_rss_mostHelpful,False,False
9979e2b2c0fe6f2d2ef499245446cef7f311678251e2891019b8a10ea64395e0,1854848862,335187483,Amazon,gb,1,What went wrong!!,"App worked ok at first. A bit slow at times and I got fed up with the same message saying it’s still loading. But now, it is useless. So slow and it will not allow me to put items in my wish list. You can’t do it by tapping and dragging. So basically pointless. There is no way of saving items you are interested in or want to compare. All I can do is search for items. Well I can do that and save to my wish list on the website so what is the point of the app? Lots of things don’t work now and It is useless since the last update.","App worked ok at first. A bit slow at times and I got fed up with the same message saying it’s still loading. But now, it is useless. So slow and it will not allow me to put items in my wish list. You can’t do it by tapping and dragging. So basically pointless. There is no way of saving items you are interested in or want to compare. All I can do is search for items. Well I can do that and save to my wish list on the website so what is the point of the app? Lots of things don’t work now and It is useless since the last update.",Mazgsi,9.18.0,2017-10-17T10:52:53Z,True,itunes_rss_mostHelpful,False,False
6a0df23eab7d3f0d502e7e5b325e6f020654f7a2e532ded627d3601c718d3b1f,1850551026,335187483,Amazon,gb,5,Feedback,"I’ve sent feedback via customer service about issues with the iOS app, but don’t think these points are being sent to Developers. When purchasing an item, it’s not possible to visit a Seller’s Store to see if they have other similar items. Also, when filtering search results by price ‘low to high’ for example, thousands of items disappear from search results. ??
I’d like to see ‘slide left’ actions to manage recommended products, items inspired by shopping trends  and items viewed etc.","I’ve sent feedback via customer service about issues with the iOS app, but don’t think these points are being sent to Developers. When purchasing an item, it’s not possible to visit a Seller’s Store to see if they have other similar items. Also, when filtering search results by price ‘low to high’ for example, thousands of items disappear from search results. ?? 
I’d like to see ‘slide left’ actions to manage recommended products, items inspired by shopping trends  and items viewed etc.",iankeith34,9.18.0,2017-10-15T13:14:00Z,True,itunes_rss_mostHelpful,False,False
613280126853994837e3939ef6e53bc806a069142d980d72fe118395b040ff7a,1808097357,335187483,Amazon,gb,5,Latest update no longer works on an iPad,"I have been a prolific user of this app for years, using it on both my iPhone and my iPad. However since the latest version was released two weeks ago I can no longer see anything in my basket on my iPad, which renders the app unusable. I have deleted and reinstalled it three times to no avail! Please address this issue!","I have been a prolific user of this app for years, using it on both my iPhone and my iPad. However since the latest version was released two weeks ago I can no longer see anything in my basket on my iPad, which renders the app unusable. I have deleted and reinstalled it three times to no avail! Please address this issue!",Vespucciano,9.17.0,2017-09-24T23:15:40Z,True,itunes_rss_mostHelpful,False,False
ad357a4431b3a77306987fe98e23162f2bc5c3b4c20e5160565ce4862c8e2ae9,1807010274,335187483,Amazon,gb,3,"Okay for normal items, terrible for kindle","I use this app to purchase random items when I think of them on the go, and it works fine for what I need. But if I want to buy a kindle format book to read on the move, it will ONLY let me download a sample, it will never let me buy the whole book. Despite being able to buy the same title in paperback, and despite being able to buy the same title for kindle on the website in my phone's browser. This is intensely annoying.","I use this app to purchase random items when I think of them on the go, and it works fine for what I need. But if I want to buy a kindle format book to read on the move, it will ONLY let me download a sample, it will never let me buy the whole book. Despite being able to buy the same title in paperback, and despite being able to buy the same title for kindle on the website in my phone's browser. This is intensely annoying.",UrbanWizardry,9.17.0,2017-09-24T09:18:14Z,True,itunes_rss_mostHelpful,False,False
275a88796b17f30efbca1b04e8b75900575aad15b995f47aadbab814bb64d2db,1781672815,335187483,Amazon,gb,2,Wish list facility on iOS for iPad needs a fix,"In the previous versions of the app, I was able to bring up my wish list, tap on an item on the drop-down column which would show the item in full screen behind it. Then you could tap the screen to move the drop-down column out of the way in order to read the products description and make a purchase if you so wish - now each time I tap an item in the drop down column, a copy of my wish list appears behind it...please fix!","In the previous versions of the app, I was able to bring up my wish list, tap on an item on the drop-down column which would show the item in full screen behind it. Then you could tap the screen to move the drop-down column out of the way in order to read the products description and make a purchase if you so wish - now each time I tap an item in the drop down column, a copy of my wish list appears behind it...please fix!",Dave the Drum,9.17.0,2017-09-09T09:16:02Z,True,itunes_rss_mostHelpful,False,False
a25f9d2578a7ef3c2f6ac7c3fbaf9a41499a24d160972ebac65aa4a00482b261,14573195900,335187483,Amazon,gb,1,Worst shopping app i’ve ever used,"Stole the money on my account, didn’t refund me for it and then locked me out of my account for a purchase that apparently needed verifying despite it being a gift card purchase","Stole the money on my account, didn’t refund me for it and then locked me out of my account for a purchase that apparently needed verifying despite it being a gift card purchase",Liv_8974,27.16.0,2026-09-20T17:42:58Z,False,itunes_rss_mostRecent,False,False
e95b20b8f7c3e6690c0c1388fb2d20a2bfaeae8667ef3cc36e13aaaa153dcb1f,14572451184,335187483,Amazon,gb,1,Awful,"No dark mode, impenetrable settings, awful by design. Which should be a crime","No dark mode, impenetrable settings, awful by design. Which should be a crime",V!nc3n7-69,27.16.0,2026-09-20T14:15:38Z,False,itunes_rss_mostRecent,False,False
36b0cbd084f799d4b201bf5c8df2750df8e7bdf648b6bdf04e5337e2c96c471e,14575664276,335187483,Amazon,gb,5,Shopping made easy,Great I donor have to go to town shopping any more,Great I donor have to go to town shopping any more,Sue Barlow,27.16.0,2026-09-21T10:19:19Z,False,itunes_rss_mostRecent,False,False
747fccc561d63758fc0d44f9e9b0159482a344761185432bfa8cb2e88396898a,14575275195,335187483,Amazon,gb,2,Horrible service,I recently placed an order and I have placed multiple orders in the past and the service has been just fine and came next day like it advertised but the most recent order was very different it clearly stated that it would come next day yet it did not I let this under my radar but then the next day it did not come either now I was very angry and disappointed I’m  am still awaiting the package and please if you order and you know it won’t come next day then state that clearly and don’t you dare try to trick me with your tomfoolery,I recently placed an order and I have placed multiple orders in the past and the service has been just fine and came next day like it advertised but the most recent order was very different it clearly stated that it would come next day yet it did not I let this under my radar but then the next day it did not come either now I was very angry and disappointed I’m  am still awaiting the package and please if you order and you know it won’t come next day then state that clearly and don’t you dare try to trick me with your tomfoolery,Nickgiovannilicker69,27.16.0,2026-09-21T07:22:33Z,False,itunes_rss_mostRecent,False,False
f2816b87844cf5fd54d8216eafb919df842289ce4f00bc5c72ebb4923eac22eb,14577506135,335187483,Amazon,gb,1,Useless...,Should be called the 'still loading' app....😖,Should be called the 'still loading' app....😖,Tinman#1952,27.16.0,2026-09-21T20:11:12Z,False,itunes_rss_mostRecent,False,False
1209a310e00bf310792be73a48984058d4e7e4a21eae1354cc1c1eb7e0b6f2fb,14579096913,335187483,Amazon,gb,1,Cannot download invoice,Why is the invoice link hidden in the middle of the text and its own button? Also you open the PDF in your own reader and it’s not possible to actually download or export it. Useless,Why is the invoice link hidden in the middle of the text and its own button? Also you open the PDF in your own reader and it’s not possible to actually download or export it. Useless,Yncx4,27.16.0,2026-09-22T07:12:15Z,False,itunes_rss_mostRecent,False,False
4ef75365753e631b63d846aa473ea1e7f5ee1f1e1938553ad5aa336fdd8637a8,14580637007,335187483,Amazon,gb,1,Jumbled list when adding,I raised this issue a few weeks ago; when trying to add an item to one of my lists the list is all jumbled and since I have 330 lists scrolling to find the correct one is a bad shopping experience,I raised this issue a few weeks ago; when trying to add an item to one of my lists the list is all jumbled and since I have 330 lists scrolling to find the correct one is a bad shopping experience,Billh191,27.16.0,2026-09-22T16:13:07Z,False,itunes_rss_mostRecent,False,False
4f2f2cfceb1af5cac9d35b19cf2d431498983591e66518dd4112aba60a7348b1,14581160709,335187483,Amazon,gb,1,Kireon Kamara,Amazon prime took my money and I did not intent on buying it,Amazon prime took my money and I did not intent on buying it,Kireon Kamara,27.16.0,2026-09-22T19:02:39Z,False,itunes_rss_mostRecent,False,False
6fa8c5e917b3eb0600e15da2eaf9fa4486518c2e8aecd9f0bff0d8bf0644d8b8,14581123187,335187483,Amazon,gb,1,can’t log in,"hate you so much. your do damn nosey maybe stop looking at peoples phone you idiot and let them log in stupid omg your so trash this is why nobody uses u for clothing lol remove the “fashion” from the  “shop fashion ,groceries & tech” lol they use you for some cheap halloween costume that probably cost £7 , yall are cheap😂😂","hate you so much. your do damn nosey maybe stop looking at peoples phone you idiot and let them log in stupid omg your so trash this is why nobody uses u for clothing lol remove the “fashion” from the  “shop fashion ,groceries & tech” lol they use you for some cheap halloween costume that probably cost £7 , yall are cheap😂😂",tuidegllit,27.16.0,2026-09-22T18:49:57Z,False,itunes_rss_mostRecent,False,False
