fingerprint,review_id,app_id,app_name,country,rating,title,content,original_content,author,version,review_date,is_most_helpful,source,is_short,is_spam
e5d23a191888438b3c76785c6d79981c9079b0463e7a831cc405fefda44ca8fd,12327523892,1223471316,Shop,us,5,Legendary Single-Walled Canteen,I absolutely LOVE this canteen and not just because it’s excellent lid design but because it has been with me for years to the point where people knew me at work as “Thst Canteen Guy”  It holds alot of water but it’s also one of the VERY few designs that are single walled.  It’s nice to have double walled for keeping things at a constant hot or cold for short term hiking etc…but for serious life and death survival situations you ABSOLUTELY NEED a single walled design to boil water in so it’s safe to drink.  Obviously it’ll be extremely hot so you’ll have to let it cool first but you won’t have to carry additional weight for a pan to boil it in ad you can boil a significant portion of water all at once instead of using something big clunky or too small to fill it a little at a time.  I will also add I still own my old ones but the seals drip some from long time use yet still do the job.  Lastly I will attest to there supreme durability seeing as I’ve had both fall off the roof of my car and get ran over.  As I said before I still use both of them.  One more quick thing.  Shout out to Pathfinder for making what could almost be the best canteens if they took a chance at a better lid design and handles so you could carry one without a case.  This is why I carry my Stanley and no others.  They don’t require a case and the lid design is great.  I even used the smaller portable lid as a tea cup or a water bowl for my dog on long treks.  Bravo for making this amazing canteen!!!!!,I absolutely LOVE this canteen and not just because it’s excellent lid design but because it has been with me for years to the point where people knew me at work as “Thst Canteen Guy”  It holds alot of water but it’s also one of the VERY few designs that are single walled.  It’s nice to have double walled for keeping things at a constant hot or cold for short term hiking etc…but for serious life and death survival situations you ABSOLUTELY NEED a single walled design to boil water in so it’s safe to drink.  Obviously it’ll be extremely hot so you’ll have to let it cool first but you won’t have to carry additional weight for a pan to boil it in ad you can boil a significant portion of water all at once instead of using something big clunky or too small to fill it a little at a time.  I will also add I still own my old ones but the seals drip some from long time use yet still do the job.  Lastly I will attest to there supreme durability seeing as I’ve had both fall off the roof of my car and get ran over.  As I said before I still use both of them.  One more quick thing.  Shout out to Pathfinder for making what could almost be the best canteens if they took a chance at a better lid design and handles so you could carry one without a case.  This is why I carry my Stanley and no others.  They don’t require a case and the lid design is great.  I even used the smaller portable lid as a tea cup or a water bowl for my dog on long treks.  Bravo for making this amazing canteen!!!!!,Canteen Guy,,2025-02-19T00:03:26Z,True,web_ssr_helpful,False,False
a1d5c3f110a633b9bd38c85aa8fe6ffbb728ba6594a5fc33106a7927857fc00c,12773721320,1223471316,Shop,us,5,"Integrity, Honesty, Hope And Trust.",I Had Given Up Hope That I Would Never Receive An Order That Never Arrived. Shop Gave Me Hope And Trust Back In My Heart. I Have So Much Respect And Honor In Shop Because They Really Care. Immediately Action Was Taken. The Order Was Never Even Attempted To Deliver 5 Months Ago. Within Seconds Of Informing Shop. Action Was Taken. I Was Astonished That They Cared So Much About My Order. I Was Immediately Informed That My Order Was On Its Way To Me. Tracking Every Step Of The Way. Updates With Precise Accuracy. My Package Is On Its Way To Me. They Not Only Want You To Shop. They Want You To Enjoy And Receive Your Products That You Purchased. It’s Didn’t Take Days To Respond It Took Seconds. A Phenomenal Example Of True Customer Service. I’m Impressed And Will Never Shop ANYWHERE Else. I Trust Shop And I Will Never Use Any Other App To Buy Anything Else. They Stood By Me Because I Purchased The Items In Shop And Did Everything To Ensure That I Receive My Purchase. Integrity And Honesty Is What Shop Is All About. I Will Never Shop Anywhere Else. Shop Has My Back And I Trust Shop With ALL My Heart. Even Though My Order Was Several Months Ago. They Responded In Literally In Seconds Of Hearing My Story Of Disappointment And Heartbreak. I Have Never Seen Such An Immediate Response. Thank You Shop For Restoring My Confidence. I Will Always Buy My Items In Shop. They’ve Got My Back!!!!!,I Had Given Up Hope That I Would Never Receive An Order That Never Arrived. Shop Gave Me Hope And Trust Back In My Heart. I Have So Much Respect And Honor In Shop Because They Really Care. Immediately Action Was Taken. The Order Was Never Even Attempted To Deliver 5 Months Ago. Within Seconds Of Informing Shop. Action Was Taken. I Was Astonished That They Cared So Much About My Order. I Was Immediately Informed That My Order Was On Its Way To Me. Tracking Every Step Of The Way. Updates With Precise Accuracy. My Package Is On Its Way To Me. They Not Only Want You To Shop. They Want You To Enjoy And Receive Your Products That You Purchased. It’s Didn’t Take Days To Respond It Took Seconds. A Phenomenal Example Of True Customer Service. I’m Impressed And Will Never Shop ANYWHERE Else. I Trust Shop And I Will Never Use Any Other App To Buy Anything Else. They Stood By Me Because I Purchased The Items In Shop And Did Everything To Ensure That I Receive My Purchase. Integrity And Honesty Is What Shop Is All About. I Will Never Shop Anywhere Else. Shop Has My Back And I Trust Shop With ALL My Heart. Even Though My Order Was Several Months Ago. They Responded In Literally In Seconds Of Hearing My Story Of Disappointment And Heartbreak. I Have Never Seen Such An Immediate Response. Thank You Shop For Restoring My Confidence. I Will Always Buy My Items In Shop. They’ve Got My Back!!!!!,Jazzy616294,,2025-06-14T15:10:39Z,True,web_ssr_helpful,False,False
c4f7330c446c1711b21d4bd7bc426a4f5378f090796ff9cee905c33f6f91737b,10716226489,1223471316,Shop,us,3,Added Barriers with each Updated,"I’ve been using this app for a couple of years and only for the use of tracking all my packages in one place. It’s convenient in that aspect. You’ll get an updated status on your packages in route to you within the app and also a quick link that will direct you to the shipping website to further confirm the status of your package. There are times, when the app won’t reflect the actual location or update of your package en route but you would have that direct link to show you where your package is at. What I’m noticing now with these updates is that ability to directly click on the link to the original shipping website. What used to be a simple task, is now barred with these extra steps/barriers to actually get to that direct link. With the current update, I now have to click on my package, then click on a small link associated with the tracking number and then click on the actual direct link to the shipping website. That’s three pages/clicks I have to perform just to make it to the direct shipping link. Before this update, it was just two clicks. And before that, just one click. Why make this difficult? What started off as a great experience I had with this app is slowly deteriorating with these updates. I’ll see how this goes for now, but I’ll be looking for another app in the meantime if I still have to jump through all these loops just to gain access to the direct link to the shipping website of my package.","I’ve been using this app for a couple of years and only for the use of tracking all my packages in one place. It’s convenient in that aspect. You’ll get an updated status on your packages in route to you within the app and also a quick link that will direct you to the shipping website to further confirm the status of your package. There are times, when the app won’t reflect the actual location or update of your package en route but you would have that direct link to show you where your package is at. What I’m noticing now with these updates is that ability to directly click on the link to the original shipping website. What used to be a simple task, is now barred with these extra steps/barriers to actually get to that direct link. With the current update, I now have to click on my package, then click on a small link associated with the tracking number and then click on the actual direct link to the shipping website. That’s three pages/clicks I have to perform just to make it to the direct shipping link. Before this update, it was just two clicks. And before that, just one click. Why make this difficult? What started off as a great experience I had with this app is slowly deteriorating with these updates. I’ll see how this goes for now, but I’ll be looking for another app in the meantime if I still have to jump through all these loops just to gain access to the direct link to the shipping website of my package.",Moh-man,,2023-12-19T08:19:55Z,True,web_ssr_helpful,False,False
baeebf794d3877147c19aaf7560358d00fae9dab41d80558cb71b4d94195cf54,11995618231,1223471316,Shop,us,3,"ShopApp can literally read your emails, BEWARE.","I loved the ShopApp for a long time, it’s like being able to window shop practically all of your favorite online retailers in one place, no opening a million tabs or making new Bookmark folders or new Favorites folders for whenever you happen upon a new site. I get mostly-accurate recommendations on shops I’ll probably like. If there was a “what budget would you like to stay in?” sliding scale type question, I think that would help a lot. Cus it pains me to see beautiful pieces from brands I’ve never heard of, & lo-and-behold, one piece can cost in the hundreds, a top & bottom easily going into the thousands. Would rather I just have never known about it…

But anyways I went into my Google security settings & I wish I could upload screenshots because Google explicitly states that by downloading the ShopApp, you give “them” permission to view your emailS & no I don’t mean your email to send you ads & reminders. I mean they literally can go into the email you provided to them & read anything that you can. They can delete your emails, write emails on your behalf, & Google won’t alert you to any of this because you granted ShopApp access so it doesn’t detect them as a threat or unusual activity.

Since I can’t post screenshots, if you want to see for yourself, go to your security settings in the gmail account you used to sign-up for ShopApp. I am not sure about any other email platform besides gmail, sorry I didn’t mention that sooner.","I loved the ShopApp for a long time, it’s like being able to window shop practically all of your favorite online retailers in one place, no opening a million tabs or making new Bookmark folders or new Favorites folders for whenever you happen upon a new site. I get mostly-accurate recommendations on shops I’ll probably like. If there was a “what budget would you like to stay in?” sliding scale type question, I think that would help a lot. Cus it pains me to see beautiful pieces from brands I’ve never heard of, & lo-and-behold, one piece can cost in the hundreds, a top & bottom easily going into the thousands. Would rather I just have never known about it…

But anyways I went into my Google security settings & I wish I could upload screenshots because Google explicitly states that by downloading the ShopApp, you give “them” permission to view your emailS & no I don’t mean your email to send you ads & reminders. I mean they literally can go into the email you provided to them & read anything that you can. They can delete your emails, write emails on your behalf, & Google won’t alert you to any of this because you granted ShopApp access so it doesn’t detect them as a threat or unusual activity.

Since I can’t post screenshots, if you want to see for yourself, go to your security settings in the gmail account you used to sign-up for ShopApp. I am not sure about any other email platform besides gmail, sorry I didn’t mention that sooner.",Ren-Hoek,,2024-11-26T23:05:55Z,True,web_ssr_helpful,False,False
9d09b82be04b662cf28cf1f40737e85d2601cbf474bb4188a960aca972892681,4873772170,1223471316,Shop,us,5,An excellent and natural user experience,"This app has positively wonderful UX / UI. Those responsible for it deserve to be commended and they should feel very proud. So, to the folks behind this: thank you. And please continue to design and build intuitive and delightful user experiences. To any director overseeing the development of this product: I imagine development takes longer, given such evident care. Know that the impact is real and that people do notice that care. Do continue to allow for timelines and schedules that have most likely been longer than other such apps given the attention to detail here. You are doing something right here. Thank you.

The upshot is that this app is a joy to use. The experience itself is so intuitive that the UI / UX fades into the background. I find that I stop thinking about it as I’m not hitting the typical snags or head-scratchers that many such apps have. I find that I’m not being annoyed by its performance or distracted by its transitions. It feels natural. And I know that creating a natural experience takes enormous care and attention.

Now, as for the behavior itself: it pulls and tracks all of my many packages and notifies me when events against those packages are generated. And, as I’ve described, it does this very well. I trust this app and I trust that its information is up-to-date and correct. Again: I trust this app! And you, reader, should too.","This app has positively wonderful UX / UI. Those responsible for it deserve to be commended and they should feel very proud. So, to the folks behind this: thank you. And please continue to design and build intuitive and delightful user experiences. To any director overseeing the development of this product: I imagine development takes longer, given such evident care. Know that the impact is real and that people do notice that care. Do continue to allow for timelines and schedules that have most likely been longer than other such apps given the attention to detail here. You are doing something right here. Thank you.

The upshot is that this app is a joy to use. The experience itself is so intuitive that the UI / UX fades into the background. I find that I stop thinking about it as I’m not hitting the typical snags or head-scratchers that many such apps have. I find that I’m not being annoyed by its performance or distracted by its transitions. It feels natural. And I know that creating a natural experience takes enormous care and attention.

Now, as for the behavior itself: it pulls and tracks all of my many packages and notifies me when events against those packages are generated. And, as I’ve described, it does this very well. I trust this app and I trust that its information is up-to-date and correct. Again: I trust this app! And you, reader, should too.",Wizazzle,,2019-10-02T14:50:10Z,True,web_ssr_helpful,False,False
bff1c72d9ddb9f2730d5eedc1b66065758eb41e4b9b5ad9489c10c9d3ac8a8f7,7885959547,1223471316,Shop,us,4,My uses for Shop App,"I’m new to shop app didn’t really know what it was. I downloaded it because one of my emails on an order I place said track package with shop. So I downloaded it and didn’t really set nothing up. Later after an online purchase I got a notification from some app saying I placed and order. When I looked at it was notifying me of the purchase I just made that wasn’t even related to anything with the shop app. I set it up and have loved it since. Immediately after hitting the confirm purchase button on most retail sites I use I am notified of the purchase and all the info is in my shop app account. The order number, items, receipt, and a way to contact the seller. It notifies me every step of the way of when the item ships out and is delivered. It even gives me a way to track it. I make multiple purchases with different websites regularly and it saves time and makes it easier for me to go to one app and track multiple orders locations and matching receipts/purchases up in my accounts instead of going into multiple emails then backing out just to do it again. The only complaint I would have about the app is it needs to be able to add more email addresses or have more options. Seems you can only use my iPhone and gmail emails but not AT&T email. I do notice not all online purchases go to when you use one of your linked emails for some reason but most of them do. Would highly recommend them. I’ve made like 30 purchases lately and have loved being able to track them all easily especially with they way these shipping companies have been lately. Everything is late coming from FedEx 🤦🏻‍♂️😂😂","I’m new to shop app didn’t really know what it was. I downloaded it because one of my emails on an order I place said track package with shop. So I downloaded it and didn’t really set nothing up. Later after an online purchase I got a notification from some app saying I placed and order. When I looked at it was notifying me of the purchase I just made that wasn’t even related to anything with the shop app. I set it up and have loved it since. Immediately after hitting the confirm purchase button on most retail sites I use I am notified of the purchase and all the info is in my shop app account. The order number, items, receipt, and a way to contact the seller. It notifies me every step of the way of when the item ships out and is delivered. It even gives me a way to track it. I make multiple purchases with different websites regularly and it saves time and makes it easier for me to go to one app and track multiple orders locations and matching receipts/purchases up in my accounts instead of going into multiple emails then backing out just to do it again. The only complaint I would have about the app is it needs to be able to add more email addresses or have more options. Seems you can only use my iPhone and gmail emails but not AT&T email. I do notice not all online purchases go to when you use one of your linked emails for some reason but most of them do. Would highly recommend them. I’ve made like 30 purchases lately and have loved being able to track them all easily especially with they way these shipping companies have been lately. Everything is late coming from FedEx 🤦🏻‍♂️😂😂",DiniKapone,,2021-10-06T23:00:56Z,True,web_ssr_helpful,False,False
77f958f3af0c96e622a10b2da7ae4d36b80016d79bd0483f1345385198b97942,13155109690,1223471316,Shop,us,5,Poor Consumer Support,"I had ordered from this merchant, got charged for the first installment and for several days of waiting the product did not arrive. I tried to contact/ reach out to the merchant (Eyedra) and it seems they can’t be found all of a sudden. My next move was call my bank tied to the purchase and dispute the charge and I got approved (felt supported). Here comes Shop continually messaging me with my remaining balance from a non existing merchant and it’s time for me to reach out to Shop. Initial Customers Support was very poor and inefficient. Until I spoke to a “supervisor” which somehow were not able to help me with my concerns because for some reason, I could “not” validate my identity based on their records “as it shown”. At the same time, I was at my Shop App reading as it stated as to who I am as it appeared on my Shop Profile. I screenshot it as they automatically generated my full name and my last name and had a chance to update it real time while I was still talking to the representative (supervisor). He advised me to send the screenshots to their customer service.
What a way to spend my only night off to be dealing with one annoyance and then come up with another, to prove to them about my identity based of their records. Mind you, I have had several transactions with this app and had no problem coz these merchants delivers expect for this one merchant: Eyedra.
To think that I didn’t feel supported with Shop (Affirm) makes me wanna reconsider closing ties or stop doing any transactions with them in the future if this is how they treat clients. Two word for the day: “Lesson Learned.”","I had ordered from this merchant, got charged for the first installment and for several days of waiting the product did not arrive. I tried to contact/ reach out to the merchant (Eyedra) and it seems they can’t be found all of a sudden. My next move was call my bank tied to the purchase and dispute the charge and I got approved (felt supported). Here comes Shop continually messaging me with my remaining balance from a non existing merchant and it’s time for me to reach out to Shop. Initial Customers Support was very poor and inefficient. Until I spoke to a “supervisor” which somehow were not able to help me with my concerns because for some reason, I could “not” validate my identity based on their records “as it shown”. At the same time, I was at my Shop App reading as it stated as to who I am as it appeared on my Shop Profile. I screenshot it as they automatically generated my full name and my last name and had a chance to update it real time while I was still talking to the representative (supervisor). He advised me to send the screenshots to their customer service. 
What a way to spend my only night off to be dealing with one annoyance and then come up with another, to prove to them about my identity based of their records. Mind you, I have had several transactions with this app and had no problem coz these merchants delivers expect for this one merchant: Eyedra. 
To think that I didn’t feel supported with Shop (Affirm) makes me wanna reconsider closing ties or stop doing any transactions with them in the future if this is how they treat clients. Two word for the day: “Lesson Learned.”",K75P,,2025-09-19T02:18:02Z,True,web_ssr_helpful,False,False
86e19f81874392730e0c8f47d8a79555ada7377218f33a893c5d4f4aa2bd7500,10986698879,1223471316,Shop,us,3,Some Legit Stores and Some Scams,"I ordered a item off of a reputable store/website that i never purchased from before. When i placed my order it later told me i could track the details through shop app. I did. I received the order and everything worked out great. I later wanted to shop for a different item directly on the app itself. I seen different stores listing the item at the same price as one another. That was the first red flag 🚩 . I click on the links to take me directly to their websites and each of the 3 websites had the same items for sale for the same prices. That was the second red flag 🚩Then as i read their return policies and shipping policies, they detail how they aren’t responsible for costs and they give you info to contact them. I then searched the addresses they all gave, and they end up being residential homes in different states. The phone numbers they provide don’t work. That was the third red flag 🚩.  I then started to notice that in the search bar, reputable legit retailers have star reviews next to their names. And ones that don’t have reviews to their names obviously don’t because they are scam sellers. Shop app itself isn’t a scam but their are some sellers on there that are. So find out online about the store first. If they don’t have a physical store somewhere in the USA that you can walk into, then i wouldn’t attempt to purchase from them on the Shop app. Be patient and do research.","I ordered a item off of a reputable store/website that i never purchased from before. When i placed my order it later told me i could track the details through shop app. I did. I received the order and everything worked out great. I later wanted to shop for a different item directly on the app itself. I seen different stores listing the item at the same price as one another. That was the first red flag 🚩 . I click on the links to take me directly to their websites and each of the 3 websites had the same items for sale for the same prices. That was the second red flag 🚩Then as i read their return policies and shipping policies, they detail how they aren’t responsible for costs and they give you info to contact them. I then searched the addresses they all gave, and they end up being residential homes in different states. The phone numbers they provide don’t work. That was the third red flag 🚩.  I then started to notice that in the search bar, reputable legit retailers have star reviews next to their names. And ones that don’t have reviews to their names obviously don’t because they are scam sellers. Shop app itself isn’t a scam but their are some sellers on there that are. So find out online about the store first. If they don’t have a physical store somewhere in the USA that you can walk into, then i wouldn’t attempt to purchase from them on the Shop app. Be patient and do research.",kjtsk,,2024-02-27T22:47:21Z,True,web_ssr_helpful,False,False
4b0899b58e071cc9d240e1d8c7913e9fcdf890a852e4c700986e905621592a92,14540280683,1223471316,Shop,us,5,Mandatory Application for Online Shopping,"Ive been using the Shop app for years and have gotten so many great items through it, including my titanium watch band and plenty of other products. I’ve found some really good deals on unique and seemingly exclusive items that I haven’t been able to find anywhere else. I also love the huge variety of products and brands available. It’s become one of my go-to apps for finding things I probably wouldn’t come across otherwise. Definitely worth checking out!","Ive been using the Shop app for years and have gotten so many great items through it, including my titanium watch band and plenty of other products. I’ve found some really good deals on unique and seemingly exclusive items that I haven’t been able to find anywhere else. I also love the huge variety of products and brands available. It’s become one of my go-to apps for finding things I probably wouldn’t come across otherwise. Definitely worth checking out!",JohnThundergun,,2026-09-12T09:18:22Z,True,web_ssr_helpful,False,False
136508d3f1f41fc3e22116d25cc002adb5fa617a8436133330521dbf9a54bc4c,14494787589,1223471316,Shop,us,5,SHOP APP 🥰,"I have been using the shop app for about two years now and I have never been happier with the way I shop. I have every single receipt from my first purchase, every single thing is documented which I love. I have never had a problem with a return or anything else. It has all my stores and way more. Super helpful when it comes to holiday shopping 🛍️ I can get gifts for my entire family from 1 store if I want. Yes I totally recommend this app , make shopping easy on yourself 🙂🙂","I have been using the shop app for about two years now and I have never been happier with the way I shop. I have every single receipt from my first purchase, every single thing is documented which I love. I have never had a problem with a return or anything else. It has all my stores and way more. Super helpful when it comes to holiday shopping 🛍️ I can get gifts for my entire family from 1 store if I want. Yes I totally recommend this app , make shopping easy on yourself 🙂🙂",June_November,,2026-08-31T18:00:16Z,True,web_ssr_helpful,False,False
ffd544e0a2f215f81590f1cc129e38386a1c66f37ab936ffb881336f66484ddc,14535471761,1223471316,Shop,us,5,I wish that someone invented this app a long time ago!!!,"Definitely an amazing app!!! One of my favorite things about it is how it allows you to track any purchases from anywhere online, all here in one place. I suffered from a severe traumatic brain injury 15 years ago and my memory hasn’t been the same since. Thank you Shop for helping make my life so much easier! It helps me keep track of things properly and to not forget about any orders placed","Definitely an amazing app!!! One of my favorite things about it is how it allows you to track any purchases from anywhere online, all here in one place. I suffered from a severe traumatic brain injury 15 years ago and my memory hasn’t been the same since. Thank you Shop for helping make my life so much easier! It helps me keep track of things properly and to not forget about any orders placed",Infamous Bella 201,,2026-09-11T02:55:43Z,True,web_ssr_helpful,False,False
8d535abf0f9e15070d44a498e9993239b07bf66331b2cee8ffe3131ad1ba7be2,14567841687,1223471316,Shop,us,5,The BEST!,"Genuinely the best app if you want to buy things online.  I always check here first because they frequently give discounts or cash off your orders.  Last one was $25, got a tactical flashlight for $50 instead of $100 because it was on sale AND shop gave me $25 off that they’d cover.  I will never stop using this app, and it makes it soooooo easy to track all your packages at once if you ordered multiple.  Thanks SHOP, love you guys <3","Genuinely the best app if you want to buy things online.  I always check here first because they frequently give discounts or cash off your orders.  Last one was $25, got a tactical flashlight for $50 instead of $100 because it was on sale AND shop gave me $25 off that they’d cover.  I will never stop using this app, and it makes it soooooo easy to track all your packages at once if you ordered multiple.  Thanks SHOP, love you guys <3",XFauni,,2026-09-19T11:03:00Z,True,web_ssr_helpful,False,False
4158bb87c91d5d5e94ff0612bcffa9ea89d1a5efcc8c50aff4d0375ad1e4f9bf,14541671697,1223471316,Shop,us,5,Bad Business,The shop app is a great idea for shopping but I think they should help when an order goes wrong or is missing.  They only tell you to contact the merchant.  Well what to do when the merchant will not respond to your messages? Does Shopify want a merchant on their platform who  takes customers money and does not get their package to them and will not respond to its customers?,The shop app is a great idea for shopping but I think they should help when an order goes wrong or is missing.  They only tell you to contact the merchant.  Well what to do when the merchant will not respond to your messages? Does Shopify want a merchant on their platform who  takes customers money and does not get their package to them and will not respond to its customers?,Hhuh huh jhu,,2026-09-12T16:30:32Z,True,web_ssr_helpful,False,False
ef51f06f4b1335d309e493c6b39ba1a593c4ea1d4a087c0b607665a95ec46b82,14526102030,1223471316,Shop,us,5,Great shopping experience,"I’ve had a great experience using the Shop app! It’s easy to navigate, makes tracking orders super convenient, and keeps all my purchases organized in one place. I also love getting updates on my deliveries without having to search for tracking information. Overall, it’s simple, convenient, and makes online shopping feel effortless!","I’ve had a great experience using the Shop app! It’s easy to navigate, makes tracking orders super convenient, and keeps all my purchases organized in one place. I also love getting updates on my deliveries without having to search for tracking information. Overall, it’s simple, convenient, and makes online shopping feel effortless!",lilybretas,,2026-09-08T17:34:07Z,True,web_ssr_helpful,False,False
3494cae45a9b15a4f35cd9724f9cc934545caac9987c4a3c85fd522cb7b1f85c,14466155428,1223471316,Shop,us,4,Lack of info,Lack of info given for when product was shipped but it made it no damage but however they don’t make my cover for my grill any more so had to go with what could find to cover so I ordered a larger length with pipe top cover soot covered side to side pretty well with extra room but tot to bottom it really wasn’t long anough so it leaves the charcoal storage and and lower shelf a bit exposed but like I said nobody makes my grill cover anymore so this would have to do,Lack of info given for when product was shipped but it made it no damage but however they don’t make my cover for my grill any more so had to go with what could find to cover so I ordered a larger length with pipe top cover soot covered side to side pretty well with extra room but tot to bottom it really wasn’t long anough so it leaves the charcoal storage and and lower shelf a bit exposed but like I said nobody makes my grill cover anymore so this would have to do,mango021678,,2026-08-24T11:57:11Z,True,web_ssr_helpful,False,False
deb81b7b31bd56883cb908739383e8cb0737edfa726ec73bc200a1e2bba73538,14383757198,1223471316,Shop,us,5,Tracking and Delivery,"i really like how accurately the app lets you know when your package has arrived!the app notifies you like two minutes after it’s delivered, which i love! although the expected dates on the app might not be accurate all the time but i like that you’re still able to track your order even if the app says it’s expected. i also really enjoy how you can go straight to the courier site from the app, without it having to make you switch apps. definitely recommend this app for tracking your packages!","i really like how accurately the app lets you know when your package has arrived!the app notifies you like two minutes after it’s delivered, which i love! although the expected dates on the app might not be accurate all the time but i like that you’re still able to track your order even if the app says it’s expected. i also really enjoy how you can go straight to the courier site from the app, without it having to make you switch apps. definitely recommend this app for tracking your packages!",trilogyxoo,,2026-08-03T18:25:50Z,True,web_ssr_helpful,False,False
cac20d4758b229f83e4b7642b9b8adcd5f14bda8e44bd97ff1a7b96a8b56a1ba,14272886872,1223471316,Shop,us,5,"Shop is great, just a small tweak","I love using shop for just about every purchase I can make, my only thing is when adding in orders manually I do not see an option for adding a picture from the photos app. It is a small detail that I think would just complete the manually adding orders in portion which I use just about on the daily when buying from people online. Other than that it’s been amazing and I will continue using it daily for online ordering and also adding in orders manually.","I love using shop for just about every purchase I can make, my only thing is when adding in orders manually I do not see an option for adding a picture from the photos app. It is a small detail that I think would just complete the manually adding orders in portion which I use just about on the daily when buying from people online. Other than that it’s been amazing and I will continue using it daily for online ordering and also adding in orders manually.",Tur096,,2026-07-07T06:25:15Z,True,web_ssr_helpful,False,False
163ec1a9f5e61469435345cdb85ac52aedb45ad5e7d88ea4af9db46386ad0502,14105380481,1223471316,Shop,us,5,Love these outfits.,"This is my second time ordering clothes from you, and I truly love them. The quality is very good, and I hope you continue making clothes like these. I believe they will sell very quickly because there is a big need for this style in America, especially for Muslim women.

I also have a suggestion: if you make similar outfits for girls around 12 years old and for young teenagers, I think it would have a very positive impact on your business. I truly believe many people would love and buy them.","This is my second time ordering clothes from you, and I truly love them. The quality is very good, and I hope you continue making clothes like these. I believe they will sell very quickly because there is a big need for this style in America, especially for Muslim women.

I also have a suggestion: if you make similar outfits for girls around 12 years old and for young teenagers, I think it would have a very positive impact on your business. I truly believe many people would love and buy them.",HappyCustomer_HJ,,2026-05-25T18:41:14Z,True,web_ssr_helpful,False,False
ea28b970c40fbc5d81d90088b74700763f2469cece2382ef38c2ba414c610ca8,3718507763,1223471316,Shop,us,5,Fantastic delivery tracking app!,"This is one of the very rare times that I’m willing to write a review, but it’s because I’m very impressed by the simplicity of Arrive that I just need to share my thoughts with anyone who haven’t used the service before. (Sorry if it’s a little lengthy)

I do a lot of online shopping and Arrive has helped me save a lot of time as well as taking the stress of constantly monitoring deliveries statuses from different carriers away. I have an account with pretty much all of US’s major logistics carriers(FedEx, UPS, USPS, DHL, Royal Mail + some international delivery services) so I can always be updated of my shipments, and honestly it’s a hassle and it can get hectic. But ever since I started using Arrive(which was suggested to me by an ad), all the purchases I’ve made and their current status are all organized into one easy to use app! As long as you have a gmail account that you use to make your purchases, Arrive will automatically sync the information into your account. And if you have a lot of completed deliveries piled up in your “main folder”, they have an archive that you can store them in for future reviews. And if you don’t use gmail, you can always add your own tracking information and you’ll be notified when your items are delivered, it’s very simple and easy to use so I highly recommend everyone to try it out!","This is one of the very rare times that I’m willing to write a review, but it’s because I’m very impressed by the simplicity of Arrive that I just need to share my thoughts with anyone who haven’t used the service before. (Sorry if it’s a little lengthy)

I do a lot of online shopping and Arrive has helped me save a lot of time as well as taking the stress of constantly monitoring deliveries statuses from different carriers away. I have an account with pretty much all of US’s major logistics carriers(FedEx, UPS, USPS, DHL, Royal Mail + some international delivery services) so I can always be updated of my shipments, and honestly it’s a hassle and it can get hectic. But ever since I started using Arrive(which was suggested to me by an ad), all the purchases I’ve made and their current status are all organized into one easy to use app! As long as you have a gmail account that you use to make your purchases, Arrive will automatically sync the information into your account. And if you have a lot of completed deliveries piled up in your “main folder”, they have an archive that you can store them in for future reviews. And if you don’t use gmail, you can always add your own tracking information and you’ll be notified when your items are delivered, it’s very simple and easy to use so I highly recommend everyone to try it out!",EuniiChinn,,2019-02-01T02:01:53Z,True,web_ssr_helpful,False,False
48187ed7f7f3e8c516f35af61aeb9ad1eb2636369ff458448225f66ed5556867,9758511500,1223471316,Shop,us,3,"Great in theory, not in practice","This app is great for aggregating and tracking all your incoming shipments in one place. It uses your email to search for shipment notifications and statuses then updates in the app accordingly, though updates definitely lag and I wind up having to check the carriers site for updated information. My real issue is that it relies so heavily on the notifications in your email. Say I place an order from company XYZ. They send me an email notifying me that my package shipped and has the tracking info. That all shows up in the app. Great. But I also get an email from FedEx saying I have an incoming shipment and has the tracking info. That also shows up in the app but as a separate shipment. So now I have two items listed in the app for one shipment with the same tracking number. Not great but ok. Once the package gets delivered, FedEx sends me an email saying my package was delivered. That eventually shows up in the app as delivered. But company XYZ doesn’t send me an email. Unless I manually mark that second entry as delivered or delete entry entirely, that duplicate listing never changes its status from in transit to delivered despite having the same tracking number. So now you’re left with either having to sort through your orders on the app instead of your email then going to the carriers website to find the current status of your shipment because the app takes so long to update, entirely defeating the purpose of the app, or deal with a bunch of duplicates that you have to manually adjust with most shipments.","This app is great for aggregating and tracking all your incoming shipments in one place. It uses your email to search for shipment notifications and statuses then updates in the app accordingly, though updates definitely lag and I wind up having to check the carriers site for updated information. My real issue is that it relies so heavily on the notifications in your email. Say I place an order from company XYZ. They send me an email notifying me that my package shipped and has the tracking info. That all shows up in the app. Great. But I also get an email from FedEx saying I have an incoming shipment and has the tracking info. That also shows up in the app but as a separate shipment. So now I have two items listed in the app for one shipment with the same tracking number. Not great but ok. Once the package gets delivered, FedEx sends me an email saying my package was delivered. That eventually shows up in the app as delivered. But company XYZ doesn’t send me an email. Unless I manually mark that second entry as delivered or delete entry entirely, that duplicate listing never changes its status from in transit to delivered despite having the same tracking number. So now you’re left with either having to sort through your orders on the app instead of your email then going to the carriers website to find the current status of your shipment because the app takes so long to update, entirely defeating the purpose of the app, or deal with a bunch of duplicates that you have to manually adjust with most shipments.",Yessica4,,2023-03-27T19:21:13Z,True,web_ssr_helpful,False,False
da422959e8a49b0264ac376d2290c977ebf9a14f8c4184552b574a7d24b8f46d,14573953275,1223471316,Shop,us,1,I did not get my full order,This is only 1 /7th of the item I ordered !!!,This is only 1 /7th of the item I ordered !!!,Ms.Elbe,3.4.1,2026-09-20T21:58:06Z,False,itunes_rss_mostRecent,False,False
cc096960aac6fa95ff43ebaeb05b13272902732888e4ddb4657f869494b067dc,14573751143,1223471316,Shop,us,1,SHOP is SCAMMY,Subscriptions to things I never subscribed to… scammy.,Subscriptions to things I never subscribed to… scammy.,1 regular guy 5,3.4.1,2026-09-20T20:42:26Z,False,itunes_rss_mostRecent,False,False
4db8047390244f71424d27ec2606152c530787f0eb43dd2e5eaa8634b843377c,14573748828,1223471316,Shop,us,2,Stop asking for reviews,Annoying notifications,Annoying notifications,F1 fandude,3.4.1,2026-09-20T20:41:35Z,False,itunes_rss_mostRecent,False,False
3eaa36985a9b4100488835fef086709922cd75c2525720e51910ce63997c399d,14573742968,1223471316,Shop,us,5,Jeans from mnml,Was a day faster then expected delivery and easy to track,Was a day faster then expected delivery and easy to track,Marcevelly,3.4.1,2026-09-20T20:39:30Z,False,itunes_rss_mostRecent,False,False
27254f62ddda2c6d61846fef64dc923ab4f9994ed719d358865dded27c9aa760,14573607266,1223471316,Shop,us,5,Bear pajama,Fast arriving my package,Fast arriving my package,Consuelo 1965,3.4.1,2026-09-20T19:52:25Z,False,itunes_rss_mostRecent,False,False
14cf084965435e4ad7739cfb5af4d1f0f13157fef0b7cf17ff4946df3f823d0b,14573600698,1223471316,Shop,us,1,No delivery,I was looking for the delivery status because I haven’t received any updates,I was looking for the delivery status because I haven’t received any updates,No_delivery,3.4.1,2026-09-20T19:50:13Z,False,itunes_rss_mostRecent,False,False
7aba44a688c257f297dc6c04919b3daec4d7005b3a7bf6385aee27daccf00ee7,14573569793,1223471316,Shop,us,1,Not user friendly,Having a hard time cancelling subscriptions,Having a hard time cancelling subscriptions,Grunow27,3.4.1,2026-09-20T19:39:54Z,False,itunes_rss_mostRecent,False,False
05729eea9f78bd6236587e538ac77e4f5a9e00216c016ae709962a6109065d6b,14573561402,1223471316,Shop,us,1,For the new AI feature,Please give me the option to turn off the AI feature that endlessly pops up and disappears every time I scroll through search results. It is one of the most annoying instances of AI I’ve ever seen—which is saying a lot. I think it’s meant to revert to a general AI input field but it doesn’t in most instances.,Please give me the option to turn off the AI feature that endlessly pops up and disappears every time I scroll through search results. It is one of the most annoying instances of AI I’ve ever seen—which is saying a lot. I think it’s meant to revert to a general AI input field but it doesn’t in most instances.,CarlyStew,3.4.1,2026-09-20T19:37:04Z,False,itunes_rss_mostRecent,False,False
8dafc41bf13a209e4fb1cb0a1f914e9b59453dd97275493134c43aa28b0d710c,14573508022,1223471316,Shop,us,1,They promote bad businesses,"They do not vet their advertising, we ordered a product based on multiple pictures but what we received is nothing like what they advertised and to return something that was falsely advertised, we have to pay for shipping back overseas!   Bad all around!","They do not vet their advertising, we ordered a product based on multiple pictures but what we received is nothing like what they advertised and to return something that was falsely advertised, we have to pay for shipping back overseas!   Bad all around!",otis5722,3.4.1,2026-09-20T19:19:41Z,False,itunes_rss_mostRecent,False,False
996019f5ff86801aea90618ff38c589af012657a04cf89eb4a8b223b11f7b34f,14573445602,1223471316,Shop,us,1,Scammers,The item you receive is not the item they advertise.,The item you receive is not the item they advertise.,wrbizz2,3.4.1,2026-09-20T18:59:47Z,False,itunes_rss_mostRecent,False,False
0962a58fce577de8d99ddbbf8215535a412fb46e4acbfada10617092b06976b9,14573426155,1223471316,Shop,us,2,Missing items,Some items we have purchased via shop never arrive. Business closed and can’t get money refunded.,Some items we have purchased via shop never arrive. Business closed and can’t get money refunded.,holidayflgal,3.4.1,2026-09-20T18:53:35Z,False,itunes_rss_mostRecent,False,False
af63de7843fe9d8bfc5c61c72411f43f79750ed28e3c1be6c5a6a3d222747d2b,14573406485,1223471316,Shop,us,1,WORST APP EVER,Plan on getting subscriptions and fraudulent orders if you order from them. Stay away!,Plan on getting subscriptions and fraudulent orders if you order from them. Stay away!,CONSUMERTRUTHTELLER,3.4.1,2026-09-20T18:47:24Z,False,itunes_rss_mostRecent,False,False
90419fc6ab752a1f846d162b5a2773fe21610aab72bdd42d06228d7cf800d845,14573193983,1223471316,Shop,us,2,Open package,Package was open and metal panel was missing,Package was open and metal panel was missing,Major de,3.4.1,2026-09-20T17:42:23Z,False,itunes_rss_mostRecent,False,False
03462bca7e04f30e0c6b130e25f34b074a472f9f6d4fbad635e6871e09f73842,14573191499,1223471316,Shop,us,5,Review Shop,Thank You for this app love it,Thank You for this app love it,FIREMAN09,3.4.1,2026-09-20T17:41:40Z,False,itunes_rss_mostRecent,False,False
769c29c9d226b59dc814ce90f3de0dd0e7742417ffb4e6fbf511db3c67b04e83,14573052036,1223471316,Shop,us,1,"Delivery was fine, but I received the wrong item","I received the wrong hair. Delivery was fine, but I have the wrong item.","I received the wrong hair. Delivery was fine, but I have the wrong item.",Lisawilliams22,3.4.1,2026-09-20T17:00:35Z,False,itunes_rss_mostRecent,False,False
e1947cb9dcc2caee43dfd65dcbc581e11094b0a3dadaedca57835ce2c99c07b9,14572995135,1223471316,Shop,us,5,Raider Pin,Awesome looking Pin had to have it,Awesome looking Pin had to have it,Swpimp,3.4.1,2026-09-20T16:44:34Z,False,itunes_rss_mostRecent,False,False
1b636c3de5b7b0d9fdb519c1a63650048208faf09afebed3f90d1c3043daa36d,14572859381,1223471316,Shop,us,1,Crashes all the time and doesn’t let you input phone number,This is actually kind of embarrassing that the app has been around this long and still crashes the same ways it did at the beginning. Tried to fix a purchase and you literally have to jump through a bunch of hoops just for it to say check my internet connection. When I am fully connected. And the real reason is that it crashed. Ridiculous app.,This is actually kind of embarrassing that the app has been around this long and still crashes the same ways it did at the beginning. Tried to fix a purchase and you literally have to jump through a bunch of hoops just for it to say check my internet connection. When I am fully connected. And the real reason is that it crashed. Ridiculous app.,Okiedokie09,3.4.1,2026-09-20T16:07:14Z,False,itunes_rss_mostRecent,False,False
bd9c272afe3ab0b5f1d32f5f9467e60cfa8075b211aa9ebd6179cfc03d8014d5,14572373423,1223471316,Shop,us,1,Tardan mucho en llegar los produtos,Se tardan mucho tiempo con los productos,Se tardan mucho tiempo con los productos,Aleaval,3.4.1,2026-09-20T13:54:06Z,False,itunes_rss_mostRecent,False,False
4bf3b30dd519079d8ce24eef6b1d5344e770540ff078cc1950191db02da5b1b6,14571800019,1223471316,Shop,us,5,Roberto,Excellent description and delivery. Definitely recommend,Excellent description and delivery. Definitely recommend,Will6r,3.4.1,2026-09-20T10:53:18Z,False,itunes_rss_mostRecent,False,False
c00a8ee25c9e9cecd6adc0b3210bd4569cd2e699dfc4453734819a0886f7e627,14571770020,1223471316,Shop,us,1,Never received!,"I made an order in May 2026, tried contacting the company itself and been going no where. It’s currently September 2026 and I STILL don’t have my order AND I can’t email the company anymore. Says it’s not a proper gmail when it has work before. Where the hell is my order from May 2026!?","I made an order in May 2026, tried contacting the company itself and been going no where. It’s currently September 2026 and I STILL don’t have my order AND I can’t email the company anymore. Says it’s not a proper gmail when it has work before. Where the hell is my order from May 2026!?",Motherdestoryer,3.4.1,2026-09-20T10:41:57Z,False,itunes_rss_mostRecent,False,False
ff39a8471bb48d3918a7179258114a2ddeb9178b9249d9439815206b865368f5,14571764337,1223471316,Shop,us,2,Patent,Much too small. I ordered a large and my dog is only 20 pounds. He can barely get in it and he hates it so it was a waste of time and a huge waste of money.,Much too small. I ordered a large and my dog is only 20 pounds. He can barely get in it and he hates it so it was a waste of time and a huge waste of money.,Mk2shz,3.4.1,2026-09-20T10:39:44Z,False,itunes_rss_mostRecent,False,False
d5e62d73fff086bdecf1c5d103ae39c9ba45523b190f854abe7b4f25695f4c01,14571674581,1223471316,Shop,us,5,Love this app,"I just love this app so much, I have everything in one place and it have good design","I just love this app so much, I have everything in one place and it have good design",Milosz_1197,3.4.1,2026-09-20T10:05:04Z,False,itunes_rss_mostRecent,False,False
c18872fcff4dfa0e4ff11880df8d0780ce4fbc8738a37f9b9201421737c2eeb4,14571407137,1223471316,Shop,us,1,BS UNWANTED MONTHLY SUBSCRIPTIONS,Caution!!! The Shop app allows vendors to feature unwanted monthly subscriptions or reorders upon checkout. Most of these vendors are non-responsive and you cannot cancel unwanted monthly subscriptions or reorders. The shop app does nothing to assist you in contacting the vendor to stop the unwanted monthly subscriptions or reorders. They are completely useless while you struggle to cancel unwanted monthly subscriptions or reorders.,Caution!!! The Shop app allows vendors to feature unwanted monthly subscriptions or reorders upon checkout. Most of these vendors are non-responsive and you cannot cancel unwanted monthly subscriptions or reorders. The shop app does nothing to assist you in contacting the vendor to stop the unwanted monthly subscriptions or reorders. They are completely useless while you struggle to cancel unwanted monthly subscriptions or reorders.,Boughb B.,3.4.1,2026-09-20T08:15:44Z,False,itunes_rss_mostRecent,False,False
729d0c0dd67dcdc63cc048f004e8944e89237932fc369f438323f19bdac52b2d,14571251307,1223471316,Shop,us,1,Battery for home alarm pad,This battery is not good I replaced the system with this new battery and it keeps saying low battery it’s supposed to be brand new I need my money back or a new fully charged battery,This battery is not good I replaced the system with this new battery and it keeps saying low battery it’s supposed to be brand new I need my money back or a new fully charged battery,Ed steel,3.4.1,2026-09-20T07:08:33Z,False,itunes_rss_mostRecent,False,False
6563f97a69fe1516b514f4a811f730d63f8b0afddfbc5237336c1ed07263c80f,14570960463,1223471316,Shop,us,1,2x6 20 inch,The hair is nice ; however the wig is constructed weird it’s very small and doesn’t fit my head and my head is very small,The hair is nice ; however the wig is constructed weird it’s very small and doesn’t fit my head and my head is very small,africasbest1,3.4.1,2026-09-20T04:55:37Z,False,itunes_rss_mostRecent,False,False
70766d7550df1e98488187bfcd04855090e00fb9000727f01d85920482503757,14570861635,1223471316,Shop,us,5,Popcorn,"It’s a little pricey, but for a good cause.","It’s a little pricey, but for a good cause.",awatson45,3.4.1,2026-09-20T04:10:32Z,False,itunes_rss_mostRecent,False,False
e7ac5907e024b221e22a605535c4e05af8924ad55abd95812fde1753f6d11dc4,14570833347,1223471316,Shop,us,1,"Very, very poor quality… the whole bag feels like plastic",Do not buy cheap quality.,Do not buy cheap quality.,ebwright36,3.4.1,2026-09-20T03:58:03Z,False,itunes_rss_mostRecent,False,False
9eb94093037b399ba982f036eb500e399388c388e817f8361ed522a60a393709,14570706272,1223471316,Shop,us,1,Shipping,"0-Stars!!!
My order is NOT here!!","0-Stars!!!
My order is NOT here!!",Lyons/Sharp,3.4.1,2026-09-20T03:03:56Z,False,itunes_rss_mostRecent,False,False
00b42eadc1e10d5c216178fed79056be90dd081590ce9a06dfa4d79f90423ea1,14570560044,1223471316,Shop,us,1,Did not receive package,Did not receive. It’s an apartment building with no mailroom,Did not receive. It’s an apartment building with no mailroom,arbnet,3.4.1,2026-09-20T02:05:37Z,False,itunes_rss_mostRecent,False,False
4d7c99ad79c64b9c201e95ba109c87447245196a0413b0163b818545b8632159,14570529938,1223471316,Shop,us,1,Slightly disappointed,"Not exactly as I had hoped for. Especially for the cost the red box is just a red cardboard box there is no cotton filler or anything. The ornament is very plastic and
Not at all three dimensional looking as I was hoping for, whereas I thought it would be the color is very pale and faded extremely disappointing","Not exactly as I had hoped for. Especially for the cost the red box is just a red cardboard box there is no cotton filler or anything. The ornament is very plastic and 
Not at all three dimensional looking as I was hoping for, whereas I thought it would be the color is very pale and faded extremely disappointing",So sad520,3.4.1,2026-09-20T01:54:04Z,False,itunes_rss_mostRecent,False,False
72c1aa5ac52a03a0bc2852b1aabbdb1d073b746860558adb9fbbbcd3fe6430ca,14570380819,1223471316,Shop,us,4,Quality,"The quality of my
Last purchase is really bad . I was expect a nice bag … disappointed costumer","The quality of my
Last purchase is really bad . I was expect a nice bag … disappointed costumer",glauciak,3.4.1,2026-09-20T00:56:20Z,False,itunes_rss_mostRecent,False,False
faea4a2d357960f9f38a89dda1342c6eff6f736f4c952851d4eebd498cdcc926,14570374294,1223471316,Shop,us,1,Package not delivered as promised,Notice stated package delivered on 09/19/2026 and is is not delivered to my house.  Where is it?,Notice stated package delivered on 09/19/2026 and is is not delivered to my house.  Where is it?,TXSoiree,3.4.1,2026-09-20T00:53:43Z,False,itunes_rss_mostRecent,False,False
0f73efee821e657f1d625fec8e98bb30d304b0aa9c3e7b1114c08067dbe3c752,14570341828,1223471316,Shop,us,1,Don’t download this,This app supports fraudulent merchants.  No support for the customer.  Don’t use this app.,This app supports fraudulent merchants.  No support for the customer.  Don’t use this app.,Archiehound,3.4.1,2026-09-20T00:40:49Z,False,itunes_rss_mostRecent,False,False
d4f7288abd0ea13fbb9f0695be9060128a43b8b7c96cb855b0f1c2c4c95b5395,14570184337,1223471316,Shop,us,1,MexiStuff,"Primo under the pino (2) did not receive delivery as stated in the app Shop Pay - said it was deliver today - NOPE nothing delivered at 5:45 pm
I spent good money and this is the 2nd order I failed to receive
Will be contacting MexiStuff demanding products or refunds","Primo under the pino (2) did not receive delivery as stated in the app Shop Pay - said it was deliver today - NOPE nothing delivered at 5:45 pm 
I spent good money and this is the 2nd order I failed to receive 
Will be contacting MexiStuff demanding products or refunds",Mar Chris 68,3.4.1,2026-09-19T23:37:13Z,False,itunes_rss_mostRecent,False,False
26d09343131fdecb12634be9a23a0a432783c8bb3363ac49db8a441c5fc1cb34,14570179322,1223471316,Shop,us,4,Shopper,Haven’t used yet but very disappointed in shipping…!!!,Haven’t used yet but very disappointed in shipping…!!!,Scindy62,3.4.1,2026-09-19T23:35:11Z,False,itunes_rss_mostRecent,False,False
e2e2351b9d6034c09cee71a7656d1631076524d9748f71cdcb92a49a46f8c27c,14570143154,1223471316,Shop,us,5,Awesome,Great service,Great service,ClaryM1,3.4.1,2026-09-19T23:20:31Z,False,itunes_rss_mostRecent,False,False
893d3324c9de5c9a21f2ae876a98e69edc6cb598c71cbacd8277fec3a330dfb7,14570120713,1223471316,Shop,us,5,Thank you,Thank you for the service that you have provided for me,Thank you for the service that you have provided for me,Susan Warren,3.4.1,2026-09-19T23:11:27Z,False,itunes_rss_mostRecent,False,False
f37f69ddbf564ed64594e2c9480693e60920beb8d29dabdb366c1f12a8e53951,14570114576,1223471316,Shop,us,5,i love the app,The best way to shop online.,The best way to shop online.,kkevster,3.4.1,2026-09-19T23:08:57Z,False,itunes_rss_mostRecent,False,False
7d3bca1bb86d540416986636efba46953b696cf18c7b688d6609f147e47d0fb0,14570089534,1223471316,Shop,us,1,Socks Ordered,"I ordered 10 PAIR OF SOCKS of assorted color I Received 2 PAIR of brown only!!!! WHERE ARE MY OTHER 8 PAIR OF ASSORTED??????? IS THIS A SCAM??? ARE THEY STEALING FROM ME??? I would NOT save paid as much as I did for only 2 PAIR!!!!!
WHERE IS MY COMPLETE ORDER?????
I have not received a response, when will I hear a response???","I ordered 10 PAIR OF SOCKS of assorted color I Received 2 PAIR of brown only!!!! WHERE ARE MY OTHER 8 PAIR OF ASSORTED??????? IS THIS A SCAM??? ARE THEY STEALING FROM ME??? I would NOT save paid as much as I did for only 2 PAIR!!!!! 
WHERE IS MY COMPLETE ORDER?????
I have not received a response, when will I hear a response???",Colleen13810,3.4.1,2026-09-19T22:58:46Z,False,itunes_rss_mostRecent,False,False
1576a632d12d99589950eb65f1d7ba8c24cd339484dbb15510d971467d6e2e8a,14570035731,1223471316,Shop,us,5,Love Shop!,I love shopping with shop. Wonderful budgeting tool to help get the styles wanted without breaking the budget!,I love shopping with shop. Wonderful budgeting tool to help get the styles wanted without breaking the budget!,CTCGlamma,3.4.1,2026-09-19T22:36:53Z,False,itunes_rss_mostRecent,False,False
43a6c267b4ebb6cd6aeb78504be6dc3cd47e100fb4d4b7646250b2d0f5d69e67,14569950612,1223471316,Shop,us,1,Not Useful for Tracking,"Biggest waste of an app for tracking. I only got it to track, doesn’t work, can’t connect to my email, don’t waste your time! It tells you what you already know, contact the merchant","Biggest waste of an app for tracking. I only got it to track, doesn’t work, can’t connect to my email, don’t waste your time! It tells you what you already know, contact the merchant",Big Dog USMC86,3.4.1,2026-09-19T22:02:56Z,False,itunes_rss_mostRecent,False,False
545c057cc36dabf2007b408088c2478655f509cb6f2ca38ad9c17da51a03c63b,14569879917,1223471316,Shop,us,1,doesnt track,"would not give me a single update on my package coming from china, had to use a different site to get updates","would not give me a single update on my package coming from china, had to use a different site to get updates",Alexdel1ad,3.4.1,2026-09-19T21:35:09Z,False,itunes_rss_mostRecent,False,False
923aa9a2265123a425a53fc88ddb54591351cc34e95bad07377354edb95010e2,14569867936,1223471316,Shop,us,5,Pedido,Excelente entrega,Excelente entrega,Chipuco23,3.4.1,2026-09-19T21:30:31Z,False,itunes_rss_mostRecent,False,False
28f4922049b6794b39a40630274fad6339f112f068af618c51a876933e6a1eee,14569861857,1223471316,Shop,us,1,Cee,My items were not delivered,My items were not delivered,CeeH85,3.4.1,2026-09-19T21:28:12Z,False,itunes_rss_mostRecent,False,False
14160311e39e7ffcb57dcf26a9bf30c5497719d4196d5167812d2da1d3037113,14569838563,1223471316,Shop,us,5,So cute,It is smaller than I expected but do cute,It is smaller than I expected but do cute,jonel3064,3.4.1,2026-09-19T21:19:17Z,False,itunes_rss_mostRecent,False,False
0642d62ab68c672345e3756e70d2a020dcc6de60613bd982bda3d8bcd576a9c3,14569813756,1223471316,Shop,us,5,Need Help with Pain Essentials,Thanks,Thanks,WewahitFl,3.4.1,2026-09-19T21:09:48Z,False,itunes_rss_mostRecent,False,False
a52561a337c0ce0cf482f2a53b585a62c3ce3879a550ad967862adc297876239,14569771073,1223471316,Shop,us,1,2 weeks & Delivered Wrong Item in Botched up Pkg,Negative 1 Star,Negative 1 Star,ITWILLNOTACCEPT,3.4.1,2026-09-19T20:53:56Z,False,itunes_rss_mostRecent,False,False
9376f94528fe4c147f80d54e0259961799a9690f64d4efbbcd40ffcd824ada71,14569695993,1223471316,Shop,us,5,Beautiful Wreath,"Quality Products
Enjoy everything I have ordered. Great products and great Value!","Quality Products
Enjoy everything I have ordered. Great products and great Value!",The Schwabs,3.4.1,2026-09-19T20:26:28Z,False,itunes_rss_mostRecent,False,False
735cc0113341fe58f08e764a4c3812d019caff44d4602b7b131b1d3f99b2c1c8,14569690761,1223471316,Shop,us,2,Doesn’t track or make actual orders,"The first orders I’ve made my orders were sent out and delivered , I then ordered  two more and they have never arrived, one I ordered a year ago and it still hasn’t arrived and says it’s in transit the other I’ve waited a long time on and it has no information on it, this is a scam","The first orders I’ve made my orders were sent out and delivered , I then ordered  two more and they have never arrived, one I ordered a year ago and it still hasn’t arrived and says it’s in transit the other I’ve waited a long time on and it has no information on it, this is a scam",Scammed me of my money,3.4.1,2026-09-19T20:24:35Z,False,itunes_rss_mostRecent,False,False
4602be8b9887a79373be52cd109dfeaf5efbd05dd51ad5157c045a9c28c059d4,14569685503,1223471316,Shop,us,5,puddle Pirate HS shirt,"bought this shirt for my wife. She loves it! She wasn’t in the USCG but I was and also our son. She was a nurse and said this is a great
design for any medical person but will always support USCG!","bought this shirt for my wife. She loves it! She wasn’t in the USCG but I was and also our son. She was a nurse and said this is a great 
design for any medical person but will always support USCG!",Dadhusbanddrf2,3.4.1,2026-09-19T20:22:41Z,False,itunes_rss_mostRecent,False,False
4f5e96abe6ea39678ffb672a22d97a1b387caedb9bdd4374472625e36aba8373,4661952087,1223471316,Shop,ca,5,pretty neat stuff,"love this for the hip and happenin’ drops! really hoping one day they do a sick deal with WB to get some ltd edition HP merch, that would be magical","love this for the hip and happenin’ drops! really hoping one day they do a sick deal with WB to get some ltd edition HP merch, that would be magical",ProQuirrel,,2019-08-23T21:40:27Z,True,web_ssr_helpful,False,False
b844a79ca91d560f8488a1a87cd0a2092bf9ed9dfa7c5a69665ffd322cab7180,1858516784,1223471316,Shop,ca,4,One thing,I just wish it would notify you more often and if it actually told you the contents of the package,I just wish it would notify you more often and if it actually told you the contents of the package,Briannabanana2013,,2017-10-19T00:52:45Z,True,web_ssr_helpful,False,False
d268990a0bc7e163e2b16ccb0b5aee19be791a7eccf91aff317614bc978f6e85,1857911247,1223471316,Shop,ca,3,Good Start,"This app has a lot of potential. It has a pleasant UI and works quite well.

The bad:
It would be nice to have a way to uncheck deliveries as I have hit the big button marked delivered by accident and there is no way to revert this that I know of.
Also some deliveries do not show up even though I’ve received a notification saying they have been shipped.","This app has a lot of potential. It has a pleasant UI and works quite well. 

The bad:
It would be nice to have a way to uncheck deliveries as I have hit the big button marked delivered by accident and there is no way to revert this that I know of. 
Also some deliveries do not show up even though I’ve received a notification saying they have been shipped.",LiamSomething,,2017-10-18T17:40:50Z,True,web_ssr_helpful,False,False
d6c687b6d52784c38979afd7059f7c5b14059245294c5a0e5278d3d4a7058cfc,7438348402,1223471316,Shop,ca,1,Needs a few things...,"Great app, except for:
1. Needs native iPad Support and macOS support (M1).
2. Once you decline syncing with your email accounts (such as: Gmail, Yahoo, Outlook), it keeps bugging you every few days to sync your email accounts. This is very annoying.
3. Needs some user-first privacy focused features.","Great app, except for:
1. Needs native iPad Support and macOS support (M1).
2. Once you decline syncing with your email accounts (such as: Gmail, Yahoo, Outlook), it keeps bugging you every few days to sync your email accounts. This is very annoying.
3. Needs some user-first privacy focused features.",Saeid.,,2021-06-07T19:23:37Z,True,web_ssr_helpful,False,False
96d2f5256883f64309e7d3549e12adcd2745033d8376d6128de31ece3ac69e4a,1869485821,1223471316,Shop,ca,2,Don’t want to use my Google account...,"Opened up the app, and it asks me to log in with Google. I don’t use my Google account and don’t want to connect it to the app, but I don’t see a way of bypassing that...","Opened up the app, and it asks me to log in with Google. I don’t use my Google account and don’t want to connect it to the app, but I don’t see a way of bypassing that...",Sweetandchic,,2017-10-23T14:50:09Z,True,web_ssr_helpful,False,False
7f182703775719e6890f34b2e26c5db1139814939717be91f4c0603cccb85309,5889820050,1223471316,Shop,ca,1,Never received an order that was marked as shipped,"Never received an order that was marked as shipped.  This was pre COVID-19.  Then I contacted the vendor who told me the order hadn’t been shipped.  Then he disappeared. I still don’t have the product. This is a completely useless, pointless app.","Never received an order that was marked as shipped.  This was pre COVID-19.  Then I contacted the vendor who told me the order hadn’t been shipped.  Then he disappeared. I still don’t have the product. This is a completely useless, pointless app.",don ffs,,2020-05-01T18:58:23Z,True,web_ssr_helpful,False,False
94670b7fb51a2eae3c78c2aadee32c1d638a31b01a87be292083c535cfd6280a,4141485628,1223471316,Shop,ca,3,"Works fine, but the latest update...","I’ve been using Arrive for the better part of a year and it’s been pretty great. However, the UI was recently redesigned - not for the better, I’m afraid. The main screen lists the deliveries but doesn’t have any update or location information; in order to see any of that you need to drill down on each one. Otherwise, all you see is “waiting for details” or “on its way”, which pretty much tells me nothing. It’s also very bulky considering how little information is actually displayed - a “compact” version would be better IMO.

I also wish there was a way to get more status update notifications, rather than just the delivery notification. At the very least an “out for delivery” notification would be nice, just so I know to keep a lookout for the truck.","I’ve been using Arrive for the better part of a year and it’s been pretty great. However, the UI was recently redesigned - not for the better, I’m afraid. The main screen lists the deliveries but doesn’t have any update or location information; in order to see any of that you need to drill down on each one. Otherwise, all you see is “waiting for details” or “on its way”, which pretty much tells me nothing. It’s also very bulky considering how little information is actually displayed - a “compact” version would be better IMO. 

I also wish there was a way to get more status update notifications, rather than just the delivery notification. At the very least an “out for delivery” notification would be nice, just so I know to keep a lookout for the truck.",schudoggy,,2019-05-13T00:09:18Z,True,web_ssr_helpful,False,False
2a529524f1d06f551b4f5f686e2fcd777f6479f13d6a104a854391c3a4a6c136,8622298576,1223471316,Shop,ca,1,Useless app,"I don’t understand the point of this app. It was promoted as an easier way to track your order. But the tracking info for my order in this app was based on a DHL tracking number, which was in turn based on a USPS number, and in the end the package was delivered by Canada Post. All that means that the tracking info in the app was always significantly out of date. It also never sent notifications about key milestones along my package’s journey. Literally just a waste of storage space on my phone.","I don’t understand the point of this app. It was promoted as an easier way to track your order. But the tracking info for my order in this app was based on a DHL tracking number, which was in turn based on a USPS number, and in the end the package was delivered by Canada Post. All that means that the tracking info in the app was always significantly out of date. It also never sent notifications about key milestones along my package’s journey. Literally just a waste of storage space on my phone.",melpel1218,,2022-04-30T14:50:21Z,True,web_ssr_helpful,False,False
47e2ec59e4a5738bbc9bf787b97fb485a20f98fc1ad104a71c3e14397629bee7,1943424629,1223471316,Shop,ca,2,Hum not sure,Keep crashing and only use google e-mail,Keep crashing and only use google e-mail,L0unatik,,2017-11-23T19:10:59Z,True,web_ssr_helpful,False,False
497cf5cb2e5189c80462cc5ec4f94b30858f82ab11f08edfda6838237db83ace,12265715650,1223471316,Shop,ca,1,Don’t do Business with Traitors,CEO is a traitor to the Canadian people. Delete your account and this pointless app.,CEO is a traitor to the Canadian people. Delete your account and this pointless app.,MeltedCrayon,,2025-02-03T13:44:34Z,True,web_ssr_helpful,False,False
7220b3aa15a7d5ef2b0eeb655dd47c4b0db60303bc65a23ab12126a45cffe4d8,3857639512,1223471316,Shop,ca,1,Not useful,FedEx tracking shows me all the details from the last week. Arrive shows my order but says it hasn’t received any tracking info. Useless and is being deleted.,FedEx tracking shows me all the details from the last week. Arrive shows my order but says it hasn’t received any tracking info. Useless and is being deleted.,Tisnart,,2019-03-08T16:55:52Z,True,web_ssr_helpful,False,False
59fcfccf5e1d5b8027127eb8a9a6340f2b4ba72f17be99ce3727b930ef27a702,7417955636,1223471316,Shop,ca,1,veriy for legitimte website before collabration,"There were website named ""luxury sheeny"" which are promoting your app name to track the orders and didnot reply any of the emails related to tracking number. That was scam and want to give heads up you should check on your behalf too.

Thanks","There were website named ""luxury sheeny"" which are promoting your app name to track the orders and didnot reply any of the emails related to tracking number. That was scam and want to give heads up you should check on your behalf too.

Thanks",kaurtav,,2021-06-02T14:17:38Z,True,web_ssr_helpful,False,False
c84d0711283646c5c0a7f22b7ff8481ce897aa4ab431cd4830ab912dfd966152,14526837619,1223471316,Shop,gb,5,Amazing treats not to be missed,"I tried these amazing treats last year and we have been hooked ever since. All there products are amazing well packaged sent in good time usually within 24 hrs of when they ask ur preferred date. My fave’s are the deluxe cookies and the stuff cookies even though we have tried most of there fabulous treats, they have really good offers on and discounts,go on order some you will not be disappointed I’m sure🤪🥰🍪🥧🍫","I tried these amazing treats last year and we have been hooked ever since. All there products are amazing well packaged sent in good time usually within 24 hrs of when they ask ur preferred date. My fave’s are the deluxe cookies and the stuff cookies even though we have tried most of there fabulous treats, they have really good offers on and discounts,go on order some you will not be disappointed I’m sure🤪🥰🍪🥧🍫",Kaza1994,,2026-09-08T21:46:42Z,True,web_ssr_helpful,False,False
9323f1924df44e1b38e286c00b3b7a3c36b46e80d9f970a5f3556db5a40246bc,14430126332,1223471316,Shop,gb,5,Lovely Shop,Found Caroline Gardner’s online shop while searching for a mobile phone wrist strap and liked the selection offered. Very pleased with it too. I’ve been aware of the CG name for many years but didn’t know there was a dedicated shop. Such lovely things! Also bought some cards which are delightful. I think it will be a useful find for future purchases and probably for gifting when I want presents sent direct to the recipient. Even the standard packaging of my items was very nice. Thank you.,Found Caroline Gardner’s online shop while searching for a mobile phone wrist strap and liked the selection offered. Very pleased with it too. I’ve been aware of the CG name for many years but didn’t know there was a dedicated shop. Such lovely things! Also bought some cards which are delightful. I think it will be a useful find for future purchases and probably for gifting when I want presents sent direct to the recipient. Even the standard packaging of my items was very nice. Thank you.,Mazzie Fox,,2026-08-15T09:38:21Z,True,web_ssr_helpful,False,False
8970f72319da68c97ff04046d609c62b4a805d85c44d78cabfcf774072282c42,14115085712,1223471316,Shop,gb,5,Excellent shop,"Cambrian Photography is a great shop where you can find quality products at reasonable prices. Recently, I bought a lens for my wife that she had wanted for a long time. Since money is a bit tight these days, we couldn’t really afford it at first.
I searched online and found Cambrian Photography. I contacted them, and they offered me a very good price for an excellent product. The service was helpful and professional, and I would definitely recommend them.","Cambrian Photography is a great shop where you can find quality products at reasonable prices. Recently, I bought a lens for my wife that she had wanted for a long time. Since money is a bit tight these days, we couldn’t really afford it at first.
I searched online and found Cambrian Photography. I contacted them, and they offered me a very good price for an excellent product. The service was helpful and professional, and I would definitely recommend them.",Andrian834,,2026-05-28T10:23:39Z,True,web_ssr_helpful,False,False
2c48aad36de3abbb084e04273dd14deca4aecb063bcad1ce58cbc1929612d5ec,14066743672,1223471316,Shop,gb,5,Using for first time,"I was a little hesitant i must admit as i had never used Shop to buy something before. It was my grandsons special birthday so i wanted to spend a little more but couldn’t afford all the money straight up . Buying through shop was super easy . To spread the cost longer it was very little interest . I received the gift the next day. Will be using you again for sure, kept me up to date on purchase as well . super 😊","I was a little hesitant i must admit as i had never used Shop to buy something before. It was my grandsons special birthday so i wanted to spend a little more but couldn’t afford all the money straight up . Buying through shop was super easy . To spread the cost longer it was very little interest . I received the gift the next day. Will be using you again for sure, kept me up to date on purchase as well . super 😊",nantothomas,,2026-05-15T11:06:31Z,True,web_ssr_helpful,False,False
2393a14247e77c18ddfa4648957d9958d338240eede7ce48a4b254a012e4dfd4,14307672583,1223471316,Shop,gb,5,Another fantastic order,Once again another great order and a quick delivery. Made two orders into one . The bracelets was a prom present for my daughter she loved them . As normal great communication and beautifully wrapped . The second purchase was the cross and chain that was for my niece birthday. She didn’t like it she absolutely loved it . They are her words so I’m really happy with that . Can’t wait to see what new stock is in next . Thanks for the great service as normal 😍,Once again another great order and a quick delivery. Made two orders into one . The bracelets was a prom present for my daughter she loved them . As normal great communication and beautifully wrapped . The second purchase was the cross and chain that was for my niece birthday. She didn’t like it she absolutely loved it . They are her words so I’m really happy with that . Can’t wait to see what new stock is in next . Thanks for the great service as normal 😍,Mrs S J Gayle,,2026-07-15T21:12:52Z,True,web_ssr_helpful,False,False
7c0711756d45ec73fcb7d3e75941b8f24161a8492e92f204d874e5f138b0bf9a,14223871434,1223471316,Shop,gb,5,Easy for tracking order status,"Don’t usually write reviews but this makes it a lot easier to track the status of your orders and shopping. Don’t need to search through your emails anymore, it’s all in one place.

You get shown other recommended shops, including small startup clothing brands that make some really really nice stuff.

Very easy to use.","Don’t usually write reviews but this makes it a lot easier to track the status of your orders and shopping. Don’t need to search through your emails anymore, it’s all in one place. 

You get shown other recommended shops, including small startup clothing brands that make some really really nice stuff. 

Very easy to use.",Yauboy123,,2026-06-25T09:14:34Z,True,web_ssr_helpful,False,False
11059d6916ec81e3924f454a8c0e95a8422b148f8671bc6b02d434018ab0b59f,14197726492,1223471316,Shop,gb,5,Exceptional,"I bought two rings a few years ago. After constant wear one of the rings had torn and the other’s etched pattern had worn away. But with the companies warranty I was able to get both the rings replaced, free of charge (just paid postage). I even upgraded one of the rings to a more expensive option and just paid the difference. Service second to none.","I bought two rings a few years ago. After constant wear one of the rings had torn and the other’s etched pattern had worn away. But with the companies warranty I was able to get both the rings replaced, free of charge (just paid postage). I even upgraded one of the rings to a more expensive option and just paid the difference. Service second to none.",IlkleySkyWalker,,2026-06-18T15:17:12Z,True,web_ssr_helpful,False,False
fa52a1da51b4a8d14b590c73cf20d86826f5d011140f9846845f609289f77313,14359065481,1223471316,Shop,gb,5,Exceptional delivery,"Beautiful store with gorgeous things to peruse and purchase. I bought the French ephemera fabric, which unfortunately, although the pattern is exactly as per description, the colours are more orangey than pink. Delivery to the uk was amazing! 8 days from order! Better than mainland uk post!  Although I was a bit disappointed with the colour of the fabric I would still order from this store","Beautiful store with gorgeous things to peruse and purchase. I bought the French ephemera fabric, which unfortunately, although the pattern is exactly as per description, the colours are more orangey than pink. Delivery to the uk was amazing! 8 days from order! Better than mainland uk post!  Although I was a bit disappointed with the colour of the fabric I would still order from this store",bkrxondgyps,,2026-07-28T16:36:29Z,True,web_ssr_helpful,False,False
88be94144127ee1a7287539174ff9db8b3c1b8661ad174a21ec56b842f48d596,14470345245,1223471316,Shop,gb,4,Great Listening,"I’m very pleased with my two speakers, the one fault I have with all these imported re chargeable items is that the USB Lead is pathetically short! The difficulty in finding a matching connection makes this a problem! I would happily pay a few £’s more for a longer USB. The ones that come with the  speakers are almost impossible to attach anywhere other than on the floor directly next to a socket!","I’m very pleased with my two speakers, the one fault I have with all these imported re chargeable items is that the USB Lead is pathetically short! The difficulty in finding a matching connection makes this a problem! I would happily pay a few £’s more for a longer USB. The ones that come with the  speakers are almost impossible to attach anywhere other than on the floor directly next to a socket!",1Stand19,,2026-08-25T13:26:04Z,True,web_ssr_helpful,False,False
117585fe95d42fbced01455dd2501d5c481eeaf12d616ba4044ad34c9c1ed2a7,13930030014,1223471316,Shop,gb,5,The best piece of kit,"I bought my first Buffalo 30 years ago and then replaced it with a cheaper alternative. Only now have I came back to the brand and only now do I realise how high quality and brilliant the mountain shirt is. Nothing compares to the warmth, quality and usability of this product. I honestly will not buy any other product again other than Buffalo.","I bought my first Buffalo 30 years ago and then replaced it with a cheaper alternative. Only now have I came back to the brand and only now do I realise how high quality and brilliant the mountain shirt is. Nothing compares to the warmth, quality and usability of this product. I honestly will not buy any other product again other than Buffalo.",Thebounty911,,2026-04-06T21:10:55Z,True,web_ssr_helpful,False,False
6b0daa7d9036cd397ce5eb15d02cd7526feffbda4863c59bbc2b2aa22f16090d,11243211461,1223471316,Shop,gb,5,Delivery and non delivery on 7th May 2024,"Appalling delivery!!! The item along with a neighbour’s was left outside at the rear of the building!!! This is an apartment block and there is a front door and an intercom system. The person delivering this item did not bother to go to the front door and follow the very simple procedure of inputting the flat number and pressing the call button. Then the recipient would answer the call, press a button and they could then gain access and take the lift to the appropriate floor and successfully deliver the package. This was not done!!!! Another delivery which undoubtedly needed a signature was not delivered! Undoubtedly this was because she simply could not be bothered to walk around to the front door and follow the above procedure!!  There is a photograph of her long French manicured nails holding aloft a “unable to deliver note”. This is a downright lie!!! We were at home and she made no attempt to access the building in the logical and appropriate manner!!! It is not the customers fault that she is paid minimum wage!!! This was appalling service!!!!!!!","Appalling delivery!!! The item along with a neighbour’s was left outside at the rear of the building!!! This is an apartment block and there is a front door and an intercom system. The person delivering this item did not bother to go to the front door and follow the very simple procedure of inputting the flat number and pressing the call button. Then the recipient would answer the call, press a button and they could then gain access and take the lift to the appropriate floor and successfully deliver the package. This was not done!!!! Another delivery which undoubtedly needed a signature was not delivered! Undoubtedly this was because she simply could not be bothered to walk around to the front door and follow the above procedure!!  There is a photograph of her long French manicured nails holding aloft a “unable to deliver note”. This is a downright lie!!! We were at home and she made no attempt to access the building in the logical and appropriate manner!!! It is not the customers fault that she is paid minimum wage!!! This was appalling service!!!!!!!",Use the intercom!!,,2024-05-07T22:20:06Z,True,web_ssr_helpful,False,False
c14b39febb8a5fa67db3983ec87e38332cc3341fce17a578d2c4fd22c4f848e1,9036629642,1223471316,Shop,gb,1,Not worth it,"Purchased an item online and the site wanted me to download this app, rather than just email me updates. Firstly it wanted access to ALL my mail so that it could scan it and hoover up all my personal information. In these days of data breaches and fraud, no thanks. Declined to give it access so it took me to the shipping info for just the seller in question and that told me no more than I could see on the sellers website! Overall offers me no value and expects all my personal data in return. App deleted.

UPDATE - I have read the Privacy Statement and of course it states that the operation of the app complies with all relevant laws. However, my issue is not that the app might be doing something illegal, rather it is harvesting personal information way above and beyond its stated purpose which was to track a delivery for me. According to the Apple App Store, Shop gathers, amongst other things, the following: Name, email address, physical address and phone number, even purchases all of which I accept may be necessary for tracking. In addition it can collect (and share with 3rd parties) data linked to you such as financial information, your precise location, user content such as emails and text messages. It further states that such information can be used for the purposes of marketing and delivering adverts.

Because I just wanted to know when my parcel would arrive, and not have data personally linked to me shared with 3rd parties and used for marketing, I removed the app from my device.","Purchased an item online and the site wanted me to download this app, rather than just email me updates. Firstly it wanted access to ALL my mail so that it could scan it and hoover up all my personal information. In these days of data breaches and fraud, no thanks. Declined to give it access so it took me to the shipping info for just the seller in question and that told me no more than I could see on the sellers website! Overall offers me no value and expects all my personal data in return. App deleted.

UPDATE - I have read the Privacy Statement and of course it states that the operation of the app complies with all relevant laws. However, my issue is not that the app might be doing something illegal, rather it is harvesting personal information way above and beyond its stated purpose which was to track a delivery for me. According to the Apple App Store, Shop gathers, amongst other things, the following: Name, email address, physical address and phone number, even purchases all of which I accept may be necessary for tracking. In addition it can collect (and share with 3rd parties) data linked to you such as financial information, your precise location, user content such as emails and text messages. It further states that such information can be used for the purposes of marketing and delivering adverts.

Because I just wanted to know when my parcel would arrive, and not have data personally linked to me shared with 3rd parties and used for marketing, I removed the app from my device.",macbitz,,2022-08-31T06:13:57Z,True,web_ssr_helpful,False,False
4947a37a5a93e6dd3b0ee39f5a74d83be804951658cf2b1809e3e4e04eae6126,14312608273,1223471316,Shop,gb,1,Is there anybody there?,I have used Shop on many occasions and had no problems until just recently.  I did not receive an item I paid for and I contacted the seller on more than one occasion to find out what was going on and asking for a refund as it was now long after the promise of ‘delivery within x days’.  I got no reply except for an automated one saying someone would get back to me soon.  No reply came despite more than one attempt.  Then I tried Shop as that is who I paid the money through.  This is when I discovered the app is only useful if you don’t have issues with the seller only to be informed that I ‘should contact the seller should any issues arise’.  I messaged Shop and told them I had tried that on more than one occasion but with only an automated response.  Shop never replied!  I wrote a review on Trustpilot yesterday and got an email allegedly from the seller.  It was all apologetic and asking me to contact if I needed any further help.  I replied immediately and got the automated response again and back to nothing since.  I am contacting my bank about the issue today and I will be avoiding buying anything that has an association with Shop app.  I’m very disappointed and annoyed that the seller seems to have responded via AI called Sydney and that Shop app still hasn’t replied  to any of my attempts to message them. Be careful people.  A paying app is no good if it takes your money but when you’re ignored by the seller you contact Shop and get ignored by them as well.  I’m very disappointed with Shop but will not use them again.,I have used Shop on many occasions and had no problems until just recently.  I did not receive an item I paid for and I contacted the seller on more than one occasion to find out what was going on and asking for a refund as it was now long after the promise of ‘delivery within x days’.  I got no reply except for an automated one saying someone would get back to me soon.  No reply came despite more than one attempt.  Then I tried Shop as that is who I paid the money through.  This is when I discovered the app is only useful if you don’t have issues with the seller only to be informed that I ‘should contact the seller should any issues arise’.  I messaged Shop and told them I had tried that on more than one occasion but with only an automated response.  Shop never replied!  I wrote a review on Trustpilot yesterday and got an email allegedly from the seller.  It was all apologetic and asking me to contact if I needed any further help.  I replied immediately and got the automated response again and back to nothing since.  I am contacting my bank about the issue today and I will be avoiding buying anything that has an association with Shop app.  I’m very disappointed and annoyed that the seller seems to have responded via AI called Sydney and that Shop app still hasn’t replied  to any of my attempts to message them. Be careful people.  A paying app is no good if it takes your money but when you’re ignored by the seller you contact Shop and get ignored by them as well.  I’m very disappointed with Shop but will not use them again.,Kobiti,,2026-07-17T02:59:21Z,True,web_ssr_helpful,False,False
23b3b7ac8554e20e0af2c829db41dab73d07dd4251f54dbccc26553c6e3bd5b7,12517964825,1223471316,Shop,gb,5,Digital depth gauge,"I am over the moon with this depth gauge, Fantastic value for money, My only complaint is the delivery of said item, They don’t no how to find your door to knock, We only have one door on one side of our house, When they driver came he knocked on my window on the other side of the house, He didn’t have the brains to walk around our house to the front and only door, He said he couldn’t find the door, Common Sense would be a good thing if you are on one side of our house, The door is probably on the other side of the house, Unfortunately he doesn’t have the brains to figure this out, He got my dogs going crazy and frightened the living daylight out of my wife, He caused her to have an asthma attack, Which led to us spending 24 hours in hospital, Not the best experience, If he had only used his head, This whole mess could have been avoided.","I am over the moon with this depth gauge, Fantastic value for money, My only complaint is the delivery of said item, They don’t no how to find your door to knock, We only have one door on one side of our house, When they driver came he knocked on my window on the other side of the house, He didn’t have the brains to walk around our house to the front and only door, He said he couldn’t find the door, Common Sense would be a good thing if you are on one side of our house, The door is probably on the other side of the house, Unfortunately he doesn’t have the brains to figure this out, He got my dogs going crazy and frightened the living daylight out of my wife, He caused her to have an asthma attack, Which led to us spending 24 hours in hospital, Not the best experience, If he had only used his head, This whole mess could have been avoided.",S.carr1974,,2025-04-08T10:08:37Z,True,web_ssr_helpful,False,False
2e0232aed70a6b4f300e70c98e8f206348f6d028030b6921f844c88a32f30906,6750240914,1223471316,Shop,gb,3,Could be better,"Downloaded this and was anticipating a really good way to see all my packages in one go and be able to track them easily. Only thing is that over time I have used two different email addresses for varied accounts I use to shop so had to continuously log out of one and into the other to track parcels.

This app only automatically downloads tracking information on things bought using gmail email address, I have both yahoo and hotmail so was having to manually put my tracking information in to get the live updates. Some of them never updated me and I had the parcels delivered and it still been ‘waiting for further information’. Not as reliable and great as I anticipated it to be and I’ve since deleted the app.

If this was able to track multiple packages with more than one email address, and do this automatically using yahoo and hotmail accounts. I would be all over this. Lots of great reviews so feel like I’m missing something here but did try to persevere for a while and didn’t get very far with it.","Downloaded this and was anticipating a really good way to see all my packages in one go and be able to track them easily. Only thing is that over time I have used two different email addresses for varied accounts I use to shop so had to continuously log out of one and into the other to track parcels. 

This app only automatically downloads tracking information on things bought using gmail email address, I have both yahoo and hotmail so was having to manually put my tracking information in to get the live updates. Some of them never updated me and I had the parcels delivered and it still been ‘waiting for further information’. Not as reliable and great as I anticipated it to be and I’ve since deleted the app. 

If this was able to track multiple packages with more than one email address, and do this automatically using yahoo and hotmail accounts. I would be all over this. Lots of great reviews so feel like I’m missing something here but did try to persevere for a while and didn’t get very far with it.",KaiShoots,,2020-12-13T22:03:24Z,True,web_ssr_helpful,False,False
129645f01b7c130b8f28bd9dc1519e6773018c8431df95846265ee80e8cef580,13477492091,1223471316,Shop,gb,5,"Rushmore soaps,","I bought bundle deal soap’s  from Rushmore soap,  from TikTok,   the smell of various soaps I bought was just Amazing,  I had to buy more, but sadly I heard this woman was being bullied trolled on TikTok,   she decided to come off TikTok,  she told me & she made account on fb & Insta but the joy wasn’t to last long. as Rushmore soaps were closing due to oils & other materials to expensive to keep making soaps & other products on Rushmore soap shop,  was too expensive to continue, I was Gutted by this,the  owner   Wow what a talented woman she was , she was so lovely to speak too she knew you buy name, she  had lovely wee touches shed print ur name on sticker just for you, &  for ur order.  so she made tough decision, to close her Rushmore Business down,   in 2024 I was so Gutted, & she’s now in Retirement","I bought bundle deal soap’s  from Rushmore soap,  from TikTok,   the smell of various soaps I bought was just Amazing,  I had to buy more, but sadly I heard this woman was being bullied trolled on TikTok,   she decided to come off TikTok,  she told me & she made account on fb & Insta but the joy wasn’t to last long. as Rushmore soaps were closing due to oils & other materials to expensive to keep making soaps & other products on Rushmore soap shop,  was too expensive to continue, I was Gutted by this,the  owner   Wow what a talented woman she was , she was so lovely to speak too she knew you buy name, she  had lovely wee touches shed print ur name on sticker just for you, &  for ur order.  so she made tough decision, to close her Rushmore Business down,   in 2024 I was so Gutted, & she’s now in Retirement",Glaswegian girl,,2025-12-05T12:05:08Z,True,web_ssr_helpful,False,False
192c13087415a7d4124dbb22f43692d5c97a535be2dd284451e6c36c6c44b25d,10608713170,1223471316,Shop,gb,1,Unacceptable delivery time frame and damaged,"I have on numerous accessions since ordering seven of these bears for a little girls birthday party have emailed to ask when they would be delivered will no reply, I then went on the advert to say how come you answer every positive comment but not mine, and then you answer to say on route, after spending £100 with you that was taken from my little girl as far as I’m concerned I don’t know why you carried on ignoring me, some have now been delivered but not all of them. This is after the party, I would not recommend anyone buying these, they are poorly packed and one has a dinted face, so even if they was here in time one of the kids would be unhappy, I felt like returning them at the door when they was delivered but I would probably not see the bears or a refund due to the company does not communicate at all, only happy to take your money. If I saw them in a shop I would not pay more than 3.99, you would ar least expect them in a box if for a present. I would like a reply from this company at some point, but I won’t hold my breath,","I have on numerous accessions since ordering seven of these bears for a little girls birthday party have emailed to ask when they would be delivered will no reply, I then went on the advert to say how come you answer every positive comment but not mine, and then you answer to say on route, after spending £100 with you that was taken from my little girl as far as I’m concerned I don’t know why you carried on ignoring me, some have now been delivered but not all of them. This is after the party, I would not recommend anyone buying these, they are poorly packed and one has a dinted face, so even if they was here in time one of the kids would be unhappy, I felt like returning them at the door when they was delivered but I would probably not see the bears or a refund due to the company does not communicate at all, only happy to take your money. If I saw them in a shop I would not pay more than 3.99, you would ar least expect them in a box if for a present. I would like a reply from this company at some point, but I won’t hold my breath,",Cheap tack,,2023-11-21T12:05:35Z,True,web_ssr_helpful,False,False
93a5729448614df9aeecd8e3f553263747d1bcc3cc5c1e77ddc1054fabb34fed,10780488872,1223471316,Shop,gb,1,A cashmere jersey that didn’t have a single strand,"This jersey was advertised as cashmere, there was not even a tiny bit of any kind of wool, it was 100% synthetic. It was described as made in England, it was made in china.  It said if you wanted to return it, it had to be sent to china and arrive within 2weeks and you had to pay.  None of this information was available until you had received the item.  It is a total scam.  They have taken off the description as cashmere.  They then advertised that the family business was closing down, I am not sure they have and the same jersey has popped up on other web sights with the same descriptions.  You can’t leave reviews and lack of information is exactly the same.  I feel an idiot for falling for it but it is the same old thing, if it is too good an offer, it IS TOO GOOD TO BE TRUE.  Don’t touch them with a barge poll!!!  They are a scam and there is nothing you can do,  also the following week my card was used to join a gym £70, I cancelled immediately, was it them? I can’t prove it but they haven’t had a penny more!!!!","This jersey was advertised as cashmere, there was not even a tiny bit of any kind of wool, it was 100% synthetic. It was described as made in England, it was made in china.  It said if you wanted to return it, it had to be sent to china and arrive within 2weeks and you had to pay.  None of this information was available until you had received the item.  It is a total scam.  They have taken off the description as cashmere.  They then advertised that the family business was closing down, I am not sure they have and the same jersey has popped up on other web sights with the same descriptions.  You can’t leave reviews and lack of information is exactly the same.  I feel an idiot for falling for it but it is the same old thing, if it is too good an offer, it IS TOO GOOD TO BE TRUE.  Don’t touch them with a barge poll!!!  They are a scam and there is nothing you can do,  also the following week my card was used to join a gym £70, I cancelled immediately, was it them? I can’t prove it but they haven’t had a penny more!!!!",Manners53,,2024-01-03T22:18:44Z,True,web_ssr_helpful,False,False
e8cd9bf3b42cbc49d29a8d8f7c9cafbabf22ca03874c34136e69501d9b670d53,11040442934,1223471316,Shop,gb,4,Extremely useful information,I got the app after I purchased something and as soon as I logged on it started to track that order without me putting in information. It has a single word description of what stage your shipping is at as well as a bar that shows how close it is to being delivered. Only thing needed for it is a tracking number. This also shows you items recommended for you from a variety of stores and all details that you would get on all of those websites. Shop is definitely useful if you receive a tracking order and if you don’t they still show when your order has been shipped and shows a button to “Mark as delivered” if it hasn’t updated the information automatically. Very useful app. Highly recommend.,I got the app after I purchased something and as soon as I logged on it started to track that order without me putting in information. It has a single word description of what stage your shipping is at as well as a bar that shows how close it is to being delivered. Only thing needed for it is a tracking number. This also shows you items recommended for you from a variety of stores and all details that you would get on all of those websites. Shop is definitely useful if you receive a tracking order and if you don’t they still show when your order has been shipped and shows a button to “Mark as delivered” if it hasn’t updated the information automatically. Very useful app. Highly recommend.,A Game For The Millions,,2024-03-13T16:05:09Z,True,web_ssr_helpful,False,False
83fa895277aab2f7a6cde06dedce911b08774e4dedb07f8f9daf970f01cb5805,11014007737,1223471316,Shop,gb,1,Response from Shop,"Just received bizarre, patronising & to be honest rude email from Shop Inc:-

Thanks for your review of the Shop App. Though the Shop App helps with tracking your online orders, it doesn't play a role in the management of businesses you may order from, nor does it play a role in their product management. As the reviews posted here are meant to be for the functionality of the Shop App, and not for product reviews, it would be best that you reached out to the business directly to share this feedback with them regarding their product.

For your information Shop Inc, I've actually no idea what you are talking about, I clicked on 'Review Order' option next to 'Past Orders', that's the only review I've left on the Shop App - in relation to a purchase.  I'm well aware of the difference between a review for a shop & the review of  functionality for an app!  So perhaps there was a problem therefore with your app that day?  Could that be a possiblity you think?","Just received bizarre, patronising & to be honest rude email from Shop Inc:-

Thanks for your review of the Shop App. Though the Shop App helps with tracking your online orders, it doesn't play a role in the management of businesses you may order from, nor does it play a role in their product management. As the reviews posted here are meant to be for the functionality of the Shop App, and not for product reviews, it would be best that you reached out to the business directly to share this feedback with them regarding their product. 

For your information Shop Inc, I've actually no idea what you are talking about, I clicked on 'Review Order' option next to 'Past Orders', that's the only review I've left on the Shop App - in relation to a purchase.  I'm well aware of the difference between a review for a shop & the review of  functionality for an app!  So perhaps there was a problem therefore with your app that day?  Could that be a possiblity you think?",Mistysoe,,2024-03-06T10:16:44Z,True,web_ssr_helpful,False,False
56a7c7d5bf292552c7db0174c69ada8f16accf24daed2da6e703d5967d4e23f2,11269232854,1223471316,Shop,gb,5,Vrilliant,"I ordered a small airline case yesterday  and it arrived just after 8 am this  morning and free postage, amazing
Well what can l say, the Easyjet small  handled case 45x36x20 cm is so lovey. So many pockets and l mean  so many it wild do for shampoo soap everything would fit for a weekend lm amazed at the thought that’s gone into it plus it can hook into your main suitcase if needed  which is a big plus and it’s EASYJETS free size one so no extra to them which is a plus
I will had got one before even if it’s to put my handbag in as only one item with hem in board cabin  , that would fit in easily plus lots of other bits and it’s allowed then, take handbag out onboard don’t have to open it up fully opens from the top
Brilliant buy","I ordered a small airline case yesterday  and it arrived just after 8 am this  morning and free postage, amazing
Well what can l say, the Easyjet small  handled case 45x36x20 cm is so lovey. So many pockets and l mean  so many it wild do for shampoo soap everything would fit for a weekend lm amazed at the thought that’s gone into it plus it can hook into your main suitcase if needed  which is a big plus and it’s EASYJETS free size one so no extra to them which is a plus
I will had got one before even if it’s to put my handbag in as only one item with hem in board cabin  , that would fit in easily plus lots of other bits and it’s allowed then, take handbag out onboard don’t have to open it up fully opens from the top 
Brilliant buy",insignia1945,2.156.0,2024-05-15T08:59:21Z,True,itunes_rss_mostHelpful,False,False
5bf191d3f7a107cddfd1238f1e857a5bf3f16c64864b29af529d6f5aaec82a84,11062300954,1223471316,Shop,gb,5,Wow!,"I purchased this bag after looking at multiple bags that could hold everything needed for jiu-Jitsu training, as well as travelling for tournaments without being too bulky (as I like to cycle to classes). I was surprised by the hidden combination lock that I must not have read as well as the usb charger port for a power bank inside was something else that I must have missed because I thought it was just a pocket for a wire in the description.
This back had so much space along with pockets everywhere, I’m spoilt for choice on where I want things to go.
Great water resistance, solid and keeps its shape. This bag was designed for the everyday jiu-Jitsu practitioner.
Once you get one…you’ll fist bump yourself for the amazing purchase, lol!","I purchased this bag after looking at multiple bags that could hold everything needed for jiu-Jitsu training, as well as travelling for tournaments without being too bulky (as I like to cycle to classes). I was surprised by the hidden combination lock that I must not have read as well as the usb charger port for a power bank inside was something else that I must have missed because I thought it was just a pocket for a wire in the description.
This back had so much space along with pockets everywhere, I’m spoilt for choice on where I want things to go.
Great water resistance, solid and keeps its shape. This bag was designed for the everyday jiu-Jitsu practitioner. 
Once you get one…you’ll fist bump yourself for the amazing purchase, lol!",Coppafeel,2.148.0,2024-03-19T16:35:50Z,True,itunes_rss_mostHelpful,False,False
3789f719cbfcc784a68cd9c0a18be01becb7a49a925d16a19f390655c2995525,11039711577,1223471316,Shop,gb,5,1950’s children’s dictionary book,"I saw this for sale & loved it just looking at the cover. So when it arrived and I looked through it I was even more pleased with my purchase as I know exactly what I am using it for….. ephemera for my journals. There are so many lovely illustrations in there with their explanations that can be used as full pages or just certain bits to use as fill ins!! I can never get anything like this in any of my local charity shops as they think we all want more modern looking stuff!! But we don’t, we want old stuff as much as possible, so jewellery, books, clothing, brikabrak ornaments, bits of old cloth, black n white or sepia photos, etc etc, all like gold dust in my town.
Thank you, Sammy xxxx","I saw this for sale & loved it just looking at the cover. So when it arrived and I looked through it I was even more pleased with my purchase as I know exactly what I am using it for….. ephemera for my journals. There are so many lovely illustrations in there with their explanations that can be used as full pages or just certain bits to use as fill ins!! I can never get anything like this in any of my local charity shops as they think we all want more modern looking stuff!! But we don’t, we want old stuff as much as possible, so jewellery, books, clothing, brikabrak ornaments, bits of old cloth, black n white or sepia photos, etc etc, all like gold dust in my town.
Thank you, Sammy xxxx",Sammy NRC,2.147.0,2024-03-13T12:09:23Z,True,itunes_rss_mostHelpful,False,False
2b9fc1c27ce5e79a6617b9c40c89944077216a8d18bda4c489ca7fa3562e6df6,7214434235,1223471316,Shop,gb,5,Great Tracking App,"This is a great tracking app for all deliveries from various different companies and can even track globally - I like the way that for most deliveries it automatically detects these details and updates them for example I order from companies like Wish and SHOP picks up on the delivery information as soon as it’s on the way from Hong Kong, also if for some reason it hasn’t detected your delivery then you can manually update the tracking number on SHOP and it will automatically detect the parcel company and request the correct location details. I’m sure there maybe other apps that do a similar thing but I am really happy using this.. and best of all it’s FREE and doesn’t flood me with adds like most other Free Apps.","This is a great tracking app for all deliveries from various different companies and can even track globally - I like the way that for most deliveries it automatically detects these details and updates them for example I order from companies like Wish and SHOP picks up on the delivery information as soon as it’s on the way from Hong Kong, also if for some reason it hasn’t detected your delivery then you can manually update the tracking number on SHOP and it will automatically detect the parcel company and request the correct location details. I’m sure there maybe other apps that do a similar thing but I am really happy using this.. and best of all it’s FREE and doesn’t flood me with adds like most other Free Apps.",Osium2009,2.21.0,2021-04-12T15:47:08Z,True,itunes_rss_mostHelpful,False,False
3dd2c2dde0862d7987d36fad34cc4e6c133efbd0a8a3a2fa25ec938079a3702f,10644919452,1223471316,Shop,gb,5,I love shop,I think shop is brilliant I have had so many products that have been hard to get because they sell out so fast but with shop you just quickly buy it has all your details so it’s quicker to buy in a drop of new stuff from brands that sell out quickly I have had Yeezy this way amongst other things and at Christmas it has everything I have bought through my shop all in one place I can look at all my parcels at the one time and see exactly where they all are and when they have been delivered it’s good when you have loads of parcels coming from all different shops I highly recommend this app you will love it to I promise x,I think shop is brilliant I have had so many products that have been hard to get because they sell out so fast but with shop you just quickly buy it has all your details so it’s quicker to buy in a drop of new stuff from brands that sell out quickly I have had Yeezy this way amongst other things and at Christmas it has everything I have bought through my shop all in one place I can look at all my parcels at the one time and see exactly where they all are and when they have been delivered it’s good when you have loads of parcels coming from all different shops I highly recommend this app you will love it to I promise x,Reeceyboyjay29,2.134.2,2023-12-01T09:25:44Z,True,itunes_rss_mostHelpful,False,False
ef775a35d5b706f5b1d83bee9728912101f90dc5a9849d16dad31ecf5d75efde,13256324901,1223471316,Shop,gb,2,An app that makes the customer do all the work,"It is quite a genius set up by the creators of this app, as it is the customer who does all the work. Having made your purchase, the item may or may not appear in your app; if not you can add it manually for “tracking”. Once the ordered item appears in your account it will be marked as “preparing shipment”, and it will remain permanently in this status for the rest of time. You will get no notification of dispatch, no tracking whatsoever, until one day the item will randomly appear on your doorstep. We once had a console table arrive with no warning. At this stage it will still say “preparing shipment” until you, the customer, get so sick of seeing it in your list of pending orders you end up clicking on “mark as delivered”, thereby removing the item and any input whatsoever by the Shop App. Genius.","It is quite a genius set up by the creators of this app, as it is the customer who does all the work. Having made your purchase, the item may or may not appear in your app; if not you can add it manually for “tracking”. Once the ordered item appears in your account it will be marked as “preparing shipment”, and it will remain permanently in this status for the rest of time. You will get no notification of dispatch, no tracking whatsoever, until one day the item will randomly appear on your doorstep. We once had a console table arrive with no warning. At this stage it will still say “preparing shipment” until you, the customer, get so sick of seeing it in your list of pending orders you end up clicking on “mark as delivered”, thereby removing the item and any input whatsoever by the Shop App. Genius.",need a nickname before review,2.223.2,2025-10-12T10:16:19Z,True,itunes_rss_mostHelpful,False,False
b4b742764a16335f08f1ca173fdd57a6db1f6f0b11e200cc8994f0260c8f4713,13745150986,1223471316,Shop,gb,5,Great product poor customer service,"I ordered one bottle of their excellent rum , then tried to increase it to 2 bottles thereby saving the delivery charge, I emailed them this request no response so I rang and eventually got a salesperson who said I would have to pay the delivery charge again for the second bottle even though it was going to the same address and they hadn't even at that time dispatched it and it hadn't arrived at the delivery depot so what was the issue! In the present climate I would have thought they would have been only too happy to assist their customers but sadly no! I shall not be buying their products again due to awful customer behaviour !","I ordered one bottle of their excellent rum , then tried to increase it to 2 bottles thereby saving the delivery charge, I emailed them this request no response so I rang and eventually got a salesperson who said I would have to pay the delivery charge again for the second bottle even though it was going to the same address and they hadn't even at that time dispatched it and it hadn't arrived at the delivery depot so what was the issue! In the present climate I would have thought they would have been only too happy to assist their customers but sadly no! I shall not be buying their products again due to awful customer behaviour !",Ainer No 7,2.239.0,2026-02-13T15:24:25Z,True,itunes_rss_mostHelpful,False,False
1f099042f7dcba416a0db4a07ba71d8de05aea9535186a736338d81b0c1af8e8,10971894040,1223471316,Shop,gb,3,I’d give it 5 stars but!,This bed is beautiful!!!! I wanted the grey one and it said i had to was x amount of weeks so I ordered the cream instead. Bed turned up it was grey! Which I was buzzing about but no what I preferred. Also the parts that keep the ottoman bit up don’t fit… so I’m not sure about that as I can’t use the ottoman part yet till someone can help me but all in all I would give 5 stars because this bed is beautiful!!!! It just need better instructions as some of the screws or told me to use as too big! And wiggle about the bed is sturdy!! Though so I am very happy to keep it it was the just ottoman instructions :/ delivery was amazing! Took a week! So thank you 🩷 also any tips on the ottoman part please help 😂 it’s all together correctly just to two parts that keep the bed up so not fit,This bed is beautiful!!!! I wanted the grey one and it said i had to was x amount of weeks so I ordered the cream instead. Bed turned up it was grey! Which I was buzzing about but no what I preferred. Also the parts that keep the ottoman bit up don’t fit… so I’m not sure about that as I can’t use the ottoman part yet till someone can help me but all in all I would give 5 stars because this bed is beautiful!!!! It just need better instructions as some of the screws or told me to use as too big! And wiggle about the bed is sturdy!! Though so I am very happy to keep it it was the just ottoman instructions :/ delivery was amazing! Took a week! So thank you 🩷 also any tips on the ottoman part please help 😂 it’s all together correctly just to two parts that keep the bed up so not fit,Jquarr,2.144.0,2024-02-23T19:18:06Z,True,itunes_rss_mostHelpful,False,False
6dfe23616d3a47d45b1aeeefa63a818acdf3506704de9025772a602430d9f2af,13545108580,1223471316,Shop,gb,1,Beware!,"Ordered a shirt which seemed very small for the size ordered, so returned it for an exchange. (They offered such). They received the exchange on 8 Dec and no sign of the exchange order! Emailed them a few times and have been told to wait 30 days. Not acceptable, when you have both my money and the shirt. Was supposed to be a Xmas present. Terrible service, with blames of “ we are only a small online business”.  Poor excuse for bad customer service. Unsure what being a small business has to do with anything. Seems rather a narcissistic response.
Sadly, I am now left to have to do a charge back in order to get my money back. Ironic that a legal outfitters are themselves acting contrary to the Consumer Rights Act!
Have emailed 3 or 4 times. Customers shouldn’t have to push a retailer to adhere to the law!
Nothing short of disgraceful.
This is an honest review, which I am legally entitled to leave, based on my experience.","Ordered a shirt which seemed very small for the size ordered, so returned it for an exchange. (They offered such). They received the exchange on 8 Dec and no sign of the exchange order! Emailed them a few times and have been told to wait 30 days. Not acceptable, when you have both my money and the shirt. Was supposed to be a Xmas present. Terrible service, with blames of “ we are only a small online business”.  Poor excuse for bad customer service. Unsure what being a small business has to do with anything. Seems rather a narcissistic response. 
Sadly, I am now left to have to do a charge back in order to get my money back. Ironic that a legal outfitters are themselves acting contrary to the Consumer Rights Act! 
Have emailed 3 or 4 times. Customers shouldn’t have to push a retailer to adhere to the law! 
Nothing short of disgraceful. 
This is an honest review, which I am legally entitled to leave, based on my experience.",designer-loves,2.234.0,2025-12-23T06:07:16Z,True,itunes_rss_mostHelpful,False,False
b6432f36c0f43d908d1ef74a092bd1eabea30b11347b3e5ed34af4474ddcfaa0,10258594079,1223471316,Shop,gb,1,Hi smile,"I just clicked on my hismile order & it’s showing up as being delivered. I have not yet received my order. The delivery driver keeps saying he’s tried to deliver the order & we haven’t been in. We’ve been in the house all day every day since Friday where he 1st posted a photo of two streets behind ours & states he’s been unable to deliver or leave in a safe place. I emailed evri giving instructions on how to get to my house from that photo. He then posted another picture the day after on the Saturday of the bottom of our road. We order online multiple times a month & never have problems with deliveries. I’m unsure why he doesn’t know how to get to our house number which is obviously at the top of the road he posted the 2nd picture of. My hismile parcel hasn’t been delivered so when it states in my orders in this ‘shop’ app that it has, this is a mistake. Hopefully I will get my order soon.","I just clicked on my hismile order & it’s showing up as being delivered. I have not yet received my order. The delivery driver keeps saying he’s tried to deliver the order & we haven’t been in. We’ve been in the house all day every day since Friday where he 1st posted a photo of two streets behind ours & states he’s been unable to deliver or leave in a safe place. I emailed evri giving instructions on how to get to my house from that photo. He then posted another picture the day after on the Saturday of the bottom of our road. We order online multiple times a month & never have problems with deliveries. I’m unsure why he doesn’t know how to get to our house number which is obviously at the top of the road he posted the 2nd picture of. My hismile parcel hasn’t been delivered so when it states in my orders in this ‘shop’ app that it has, this is a mistake. Hopefully I will get my order soon.",LHav0,2.121.0,2023-08-15T00:31:20Z,True,itunes_rss_mostHelpful,False,False
83f01490971b1767edf3daea33e5a2ceb5b44b9316baab2281442aa14df0b349,13756202103,1223471316,Shop,gb,1,A tracker that doesn’t track. Stick to the couriers apps.,"I have purchased a number of things lately that have sent me to this app to track delivery progress. However in most, if not all, cases, the tracking is essentially guess work. Twice now I have rearranged my days to be home for expected deliveries on those days, only to receive nothing and the actual proper delivery day changes once the courier has provided a date. I am writing this in the evening where this apps states being delivered today, whereas the courier is still yet to process the parcel. What is the point of providing a date it it is not accurate. Do you know how frustrating and disruptive that is? I am uninstalling this and not using the platform as I simply cannot trust the information it gives me. Perhaps waiting for delivery confirmation by the courier rather than guessing would be the best approach….","I have purchased a number of things lately that have sent me to this app to track delivery progress. However in most, if not all, cases, the tracking is essentially guess work. Twice now I have rearranged my days to be home for expected deliveries on those days, only to receive nothing and the actual proper delivery day changes once the courier has provided a date. I am writing this in the evening where this apps states being delivered today, whereas the courier is still yet to process the parcel. What is the point of providing a date it it is not accurate. Do you know how frustrating and disruptive that is? I am uninstalling this and not using the platform as I simply cannot trust the information it gives me. Perhaps waiting for delivery confirmation by the courier rather than guessing would be the best approach….",LennyLabrador,2.239.0,2026-02-16T16:28:44Z,True,itunes_rss_mostHelpful,False,False
13c09007b157cf99567ff654dd05cf22be1f7d4e13a86b138ef607a4ee5eac62,6742598819,1223471316,Shop,gb,5,At long last,"I am extremely happy that this application has been designed. I have had problems tracking parcels in the past, but since I installed it I know when my deliveries are due and also who the carrier is.
I have often wondered why there wasn’t a site you could refer to about estimated delivery details then I placed an order with an online clothing store and was referred to Shop, at long last my prayers were answered as it listed all the previous delivery information. I am still fairly new to the site but it still gets a massive thumbs up from me. 5*’s from me and I would suggest that others who have restricted mobility download Shop if you shop online like myself. 👍🏼👏👌","I am extremely happy that this application has been designed. I have had problems tracking parcels in the past, but since I installed it I know when my deliveries are due and also who the carrier is.
I have often wondered why there wasn’t a site you could refer to about estimated delivery details then I placed an order with an online clothing store and was referred to Shop, at long last my prayers were answered as it listed all the previous delivery information. I am still fairly new to the site but it still gets a massive thumbs up from me. 5*’s from me and I would suggest that others who have restricted mobility download Shop if you shop online like myself. 👍🏼👏👌",Kittenklaws76,2.15.4,2020-12-11T20:32:33Z,True,itunes_rss_mostHelpful,False,False
35d766788194304a383f1226bec7f529f05ca85ed315790528e7a96a4aa73f94,9650653318,1223471316,Shop,gb,5,Unable to locate a parcel,"I was due a parcel in November which has not arrived.
It is still showing as ‘in transit’ but none of my delivery updates ever seem to arrive or give me the impression that they have even been sent or registered.

None of the tracking numbers are recognised by the UK delivery entity or the local delivery company.

The direct complaints I have made have been dismissed as “it’s not our companies fault, your tracking number is for the online department of our company not directly us”

Your online tracker map shows the parcel as somewhere in Scotland but nobody wants to accept responsibility.

What is the point of this app/software if not for delivery enquiries and complaint resolution?

I’m too afraid to order from the company again if I cannot ensure actual delivery.

So far I am disappointed with this app and it’s ability to work.

I don’t expect your feedback department to solve my problem, I don’t even remember downloading this software or app. It seems to have just arrived on my phone automatically, which alone is terrifying.","I was due a parcel in November which has not arrived. 
It is still showing as ‘in transit’ but none of my delivery updates ever seem to arrive or give me the impression that they have even been sent or registered. 

None of the tracking numbers are recognised by the UK delivery entity or the local delivery company.

The direct complaints I have made have been dismissed as “it’s not our companies fault, your tracking number is for the online department of our company not directly us”

Your online tracker map shows the parcel as somewhere in Scotland but nobody wants to accept responsibility. 

What is the point of this app/software if not for delivery enquiries and complaint resolution? 

I’m too afraid to order from the company again if I cannot ensure actual delivery. 

So far I am disappointed with this app and it’s ability to work. 

I don’t expect your feedback department to solve my problem, I don’t even remember downloading this software or app. It seems to have just arrived on my phone automatically, which alone is terrifying.",bardroid,2.92.0,2023-02-24T14:01:57Z,True,itunes_rss_mostHelpful,False,False
069e115570a7ef0e120410d2afe7e1979076cc8a9cfb9f2aba9fd637ad6073a7,14362597842,1223471316,Shop,gb,5,Uv tee shirt,"I was looking at some of the shirts at Ragley hall game fair the staff on the stall didn’t have my size but it was late afternoon so I could understand why
The staff were fantastic and tried instantly to resolve the matter and I bought two that were posted on to me
I received them a few days later and the quality is fantastic and value for money I would definitely recommend this shop and will definitely use again
I was also offered free drinks while I was waiting to see if they had them in stock which I thought was a very nice touch the girls were polite and extremely professional
Regards mark","I was looking at some of the shirts at Ragley hall game fair the staff on the stall didn’t have my size but it was late afternoon so I could understand why
The staff were fantastic and tried instantly to resolve the matter and I bought two that were posted on to me 
I received them a few days later and the quality is fantastic and value for money I would definitely recommend this shop and will definitely use again 
I was also offered free drinks while I was waiting to see if they had them in stock which I thought was a very nice touch the girls were polite and extremely professional 
Regards mark",Mishmash123,2.266.0,2026-07-29T14:06:52Z,True,itunes_rss_mostHelpful,False,False
eed22f6c465ca21a66f3f8059584061a981cb9274d87d2fc51ff602f8e0950ef,10319738914,1223471316,Shop,gb,1,Be very careful,"Used in December 2022 with no issues so trusted the app.
However , I used the app again in august 2023 but my order didn’t turn up and after sending emails ,that went unanswered , i did some further checking and found out that it was a scam company.
I notified the Shop app of the scammers and was told that they’d investigate my allegations, I found out that the real company had already informed them that there was a scam company on their app but i was surprised that the scammers were still there being allowed to scam more people!
I’ve had to ask for a refund from my credit card issuer and request a new card in case they tried to take more money from me.
I thought that the Shop app would have been more reactive in protecting customers on their app and that they should have better checks in place to prevent scammers/ fraudsters from using their platform.","Used in December 2022 with no issues so trusted the app. 
However , I used the app again in august 2023 but my order didn’t turn up and after sending emails ,that went unanswered , i did some further checking and found out that it was a scam company. 
I notified the Shop app of the scammers and was told that they’d investigate my allegations, I found out that the real company had already informed them that there was a scam company on their app but i was surprised that the scammers were still there being allowed to scam more people! 
I’ve had to ask for a refund from my credit card issuer and request a new card in case they tried to take more money from me. 
I thought that the Shop app would have been more reactive in protecting customers on their app and that they should have better checks in place to prevent scammers/ fraudsters from using their platform.",Andy Knight 1,2.123.0,2023-08-31T16:09:08Z,True,itunes_rss_mostHelpful,False,False
70c4c2e6290c26986ecbe05977055bd9f7b413273e85fc31fc79bc77ced8ff53,14565362469,1223471316,Shop,gb,2,Does not work any more. Will not open after a 'delete' to 'reset' after app crashes!,"Multiple app  crashes, & 'jerky scrolling', caused me to delete the app & download again. Now it will not even open. My 'connection' works for this app store & to stream music & tv. So 'something' has broken the app, or 'the server' the app connects to. MY connection works for other music, tv & even downloading 'app', so this 'stuff' must be broken AGAIN. I used it ONCE about 3 yrs ago. It  'tracked' NOTHING AT ALL, as tracking data was at least 24hrs out of date. I have made 'purchases via this app', thst were purchases from 3rd party companies with their own customer services contact options. Does 'shop' have anything like that? 'Shopify' - as it used to br called was rubbish. Now it does not even open. No use to me then!","Multiple app  crashes, & 'jerky scrolling', caused me to delete the app & download again. Now it will not even open. My 'connection' works for this app store & to stream music & tv. So 'something' has broken the app, or 'the server' the app connects to. MY connection works for other music, tv & even downloading 'app', so this 'stuff' must be broken AGAIN. I used it ONCE about 3 yrs ago. It  'tracked' NOTHING AT ALL, as tracking data was at least 24hrs out of date. I have made 'purchases via this app', thst were purchases from 3rd party companies with their own customer services contact options. Does 'shop' have anything like that? 'Shopify' - as it used to br called was rubbish. Now it does not even open. No use to me then!",theGman64,3.3.0,2026-09-18T18:51:40Z,True,itunes_rss_mostHelpful,False,False
64dc2ac65836e3fb09832a041dafe866df070174d421ce6efee53ac71e411555,13659737377,1223471316,Shop,gb,1,Customer service points zero,"I had heard about this espresso candle by a well known influencer, so even though i feel it is overpriced i decided to treat myself, with the item and delivery coming to £40, definitely pricey, but i hooe would be worth it. I ordered it on 2nd January and only just received it today, 21 Jan, despite numerous emails “its on the way” etc. Numerous times i tried to make contact with them via email, you only receive AI replies, twice it relayed they would have a human contact me which didnt happen. Customer service was just a brick wall. So i was going to be returning it on principal, but the site states that deliv will he at my cost??? So approx £15 on delivery costs all in?? I dont think so, so im firced to keep it.  it looks cheap, the pot is navy blue (ugh) it looked black in the site, its not worth £30 plus £7.50 delivery. I wont ever shop in this store again, very poor. DONT SHOP HERE.","I had heard about this espresso candle by a well known influencer, so even though i feel it is overpriced i decided to treat myself, with the item and delivery coming to £40, definitely pricey, but i hooe would be worth it. I ordered it on 2nd January and only just received it today, 21 Jan, despite numerous emails “its on the way” etc. Numerous times i tried to make contact with them via email, you only receive AI replies, twice it relayed they would have a human contact me which didnt happen. Customer service was just a brick wall. So i was going to be returning it on principal, but the site states that deliv will he at my cost??? So approx £15 on delivery costs all in?? I dont think so, so im firced to keep it.  it looks cheap, the pot is navy blue (ugh) it looked black in the site, its not worth £30 plus £7.50 delivery. I wont ever shop in this store again, very poor. DONT SHOP HERE.",Unhappy customer2026,2.236.0,2026-01-21T16:20:12Z,True,itunes_rss_mostHelpful,False,False
ee5eb39a076becc60eb73f620d51215630acc5894b1bffd170495d8842ee1c19,13424573588,1223471316,Shop,gb,1,I’m so angry…,"Today was the day for deliveries. First one got my attention with a knock on the door. A pleasant well-mannered courier handed over my parcel. I was amused when he still insisted on taking a photograph as proof of delivery. It wasn’t until I went to review this order that I noticed another message saying my order of toilet and kitchen rolls had been delivered. INDEED IT HAD NOT! I had been at home all day. This courier had not even bothered coming to my door. So I, a great-grandmother of almost 80 years old had to go out and search for my order. I did find it, eventually, but then had to carry 2 awkward boxes up my outside staircase.
I haven’t even opened the boxes yet. I’m too upset and out of puff. Such a shame to be put off dealing with a firm whose goods might be the best in the world but is only as good as the delivery service it offers. I’ve got to say that the packaging looks first class…","Today was the day for deliveries. First one got my attention with a knock on the door. A pleasant well-mannered courier handed over my parcel. I was amused when he still insisted on taking a photograph as proof of delivery. It wasn’t until I went to review this order that I noticed another message saying my order of toilet and kitchen rolls had been delivered. INDEED IT HAD NOT! I had been at home all day. This courier had not even bothered coming to my door. So I, a great-grandmother of almost 80 years old had to go out and search for my order. I did find it, eventually, but then had to carry 2 awkward boxes up my outside staircase.
I haven’t even opened the boxes yet. I’m too upset and out of puff. Such a shame to be put off dealing with a firm whose goods might be the best in the world but is only as good as the delivery service it offers. I’ve got to say that the packaging looks first class…",Alljan,2.232.1,2025-11-21T15:50:00Z,True,itunes_rss_mostHelpful,False,False
403d7202475c10a3f1231ef9147e39b7f5e63216308b4bae0d8fc74e8b4db056,13159102165,1223471316,Shop,gb,1,“WARNING”,"THEY STITCHED ME UP I ordered a watch the tracking number told me that it had arrived which it did not finally when it did turn up it was packed in a plastic bag no box when I receive it it looked as if it had been. Dragged all the way from where it came from the strap is totally ruined. I sent messages. to the company with no reply, the item was £39. It’s not the end of the world but I don’t like people scamming. It’s not fair I will never recommend this company. To anybody no will I ever buy off them again? I’m going to keep posting these kind of messages warning people about this site until they contact me for me to return the item and get a refund I will put it on all the forums like Facebook messenger eBay everywhere that I can so like I said be careful make sure this site is not affiliated with another site they will soon learn what it feels like to get annoyed.","THEY STITCHED ME UP I ordered a watch the tracking number told me that it had arrived which it did not finally when it did turn up it was packed in a plastic bag no box when I receive it it looked as if it had been. Dragged all the way from where it came from the strap is totally ruined. I sent messages. to the company with no reply, the item was £39. It’s not the end of the world but I don’t like people scamming. It’s not fair I will never recommend this company. To anybody no will I ever buy off them again? I’m going to keep posting these kind of messages warning people about this site until they contact me for me to return the item and get a refund I will put it on all the forums like Facebook messenger eBay everywhere that I can so like I said be careful make sure this site is not affiliated with another site they will soon learn what it feels like to get annoyed.",“Dai”,2.220.0,2025-09-20T00:34:57Z,True,itunes_rss_mostHelpful,False,False
f9f161106cc1c96c03443efd44af75849fab606cc6193436d88e8ce9dfe9f203,9834056364,1223471316,Shop,gb,4,An ok app for its intended purpose,"For starters… disregard some of the very low score ratings for the app. Some idiot users have left low scores for the item they purchased and not the actual app that is used to track it. How these people even manage to use a mobile phone is a surprise to me!!

The app itself does what it’s meant to. It’s nothing special or not really bad. It’s just a simple tracing app that keep you up to date with a parcels movements from the chosen courier or service it’s sent by.

Pls note that if there are no updates then it’s not the apps fault it’s the courier that isn’t scanning the item along the way. All the app does is show you the info that it’s sent by the postal service updates.","For starters… disregard some of the very low score ratings for the app. Some idiot users have left low scores for the item they purchased and not the actual app that is used to track it. How these people even manage to use a mobile phone is a surprise to me!! 

The app itself does what it’s meant to. It’s nothing special or not really bad. It’s just a simple tracing app that keep you up to date with a parcels movements from the chosen courier or service it’s sent by. 

Pls note that if there are no updates then it’s not the apps fault it’s the courier that isn’t scanning the item along the way. All the app does is show you the info that it’s sent by the postal service updates.",tthompson.uk,2.103.0,2023-04-18T06:57:31Z,True,itunes_rss_mostHelpful,False,False
2f0657b09d7663420c2679c31be46834a5c9d3801200252cb377406247c909fa,8010314456,1223471316,Shop,gb,1,Rubbish and a scam,"Ordered from a website that I haven’t used before, but did security checks and it seemed legit. It said to download this app for delivery updates and I did straight away because I’d seen this app advertised on other websites that I have successfully ordered from before (but never used this app). The app instantly said my order has been dispatched. Fastest dispatch that I’ve ever encountered. The store that I bought it from state that it hasn’t been dispatched yet. The delivery due date has long gone and I have emailed the seller for clarification and tracking, but am just ignored. If this app is legit and safe (don’t think it is) then surely it has a duty to not work with companies that are scams. Plus, it clearly doesn’t track anything. It just hacks your emails and security information that is in them. I’ll be reporting this app and the site to my bank and the police!","Ordered from a website that I haven’t used before, but did security checks and it seemed legit. It said to download this app for delivery updates and I did straight away because I’d seen this app advertised on other websites that I have successfully ordered from before (but never used this app). The app instantly said my order has been dispatched. Fastest dispatch that I’ve ever encountered. The store that I bought it from state that it hasn’t been dispatched yet. The delivery due date has long gone and I have emailed the seller for clarification and tracking, but am just ignored. If this app is legit and safe (don’t think it is) then surely it has a duty to not work with companies that are scams. Plus, it clearly doesn’t track anything. It just hacks your emails and security information that is in them. I’ll be reporting this app and the site to my bank and the police!",Prinzessinjj,2.38.0,2021-11-10T22:32:07Z,True,itunes_rss_mostHelpful,False,False
d7933279749dd0f009e7dfd73b2764c13490ca44448938a93cfac70e13acfbfb,10801915625,1223471316,Shop,gb,1,Very bad customer service,"I ordered this treehouse bed on 31st December 2023 and paid £20 delivery charges as I picked my delivery day, the bd never wasn’t sent out because of a bank holiday witch I understand but then for the company to tell be it’s on it way, when it wasn’t was unbelievable, I was messed around something so with noa & Nani, I order the covers for the windows and door the day after and still awaiting for them to be delivered again I paid £10 gir them to be delivered on the 3rd January I’m still waiting for them, when the guys delivered the bed he’s wasn’t looking when entering my house and broke my lobby ceiling light! No apologies or anything over all the bed is lovely but the instructions are very confusing as surely the slide should be on the same leaflet and the bed as once bed is build and you go onto the slide you have to take one side of the bed off to attach the slide","I ordered this treehouse bed on 31st December 2023 and paid £20 delivery charges as I picked my delivery day, the bd never wasn’t sent out because of a bank holiday witch I understand but then for the company to tell be it’s on it way, when it wasn’t was unbelievable, I was messed around something so with noa & Nani, I order the covers for the windows and door the day after and still awaiting for them to be delivered again I paid £10 gir them to be delivered on the 3rd January I’m still waiting for them, when the guys delivered the bed he’s wasn’t looking when entering my house and broke my lobby ceiling light! No apologies or anything over all the bed is lovely but the instructions are very confusing as surely the slide should be on the same leaflet and the bed as once bed is build and you go onto the slide you have to take one side of the bed off to attach the slide",@micky73,2.138.0,2024-01-09T10:24:37Z,True,itunes_rss_mostHelpful,False,False
1036d68c4833fca45790c1281850394178b74ccfd96938d723b164217bdeef7c,8044336722,1223471316,Shop,gb,5,Beautiful beautiful Snag tights!,"⭐️⭐️⭐️⭐️⭐️
Great selection of tights to choose from and many other products too.
Price is fair and the postage isn’t too much either.
I love the way that the tights are packaged and my snags have a special basket of their own now as I have approximately 8 pairs.
They have the ability to fit all shapes and sizes and add something wonderful to any outfit.
They also are easy to wash and you won’t even know that they have been worn before.
I’m always complemented on my tights when I’m out and about in my wheelchair or on my mobility scooter. I’ve recommended snag tights to many ladies that are all shapes and sizes.
Snag tights delivery day is a fab day. I’m looking forward to my next order arriving, as I’ve gone back to the 80’s when I was a pre nursing student and  I used to wear black and white stripped tights with any outfit (the witch snag tights), so I’ve treated myself to a pair, and I can’t wait to wear them.
Thank you Snags for giving me a new lift, getting my wardrobe to be updated and helping me at 49 to be ME!","⭐️⭐️⭐️⭐️⭐️
Great selection of tights to choose from and many other products too. 
Price is fair and the postage isn’t too much either.
I love the way that the tights are packaged and my snags have a special basket of their own now as I have approximately 8 pairs. 
They have the ability to fit all shapes and sizes and add something wonderful to any outfit. 
They also are easy to wash and you won’t even know that they have been worn before. 
I’m always complemented on my tights when I’m out and about in my wheelchair or on my mobility scooter. I’ve recommended snag tights to many ladies that are all shapes and sizes. 
Snag tights delivery day is a fab day. I’m looking forward to my next order arriving, as I’ve gone back to the 80’s when I was a pre nursing student and  I used to wear black and white stripped tights with any outfit (the witch snag tights), so I’ve treated myself to a pair, and I can’t wait to wear them. 
Thank you Snags for giving me a new lift, getting my wardrobe to be updated and helping me at 49 to be ME!",monkey lumps,2.38.1,2021-11-20T14:21:45Z,True,itunes_rss_mostHelpful,False,False
3c4fe5b3a78f1b4a195ab887557d6939a1f54f4050312a4fe9e7021753589722,11326490722,1223471316,Shop,gb,3,Great but….,"Please can you add a nickname function for payment cards?
I’ve just made a purchase with Shop Pay and have ended up incurring charges (through my account provider) because I payed with the wrong card, it would be so much easier if there was a label attached so customers can easily select the card they wish to use without having to go through multiple accounts to match the last 4 digits.
I didn’t even realise the card I’ve used today was saved to my shop account and have now deleted it so this doesn’t happen again even though I would rather keep it on there but just have a little more clarity over which card it is so I can make the choice to pay the fee or not","Please can you add a nickname function for payment cards? 
I’ve just made a purchase with Shop Pay and have ended up incurring charges (through my account provider) because I payed with the wrong card, it would be so much easier if there was a label attached so customers can easily select the card they wish to use without having to go through multiple accounts to match the last 4 digits. 
I didn’t even realise the card I’ve used today was saved to my shop account and have now deleted it so this doesn’t happen again even though I would rather keep it on there but just have a little more clarity over which card it is so I can make the choice to pay the fee or not",ShannRAR,2.158.0,2024-05-31T07:56:39Z,True,itunes_rss_mostHelpful,False,False
d0443613bf7d73e426a9e5a2a47a30464253871546d3d3d264e65f4265749a24,9808935528,1223471316,Shop,gb,1,DO NOT BUY FROM THIS !! SCAM,"I have recently ordered an item within the last couple of weeks ( nearly a month ) . This was bought on TikTok and I have not received it yet. Why is that ? Do something. I have already wrote down some concerns and complaints as it being a delay to arrive at my destination, I have also paid for this item already. I yet still have been waiting for this to arrive and it has not even showed up. Has this been a mistake? I will continue to file more complaints as the days pass by, making your reviews drop low and so will your profile. I ponder that this situation can become a worse than it is should be. This current situation is overwhelming and can lead to a possible crime. It’s either you give back my item , or give back my money before you get as I wrote done so - bad feedback everywhere - .","I have recently ordered an item within the last couple of weeks ( nearly a month ) . This was bought on TikTok and I have not received it yet. Why is that ? Do something. I have already wrote down some concerns and complaints as it being a delay to arrive at my destination, I have also paid for this item already. I yet still have been waiting for this to arrive and it has not even showed up. Has this been a mistake? I will continue to file more complaints as the days pass by, making your reviews drop low and so will your profile. I ponder that this situation can become a worse than it is should be. This current situation is overwhelming and can lead to a possible crime. It’s either you give back my item , or give back my money before you get as I wrote done so - bad feedback everywhere - .",Chuju lee,2.102.0,2023-04-11T02:44:32Z,True,itunes_rss_mostHelpful,False,False
0533309b355a4ebe3994511914ee93bffdd8eb0678d115389a02fb776ae23cd5,11008067272,1223471316,Shop,gb,5,Fantastic Order Tracking Experience!,"I absolutely love this app! One of the best features is how seamlessly it allows me to track my orders. It's incredibly convenient and user-friendly, making it a breeze to stay updated on the status of my deliveries. No more endless searching through emails or logging into different websites – everything I need is right at my fingertips. The app's interface is intuitive and well-designed, ensuring a smooth and hassle-free experience every time I use it. I highly recommend this app to anyone looking for a reliable and efficient way to track their orders.","I absolutely love this app! One of the best features is how seamlessly it allows me to track my orders. It's incredibly convenient and user-friendly, making it a breeze to stay updated on the status of my deliveries. No more endless searching through emails or logging into different websites – everything I need is right at my fingertips. The app's interface is intuitive and well-designed, ensuring a smooth and hassle-free experience every time I use it. I highly recommend this app to anyone looking for a reliable and efficient way to track their orders.",Nadine767,2.146.0,2024-03-04T17:06:40Z,True,itunes_rss_mostHelpful,False,False
b7458b21568cd806b4df61c842907c9f83585f6277f01047e142c994a9323731,12731741370,1223471316,Shop,gb,1,Do NOT order from here,"I purchased a baby carrier 12th April and I have just received it today 3rd June. I felt like I kept getting excuses telling me I’d get it in a few weeks, I’d contact again and be told the same thing on and on. This has caused me so much stress and anxiety being pregnant, when it wasn’t cheap. I wish I had of just ordered elsewhere. I also asked for a refund, was told they would then a week later they wouldn’t let me have a refund and I’d receive it in a few weeks. It’s arrived today and although it looks ok, it doesn’t seem to be from the site claiming it’s from. After everything I just don’t feel like I can trust putting my baby in this after so many let downs.
First time anything like this has happened to me and I will definitely be doing my homework now before ordering anything from instagram.","I purchased a baby carrier 12th April and I have just received it today 3rd June. I felt like I kept getting excuses telling me I’d get it in a few weeks, I’d contact again and be told the same thing on and on. This has caused me so much stress and anxiety being pregnant, when it wasn’t cheap. I wish I had of just ordered elsewhere. I also asked for a refund, was told they would then a week later they wouldn’t let me have a refund and I’d receive it in a few weeks. It’s arrived today and although it looks ok, it doesn’t seem to be from the site claiming it’s from. After everything I just don’t feel like I can trust putting my baby in this after so many let downs. 
First time anything like this has happened to me and I will definitely be doing my homework now before ordering anything from instagram.",Wendy123!!,2.205.0,2025-06-03T16:30:12Z,True,itunes_rss_mostHelpful,False,False
0f2a86ff5b832951177787e102f01c8f6cf05adfea3b0b4a52923da2f4ea4c41,6674310288,1223471316,Shop,gb,5,Recurring delivery details need sorting,"I ordered from an online retailer a couple of weeks ago to send a gift to my daughter.  I had to download this app in order to track the parcel.  I ordered myself something a few days ago and once again they were using Shop. The form came up again with my daughter’s address, which I amended as she lives 37 miles away and this was a purchase for me. Despite amending the delivery address to the same as the billing address, it insisted on replacing it.  When I completed the transaction I realised it had ignored my amendments. I rang the retailer, who was no help at all. Hopeless all round!","I ordered from an online retailer a couple of weeks ago to send a gift to my daughter.  I had to download this app in order to track the parcel.  I ordered myself something a few days ago and once again they were using Shop. The form came up again with my daughter’s address, which I amended as she lives 37 miles away and this was a purchase for me. Despite amending the delivery address to the same as the billing address, it insisted on replacing it.  When I completed the transaction I realised it had ignored my amendments. I rang the retailer, who was no help at all. Hopeless all round!",andiev1,2.15.1,2020-11-22T16:36:47Z,True,itunes_rss_mostHelpful,False,False
96068c1e9ef9cf91934373393faf158c42d315e472f762bfdca8c7d853a9f0b0,13412424951,1223471316,Shop,gb,5,Strange delivery.,"Driver parked in front of my driveway, back of van angeled into the road making it difficult for traffic to pass. I stood in open doorway to alert driver. Took a while and I was on crutches. I went with one crutch to the gate to collect my box, I noticed a hole ripped into the side as if someone had been checking contents. I opened the box fully and as far as I could see it was complete. But there should be a contents list in every box/package to check what has been sent. The driver was not jolly or friendly. This is a truthful report and prefer my deliveries accompanied with a more professional attitude.","Driver parked in front of my driveway, back of van angeled into the road making it difficult for traffic to pass. I stood in open doorway to alert driver. Took a while and I was on crutches. I went with one crutch to the gate to collect my box, I noticed a hole ripped into the side as if someone had been checking contents. I opened the box fully and as far as I could see it was complete. But there should be a contents list in every box/package to check what has been sent. The driver was not jolly or friendly. This is a truthful report and prefer my deliveries accompanied with a more professional attitude.",badgerted,2.232.0,2025-11-18T10:38:28Z,True,itunes_rss_mostHelpful,False,False
5dd12cd4db3a86e30830dd2824ea923631098bb678cb57ba2b88d8609f65970b,12570059256,1223471316,Shop,gb,1,1st Order,"Placed my 1st order with Drip Union and it was unfortunately not a great start, ordered a Nike twin set for both my wife and I , ordered our individual sizes and the order was in stock and accepted and then processed, on the day they shipped them out someone at drip unions end and changed my sizes without contacting me and then sent the completely wrong size, therefore now have to send them back and ask for a refund or an exchange for another colour in my size, a simple message to say that their had been in error and they are no longer in stock after all in my size would have been great as i could have ordered another could no bother tall, at least my wife’s sizes were correct for her part of the order, not a great 1st impression but hopefully will be better if I have them another go and decide to order again in the future","Placed my 1st order with Drip Union and it was unfortunately not a great start, ordered a Nike twin set for both my wife and I , ordered our individual sizes and the order was in stock and accepted and then processed, on the day they shipped them out someone at drip unions end and changed my sizes without contacting me and then sent the completely wrong size, therefore now have to send them back and ask for a refund or an exchange for another colour in my size, a simple message to say that their had been in error and they are no longer in stock after all in my size would have been great as i could have ordered another could no bother tall, at least my wife’s sizes were correct for her part of the order, not a great 1st impression but hopefully will be better if I have them another go and decide to order again in the future",Mr KWS,2.199.0,2025-04-21T17:33:10Z,True,itunes_rss_mostHelpful,False,False
35b2001dca47cc561fd684d334b2e8e0f0b3283fb123a99f8b78d76ddb474302,10203487444,1223471316,Shop,gb,1,Tracking never up to date,I resent the way Shopify forces you to download this app before you can track your item. It automatically loads your packages from other retailers as well but the tracking is useless because it doesn’t update quickly enough. I have to go back to the retailer for an accurate update. The idea is great but if the information is inaccurate it’s completely pointless. I’ve downloaded and deleted it 4 times now because it never improves. *In response to the developers comment… I don’t have an issue with any online store. I was reviewing the app. I run a store through Shopify myself and unfortunately we are forced to use the Shop app as an add-on if we want to provide tracking to our customers. It would be useful if it provided up to date information but it’s simply not fit for purpose*,I resent the way Shopify forces you to download this app before you can track your item. It automatically loads your packages from other retailers as well but the tracking is useless because it doesn’t update quickly enough. I have to go back to the retailer for an accurate update. The idea is great but if the information is inaccurate it’s completely pointless. I’ve downloaded and deleted it 4 times now because it never improves. *In response to the developers comment… I don’t have an issue with any online store. I was reviewing the app. I run a store through Shopify myself and unfortunately we are forced to use the Shop app as an add-on if we want to provide tracking to our customers. It would be useful if it provided up to date information but it’s simply not fit for purpose*,MissLake12,2.118.1,2023-07-31T13:42:18Z,True,itunes_rss_mostHelpful,False,False
26f9714231dd3be4b832d08f42c651a916ae82796067989948d5e1548952c7e6,13952751593,1223471316,Shop,gb,2,A cross between a shopping centre and Instagram,"Which is to say, all of the irrelevant and spam and advert and… The nightmare goes on. A shop online because I push a button to get what I want and it comes. However, most of the floor space in this app is given over to trying to flog me over overpriced rubbish that nobody in their right mind would want. If it did what it was supposed to do and told you when your parcels were coming, it would be great, but it just seems to be something that combines all the worst features of a TV shopping channel, the Spam load of Instagram and the distraction of a bricks and mortar shopping centre. If this is the sort of thing you like install it by all means. If you are an intelligent consious human being, it can be safely left in the App Store.","Which is to say, all of the irrelevant and spam and advert and… The nightmare goes on. A shop online because I push a button to get what I want and it comes. However, most of the floor space in this app is given over to trying to flog me over overpriced rubbish that nobody in their right mind would want. If it did what it was supposed to do and told you when your parcels were coming, it would be great, but it just seems to be something that combines all the worst features of a TV shopping channel, the Spam load of Instagram and the distraction of a bricks and mortar shopping centre. If this is the sort of thing you like install it by all means. If you are an intelligent consious human being, it can be safely left in the App Store.",David Edge,2.247.1,2026-04-13T07:28:26Z,True,itunes_rss_mostHelpful,False,False
d10db758315635f5c92982619850fcf3c710f09c8c062a9a52fffcfa4f458e87,10123545096,1223471316,Shop,gb,4,I prefer the watermelon flavour,"This was my second order. First order I had the watermelon which was great teste. my sister saw some benefits but not for me yet however I will update you in further ordering. This pineapple flavour is very light texture when drinking and less sweet I didn’t like it so I will be re-ordering the watermelon one as I liked it on my first order and now ordered on my 3rd time. Thanks dr v love all your products but please do sale festivals we had Eid and we both could have benefited. Also do a bigger discount than 10% for a repeat customers.

Ps: Covid hit hard on us in UK and we need your products so please consider ways to help us and thanks in advance🤗👊🏽🫶🏽👏🏽","This was my second order. First order I had the watermelon which was great teste. my sister saw some benefits but not for me yet however I will update you in further ordering. This pineapple flavour is very light texture when drinking and less sweet I didn’t like it so I will be re-ordering the watermelon one as I liked it on my first order and now ordered on my 3rd time. Thanks dr v love all your products but please do sale festivals we had Eid and we both could have benefited. Also do a bigger discount than 10% for a repeat customers.

Ps: Covid hit hard on us in UK and we need your products so please consider ways to help us and thanks in advance🤗👊🏽🫶🏽👏🏽",SAM-UK-2023,2.115.0,2023-07-10T06:54:55Z,True,itunes_rss_mostHelpful,False,False
d8e26daab545d40cdd18fdc5cdb364476c358613fe32d9de8a4fee667ae7b821,6704840358,1223471316,Shop,gb,5,Shop works but...,"Effective tracking on parcels you order BUT it also offers to scan the inbox of your email account to save you from copying and pasting the tracking number. Frankly I’d like an option where I could use Shop without this. I know pretty much anything can be pulled from my phone but I like the illusion that I choose. Shop’s scanning of my inbox smacks too much of Big Brother in “1984”
So an opt out of the automatic scanning would make this much more consumer friendly for those of us who like to pretend that we still have some measure of cyber independence.
Thanks.","Effective tracking on parcels you order BUT it also offers to scan the inbox of your email account to save you from copying and pasting the tracking number. Frankly I’d like an option where I could use Shop without this. I know pretty much anything can be pulled from my phone but I like the illusion that I choose. Shop’s scanning of my inbox smacks too much of Big Brother in “1984” 
So an opt out of the automatic scanning would make this much more consumer friendly for those of us who like to pretend that we still have some measure of cyber independence.
Thanks.",KaticleHaz,2.15.2,2020-12-01T05:11:13Z,True,itunes_rss_mostHelpful,False,False
03993f6ce012f494d8b318e0b1f638959495c210cfb1d2901a51d22b11a25cc7,13295767046,1223471316,Shop,gb,1,Awful,"I had the misfortune to try to use this app many moons ago. It was awful, every time I bought something the details we whisked into this app without my permission and I couldn't get the information I needed. I deleted the app it was so invasive. I have just bought an item from overseas, it hasn't arrived and I clicked on check the tracking, it took me straight to a ""download the Shop app"" As I felt I had no other option I did. Big mistake, yet again I've gone round in circles, there is no tracking info despite a box opening that had a lot of data running through it which culminated in saying it had been delivered, it hasn't 😡 Just as bad as before, I can't access the tracking so I'm none the wiser. I want to be in control of what I buy, not some anonymous 3rd party! Off to delete it, again.","I had the misfortune to try to use this app many moons ago. It was awful, every time I bought something the details we whisked into this app without my permission and I couldn't get the information I needed. I deleted the app it was so invasive. I have just bought an item from overseas, it hasn't arrived and I clicked on check the tracking, it took me straight to a ""download the Shop app"" As I felt I had no other option I did. Big mistake, yet again I've gone round in circles, there is no tracking info despite a box opening that had a lot of data running through it which culminated in saying it had been delivered, it hasn't 😡 Just as bad as before, I can't access the tracking so I'm none the wiser. I want to be in control of what I buy, not some anonymous 3rd party! Off to delete it, again.",Espgee,2.226.0,2025-10-21T15:32:38Z,True,itunes_rss_mostHelpful,False,False
e7658a19b615319290c83b3422825b77b85e1ae70bde8ce24a1a673d8a56f64c,11964643692,1223471316,Shop,gb,5,Memorial ring,"I received my ring today and I am absolutely delighted with it , it is exactly what I hoped it would be and perfectly made , as well as my ring I received a gem stone , two never give up rubber bracelets and various small sweets and things in the box along with a white feather.
From the beginning of the process of ordering right up until delivery the service provided has been brilliant and delivery very quick .
I would definitely recommend this service to family and friends and may even use them again myself .
Thank you so much I love my ring. Xx","I received my ring today and I am absolutely delighted with it , it is exactly what I hoped it would be and perfectly made , as well as my ring I received a gem stone , two never give up rubber bracelets and various small sweets and things in the box along with a white feather. 
From the beginning of the process of ordering right up until delivery the service provided has been brilliant and delivery very quick . 
I would definitely recommend this service to family and friends and may even use them again myself . 
Thank you so much I love my ring. Xx",mumykin,2.181.2,2024-11-18T15:45:15Z,True,itunes_rss_mostHelpful,False,False
5986c80b8765d79517c2f6599b6b9dac85ed8566276e84bdb0d4b615a8adbab3,14413838976,1223471316,Shop,gb,2,Title: Cannot track my order and seller is unreachable,"I purchased skincare products from what appeared to be the Anua brand on August 8th. The merchant told me to use the Shop app to track my order, so I downloaded this app specifically for that purpose. Unfortunately, I still cannot get any proper tracking updates or shipping information at all — the status has remained unchanged since I ordered.

I’ve also tried reaching out to the seller directly: there is no phone number to contact them, and my emails have been completely ignored. I’m very disappointed and frustrated — I have no way to know where my order is, if it’s even been shipped, or when I might receive it. I hope this can be resolved and I can finally get some clarity or a refund.","I purchased skincare products from what appeared to be the Anua brand on August 8th. The merchant told me to use the Shop app to track my order, so I downloaded this app specifically for that purpose. Unfortunately, I still cannot get any proper tracking updates or shipping information at all — the status has remained unchanged since I ordered.

I’ve also tried reaching out to the seller directly: there is no phone number to contact them, and my emails have been completely ignored. I’m very disappointed and frustrated — I have no way to know where my order is, if it’s even been shipped, or when I might receive it. I hope this can be resolved and I can finally get some clarity or a refund.",Jenisha Baruwal,2.269.0,2026-08-11T09:21:19Z,True,itunes_rss_mostHelpful,False,False
94857519e7e4aaa4aaf8d4d08c4069395f291062e9788b31f0e1b36af0d1a2f0,12492548433,1223471316,Shop,gb,1,Ever since the update this app has sucked!!,WHERE IS THE NEW ARRIVALS PAGE? WHY CHANGE THE APP AGAIN AND MAKE IT EVEN WORSE. I WILL NO LOMGER USE THIS APP. I have been a long time user of this app and for a long time it was my go to shopping app because I felt like the algorithm was actually really good at showing me products I wanted. But ever since the bug update they have changed so much that was great about the app. They’ve made it harder to access your favorites and now they no longer recommend products but stores. Which NEVER seem to change or update and they recommend stuff you have already bought from and looked at. It’s such a shame. It used to be so great with a scrolling list of products from cool brands. Now the home page feels like a pay to advertise space that never updates. At least the tracking stuff is handy.,WHERE IS THE NEW ARRIVALS PAGE? WHY CHANGE THE APP AGAIN AND MAKE IT EVEN WORSE. I WILL NO LOMGER USE THIS APP. I have been a long time user of this app and for a long time it was my go to shopping app because I felt like the algorithm was actually really good at showing me products I wanted. But ever since the bug update they have changed so much that was great about the app. They’ve made it harder to access your favorites and now they no longer recommend products but stores. Which NEVER seem to change or update and they recommend stuff you have already bought from and looked at. It’s such a shame. It used to be so great with a scrolling list of products from cool brands. Now the home page feels like a pay to advertise space that never updates. At least the tracking stuff is handy.,allnamesfkntaken,2.196.0,2025-04-01T23:57:49Z,True,itunes_rss_mostHelpful,False,False
819838abb9d5d9b0ac1ca1c9c6e81958720a1ab4037c674753ad2a92d0a76101,11048182251,1223471316,Shop,gb,3,Cant leave reviews on the app,"I dont mind the app. I only really use it to track stuff. But i want to leave a review on an order from a shop because its been nothing but perfect everytime and i think its natural to not want to risk buying from a new supplier.  You can click the stars but when it comes to typing it just dosnt respond and basically crashes the app. It dosnt close the app it just stops the screen from working. You can press the home button and come out but thats it.

Its an iphone 8. I just want to raise it so it can get fixed. Ill change to 5 stars once i can leave reviews on stuff ive bought. Just think they deserve the review because theyre a great supplier of my noodles 😂","I dont mind the app. I only really use it to track stuff. But i want to leave a review on an order from a shop because its been nothing but perfect everytime and i think its natural to not want to risk buying from a new supplier.  You can click the stars but when it comes to typing it just dosnt respond and basically crashes the app. It dosnt close the app it just stops the screen from working. You can press the home button and come out but thats it.

Its an iphone 8. I just want to raise it so it can get fixed. Ill change to 5 stars once i can leave reviews on stuff ive bought. Just think they deserve the review because theyre a great supplier of my noodles 😂",Dannytaylot 2k10,2.147.0,2024-03-15T20:03:36Z,True,itunes_rss_mostHelpful,False,False
6bb94846e37848fa3d83dcf5839628d6ec9a018d4e0abf03906eb5a4b9617e31,12746490000,1223471316,Shop,gb,1,Real Food Source Ltd scammers,"Made a purchase from RFS and they committed delivery fraud (supplied delivery image without parcel, a random photo taken from outside). Refused to refund. Forced to accept tempered good if delivered after theft with potential risk of death. Publicly named my employer and accused buyer for a fraud without any evidence. Data breach and serious violations of laws to silence genuine reviews. Their  violations led to my resignation from company and defamation without any evidence. They forced to sign a document that says it was delivered but stolen rather than saying it was stolen by RFS driver who took random photo which is clearly non compliant but want me to stay silent. Why your platform is supporting such scammers? I can provide all the evidence’s including emails and screenshots which shows their criminal activities. You should remove such sellers to protect buyers trusting your platform","Made a purchase from RFS and they committed delivery fraud (supplied delivery image without parcel, a random photo taken from outside). Refused to refund. Forced to accept tempered good if delivered after theft with potential risk of death. Publicly named my employer and accused buyer for a fraud without any evidence. Data breach and serious violations of laws to silence genuine reviews. Their  violations led to my resignation from company and defamation without any evidence. They forced to sign a document that says it was delivered but stolen rather than saying it was stolen by RFS driver who took random photo which is clearly non compliant but want me to stay silent. Why your platform is supporting such scammers? I can provide all the evidence’s including emails and screenshots which shows their criminal activities. You should remove such sellers to protect buyers trusting your platform",Aaqif8888,2.205.0,2025-06-07T13:32:22Z,True,itunes_rss_mostHelpful,False,False
