fingerprint,review_id,app_id,app_name,country,rating,title,content,original_content,author,version,review_date,is_most_helpful,source,is_short,is_spam
1712d0c4de74159d58d7c180b8e03fd00f1ffbfede325107e744b85b1134640f,14629126222,6472232952,Koupon,us,5,I’m impressed,This app is actually amazing. I’ve bought so many necessary things at such great prices. Thank you!,This app is actually amazing. I’ve bought so many necessary things at such great prices. Thank you!,Dayana2525,3.0.5,2026-10-05T03:08:54Z,False,itunes_rss_mostRecent,False,False
1dde330327418ada3940aeb6a1e5416aefcb87468b62c8ece28b4e3422810692,14629100916,6472232952,Koupon,us,5,Great deals!,"I love this app because I save so much, a lot of items become half off!","I love this app because I save so much, a lot of items become half off!",Skater1964,3.0.5,2026-10-05T02:58:16Z,False,itunes_rss_mostRecent,False,False
0e3de0eb57d89c0975405cdbbf3f0fd7f2fb01724d41808fd9043533cc342749,14628477815,6472232952,Koupon,us,2,Worthless,Doesn’t give discount it says….,Doesn’t give discount it says….,wenjschlo,3.0.5,2026-10-04T22:41:49Z,False,itunes_rss_mostRecent,False,False
c8acc776a44c68ca15a11e736405ce40be6cca75d84620850ffafd0683552f31,14628394111,6472232952,Koupon,us,5,Better than shopping at Bin stores,I love the discounts! I can’t stop shopping. I use to watch the fb videos that give you the codes but they run through them so fast I had to rewind several times or take a picture plus most don’t tell you the brand so you are scrolling to find the picture in the video. This app takes me right to the item.,I love the discounts! I can’t stop shopping. I use to watch the fb videos that give you the codes but they run through them so fast I had to rewind several times or take a picture plus most don’t tell you the brand so you are scrolling to find the picture in the video. This app takes me right to the item.,missuvon,3.0.5,2026-10-04T22:07:15Z,False,itunes_rss_mostRecent,False,False
9be96a46eb4fb0429a2ec7376db97c5a7ff4a34fcefdb2b5bc73922f0a89268f,14628076819,6472232952,Koupon,us,5,It’s a good app,It’s a good app because it is free and gives you a big discount,It’s a good app because it is free and gives you a big discount,Little pine cone tree,3.0.5,2026-10-04T20:09:10Z,False,itunes_rss_mostRecent,False,False
fb64dc36fc9b67615fed49925dbb9c3573408a7dc99283e30f96a174cb0ec9b6,14627651835,6472232952,Koupon,us,2,Most don’t work,Tried to use several codes. It took off 10% instead of bringing it down to $39 from $109.,Tried to use several codes. It took off 10% instead of bringing it down to $39 from $109.,Ncgigi,3.0.5,2026-10-04T17:51:35Z,False,itunes_rss_mostRecent,False,False
002a53363e18bc7a657bdc27739f5c11817b2a911d17e2bbcaab5ef36b8cbadb,14627576980,6472232952,Koupon,us,5,Best of the best,I just downloaded it and was able to use it for a baby essential yay for saving,I just downloaded it and was able to use it for a baby essential yay for saving,Lachapparitah,3.0.5,2026-10-04T17:29:05Z,False,itunes_rss_mostRecent,False,False
0222b3dc68e206bc748c038cb0f84b74173a91f681eedf52da246cfa90416243,14624845857,6472232952,Koupon,us,5,The best app,"It is the best coupon app, it has helped me a lot and I have saved a lot on my purchases","It is the best coupon app, it has helped me a lot and I have saved a lot on my purchases",Ari23000,3.0.5,2026-10-04T01:01:23Z,False,itunes_rss_mostRecent,False,False
dbdba5bad62feccde2c70f00ec45f0a608ba4085760c7b68cf04aef0e522796f,14624496251,6472232952,Koupon,us,5,Best app to save,"I NEVER, ever buy anything without going to this app.  SAVES ME A LOT OF MONEY","I NEVER, ever buy anything without going to this app.  SAVES ME A LOT OF MONEY",janiceMabe,3.0.5,2026-10-03T22:38:31Z,False,itunes_rss_mostRecent,False,False
83fce5e1c733916875d49ec30f0c64560e37d6a6fa14aa769b859bdd6d8c2310,14624464078,6472232952,Koupon,us,5,I love it,Absolutely love it,Absolutely love it,Missy9225,3.0.5,2026-10-03T22:25:15Z,False,itunes_rss_mostRecent,False,False
ae081b75d9a123428edc9fd3db10cb200889ebe2fc981732e0ac3bbd9b745834,14624454089,6472232952,Koupon,us,3,Promo code,Promo code is not working!,Promo code is not working!,SuzannFernan,3.0.5,2026-10-03T22:21:06Z,False,itunes_rss_mostRecent,False,False
12575ba515264c57bd557ec7de1f7f71a302089d6bd694dbf722493958c1a101,14623709457,6472232952,Koupon,us,1,Completely worthless,"There isn’t anything on here that has a coupon that’s worth having. If you’re shopping for very small clothing or very small shoes, you might be able to find something, but I doubt it.","There isn’t anything on here that has a coupon that’s worth having. If you’re shopping for very small clothing or very small shoes, you might be able to find something, but I doubt it.",moonstone204,3.0.5,2026-10-03T17:53:51Z,False,itunes_rss_mostRecent,False,False
bdec636ec2c15411ae1c8d5b47e72061e50f72ea6663e5300ff982b4e870cb47,14622927279,6472232952,Koupon,us,1,Didn’t work,The coupon didn’t work as I had expected,The coupon didn’t work as I had expected,Dvaliyi,3.0.5,2026-10-03T14:06:19Z,False,itunes_rss_mostRecent,False,False
2186fed437a1f00d2f4057cafd8fded4603e66beb25a2b04389d3174dc0a769d,14622235904,6472232952,Koupon,us,1,Error,Hasta ahora no me deja usar ninguno,Hasta ahora no me deja usar ninguno,dvf78Miami,3.0.5,2026-10-03T10:22:26Z,False,itunes_rss_mostRecent,False,False
9f8d6f261629bf61522de07b2de7963b9ee4ff62ec9d9753f622a5c852c4e34f,14621711536,6472232952,Koupon,us,1,Code did not work,Code did not work,Code did not work,XLinaL,3.0.5,2026-10-03T06:47:56Z,False,itunes_rss_mostRecent,False,False
c2aefead194e42f45c3fa0f1bebaba770cc779627309464aef3d47a4ca8f80e1,14619923716,6472232952,Koupon,us,5,Really good app,A really good app for compiling coupons on different platforms. I mostly use it for Amazon. Deals are amazing.,A really good app for compiling coupons on different platforms. I mostly use it for Amazon. Deals are amazing.,.webby,3.0.5,2026-10-02T18:51:55Z,False,itunes_rss_mostRecent,False,False
793cb30a3a3eec1d9cb5f17042a26752060aa426eca580b64069b9835b01ad24,14619438386,6472232952,Koupon,us,5,Real codes and deals,"At first I didn’t believe this to be true. On Amazon you apply the code in the promo code section. Then you have to push the arrow next to the code you put in and not continue for it to be applied. It works, I’ve done it several times. I have only tried it for Amazon so far as that is my main place for shopping. I’m super happy with this and have already been using it for Christmas shopping.","At first I didn’t believe this to be true. On Amazon you apply the code in the promo code section. Then you have to push the arrow next to the code you put in and not continue for it to be applied. It works, I’ve done it several times. I have only tried it for Amazon so far as that is my main place for shopping. I’m super happy with this and have already been using it for Christmas shopping.",Fedgybhsr,3.0.5,2026-10-02T16:14:07Z,False,itunes_rss_mostRecent,False,False
3050503c09f41d2a9ebdb02a55350d1cd76faddeec813bf1db618ea6ed526146,14616678019,6472232952,Koupon,us,5,Amei,Muito bom as vezes não aparece o código,Muito bom as vezes não aparece o código,Kelly gatinha,3.0.5,2026-10-01T23:01:33Z,False,itunes_rss_mostRecent,False,False
5f2aea585d7e72a0718c2a80de97af2d18c636c99f4327bf0addc065ce53f3f1,14615702968,6472232952,Koupon,us,5,Amazing,Love it amazing,Love it amazing,Draszm12,3.0.5,2026-10-01T17:09:11Z,False,itunes_rss_mostRecent,False,False
d1c5595a4b2f0aec98d330ad42519e80738eaece3352982270c8128168514e01,14615670495,6472232952,Koupon,us,1,Coupons don’t work,"Fake app, do not use, false advertising","Fake app, do not use, false advertising",Sunnypany,3.0.5,2026-10-01T16:59:09Z,False,itunes_rss_mostRecent,False,False
babd324dade6dceaecb8dd211aedb27e58cde65bebcfced1a6faf5c7836beac3,14611629115,6472232952,Koupon,us,5,Make sure you follow instructions,Went to order something and I thought I copied the code and I thought I followed the instructions but actually I was incorrect on following instructions so I went back. Reread instructions canceled the original order went back and placed it again with following instructions correctly and got my discount and now my item is on its way. Very happy very pleased.,Went to order something and I thought I copied the code and I thought I followed the instructions but actually I was incorrect on following instructions so I went back. Reread instructions canceled the original order went back and placed it again with following instructions correctly and got my discount and now my item is on its way. Very happy very pleased.,Rmm227,3.0.4,2026-09-30T16:39:45Z,False,itunes_rss_mostRecent,False,False
de1e31fd89de1fb832562c6e9f894407dd85da1234aeefd9f314e967727f0f87,14611433902,6472232952,Koupon,us,5,Mis cupones,Es exactamente lo que yo quería me encanta esta aplicación,Es exactamente lo que yo quería me encanta esta aplicación,neyga19,3.0.4,2026-09-30T15:41:33Z,False,itunes_rss_mostRecent,False,False
08505af97f3a085c545de63f7ee93e857b570d5b85421ea9c26712cf9f00feec,14610709191,6472232952,Koupon,us,5,This app is very useful and helps me save a lot,"I have saved a lot since I started using this application, it is very useful and easy to use","I have saved a lot since I started using this application, it is very useful and easy to use",Solución a mi problem,3.0.4,2026-09-30T12:07:46Z,False,itunes_rss_mostRecent,False,False
1eb3aaf642ef891cd838d88837c18dfa2e05cc60d56e1f19cdcec23896edb30a,14608636622,6472232952,Koupon,us,1,Bs,BS I used codes and received nothing!!,BS I used codes and received nothing!!,hoss fly 1954,3.0.4,2026-09-29T21:32:02Z,False,itunes_rss_mostRecent,False,False
0b5bd5d7dc9a65f1bb43d420d17816d46afb223c25610c46ee4c936380be9b6e,14607472159,6472232952,Koupon,us,5,Love,Best deals ever,Best deals ever,Kity zavala,3.0.4,2026-09-29T15:01:13Z,False,itunes_rss_mostRecent,False,False
a401b424de96a03edcb0fc58c1ffb122423427662336d80c273716143b1e3794,14604643990,6472232952,Koupon,us,5,Huff,5 Sears’s,5 Sears’s,Emaaatsu,3.0.4,2026-09-28T20:11:12Z,False,itunes_rss_mostRecent,False,False
f434a817b700aa6802db199fc93140bd8a57d17db5555c96dd9e722dcebb9514,14603356237,6472232952,Koupon,us,5,“Fun and easy weekly giveaway!”,"“Super easy Sunday entry and the app feels clean and quick. Tap ‘Enter Now’ and you’re done. Simple, fun, no hassle.”","“Super easy Sunday entry and the app feels clean and quick. Tap ‘Enter Now’ and you’re done. Simple, fun, no hassle.”",Alejandra2323,3.0.4,2026-09-28T13:21:09Z,False,itunes_rss_mostRecent,False,False
0a12ce9d723cabdd40051fda6f6744e6214d01b34e69f9a7c761239839dcb185,14602273572,6472232952,Koupon,us,1,No place to post coupon,I couldn’t find a place to put coupon or any box to click.  Now I’ve ordered and are paying more than I wanted to. 🤬,I couldn’t find a place to put coupon or any box to click.  Now I’ve ordered and are paying more than I wanted to. 🤬,Naturesmusic13,3.0.4,2026-09-28T05:59:00Z,False,itunes_rss_mostRecent,False,False
35fb63f5815848423845c77755b76bfb16d1da00b4196d7f6f4566c9f595f0b5,14602013227,6472232952,Koupon,us,5,Amo,Lo mejor para ahora,Lo mejor para ahora,Erileneca,3.0.4,2026-09-28T03:53:18Z,False,itunes_rss_mostRecent,False,False
2781cb616520374f3c9e30e60d34e37b940d2caa58ac13e7c7d1d95af35f1387,14601740174,6472232952,Koupon,us,5,5 Stars,Excellent,Excellent,p8wdwxqa,3.0.4,2026-09-28T01:54:46Z,False,itunes_rss_mostRecent,False,False
5a68728b13422231eb65ece7dddc584786fba3ce09705096a7e95a4fc3653ea2,14601071942,6472232952,Koupon,us,5,Saving money!,I love this app and saving money.,I love this app and saving money.,Feagleb,3.0.4,2026-09-27T21:21:22Z,False,itunes_rss_mostRecent,False,False
78483ec7aff0b0a21f12716d9231bdee9b9b872bd4dae63f37e52e027194d2fc,14600920780,6472232952,Koupon,us,5,Good,Very good,Very good,cvs#1,3.0.4,2026-09-27T20:25:06Z,False,itunes_rss_mostRecent,False,False
907b8c638570fd8a45e1fba355d4b168ca77e7f024b02429de23c4bb2d96534c,14600743810,6472232952,Koupon,us,1,Fall wreath,The code doesn’t work,The code doesn’t work,Fall wreath,3.0.4,2026-09-27T19:24:04Z,False,itunes_rss_mostRecent,False,False
9274bdd7627d4ea0592e2c39cc87e517502054fcacffe61af1a27e5fab0d0fa9,14600244066,6472232952,Koupon,us,1,No really good deals for Amazon,You can find better prices directly on Amazon for house hold items and clothes.,You can find better prices directly on Amazon for house hold items and clothes.,Mayfe O,3.0.4,2026-09-27T16:49:22Z,False,itunes_rss_mostRecent,False,False
7fd2f71e851dec037ada64af657222aa552de23af10928d40078ec7b8b19359b,14599915716,6472232952,Koupon,us,1,Scam,Amazon codes do not work. Frauds,Amazon codes do not work. Frauds,10g65,3.0.4,2026-09-27T15:14:52Z,False,itunes_rss_mostRecent,False,False
079a72afbe0eba871ec0fbacf4ead5fdcadf9c1e5b92795eb5baf0e91f54f8a9,14599792486,6472232952,Koupon,us,5,Great Deals,"I found real deals with this app, do not pay more if can pay less","I found real deals with this app, do not pay more if can pay less",Jotiz,3.0.4,2026-09-27T14:39:56Z,False,itunes_rss_mostRecent,False,False
2016076f98426736f030a9c0fe1faa4df7197149aabea632bc69a791bf8586f2,14596975148,6472232952,Koupon,us,1,No es verdad,No es verdad,No es verdad,poliuyhgfrewwas,3.0.4,2026-09-26T20:28:38Z,False,itunes_rss_mostRecent,False,False
956936858f9c80b6741fe77892de0dc907129a8a2eedc8f1f7c7a4c1dd38ce9e,14596759580,6472232952,Koupon,us,5,A Great App,Saves me a ton of money!!,Saves me a ton of money!!,lgracey,3.0.4,2026-09-26T19:12:28Z,False,itunes_rss_mostRecent,False,False
0d9295cb5ed031943ae31ca3faca6be259963d602873876044269d384b9a1774,14594898879,6472232952,Koupon,us,3,Nice app,"You see some pretty good deals on here, but I just don’t know what I’m doing wrong? Prices never result what the app claims it should be at check out. It’s always more expensive and I don’t seem to be able to get the actual price this app gives me even after adding the promo code and all.","You see some pretty good deals on here, but I just don’t know what I’m doing wrong? Prices never result what the app claims it should be at check out. It’s always more expensive and I don’t seem to be able to get the actual price this app gives me even after adding the promo code and all.",Mom777888,3.0.4,2026-09-26T09:18:38Z,False,itunes_rss_mostRecent,False,False
94fe2e745f06bb26f1ef6fee09260534aedbb674fe8ba99124c7fae270102fd5,14594268414,6472232952,Koupon,us,5,It really worked !,I was doubtful b it then I figured out how to use it and I made my first purchase of 16$ instead of 36!!!!!,I was doubtful b it then I figured out how to use it and I made my first purchase of 16$ instead of 36!!!!!,frustared mom!,3.0.4,2026-09-26T04:48:57Z,False,itunes_rss_mostRecent,False,False
7bbd6b1cca8d7d0a63f522eab0095939fcc37905e34ac638097839dacc20eea9,14593310002,6472232952,Koupon,us,5,Review,Love this app,Love this app,NaeNae rcp,3.0.4,2026-09-25T22:22:26Z,False,itunes_rss_mostRecent,False,False
63fdbbc8dadced26bbfad80775274ad85078bb24494bdd99dbac72de82328965,14589853623,6472232952,Koupon,us,1,Esto es mentira,Mentirosos,Mentirosos,Vinentyamilet,3.0.4,2026-09-25T01:20:12Z,False,itunes_rss_mostRecent,False,False
2c677bafd8b8686beed430d35e916060a4ad72afd6012ed60acce790c60744f2,14589248197,6472232952,Koupon,us,5,Worth it!!!,I saved over a 1000$ spent maybe 300$ Yay!!!,I saved over a 1000$ spent maybe 300$ Yay!!!,BabyDoll-Tjar,3.0.3,2026-09-24T21:17:56Z,False,itunes_rss_mostRecent,False,False
15bfa92027147e1c7234325dc560e560dfa1f02da9d351a43d897ae5a58b8e19,14587863639,6472232952,Koupon,us,5,Amazing,Love it,Love it,Robs_21,3.0.3,2026-09-24T13:42:59Z,False,itunes_rss_mostRecent,False,False
c5113ed061da6620ca261fad208a92f45463dd16cd9140255b06737ef1aa53d0,14586567104,6472232952,Koupon,us,5,Perfectas,Espectacular,Espectacular,La reina del ahorra,3.0.3,2026-09-24T05:10:56Z,False,itunes_rss_mostRecent,False,False
889cf07a5cd7c78dba71fca6217c9528866ed4d463bc6358e7dbedf7a37a8a54,14585922730,6472232952,Koupon,us,1,Ningún cupón me acepta Amazon,1 estrella no sirve,1 estrella no sirve,Chapo Dgo,3.0.3,2026-09-24T00:35:34Z,False,itunes_rss_mostRecent,False,False
b952de3b1476a005e90e898e3feb38b52ab6db7afb4defc38d0754c9c9dc707e,14585862841,6472232952,Koupon,us,5,Momomamy7,I’m so glad I stumbled onto this app. I’ve already saved over $200 in a week by using it! I’ve shown several of my friends to download it. I look forward to using it again and again and again!,I’m so glad I stumbled onto this app. I’ve already saved over $200 in a week by using it! I’ve shown several of my friends to download it. I look forward to using it again and again and again!,Momomany7,3.0.3,2026-09-24T00:12:02Z,False,itunes_rss_mostRecent,False,False
e70607cd750ae6d254f8a7cedb9f066b406d45b0e493307b8b35326155d94ae3,14585837946,6472232952,Koupon,us,5,Great app,Live this app,Live this app,Kouponnnnsss,3.0.3,2026-09-24T00:02:10Z,False,itunes_rss_mostRecent,False,False
671360870198c4c4491f195a1edbd1c4276a148c3f1119be3da0c0ebb740a27b,14585072812,6472232952,Koupon,us,5,Discount,That the better for discount,That the better for discount,Brendalizzz,3.0.3,2026-09-23T19:03:55Z,False,itunes_rss_mostRecent,False,False
8f869f0bcf84a374a4611182cc85af8713cf0d95c24e5a1c34d58049bacc49d6,14584824044,6472232952,Koupon,us,5,Great coupons,Excellent promo codes for Amazon,Excellent promo codes for Amazon,Bhshannon,3.0.3,2026-09-23T17:39:46Z,False,itunes_rss_mostRecent,False,False
a0128a7daa4c8dbba4ffc03334a5f08f5346641d52a1c7d68813b1e37a0a93e8,14584514965,6472232952,Koupon,us,1,Promoción falsa,Dice que un producto cuesta casi 10 y en Amazon cuenta casi 15,Dice que un producto cuesta casi 10 y en Amazon cuenta casi 15,GreySaave,3.0.3,2026-09-23T16:01:56Z,False,itunes_rss_mostRecent,False,False
6c8693a56b0478a2c532e8838b3992d7c021bbd62fd652643283ecbe0aeb8b46,14584061337,6472232952,Koupon,us,1,Not worth it,Discount prices did not change once you copy the code.,Discount prices did not change once you copy the code.,Marie9823,3.0.3,2026-09-23T13:49:31Z,False,itunes_rss_mostRecent,False,False
7ed45fa112afdc3e59c01818762c8b16856de732b85dc2cf5a7344dde5e59ca3,14582008193,6472232952,Koupon,us,5,Aplicación inteligente,"Excelente me encanta
Es genial esta app para ver los productos en descuentos","Excelente me encanta 
Es genial esta app para ver los productos en descuentos",vida en aceite,3.0.3,2026-09-23T00:22:33Z,False,itunes_rss_mostRecent,False,False
18eea3cdbda1d343f346e39ac46ff3b3eb3339a1c910fdca2d0a44195f1ca369,14579965808,6472232952,Koupon,us,5,Good,5 stat,5 stat,Versacej23,3.0.2,2026-09-22T12:55:25Z,False,itunes_rss_mostRecent,False,False
f954189b6c092df44623c08829894f522cadc76ac8a6cb63e9f4efff103ff3c7,14578170408,6472232952,Koupon,us,1,Bad bad,This is a very bad app it took my money it don’t give you a discount it steals your money I don’t recommend nobody to download this app,This is a very bad app it took my money it don’t give you a discount it steals your money I don’t recommend nobody to download this app,Siporl,3.0.2,2026-09-22T00:28:35Z,False,itunes_rss_mostRecent,False,False
07b77a2f53fb0c21229ea6531f9f0fad5bf0bec689118a54a9b64f5af3ec31f3,14577813502,6472232952,Koupon,us,5,Koupon,Fabulous,Fabulous,Frog women 999,3.0.2,2026-09-21T22:07:31Z,False,itunes_rss_mostRecent,False,False
fbe53863e611119b62c688a43f254a2c38e5dd8e46774311cee14fc03546afea,14577540375,6472232952,Koupon,us,5,MsTzInspired2Sell,This is so amazing,This is so amazing,chaneicahs party,3.0.1,2026-09-21T20:23:29Z,False,itunes_rss_mostRecent,False,False
1d7903c7c5611ddea354194ac16d4d4b0e0dcde20320a95c75567944f8a579a8,14575717145,6472232952,Koupon,us,5,Great Savings!!!,It really works. No gimmick. Simply finds the extra discounts on products that Amazon already post but you may overlook them. I have used it 4 times already and saved good $$$,It really works. No gimmick. Simply finds the extra discounts on products that Amazon already post but you may overlook them. I have used it 4 times already and saved good $$$,P0pp13,3.0.1,2026-09-21T10:40:32Z,False,itunes_rss_mostRecent,False,False
f3b06caa2662f1652bb258124dd5af30f5bb6ccef2298f05279226e3da374004,14575551838,6472232952,Koupon,us,5,Good app,"I love it, very convienent to save extra money","I love it, very convienent to save extra money",Millan14Jf,3.0.1,2026-09-21T09:31:22Z,False,itunes_rss_mostRecent,False,False
96ed527afe9e9105e3531c3e888fbe75b7fba59fe5c86f50841284e84ca819c1,14573928268,6472232952,Koupon,us,5,Listo,Hermosos,Hermosos,Un gran problema /-/,3.0.1,2026-09-20T21:48:20Z,False,itunes_rss_mostRecent,False,False
b02508fe73e8759f8a5546a4521308945fe4dae32a363b0ff0a82b4356634a14,14570833111,6472232952,Koupon,us,5,Great finds great price,"Very easy to use app to get you the best deals from amazon, ebay, etc. I can't believe I paid so much for the things that I've purchased previously without this app. I've had this app only for a day and I can't get enough of it. The deals are always updating. Great app for money saving!","Very easy to use app to get you the best deals from amazon, ebay, etc. I can't believe I paid so much for the things that I've purchased previously without this app. I've had this app only for a day and I can't get enough of it. The deals are always updating. Great app for money saving!",jzy-,3.0.1,2026-09-20T03:57:57Z,False,itunes_rss_mostRecent,False,False
bf08e7e8669eb44e457bea4beab29ab7379b6cc78fd87265b961e2abb0dd1407,14565724140,6472232952,Koupon,us,4,M,Me encanta los descuentos que puedo encontrar aquí,Me encanta los descuentos que puedo encontrar aquí,Mini Yoglina,3.0.1,2026-09-18T20:59:36Z,False,itunes_rss_mostRecent,False,False
d5b0893e14aa0d51556625a637c33e8c6b19c9b22b96f5b3def8cdeffbd57ef8,14561657543,6472232952,Koupon,us,3,Search,Es muy difícil encontrar exactamente las palabras que publican las cosas. Para buscar algo intento de varias formas similares y después de tartar muchas veces diciéndome que no encuentran finalmente sale,Es muy difícil encontrar exactamente las palabras que publican las cosas. Para buscar algo intento de varias formas similares y después de tartar muchas veces diciéndome que no encuentran finalmente sale,rocoto64,3.0.1,2026-09-17T20:00:52Z,False,itunes_rss_mostRecent,False,False
a9d08b6620529edb01c96b801a1cfd80604429e92e724e85670ffe316d71d2b9,14561527538,6472232952,Koupon,us,5,Ricardo,Esta buena oferta gracias,Esta buena oferta gracias,el plebem29,3.0.1,2026-09-17T19:15:19Z,False,itunes_rss_mostRecent,False,False
3c8ebb404552f29bbc4b6b38fccc471275a556f9972eaa8cea0c9a49c11fb2d8,14561430522,6472232952,Koupon,us,1,Prices,"On the app, the prices are one thing but when you go to click over to Amazon, they don’t transfer","On the app, the prices are one thing but when you go to click over to Amazon, they don’t transfer",Noo thankss,3.0.1,2026-09-17T18:42:18Z,False,itunes_rss_mostRecent,False,False
f10a2695655e21b14bfcdf2cd8578ae501c4f0c927b3d5c9e0a6ae332a8c07ca,14560366269,6472232952,Koupon,us,1,Codes not working,Every time I try to use the code it says that it is not eligible for my purchase yet it takes me to the item but doesn’t let me use the coupon… tip off not worth the hassle.  Very frustrating and disappointing,Every time I try to use the code it says that it is not eligible for my purchase yet it takes me to the item but doesn’t let me use the coupon… tip off not worth the hassle.  Very frustrating and disappointing,twtylll,3.0.1,2026-09-17T13:20:31Z,False,itunes_rss_mostRecent,False,False
be002a0398911ce796dee75e1b5328f02f461c8d7ecf293bea75095f458be48a,14558356061,6472232952,Koupon,us,5,Deals,I love it !!!,I love it !!!,NICASMURF22,3.0.1,2026-09-16T23:32:43Z,False,itunes_rss_mostRecent,False,False
f383541df5e52ce6dc5406c60ed221a416bd289eb195ca12fc2d81d437ecced0,14557934841,6472232952,Koupon,us,5,Koupon Rocks,I love a bargain especially if it’s on something I shop a lot!!,I love a bargain especially if it’s on something I shop a lot!!,Rmmanage,3.0.1,2026-09-16T20:46:50Z,False,itunes_rss_mostRecent,False,False
beb8a9eec5893372bba045dd846eb7656825ad3e6ed1f99e7e329b837412909c,14556605391,6472232952,Koupon,us,5,Love this!!!,Wish I would’ve found this app sooner … I was able to save over $100 on 3 things in one order !!,Wish I would’ve found this app sooner … I was able to save over $100 on 3 things in one order !!,tinari3,3.0.1,2026-09-16T13:49:28Z,False,itunes_rss_mostRecent,False,False
94284d453b35741b629385e2313619481010bc8dcb3347a0533ef3a6cf8578d4,14556375229,6472232952,Koupon,us,5,Just what I needed,I have saved a lot with this app and all the wonderful discounts it offers,I have saved a lot with this app and all the wonderful discounts it offers,norvelym,3.0.1,2026-09-16T12:42:46Z,False,itunes_rss_mostRecent,False,False
9005b430ebaf6762bab372ed5e1e4d25ab656a3bea96c30cd95929e9b1d0e7a6,14552976168,6472232952,Koupon,us,1,Froze as soon as it installed,"I have not been able to see what it offers, because it froze instantly, and I can’t unfreeze","I have not been able to see what it offers, because it froze instantly, and I can’t unfreeze",beh58,3.0.1,2026-09-15T15:00:17Z,False,itunes_rss_mostRecent,False,False
ba0593c9fcdd1453d7f6d927ada8af006564d19b56863af0d010bcac475bf1ea,14549978037,6472232952,Koupon,us,5,Love saving,Amazon Shopping Queen,Amazon Shopping Queen,Loca casey,3.0.1,2026-09-14T18:59:41Z,False,itunes_rss_mostRecent,False,False
ef35e7e944ed501f8c2116a4d561fabe40dd8bc1b068e010d789a61da1f47221,14548022619,6472232952,Koupon,us,1,SITE STINKS,I could only use 1 coupon!!!!! This site “Stinks”,I could only use 1 coupon!!!!! This site “Stinks”,State champ mike,3.0.1,2026-09-14T07:38:44Z,False,itunes_rss_mostRecent,False,False
41a57a4aa082dd0ea6184827c66d1e490c7e579e015e3efe027f6875eb3dcee4,14547429175,6472232952,Koupon,us,5,Good!!!!,🥰🥰🥰,🥰🥰🥰,Mariellie11,3.0.1,2026-09-14T02:55:46Z,False,itunes_rss_mostRecent,True,False
45b3119f5f46d0dd08d39bbb876fde50b8f15c410b0f6540b2ab37d6dfac2835,14547078383,6472232952,Koupon,us,5,Great value,I love how this app has given me the opportunity to try new products at a discount price.,I love how this app has given me the opportunity to try new products at a discount price.,Mia Mia Carmen,3.0.1,2026-09-14T00:31:15Z,False,itunes_rss_mostRecent,False,False
5e02cbaf43f66ac411fc198bdb7893e698a770bd8375c4b358640920e5feb0c0,14545663608,6472232952,Koupon,us,5,La mejor app de descuentos,Me ha ayudado mucho a mantener mi canal de cupones activo con muchos descuentos cada semana! Y con las mejores ofertas ✨🙌🏻,Me ha ayudado mucho a mantener mi canal de cupones activo con muchos descuentos cada semana! Y con las mejores ofertas ✨🙌🏻,Elyvaldes,3.0.1,2026-09-13T16:21:55Z,False,itunes_rss_mostRecent,False,False
99673c5b641556375e602520f329efc81616882db15385c6651fd00d4d937189,14543538072,6472232952,Koupon,us,1,It don’t work,It don’t work. Don’t waste your time,It don’t work. Don’t waste your time,Superman23232323,3.0.1,2026-09-13T03:48:35Z,False,itunes_rss_mostRecent,False,False
391e76c5523d4266a708f86b352f961599bf03359228244b9c552e1f5aa4903c,14536992584,6472232952,Koupon,us,5,Good,"Good app
😊😊😊","Good app
😊😊😊",Karla Carval,3.0.1,2026-09-11T13:14:57Z,False,itunes_rss_mostRecent,False,False
f319d783691c5c791f71d6df106c36c1bf57ead3a206d89ac9b82aad81c4807f,14536885344,6472232952,Koupon,us,5,Easy to use,Very easy to use and applied automatically,Very easy to use and applied automatically,younce77,3.0.1,2026-09-11T12:43:03Z,False,itunes_rss_mostRecent,False,False
a7bb4cf11755fd7b5fdba7510e30fb3049409ac122df79436b79cbbcc3029f65,14536678052,6472232952,Koupon,us,1,No code,I can’t find a code to put in so I wish they had zero,I can’t find a code to put in so I wish they had zero,Mkcbs,3.0.1,2026-09-11T11:38:27Z,False,itunes_rss_mostRecent,False,False
61ca401256e09e00978e90888d3d8b524d35368f0704b17d8a7a69bc86ecae8c,14535545798,6472232952,Koupon,us,5,Great saving!,Very pleased with app!,Very pleased with app!,cahun~gigi,3.0.1,2026-09-11T03:27:57Z,False,itunes_rss_mostRecent,False,False
cfd778e4f650c3fcb79e8b0ba6a103d952d4af7b8d29fff9e4a7182d11220066,14535344917,6472232952,Koupon,us,1,RG,This coupon it’s not working,This coupon it’s not working,BTHDD,3.0.1,2026-09-11T02:03:50Z,False,itunes_rss_mostRecent,False,False
6e5ec90902388e37ad50daeece5c8578df685203c290ca262a6082dcd86d1211,14535270915,6472232952,Koupon,us,2,Inaccurate,Prices listed are never available.,Prices listed are never available.,Jmam76,3.0.1,2026-09-11T01:34:51Z,False,itunes_rss_mostRecent,False,False
95132cf9534369c9a67110efd0183bce914bd6e69aca4f0bf2e1a7d99677be73,14534623868,6472232952,Koupon,us,1,Not true,Price indicated on mouton is not accurate,Price indicated on mouton is not accurate,Willlow56,3.0.1,2026-09-10T21:19:43Z,False,itunes_rss_mostRecent,False,False
d6a721821462705f873ca407151a028daf71976bff8dedd681b594fa789cb17f,14534322978,6472232952,Koupon,us,5,Esto es REAL!,"Estoy impresionada con esta App, había visto anuncios en Instagram de esta app pero pensaba que eran mentira, hasta que dije, bueno lo voy a intentar, descargué la aplicación, vi un código de algo que ya tenía pensado comprar en Amazon, agarré el código lo pegué en Amazon y sorpresa! Si funcionó!!!
Así que ahora estoy encantada con esta aplicación, la SÚPER RECOMIENDO!!","Estoy impresionada con esta App, había visto anuncios en Instagram de esta app pero pensaba que eran mentira, hasta que dije, bueno lo voy a intentar, descargué la aplicación, vi un código de algo que ya tenía pensado comprar en Amazon, agarré el código lo pegué en Amazon y sorpresa! Si funcionó!!!
Así que ahora estoy encantada con esta aplicación, la SÚPER RECOMIENDO!!",Porcayitha,3.0.1,2026-09-10T19:30:17Z,False,itunes_rss_mostRecent,False,False
3afc7ec0473ecdaa95a08a630a1cc8c5d498a24130f36638f7fcc434688e835d,14533306362,6472232952,Koupon,us,5,Muy Buena,Lupine,Lupine,Kuopon,3.0.1,2026-09-10T14:17:22Z,False,itunes_rss_mostRecent,False,False
2b7dccdf9c81e0ccbe90a185b076031c42be9a81b630394277f1bd9ea7db2cc0,14531165045,6472232952,Koupon,us,5,Vale la pena,"Es increíble, solo que busques ofertas cuando estes seguro de que vas ah comprar porque pasan rápido, yo aun no pido pero si eh aplicado los cupones en las cosas que quiero comprar y si que bajan de precio. Espero pronto poder hacerlo","Es increíble, solo que busques ofertas cuando estes seguro de que vas ah comprar porque pasan rápido, yo aun no pido pero si eh aplicado los cupones en las cosas que quiero comprar y si que bajan de precio. Espero pronto poder hacerlo",Marídalia,3.0.1,2026-09-10T00:29:49Z,False,itunes_rss_mostRecent,False,False
9928d6051da00a7b8fd4e5bb928aa09dfa0cd20c8bd4131e0ae70436b07a21f9,14530983200,6472232952,Koupon,us,1,Did not work,I clicked on two different items for Amazon. The price didn’t change. There was no place to put in a coupon code or anything so something that’s not working right with this app or I just don’t wanna work for me.,I clicked on two different items for Amazon. The price didn’t change. There was no place to put in a coupon code or anything so something that’s not working right with this app or I just don’t wanna work for me.,Vervet64,3.0.1,2026-09-09T23:19:25Z,False,itunes_rss_mostRecent,False,False
ccc56076f4d0fc129b9f514d92d3f80e47915d7e0de93ae1cc92962f88996937,14530868546,6472232952,Koupon,us,1,Doesn’t work,"Terrible! None of the coupons worked, it’s a scam","Terrible! None of the coupons worked, it’s a scam",Pedrosses,3.0.1,2026-09-09T22:34:36Z,False,itunes_rss_mostRecent,False,False
4ecd9e39b99f119448d235783deb2f7aaad1c25faf24603663e6622dcc051e98,14530669268,6472232952,Koupon,us,1,How does it work properl,"Tried to use code on this app for Amazon and it does not help like the code doesn’t work please fix this problem, cause I would love to use it more","Tried to use code on this app for Amazon and it does not help like the code doesn’t work please fix this problem, cause I would love to use it more",BigCountryAllen,3.0.1,2026-09-09T21:18:22Z,False,itunes_rss_mostRecent,False,False
8ef7eca7ec0ff79ec9118964d8a74c6503629192a13a4392a1dd63e9dde31742,14529559160,6472232952,Koupon,us,5,Awesome products,Loves it,Loves it,ameet prajapati,3.0.1,2026-09-09T15:16:07Z,False,itunes_rss_mostRecent,False,False
a8585b5981e866a62782db89a0c1f040b64b24d9bcb9d9edef9791ead27736a3,14525728670,6472232952,Koupon,us,5,Amazing!!!,The best place to get coupons and codes!  If you are on the fence please get it!! It will save you so much $$!,The best place to get coupons and codes!  If you are on the fence please get it!! It will save you so much $$!,Sweetestpea78,3.0.1,2026-09-08T15:39:32Z,False,itunes_rss_mostRecent,False,False
09d18c047c5a54308ae659f7357458fac1b51a98ad630d6cdccb613be75a5339,14525697628,6472232952,Koupon,us,5,Excelente,Me encanta esta app para mis compras de Amazon 😍,Me encanta esta app para mis compras de Amazon 😍,RroCcio,3.0.1,2026-09-08T15:30:20Z,False,itunes_rss_mostRecent,False,False
27b6b964b075568bc104a244b215c955bfa4808d11ce317fff8149faf042e0e0,14525099732,6472232952,Koupon,us,1,Waste of time.,Doesn’t give you a deal on anything.,Doesn’t give you a deal on anything.,micheal.turbush,3.0.1,2026-09-08T12:33:25Z,False,itunes_rss_mostRecent,False,False
2da3a922428a6ed0f94928cd9b0b1d714d94bf17227a902b064200f7716c3831,14523459558,6472232952,Koupon,us,2,Cupo,Bien,Bien,Baratos o,3.0.1,2026-09-08T00:53:18Z,False,itunes_rss_mostRecent,False,False
c86b17df39c4128d5bfba051619b6446054aec293ce4a1aba894576276ca01f3,14522921727,6472232952,Koupon,us,1,Worked once,Worked only 1st time,Worked only 1st time,Gdjffjhfjv,3.0.1,2026-09-07T21:20:48Z,False,itunes_rss_mostRecent,False,False
da2d7bc764d590ea66ab47c875d7223e645dd1773672bde1ba762fd4403d7ffa,14522238037,6472232952,Koupon,us,5,Awesome app!,I’ve found coupons for Amazon products I had sitting in my cart! They were valid and worked! Got several items for 50-60% off,I’ve found coupons for Amazon products I had sitting in my cart! They were valid and worked! Got several items for 50-60% off,Codee21,3.0.1,2026-09-07T17:34:22Z,False,itunes_rss_mostRecent,False,False
7ed427009d24ef7bb455084a4085237fb26d6d0f81ff11ded614c52c8e7fd329,14522014462,6472232952,Koupon,us,3,Difícil de entender,Es complicado entender cómo hacer las promociones válidas y estas expiran al parecer muy rápido.,Es complicado entender cómo hacer las promociones válidas y estas expiran al parecer muy rápido.,OscNE68,3.0.1,2026-09-07T16:27:31Z,False,itunes_rss_mostRecent,False,False
528639f42c4d312eb3ceda8ddf2d8b4f0613119ad39297eb750d651961aaff62,14520195068,6472232952,Koupon,us,5,Súper económico,Recomiendo esta aplicación para obtener buenas ofertas,Recomiendo esta aplicación para obtener buenas ofertas,Lavisns,3.0.1,2026-09-07T05:12:23Z,False,itunes_rss_mostRecent,False,False
aa75f6fa7411340d455b2a8c1587035a1be910fe66c130256190f6c831e79271,14519194868,6472232952,Koupon,us,5,Vida,Me encanta,Me encanta,VIDA1701,3.0.1,2026-09-06T22:07:07Z,False,itunes_rss_mostRecent,False,False
215b497350511f4ee7dda3fb81d24a47fdae2a89736af37bd3adc83d2eaef944,14518555644,6472232952,Koupon,us,1,Descuentos,Encontré una blusa que normal costaría $25 y con koupon me costó $5.99,Encontré una blusa que normal costaría $25 y con koupon me costó $5.99,Lakupu,3.0.1,2026-09-06T18:17:06Z,False,itunes_rss_mostRecent,False,False
a8f38b18a808b068e3fc7e56f825ab284bc4f0e0bdd08838a4efeace53628087,14518390378,6472232952,Koupon,us,5,Good application,Excellent,Excellent,س ل,3.0.1,2026-09-06T17:25:12Z,False,itunes_rss_mostRecent,False,False
f4a4e6b00b5882052d8c92684f0ef99cc81166e06edc71810b94a5399fe4eb05,14516358701,6472232952,Koupon,us,5,Must use to save$$$,Saved lots of money! Thanks,Saved lots of money! Thanks,salty livin,3.0.1,2026-09-06T05:47:28Z,False,itunes_rss_mostRecent,False,False
576632bb349135a09fd206ac8cdc491bc99429a9856717fc2d685989c891728e,14515444341,6472232952,Koupon,us,5,Súper,Ok,Ok,Rafe El Pana,3.0.1,2026-09-05T23:36:57Z,False,itunes_rss_mostRecent,True,False
4d77754c599a16ba28659ca3fc06e48d2eb52101d52935537e716ae22a57cbc5,14514814458,6472232952,Koupon,us,5,Excelente,Me encanta esta app,Me encanta esta app,Santa may,3.0.1,2026-09-05T19:33:06Z,False,itunes_rss_mostRecent,False,False
89410fb01209b27a470579b673d5389f56aa37fc983df32209541ded9055bc73,14513754356,6472232952,Koupon,us,5,The Best App,I have saved so much with all the promos & codes,I have saved so much with all the promos & codes,cara Yam,3.0.1,2026-09-05T14:16:30Z,False,itunes_rss_mostRecent,False,False
85d1b541d7ae812ecce11d36ff060872037b52cc2a8ec273d2037875fc07e90e,14512257819,6472232952,Koupon,us,1,Terrible,The promo code doesn’t do nothing it doesn’t save u money on anything,The promo code doesn’t do nothing it doesn’t save u money on anything,Jessica@Marie@Theresa,3.0.1,2026-09-05T05:09:44Z,False,itunes_rss_mostRecent,False,False
e32d86dc2bba5f2288ff54fc63b775103328255ebe6fd8ef9734e5b4378b719e,14511134161,6472232952,Koupon,us,5,Saving,"Very nice app , you really save in items you love","Very nice app , you really save in items you love",MillieMarcia,3.0.1,2026-09-04T21:43:19Z,False,itunes_rss_mostRecent,False,False
c443c68269805255e76981bd94cc44dda3ca3c4398f720b972dec7953aa86523,14510382083,6472232952,Koupon,us,5,Great app for saving,I have been using this app and have been able to get some amazing deals.,I have been using this app and have been able to get some amazing deals.,Koolmom73@,3.0.1,2026-09-04T17:19:36Z,False,itunes_rss_mostRecent,False,False
dae7270b73647683a1b7b7dad933904ed6ace331e523d48e1e2be487fb3d4c9d,14506445575,6472232952,Koupon,us,5,Great for saving,"Really nice to get deals especially on things I didn’t actually think of, but certainly need especially today in this questionable time","Really nice to get deals especially on things I didn’t actually think of, but certainly need especially today in this questionable time",Skybeach1980,3.0.1,2026-09-03T17:15:06Z,False,itunes_rss_mostRecent,False,False
e805a8f9fc15ff05a26518bfd72cbe905b5c7ba6e1e94e805434947933d21499,14506432842,6472232952,Koupon,us,5,genuine discounts,"Real discounts—find great deals on a wide range of products, pay much less, and take advantage of the coupons.","Real discounts—find great deals on a wide range of products, pay much less, and take advantage of the coupons.",Gozdieski,3.0.1,2026-09-03T17:11:05Z,False,itunes_rss_mostRecent,False,False
675a8229cb46ccbf06cd49b91073a752af651b87bf014d7c491e086ba6ffc68f,14502713060,6472232952,Koupon,us,5,Real,De verdad se ahorra,De verdad se ahorra,LolyBBS,3.0.0,2026-09-02T17:59:35Z,False,itunes_rss_mostRecent,False,False
486ae718345ee31d0f098ac052f1824e9a03509142dd675cbc0f8ce5d890034f,14500457029,6472232952,Koupon,us,4,Worked on one item,I got it to work on one item. Would be nice if it worked on other items,I got it to work on one item. Would be nice if it worked on other items,bmwryann,3.0.0,2026-09-02T04:43:36Z,False,itunes_rss_mostRecent,False,False
265d793d3ced7ebc7ebc04b521b48d1450e2c3e4a443fe25bc30e386335d7383,14500046476,6472232952,Koupon,us,5,Bien,Very cool,Very cool,ministro jimenez,3.0.0,2026-09-02T01:51:25Z,False,itunes_rss_mostRecent,False,False
877fdd397aa1c04b4cccce27357413e0afdbeacf6c8b902e52454b16a2af68ac,14499766042,6472232952,Koupon,us,5,❤️❤️❤️❤️❤️❤️,❤️❤️❤️❤️❤️❤️❤️❤️❤️,❤️❤️❤️❤️❤️❤️❤️❤️❤️,Buenoooooo❤️❤️❤️❤️❤️❤️❤️,3.0.0,2026-09-02T00:04:06Z,False,itunes_rss_mostRecent,True,False
1d8660c0b66f2fb981e9d004117b93b926b324e9d4f0e6e0798e403fad90c15f,14499738207,6472232952,Koupon,us,5,Fascinada,Súper muy cómoda y economiza,Súper muy cómoda y economiza,MartinezCruz,3.0.0,2026-09-01T23:53:09Z,False,itunes_rss_mostRecent,False,False
bb9942107a2b401edf1b7777e4b71fc857e21d62b93b53a1e99f8d65da61dae6,14497999039,6472232952,Koupon,us,5,Me encanta,"Muy buena aplicación, recomendada","Muy buena aplicación, recomendada",Entretenida💯,3.0.0,2026-09-01T14:16:24Z,False,itunes_rss_mostRecent,False,False
9c4c891253ac4ddc460371a0dcc0168e01fe435c3d575bf9e8784cb94117139c,14496339872,6472232952,Koupon,us,5,La mejor,Me encanta los deals que tiene,Me encanta los deals que tiene,Sheeka_13,3.0.0,2026-09-01T03:43:13Z,False,itunes_rss_mostRecent,False,False
2c294cfd3be0e50860d83e19a39e4d93f55383eea5248ff5748975e75b0471a1,14495796704,6472232952,Koupon,us,5,Fantastic,This app is amazing. Why I wouldn’t use it before?,This app is amazing. Why I wouldn’t use it before?,leo.coelho.dourado,3.0.0,2026-09-01T00:06:53Z,False,itunes_rss_mostRecent,False,False
ae12bbef708e49243e8c17838dea5e5e9245f0fbf7618fff2089ddfd8acbd9b4,14495052086,6472232952,Koupon,us,1,I’d give it no stars,Didn’t work no deal on everything I tried,Didn’t work no deal on everything I tried,pbazer,3.0.0,2026-08-31T19:28:35Z,False,itunes_rss_mostRecent,False,False
1dd3d3eca5679ef838621f12293781bbcc6eb07e57a7d13f427067e6517b653b,14491862105,6472232952,Koupon,us,4,Seems great,You have to be sure to click the right arrow to apply the codes. Took me a bit to see this because I just pasted the code and hit continue. There’s an arrow after you paste the code; hit the arrow  to the right of the box and not continue.,You have to be sure to click the right arrow to apply the codes. Took me a bit to see this because I just pasted the code and hit continue. There’s an arrow after you paste the code; hit the arrow  to the right of the box and not continue.,law1019,3.0.0,2026-08-31T00:08:47Z,False,itunes_rss_mostRecent,False,False
83ee098719afc9a92295c4ef49b94076502cc59ccb9261ca2535c09010a535a9,14491067133,6472232952,Koupon,us,5,Love it,Love it ♥️,Love it ♥️,debbie♥️,3.0.0,2026-08-30T19:10:01Z,False,itunes_rss_mostRecent,False,False
26df5868d317418b0ab279e654a83916c55a3d0c409b37da5d2f81b4fbdc180f,14490943747,6472232952,Koupon,us,5,Good,Super good,Super good,vero@jey,3.0.0,2026-08-30T18:30:09Z,False,itunes_rss_mostRecent,False,False
c43c132155c5b12b37f64d9d0eb33466b52756f12869de3b1cc3070567c09ad1,14489210357,6472232952,Koupon,us,5,My opinion,I love the app I buy many things,I love the app I buy many things,Mary”1,3.0.0,2026-08-30T09:18:47Z,False,itunes_rss_mostRecent,False,False
134721eed9b76fc93a83626b9d8bfb77dddb59b650f5a4df861412f9ddbc7579,14487441028,6472232952,Koupon,us,2,Shipping is SLOW,Everything that I purchase using the discount codes from this app has been at least a week to 3 weeks arriving. Some items have been refunded because they never ship. I don’t understand why it take so long if these are Amazon orders,Everything that I purchase using the discount codes from this app has been at least a week to 3 weeks arriving. Some items have been refunded because they never ship. I don’t understand why it take so long if these are Amazon orders,Chel@20!,2.13.7,2026-08-29T21:03:07Z,False,itunes_rss_mostRecent,False,False
fb9e1cf642e2a6630346a0d461a20b7cd12fb9fd165b632b3caaf4f3abe19678,14487191159,6472232952,Koupon,us,5,Excelente,La recomiendo que la usen,La recomiendo que la usen,pulluquita,2.13.7,2026-08-29T19:31:58Z,False,itunes_rss_mostRecent,False,False
84009c35786457dd6c4a72aea6764adacca2e5302c4d9a443604edcba5b5fb1a,14482605393,6472232952,Koupon,us,5,Love this app!!,Great discounts on many items I normally buy,Great discounts on many items I normally buy,Great Koupons,2.13.7,2026-08-28T16:02:10Z,False,itunes_rss_mostRecent,False,False
1c7aa7f3a839ef8d3675848c0dc715fd5f0207339fcfe57a10fdc13a4b15fe90,14480743364,6472232952,Koupon,us,1,Inaccurate prices,"Sale
Prices listed in the app are way lower than the actual price on Amazon etc..I am not referring to items that are associated with promo codes-the actual advertised “sale price” on this site does NOT seem to match the actual price on the retailers website…","Sale
Prices listed in the app are way lower than the actual price on Amazon etc..I am not referring to items that are associated with promo codes-the actual advertised “sale price” on this site does NOT seem to match the actual price on the retailers website…",Sdot0586,2.13.7,2026-08-28T04:54:35Z,False,itunes_rss_mostRecent,False,False
d1a7bf4fda496e346814b2ded12945b4fdb2bca5bbe238f2eadd3ec99141287f,14472024334,6472232952,Koupon,us,1,Can’t get past top screen,Tried to use this app but top pop up “Top trending now” after initial install—can’t get past it. Close app and restart and no close button.,Tried to use this app but top pop up “Top trending now” after initial install—can’t get past it. Close app and restart and no close button.,Stutzmas,2.13.7,2026-08-25T22:44:43Z,False,itunes_rss_mostRecent,False,False
f5b6343cbfce68f9f3a494da24358a25a7f03eacd86b8df5700e6d06d91435e4,14471536303,6472232952,Koupon,us,5,What a great value,Outstanding so glad I discovered this app. I have been shopping like crazy but spending a significant amount less getting the exact products I have always wanted and the things I have needed.,Outstanding so glad I discovered this app. I have been shopping like crazy but spending a significant amount less getting the exact products I have always wanted and the things I have needed.,JC Designs,2.13.7,2026-08-25T19:37:35Z,False,itunes_rss_mostRecent,False,False
3cdafb9e507082192ddaa16d55be055cc5f312ae1e43833af6fc61106e019490,14471108079,6472232952,Koupon,us,1,Not true to the ads,Coupons and codes are invalid at check out. Most deals are just what’s Amazon already offers. ( I searched the products before trying to use the order through Amazon and copying any codes). Basically this is a fancy Sunday sales paper.,Coupons and codes are invalid at check out. Most deals are just what’s Amazon already offers. ( I searched the products before trying to use the order through Amazon and copying any codes). Basically this is a fancy Sunday sales paper.,JavaJay MT,2.13.7,2026-08-25T17:12:28Z,False,itunes_rss_mostRecent,False,False
bf57f0a131410ad39ec63d791849cd00d5b32eac805399712b2686a6356d7c02,14468541859,6472232952,Koupon,us,1,App don’t work.,I’ve downloaded the app 3 times and can’t use it. It freezes up on my iPad. So disappointing.,I’ve downloaded the app 3 times and can’t use it. It freezes up on my iPad. So disappointing.,yukka31,2.13.7,2026-08-25T01:35:01Z,False,itunes_rss_mostRecent,False,False
331c0b3e1115f796d0cb5d95f494c25fae766ad785176ac991de505bd4468e67,14461162266,6472232952,Koupon,us,1,No way or place to apply these discount codes on the Amazon product page!,Can’t use these codes if there’s no place to apply them. The instructions on how to apply codes is not an option on Amazon.,Can’t use these codes if there’s no place to apply them. The instructions on how to apply codes is not an option on Amazon.,Kal0658,2.13.7,2026-08-23T04:02:25Z,False,itunes_rss_mostRecent,False,False
de5d0ff6117a292eba428995dff0695edc364ede5a00022b05b147d9155d621c,14459287241,6472232952,Koupon,us,5,Koupon,Lo mejor,Lo mejor,Koupo Max,2.13.7,2026-08-22T16:16:10Z,False,itunes_rss_mostRecent,False,False
b4df76f444d0510ba3031acbb3a768e2b2aeb4d46a5eaa5a4345fbb05ffd8ac3,14457871109,6472232952,Koupon,us,1,Doesn’t work,"May be my settings, but it never works for me","May be my settings, but it never works for me",melsan01,2.13.7,2026-08-22T08:16:14Z,False,itunes_rss_mostRecent,False,False
a09fc74b5661fe92c8900a3f93116b5dce632b20675f16c0e62d6e8724195d51,14454693696,6472232952,Koupon,us,1,Nonsirven,Los cupones no descuentan,Los cupones no descuentan,Cyngeoraaa,2.13.7,2026-08-21T12:49:15Z,False,itunes_rss_mostRecent,False,False
be6f4e87b11e05ceb7bec29fe6aab669521a12f2ae3890e7ce3b6176fcf0e7ab,14445052798,6472232952,Koupon,us,5,Good deal,Ordered a dog indoor camera that was 49.99 and paid 13.00!,Ordered a dog indoor camera that was 49.99 and paid 13.00!,Airmanchambers,2.13.7,2026-08-19T02:04:36Z,False,itunes_rss_mostRecent,False,False
0f0b7643f80c8c750540d1000c354e90fa531f1ce3fb780915dbde3efb09f809,14439904692,6472232952,Koupon,us,5,Koupon Real Deal& Codes,Excelente aplicación descuentos fenomenales la recomiendo muchísimo,Excelente aplicación descuentos fenomenales la recomiendo muchísimo,Mía cuba,2.13.7,2026-08-17T19:01:52Z,False,itunes_rss_mostRecent,False,False
a56080972c06aa95eb9b81723db0bebc8f1cf296e053201c99addec0fb45384c,14438759790,6472232952,Koupon,us,5,Espectacular los descuentos,Muy beneficiario para los que compran en Amazon sus descuentos son súper,Muy beneficiario para los que compran en Amazon sus descuentos son súper,Cliente de Amazon,2.13.7,2026-08-17T13:18:33Z,False,itunes_rss_mostRecent,False,False
c2881bc8dfad3d7c8b73eb00ed1d73f21c1ce0ff03cfb8e4cd9f29086c482925,14437375362,6472232952,Koupon,us,5,Excellent,Excellent,Excellent,Go☝🏻,2.13.7,2026-08-17T04:21:36Z,False,itunes_rss_mostRecent,False,False
5cfdf750e07f8ea97626b66aa29125db72607e310792e060cf7e03b166b780de,14434860041,6472232952,Koupon,us,5,Maravilloso,He conseguido descuentos buenisimos gracias,He conseguido descuentos buenisimos gracias,Vega5278,2.13.7,2026-08-16T13:51:27Z,False,itunes_rss_mostRecent,False,False
98e6443b62b67aab600a0dc0ae2f343f20702a02a8cc9c99ad5fd04414c44629,14431706242,6472232952,Koupon,us,5,Excellent Discount App,"I only discovered this excellent app a few days ago, and I’ve already recommended it to about eight friends and family members. It’s fantastic! You have to try it!","I only discovered this excellent app a few days ago, and I’ve already recommended it to about eight friends and family members. It’s fantastic! You have to try it!",Ycnan yoly,2.13.7,2026-08-15T17:50:15Z,False,itunes_rss_mostRecent,False,False
fa81ae5ce917e9d7dc3ada97adc6ccb1fbae60ae9a4a1236f19db0688f6cd104,14431664803,6472232952,Koupon,us,5,Real deals,Instant savings,Instant savings,PP Shopping Spree,2.13.7,2026-08-15T17:37:12Z,False,itunes_rss_mostRecent,False,False
ff9e100ba28a89a22e94ee4f5cc635a59d7fd5486e061a8ffc92a182a199d143,14422657912,6472232952,Koupon,us,5,Savings!,Best savings app out there! If you shop Amazon you need this app!,Best savings app out there! If you shop Amazon you need this app!,A.Llarson,2.13.6,2026-08-13T13:12:04Z,False,itunes_rss_mostRecent,False,False
719453f4d8a9a398ddd155b7857e2339ffd8233eeeee564eb27c6690745cfcc1,14419127903,6472232952,Koupon,us,5,Janie,Great app! Love that for clothing it shows the differing discounts between sizes and  colors of each item,Great app! Love that for clothing it shows the differing discounts between sizes and  colors of each item,6262&$/62)9:$;):$28,2.13.5,2026-08-12T15:39:25Z,False,itunes_rss_mostRecent,False,False
6652dc7865332b7b14ad2f2bd8dbbf17417794df621aaacef128ff2ca46719de,14418931980,6472232952,Koupon,us,1,Codes,I have tried 2 codes this morning. They do not work!,I have tried 2 codes this morning. They do not work!,Daphne72$,2.13.5,2026-08-12T14:44:00Z,False,itunes_rss_mostRecent,False,False
51c8de29bba8aed1deb4bd1eaf01505efe72b99947b8f514932de67342c363f8,14416199435,6472232952,Koupon,us,5,Amazing!!,"You can save in most of the items you buy in Amazon, Ebay, and much more.. crazy!!!! A must have app for saving","You can save in most of the items you buy in Amazon, Ebay, and much more.. crazy!!!! A must have app for saving",Masseur11,2.13.5,2026-08-11T21:50:33Z,False,itunes_rss_mostRecent,False,False
608d31ade0fdf63405d1fdb179d03a64e354b53ce2af5b7fa233428e6427777f,14414521315,6472232952,Koupon,us,5,Lo mejor,Me encanta es buenísimo te ahorras mucho,Me encanta es buenísimo te ahorras mucho,FlorKoupons,2.13.4,2026-08-11T13:05:57Z,False,itunes_rss_mostRecent,False,False
e90fda8d5a5fb1abc2bcd5b6e146a500b98bb12115dfc318e4cefd413dec7480,14407982339,6472232952,Koupon,us,5,Practica,Me encanta es real sus cupones los mejores,Me encanta es real sus cupones los mejores,Yelianyi,2.13.4,2026-08-09T20:40:08Z,False,itunes_rss_mostRecent,False,False
27236f0238b192300c290adaab99dcdd4ade1d6a429fea3f8fe01b8803606a05,14404913129,6472232952,Koupon,us,1,The codes don’t work,The codes didn’t work I tried to use a couple of the code on Amazon and the did not work.This app was a waste of my time,The codes didn’t work I tried to use a couple of the code on Amazon and the did not work.This app was a waste of my time,Maggie Mae 2026?!,2.13.4,2026-08-09T01:48:11Z,False,itunes_rss_mostRecent,False,False
d16ce5105d6241adf67675bb9e509a6156ac7fb681dfe75a1bd399a7fd1f3314,14403601230,6472232952,Koupon,us,5,Excelente opción en descuentos,Compra tus artículos con las mejores ofertas,Compra tus artículos con las mejores ofertas,Gilbert.98,2.13.4,2026-08-08T17:23:47Z,False,itunes_rss_mostRecent,False,False
235af9a5c53a0106797e2ca0e8495e9b2e240a9279468643d954dd8bb35e747e,14402890911,6472232952,Koupon,us,5,Love it,So easy to use!,So easy to use!,paulabtt,2.13.4,2026-08-08T13:48:41Z,False,itunes_rss_mostRecent,False,False
f4b1edad75a70a5950879960b91d82ab604e41c061d3722bb22a95e67b5ff18d,14401539166,6472232952,Koupon,us,5,Genial,Es muy útil a la hora de encontrar rebajas .,Es muy útil a la hora de encontrar rebajas .,Marmarge,2.13.4,2026-08-08T04:52:14Z,False,itunes_rss_mostRecent,False,False
dbf67a90f550320611510ed48064a49fd06e47a37fb7a7687b3fb07afc2e7ced,14398814917,6472232952,Koupon,us,1,Doesn’t work,I tried it and it didn’t discount it,I tried it and it didn’t discount it,Vs1225,2.13.3,2026-08-07T12:48:14Z,False,itunes_rss_mostRecent,False,False
07b521dbab77f141aea7f363e3e6876216e797257c369021c4feac5c11c710ef,14396616230,6472232952,Koupon,us,5,Love this app,This is app so easy to use and you save a ton of money on the stuff you buy and want!! I love it so much and would die without this app!!,This is app so easy to use and you save a ton of money on the stuff you buy and want!! I love it so much and would die without this app!!,Pure Radiance 2026,2.13.2,2026-08-06T22:18:00Z,False,itunes_rss_mostRecent,False,False
4e6e3c6e13ae87538d4395b2b11d66ee0241bc51cfa1d509d34342fc17b4edbb,14396526745,6472232952,Koupon,us,5,Legit!!!,I only use the app for Amazon but every coupon code works!,I only use the app for Amazon but every coupon code works!,caddolynn,2.13.2,2026-08-06T21:43:17Z,False,itunes_rss_mostRecent,False,False
21c21ff4e4d06c59542715a9405d22963839dd433724a2bd141655fec40753d9,14393247929,6472232952,Koupon,us,5,Easy,Super simple to use and apply! Don’t forget to read the simple tutorial for first timers! Awesome discount!,Super simple to use and apply! Don’t forget to read the simple tutorial for first timers! Awesome discount!,Mello2013,2.13.2,2026-08-06T02:21:52Z,False,itunes_rss_mostRecent,False,False
031bc837a2ef5c0a3fe8d20ca033c1d1a0031aadf0a0ba701b087a938415bf42,14389277130,6472232952,Koupon,us,1,Lenguaje,No da opciónes para traducción a otros idiomas,No da opciónes para traducción a otros idiomas,Gato10-23,2.13.2,2026-08-05T02:57:48Z,False,itunes_rss_mostRecent,False,False
36bb3b346d40b6955a9fda51f248768f18351ad37da694d196b8e29ab0fae3b1,14389217369,6472232952,Koupon,us,1,Doesn’t work,Can’t search anything can’t use the app at all won’t move from the opening page,Can’t search anything can’t use the app at all won’t move from the opening page,Mo3Mon3yMo3Probl3mz,2.13.2,2026-08-05T02:35:13Z,False,itunes_rss_mostRecent,False,False
ef45710475fc3aeb6e4a717758db596a0ca8edc294e15f3b3c0066173fb21682,14388239433,6472232952,Koupon,us,1,Frozen,"After downloading it, froze up, all I can do is delete it. Sucks!","After downloading it, froze up, all I can do is delete it. Sucks!",Kathrym House,2.13.2,2026-08-04T20:27:52Z,False,itunes_rss_mostRecent,False,False
5e499bd0e61091105fdcddeac18574485cf77023abe7eaefc64377d883390ab3,14387686439,6472232952,Koupon,us,1,Feel lied to about deals,"I have tried at least 4 different deals. Always make sure I click it through the email where I received the deal information, the day I got the email, so it’s not expired. I always make sure to copy/ paste the code and if that doesn’t work to type it in, unless the deal/ coupon shows up on Amazon itself once I open it through the email, key size accurate if I have to put it in myself, and into the gift/ voucher/ etc box. And nothing… every single time.
I believe the application to be invalid, inaccurate, and/ or possibly fake.","I have tried at least 4 different deals. Always make sure I click it through the email where I received the deal information, the day I got the email, so it’s not expired. I always make sure to copy/ paste the code and if that doesn’t work to type it in, unless the deal/ coupon shows up on Amazon itself once I open it through the email, key size accurate if I have to put it in myself, and into the gift/ voucher/ etc box. And nothing… every single time. 
I believe the application to be invalid, inaccurate, and/ or possibly fake.",Shizeno,2.13.2,2026-08-04T17:26:09Z,False,itunes_rss_mostRecent,False,False
22b4826e2027b7580a8d8c3340e0ba36b10d07b70d69aac121dac8be8b598852,14383984239,6472232952,Koupon,us,5,Recomendada,Promociona buenas ofertas y descuentos,Promociona buenas ofertas y descuentos,qwgvvjnvgjn,2.13.2,2026-08-03T19:39:06Z,False,itunes_rss_mostRecent,False,False
37e6e336e75dd059818b141bfbab5c850390b3f4a91b1691c8be1ad983e66859,14382864266,6472232952,Koupon,us,1,Wrong code,The code didn’t work when I tried to purchase it,The code didn’t work when I tried to purchase it,Mona Bitar,2.13.2,2026-08-03T14:07:45Z,False,itunes_rss_mostRecent,False,False
c6eba9b5b700761aea1d07b38eb62be8e4f02be625b416d0ab242a1d4d2d39e6,14376686279,6472232952,Koupon,us,5,So helpful,I love this app so much it always helps me get what I want or a version of what I want discounted,I love this app so much it always helps me get what I want or a version of what I want discounted,Occ13,2.13.2,2026-08-02T00:40:52Z,False,itunes_rss_mostRecent,False,False
f715daf2fd202cbe71f6c7c9d9310dbca695b8476c9477cfb231a02c3ea31330,14376329384,6472232952,Koupon,us,5,Great deals,I like the coupons deals,I like the coupons deals,dniel$,2.13.2,2026-08-01T22:18:12Z,False,itunes_rss_mostRecent,False,False
41e4a7909196a4f2d4da5e2d37042a52cb17975ee30a1fca66e9b120e9683500,14375939052,6472232952,Koupon,us,5,Da besht bro,Very very goodings,Very very goodings,Gabri_ita7,2.13.2,2026-08-01T19:52:19Z,False,itunes_rss_mostRecent,False,False
511eb05c86087bba14d1df3456cc3ce175bf5818e0119cfcb8794ebf4933342d,14374354029,6472232952,Koupon,us,1,Junk,Haven’t had one coupon to work all day!!!!,Haven’t had one coupon to work all day!!!!,Hayhayj10,2.13.2,2026-08-01T11:50:29Z,False,itunes_rss_mostRecent,False,False
d02b38c24dbf3b32f60e3c338269daa77ec2042655d65bfb7b4e686c297adc87,14367780712,6472232952,Koupon,us,5,Deals,It is an awesome way to get Down to a reasonable  price point that you’re looking for. Or at least a lower price,It is an awesome way to get Down to a reasonable  price point that you’re looking for. Or at least a lower price,Bear243 -256,2.13.2,2026-07-30T19:52:02Z,False,itunes_rss_mostRecent,False,False
8aecc2dd439fcb1b34753d78346d8bf799eb74379d6ec4592ddf2e39ad8c3fd0,14367547322,6472232952,Koupon,us,2,Waste of space,I’ve had this app for weeks and anything worth buying that you want is not on the app what they have on there it’s all the rejects that nobody wants.,I’ve had this app for weeks and anything worth buying that you want is not on the app what they have on there it’s all the rejects that nobody wants.,(Tim)29,2.13.2,2026-07-30T18:33:39Z,False,itunes_rss_mostRecent,False,False
e6befd73fcd25b897b4f9a33c4c5fca46e5e907ad909ed194d75468e9fc8e894,14366989190,6472232952,Koupon,us,1,Codes don’t work !,IVBWIC8L codes don’t work!,IVBWIC8L codes don’t work!,milewise policy holder,2.13.2,2026-07-30T15:43:15Z,False,itunes_rss_mostRecent,False,False
f1441164449f52d73074cf2c8894c771d41bf651fd05870b15abbd6bf56ad7ee,14366860217,6472232952,Koupon,us,1,It doesn’t work,None of the codes I’ve tried to use are available and working.,None of the codes I’ve tried to use are available and working.,ani-bluelion,2.13.2,2026-07-30T15:06:33Z,False,itunes_rss_mostRecent,False,False
d666ae427275002c2be1ffc3e1f7a8fb46f179b809f400404b485072fdf7a6be,14364809352,6472232952,Koupon,us,1,One of the best apps on app store,Best app ever,Best app ever,YanixanJD,2.13.2,2026-07-30T02:41:42Z,False,itunes_rss_mostRecent,False,False
f726368d6236a7b759f46e97da85d9a857fe2f5a55a962471bd62dec8e32fe66,14364456398,6472232952,Koupon,us,5,Love it!,Me encanta esta aplicación. Ya e comprado cositas en Amazon a mejor precio y es muy fácil de usar.,Me encanta esta aplicación. Ya e comprado cositas en Amazon a mejor precio y es muy fácil de usar.,Dlissnails,2.13.2,2026-07-30T00:29:51Z,False,itunes_rss_mostRecent,False,False
eb495357d23f1f5e6e81614a0765f1eea7bb69dcc0d65ce339755a47bb170add,14362883100,6472232952,Koupon,us,1,Bad Promo Code,"I have had this app for a while, but never used it until today. When I coped the promo code and pasted it into Amazon, it didn’t work. I tried it twice, in fact.","I have had this app for a while, but never used it until today. When I coped the promo code and pasted it into Amazon, it didn’t work. I tried it twice, in fact.",MDB 1974,2.13.2,2026-07-29T15:27:49Z,False,itunes_rss_mostRecent,False,False
dcae53d317488babbbbd772dd4edbc78185705160263e0749dafd9616adbfece,14360134355,6472232952,Koupon,us,5,Great App!!,Absolutely LOVE this app!! Great deals everyday❤️,Absolutely LOVE this app!! Great deals everyday❤️,Prowdmammaof4,2.12.19,2026-07-28T22:38:37Z,False,itunes_rss_mostRecent,False,False
f96df254c19f06c43c74754eb9e145db52439cda809c8f1aeb3a424af04c2de5,14354947331,6472232952,Koupon,us,1,Doesn’t work,I’m not able to get the codes to work. Bummer,I’m not able to get the codes to work. Bummer,lisa4221,2.12.19,2026-07-27T16:24:32Z,False,itunes_rss_mostRecent,False,False
e98b07eaa73dc61ac933f34fb09215c93449dc3bb84f2434875ca5d98d836588,14352272017,6472232952,Koupon,us,1,No funciona,Mentira no funciona,Mentira no funciona,Ana34$,2.12.19,2026-07-27T00:16:17Z,False,itunes_rss_mostRecent,False,False
9bb0dd4f668518b1fa97e1a60ea1026ccb5136aefc948f35580ad1971fc90368,14351761355,6472232952,Koupon,us,5,$,Saved me,Saved me,Mommysheri,2.12.19,2026-07-26T20:52:31Z,False,itunes_rss_mostRecent,False,False
f2b9d8fd86a9a1e32be13d12c254aeebbc74f3fa72f7a493528e1fa2f3cd8654,14350473502,6472232952,Koupon,us,5,Amazing saves,Excellent products it’s worse your time and money. I would recommend it.,Excellent products it’s worse your time and money. I would recommend it.,Vontyese,2.12.19,2026-07-26T14:05:31Z,False,itunes_rss_mostRecent,False,False
bd5aa374ab364eb12c1c2fa0fd330b48f666f72489af22fe8f38d9f8ab9a63b0,14349488974,6472232952,Koupon,us,5,Rosa,Santana,Santana,Riciejr927,2.12.19,2026-07-26T08:13:19Z,False,itunes_rss_mostRecent,False,False
d3409d8f20ad64dc901b9844cd0493341046eb266673801caaaa2fb73de22caa,14348064358,6472232952,Koupon,us,5,It worked,I was able to save $9 on a fan I wanted to buy on Amazon,I was able to save $9 on a fan I wanted to buy on Amazon,Hatch Haven,2.12.19,2026-07-25T22:25:25Z,False,itunes_rss_mostRecent,False,False
5119e0b90544fc0f04b949cd3ead6596b94adcddde34047c127afc59cc9801de,14345939239,6472232952,Koupon,us,5,Koupon,Muy buena aplicación,Muy buena aplicación,Aaaaqqqdffbvnkk,2.12.19,2026-07-25T10:34:00Z,False,itunes_rss_mostRecent,False,False
956b05380cddd4bfbe3b0cbd7a5da6c92cfc9b331c81b9d53e2f383b0b7aa98c,14344287816,6472232952,Koupon,us,5,Omg!! I’m SHOCKED!!,I’ve seen the ad never believe them never trusted them thought it was all fake. Bored one day wishing I had all the money to buy all the things on Amazon that is on my wish list and remembered about this app downloaded it tried it on one item and sure enough it worked. I’m floored!!,I’ve seen the ad never believe them never trusted them thought it was all fake. Bored one day wishing I had all the money to buy all the things on Amazon that is on my wish list and remembered about this app downloaded it tried it on one item and sure enough it worked. I’m floored!!,Missvaldez,2.12.19,2026-07-24T23:24:15Z,False,itunes_rss_mostRecent,False,False
c64487461a4439db838833324b09cf357e6b56f9a7171640f37800dab85f6d40,14341996316,6472232952,Koupon,us,1,App won’t let me type,"The App won’t let me type
I’ve deleted and reinstalled this app several times like suggested and it still doesn’t work on my iPad and iPhone 15","The App won’t let me type
I’ve deleted and reinstalled this app several times like suggested and it still doesn’t work on my iPad and iPhone 15",markndc1,2.12.19,2026-07-24T10:51:57Z,False,itunes_rss_mostRecent,False,False
d0b5bd96f28a16fa1f0fd335d696628648f99c8b550286f0ca5f7789bfed65d8,14339887757,6472232952,Koupon,us,5,Excelente aplicación,Súper recomendable excelentes cupones se ahorran mucho dinero,Súper recomendable excelentes cupones se ahorran mucho dinero,Chino 🇨🇺,2.12.19,2026-07-23T20:52:04Z,False,itunes_rss_mostRecent,False,False
713eb1149e289e6eff712ce8aa3276ad9e1e796e49b264826a91e8457c5dfcc8,14339848134,6472232952,Koupon,us,1,Doesn’t work,Can’t even use it. Locks up every time I open the app,Can’t even use it. Locks up every time I open the app,Jacksond4319,2.12.19,2026-07-23T20:37:40Z,False,itunes_rss_mostRecent,False,False
044c439635947503d82f129439055b197491e3919bfc1986e3d2d5dfec76411c,14331623244,6472232952,Koupon,us,5,Útil para encontrar ofertas y códigos,"Me gusta esta aplicación porque me ayuda a encontrar productos con descuentos y códigos promocionales de una manera sencilla. También es útil para descubrir ofertas nuevas y productos que están en tendencia. La interfaz es fácil de usar y me ahorra tiempo al buscar promociones. Sería excelente que continuaran mejorando la actualización de algunos códigos y ofertas, pero en general mi experiencia ha sido buena.","Me gusta esta aplicación porque me ayuda a encontrar productos con descuentos y códigos promocionales de una manera sencilla. También es útil para descubrir ofertas nuevas y productos que están en tendencia. La interfaz es fácil de usar y me ahorra tiempo al buscar promociones. Sería excelente que continuaran mejorando la actualización de algunos códigos y ofertas, pero en general mi experiencia ha sido buena.",Eidely,2.12.18,2026-07-21T19:55:17Z,False,itunes_rss_mostRecent,False,False
8dcc19c29b635fd6a3aba93a1487b69be95d0c17843349759d5859ab1e79bcff,14325992706,6472232952,Koupon,us,5,Ecstatic!!,"Found a great deal on an ergonomic mouse! On top of Koupon, $19 paid only $5!!!","Found a great deal on an ergonomic mouse! On top of Koupon, $19 paid only $5!!!",tutsweet,2.12.17,2026-07-20T11:41:01Z,False,itunes_rss_mostRecent,False,False
0594b9744e2dec6c92231ac77223fb1036f00c1dda7d9def85031bc0e9c6757a,14318402531,6472232952,Koupon,us,5,Where was this all my life!?,"I do not buy ANYTHING at all on Amazon UNTIL I have checked this app. Sometimes you have to get creative with your wording to find what you’re searching for, But overall saved me so much money and definitely worth the dig! Especially when you find those 40% and 50% off promo codes!  It feels like you just stole something but it’s all legit. I love it!","I do not buy ANYTHING at all on Amazon UNTIL I have checked this app. Sometimes you have to get creative with your wording to find what you’re searching for, But overall saved me so much money and definitely worth the dig! Especially when you find those 40% and 50% off promo codes!  It feels like you just stole something but it’s all legit. I love it!",Lalalaurennnnnnnnn,2.12.17,2026-07-18T13:50:55Z,False,itunes_rss_mostRecent,False,False
f96c4f98dc14bc69c9a76b2fe2f213a75f7cb25814927ff73d5b29ce7bfae65b,14318314501,6472232952,Koupon,us,5,Recomiendo,Excelente producto muy higiénico lo recomiendo cuida tu salud dental,Excelente producto muy higiénico lo recomiendo cuida tu salud dental,Kchi1205,2.12.17,2026-07-18T13:25:08Z,False,itunes_rss_mostRecent,False,False
d986869707ad1293ec8b74d63219a2ac3ac6cda3d2ecde7eca42c5bef5dcfe9e,14315934334,6472232952,Koupon,us,2,I can’t make a purchase on Amazon,I wish I can phay my hanmaca in Amazon I just keep trying,I wish I can phay my hanmaca in Amazon I just keep trying,Magda amaya,2.12.16,2026-07-17T22:10:58Z,False,itunes_rss_mostRecent,False,False
4c26e2249baecfb6ca0cc9683a06900e624948ae557edc8e5adafea5e4cc0ff8,14308733171,6472232952,Koupon,us,5,Excelente,Excelente,Excelente,Lourdes051,2.12.16,2026-07-16T04:03:05Z,False,itunes_rss_mostRecent,False,False
2b85d003928a7e213128a2b906d5978524b86e2dbc64b95e7a3c04e4726bf688,14303724060,6472232952,Koupon,us,5,Nebahat,Best,Best,Nebahat erdem,2.12.16,2026-07-14T21:51:09Z,False,itunes_rss_mostRecent,False,False
f0eb81105ad0d66e188644c06e0e0a79b76a162cbeed1ab13f3eb38e8393bd4c,14302513949,6472232952,Koupon,us,1,Verification,Will not take code to verify email 😡,Will not take code to verify email 😡,Hufflepuff934,2.12.16,2026-07-14T15:23:07Z,False,itunes_rss_mostRecent,False,False
f0a0da06fe76519f3d905641ddad04e2b6d250a1aebe98e39142951d1fb2712f,14300364788,6472232952,Koupon,us,1,Junk,Annoying junk,Annoying junk,gio clip,2.12.16,2026-07-14T02:13:44Z,False,itunes_rss_mostRecent,False,False
721f26be61521f54079db2ca96f853347042a9b95307824dd2ae51c0d38e8067,14292627291,6472232952,Koupon,us,5,Savings,I have been using Koupon App for about a year and saved so much. It’s my go to App before checking out on Amazon.,I have been using Koupon App for about a year and saved so much. It’s my go to App before checking out on Amazon.,PCheagle,2.12.16,2026-07-12T03:41:16Z,False,itunes_rss_mostRecent,False,False
ac2c6bc9e3ad5f29cbd20fd106c00bbc03d41e3aa65b106548ae10f4d4bee0f3,14283149113,6472232952,Koupon,us,5,Best drops,I actually love this app! Because I am starting college and it has one of the best deals for stuff and I also want to help my family out and I can! So if yall want to save on stuff GET THIS APP!,I actually love this app! Because I am starting college and it has one of the best deals for stuff and I also want to help my family out and I can! So if yall want to save on stuff GET THIS APP!,Tg_baddest,2.12.16,2026-07-09T18:53:28Z,False,itunes_rss_mostRecent,False,False
afe5236c73ee59f336c9c7aeebd46b48b16e2b0b0bba3ebbf23255602567a2f7,14282005570,6472232952,Koupon,us,5,Changed the way I shop on Amazon,"The promo codes make a big difference, some remarkable deals","The promo codes make a big difference, some remarkable deals",Thinblueline239,2.12.16,2026-07-09T13:16:42Z,False,itunes_rss_mostRecent,False,False
e083f75b56a4332730bcd4a47cff6819eb991592f972a5216d0cd574cb87d385,14281657598,6472232952,Koupon,us,5,Way better deals,This is too clutch,This is too clutch,Honchojay,2.12.16,2026-07-09T11:28:37Z,False,itunes_rss_mostRecent,False,False
f8d28bbf8e93174eb264ccb345dc1bbe8e6aa4ed57028dbef1597e6cc3fa49bc,14271311159,6472232952,Koupon,us,5,Excellent Deals,"All the deals are on point. All codes work. I had one instance that it didn’t work and their customer service was really helpful. Overall, I love this app! It’s my go to before I buy anything in Amazon. Thank you for making this app!","All the deals are on point. All codes work. I had one instance that it didn’t work and their customer service was really helpful. Overall, I love this app! It’s my go to before I buy anything in Amazon. Thank you for making this app!",Sweetpeaches424,2.12.15,2026-07-06T20:06:39Z,False,itunes_rss_mostRecent,False,False
731d2130ea24126932ed707c96b4a67909f6e54558fcde59de33c6e7657a0ec1,14270537356,6472232952,Koupon,us,5,ESPECTACULAR,"Espectacular esta aplicación, me ha ayudado a comprar productos que deseaba a un precio más bajo","Espectacular esta aplicación, me ha ayudado a comprar productos que deseaba a un precio más bajo",lachinabella26,2.12.15,2026-07-06T16:06:39Z,False,itunes_rss_mostRecent,False,False
e241dd1b2c00c0005dc44ddeab94a1459eb774539ce336b0110ca4e2d284408f,14269970669,6472232952,Koupon,us,1,Doesn’t work or it’s simply deceptive,"I’ve tried using it with Amazon but when I get to the payment page after applying “the promo code”, there is no discount! I’m deleting the “Koupon” app!","I’ve tried using it with Amazon but when I get to the payment page after applying “the promo code”, there is no discount! I’m deleting the “Koupon” app!",1Tropical Princess,2.12.15,2026-07-06T13:24:54Z,False,itunes_rss_mostRecent,False,False
35c60657c58b294e6c0c96befc15c485187818e69a322784944bd5790f63a4b8,14268208710,6472232952,Koupon,us,5,Thanks to Casper 😌,I just use a code with Koupon on an eye patch product on Amazon with almost half price discounted and I loved it ! I have to say that I knew about Koupon because I follow Casper 😁😉,I just use a code with Koupon on an eye patch product on Amazon with almost half price discounted and I loved it ! I have to say that I knew about Koupon because I follow Casper 😁😉,Bamby23,2.12.15,2026-07-06T01:48:07Z,False,itunes_rss_mostRecent,False,False
09e1055485c5ea71f8b487e09c3e4d7ee34375b1d0542a9c5adf6381c62374b1,14268167054,6472232952,Koupon,us,5,Great app for saving!,The only thing I would change is the discounts working! It’s really good if you’re looking for an easy way to save on Amazon or anything else!,The only thing I would change is the discounts working! It’s really good if you’re looking for an easy way to save on Amazon or anything else!,Coltooooooooo,2.12.15,2026-07-06T01:31:35Z,False,itunes_rss_mostRecent,False,False
d5f32c4183201ac1e109a40da1e63c24318a32cb2951ac07d29fa1e8b9b0f968,14264075331,6472232952,Koupon,us,5,Exelente,Profecional,Profecional,Especial Exelente,2.12.15,2026-07-05T00:57:34Z,False,itunes_rss_mostRecent,False,False
cb319dfbb2570a550ceee4de14d655eb6e0719f4b4b979c4cee3e750b5af2ec0,14263230114,6472232952,Koupon,us,1,Doesn’t work,Tried this multiple times didn’t work,Tried this multiple times didn’t work,liss design,2.12.15,2026-07-04T19:18:12Z,False,itunes_rss_mostRecent,False,False
e6a5bdbb8cbbc3d3b155c284c7ad840b97cf72bf5e2604ae50c5b16162039e56,14260864345,6472232952,Koupon,us,5,Me encanta,Muy fácil y económico de usar,Muy fácil y económico de usar,Zeusmuste,2.12.15,2026-07-04T06:01:53Z,False,itunes_rss_mostRecent,False,False
75b710c0d1e780c6f444bb19631dc12a8d7b608c527005ebd76adf077dffdbe5,14260332754,6472232952,Koupon,us,5,Me encanta,Me siento feliz,Me siento feliz,Luna de tonny,2.12.15,2026-07-04T02:31:15Z,False,itunes_rss_mostRecent,False,False
8cb2ddb341dc8fa0a2c3e1377b82204b2937ed962b12a998938678dd26447632,14259927031,6472232952,Koupon,us,5,Grandes oportunidades.,"Para mí esta es una de las aplicaciones de grandes ahorros, confiable, segura y facil de usar. La recomiendo 100%","Para mí esta es una de las aplicaciones de grandes ahorros, confiable, segura y facil de usar. La recomiendo 100%",vilma92,2.12.15,2026-07-03T23:58:46Z,False,itunes_rss_mostRecent,False,False
5f415a393a0517f04360178ac3766206e00c520ccfa29a7ec0350251b8537218,14259536394,6472232952,Koupon,us,1,I Wish I Could Give It Zero Stars,"Supposedly the app generates discount codes for Amazon (& I guess other apps).  However, it doesn’t accept you putting in the link from Amazon to the product that you are looking to buy.  If you can find what looks to be the right item, you get the discount code and then put it in Amazon, Amazon says that the code is an invalid code.  So basically all I figure that this app does is to take up memory on your phone and does nothing else.  Honestly, if it’s supposed to generate discount codes for Amazon, you should be able to paste the copied link into this app for the product that you want to buy.","Supposedly the app generates discount codes for Amazon (& I guess other apps).  However, it doesn’t accept you putting in the link from Amazon to the product that you are looking to buy.  If you can find what looks to be the right item, you get the discount code and then put it in Amazon, Amazon says that the code is an invalid code.  So basically all I figure that this app does is to take up memory on your phone and does nothing else.  Honestly, if it’s supposed to generate discount codes for Amazon, you should be able to paste the copied link into this app for the product that you want to buy.",thejbfamily,2.12.15,2026-07-03T21:27:23Z,False,itunes_rss_mostRecent,False,False
1c962fa804a48b8ff27caa2d8d6dbc9ccbdfa1767eca28a13bad4106a3f37479,14256090631,6472232952,Koupon,us,1,No,Falso,Falso,sucy10,2.12.15,2026-07-03T02:02:04Z,False,itunes_rss_mostRecent,False,False
982092fc3b24347079d76e33f9d32434b66cdf4eae9f0d01432cf4da7c9bf0d8,14254869667,6472232952,Koupon,us,5,Smart shopping app,I have already saved a significant amount of money on things I was looking to buy.,I have already saved a significant amount of money on things I was looking to buy.,az TLC,2.12.15,2026-07-02T18:45:16Z,False,itunes_rss_mostRecent,False,False
8322724376e667850970a734a7dea766d5ff867c010a694c7efd1afcd35921cb,14253975702,6472232952,Koupon,us,1,Codes don’t work,Codes don’t work,Codes don’t work,Jerkagirl,2.12.15,2026-07-02T14:31:43Z,False,itunes_rss_mostRecent,False,False
ae4cd9b4f65fe48c92661c32174635a57ab5aaff00495257897bcfcb6177989b,14251661558,6472232952,Koupon,us,5,Genial,Me encanta esta app,Me encanta esta app,08Mulata,2.12.15,2026-07-02T00:55:03Z,False,itunes_rss_mostRecent,False,False
6b4399f9219824cdcf100c1c1788ca95a4864bc5d5a5a4de669f8f203c154f1b,14247607055,6472232952,Koupon,us,5,Excelente,Me encantó realmente funcionan,Me encantó realmente funcionan,Lily960820,2.12.15,2026-07-01T02:15:24Z,False,itunes_rss_mostRecent,False,False
db2749ad4f0617e9e7037ae3545b7b570533f3fe7f9214224406af737da469ff,14240475725,6472232952,Koupon,us,5,Awesome Deals and Codes/ A real money saver,"Koupon is a real money saver, notifying you when items are available well below the average price. I would recommend this site to anyone interested in getting real good savings on their favorite products","Koupon is a real money saver, notifying you when items are available well below the average price. I would recommend this site to anyone interested in getting real good savings on their favorite products",Davesbargain,2.12.15,2026-06-29T11:25:31Z,False,itunes_rss_mostRecent,False,False
147a2348b661f939d101145d75a3c38da50057d9547be870220b0f1040ad7c5c,14238464490,6472232952,Koupon,us,5,Koupon 5 ⭐️⭐️⭐️⭐️,Great App,Great App,Queen Sanchez,2.12.15,2026-06-28T21:54:42Z,False,itunes_rss_mostRecent,False,False
c1ac832c4a61b336132959eaabbb1c27bc371f04099f10d7a278f15a6c69333c,14237485419,6472232952,Koupon,us,5,Real,Si son reales los cupones y muy fácilmente de manejar  y buscar productor,Si son reales los cupones y muy fácilmente de manejar  y buscar productor,Gavofer,2.12.15,2026-06-28T16:26:23Z,False,itunes_rss_mostRecent,False,False
e3ff9925f25e91b09fadb7ef6f9808a56631bb1d5ffd5156d1291b2c9868b435,14235779858,6472232952,Koupon,us,1,App Doesn’t work,"I download this appBecause I saw it on YouTube short, but on my iPad generation five the touch doesn’t work on the app","I download this appBecause I saw it on YouTube short, but on my iPad generation five the touch doesn’t work on the app",Riyansh Bafana,2.12.15,2026-06-28T06:52:49Z,False,itunes_rss_mostRecent,False,False
69b5404a684fe22befb3bac4b321e21aa6130eeef9ed95d043098023791aa790,14233300636,6472232952,Koupon,us,1,Where is the CODE to place in check out for lower price????,"Where is the CODE to place in check out for lower price???? When I click on the item and it goes to my Amazon it’s still the full price… Is this a scam for this site? KOUPON???? It shows the lower fee but when you click on it and it goes to Amazon, it’s the full price fee. Where is the code to put it in to have the lower charge and cost?","Where is the CODE to place in check out for lower price???? When I click on the item and it goes to my Amazon it’s still the full price… Is this a scam for this site? KOUPON???? It shows the lower fee but when you click on it and it goes to Amazon, it’s the full price fee. Where is the code to put it in to have the lower charge and cost?",Customer question26,2.12.15,2026-06-27T15:52:01Z,False,itunes_rss_mostRecent,False,False
fec804025217c31d61791f3f42a91626e7d22e37c89c7f97fa29d5c74becabfc,14229332326,6472232952,Koupon,us,5,Too easy!!!,"Wow, this really works! Thanks…","Wow, this really works! Thanks…",vickievp,2.12.14,2026-06-26T16:36:09Z,False,itunes_rss_mostRecent,False,False
f6ab50496d6c45d08870a873d80cdcfcee63016813e1ea1fba68775941d47a32,14229086368,6472232952,Koupon,us,1,New to this app,Too complicated for this user.  Could never find where to use the coupo,Too complicated for this user.  Could never find where to use the coupo,not.tech.savvy,2.12.14,2026-06-26T15:26:49Z,False,itunes_rss_mostRecent,False,False
b347cc5193266be106d9551c09c7f9c1e075acde73b64f4b55a4c811f3de0c85,14227102042,6472232952,Koupon,us,5,Great Discounts,"Just search for the item you are looking for, find the store with the best discount , enter the code and purchase! So easy. Saves so much money.","Just search for the item you are looking for, find the store with the best discount , enter the code and purchase! So easy. Saves so much money.",cindygail01,2.12.14,2026-06-26T03:44:35Z,False,itunes_rss_mostRecent,False,False
1ea8d8084589cbf75bb14d3cf57b749fa7dffcaa3e3e956285a220f5d4ec2c03,14226698697,6472232952,Koupon,us,5,Actually works!,I heard about his app and thought it was a scam. Turns out it’s not! So many good coupons on here. And the best part about it is how often they’re verified. I’ve never had a coupon not work! I check this app before I buy anything now. 10/10 recommend!,I heard about his app and thought it was a scam. Turns out it’s not! So many good coupons on here. And the best part about it is how often they’re verified. I’ve never had a coupon not work! I check this app before I buy anything now. 10/10 recommend!,Jw9800,2.12.14,2026-06-26T01:07:25Z,False,itunes_rss_mostRecent,False,False
f5ad70134cbeb6110c1f8d576171a3db4a095ed5a889bb68d6622374dd5035b9,14225725226,6472232952,Koupon,us,1,None of the Codes Work,I’v tried applying your promo codes to SIX items - and not one worked.,I’v tried applying your promo codes to SIX items - and not one worked.,cleatus232,2.12.14,2026-06-25T19:02:26Z,False,itunes_rss_mostRecent,False,False
9376bad56890b4e9d45e3e49fc13d1ecd047d8bf177fbf817412bddd7d044ef6,14224278113,6472232952,Koupon,us,5,K,Not sure how to connect  coupon,Not sure how to connect  coupon,moonlight0801,2.12.14,2026-06-25T11:46:34Z,False,itunes_rss_mostRecent,False,False
56a79cbc75645f536857e201e539412b546aab7abdb581eab1b0f22043509b45,14222692187,6472232952,Koupon,us,5,Amazon is related with this app,I love to save with this app,I love to save with this app,Janabrazuca,2.12.14,2026-06-25T00:58:50Z,False,itunes_rss_mostRecent,False,False
9f130fc3cecd2f77d0559ed62801a950c96f141b4b189656d8cdc3cb0aaba9c5,14218936736,6472232952,Koupon,us,4,Awesome,Great and easy to use,Great and easy to use,HimaKsimplyteacher,2.12.14,2026-06-24T02:20:06Z,False,itunes_rss_mostRecent,False,False
1263407452b30d9f1ae5dbc1f4a5034d36763ef5320b535e1e6da7fd28fd51f0,14216517186,6472232952,Koupon,us,5,Amazing,I never thought that. Could save with such an apps this app is amazing,I never thought that. Could save with such an apps this app is amazing,Aroum,2.12.14,2026-06-23T12:28:30Z,False,itunes_rss_mostRecent,False,False
a84ef2890b39e5ca294990f887de7afc3b5362e4173f648f3effa04252050bbb,14213893368,6472232952,Koupon,us,5,"Wow, Savings on everyday items!",I’m so glad that I found the Koupon: Real Deals & Codes App! I needed a lot of AA batteries and got a 48 pack just now originally around $22 and I used the code and got them for around $13!,I’m so glad that I found the Koupon: Real Deals & Codes App! I needed a lot of AA batteries and got a 48 pack just now originally around $22 and I used the code and got them for around $13!,PakaBearLove,2.12.14,2026-06-22T18:42:42Z,False,itunes_rss_mostRecent,False,False
ea4fc75296a1258ee5c49f01760843d0850a80838a2d7a3401f4ea598a85a67a,14199213699,6472232952,Koupon,us,1,Coupon code error,Several of the coupons I have attempted to use is subtracting less than advertised. This seems deceptive,Several of the coupons I have attempted to use is subtracting less than advertised. This seems deceptive,Steph The Queen,2.12.14,2026-06-18T23:40:57Z,False,itunes_rss_mostRecent,False,False
4398fff51b225d06d2ca9f1302766727e7b903f2a6e4bed58bbeb11933147791,14197773220,6472232952,Koupon,us,1,Horrible and time waste,"One of the worst apps I’ve ever used. It honestly feels AI-generated. Everything you’d actually want is sold out, while the only things left are cheap Temu-style plastic junk that most people wouldn’t pay more than a couple of bucks for anyway. Don’t waste your time.","One of the worst apps I’ve ever used. It honestly feels AI-generated. Everything you’d actually want is sold out, while the only things left are cheap Temu-style plastic junk that most people wouldn’t pay more than a couple of bucks for anyway. Don’t waste your time.",JJtheAktor,2.12.14,2026-06-18T15:30:27Z,False,itunes_rss_mostRecent,False,False
5633d05f8006fd1aa6391f971aeac8221a488184e419bb2aeee171fac4dfe7d8,14197701259,6472232952,Koupon,us,5,Cool codes,I used this a few times already and it’s been really helpful saving $,I used this a few times already and it’s been really helpful saving $,quyenie,2.12.14,2026-06-18T15:10:08Z,False,itunes_rss_mostRecent,False,False
4f38b044388561949d0258b28ed880da54fa28de81ca5523c6b4fe9143f79212,14189793560,6472232952,Koupon,us,1,Razor,"First thing, I’ve tried to buy with the coupon and it won’t take the coupon","First thing, I’ve tried to buy with the coupon and it won’t take the coupon",Buddy4321!,2.12.14,2026-06-16T14:58:28Z,False,itunes_rss_mostRecent,False,False
bda447df73c9219ddc455ba8261b1d9126a5d5585c0c3ccb29d3fc8477edd19e,14179410019,6472232952,Koupon,us,5,Great App,"I love Koupon, best app there is on-line to save money.","I love Koupon, best app there is on-line to save money.",Seeking a Prosperous Life,2.12.14,2026-06-13T21:49:14Z,False,itunes_rss_mostRecent,False,False
1da147b7ad214d24313e71457562628ebe45c1f6b14bf04c27ee8ba146c6ed09,14167658439,6472232952,Koupon,us,5,Good site,GoodNews this is a good website to go on,GoodNews this is a good website to go on,good site to go on,2.12.13,2026-06-10T22:05:16Z,False,itunes_rss_mostRecent,False,False
976cfa132f69cd8d4a5c50e40cb93241329f321abe7b9a5454cbe8ce53b57bbb,14161103057,6472232952,Koupon,us,5,Would you writer see a tree grow or knee grow,This is the best app omg,This is the best app omg,Ki center,2.12.12,2026-06-09T06:08:56Z,False,itunes_rss_mostRecent,False,False
7c21633df74c5b1f406a2d8878cd0cf0ccf67d47f53b04cf6039e16c05a89ea6,14155770991,6472232952,Koupon,us,5,Excellent and Reliable,The promos codes always work! You’ll love this site if you like saving money!,The promos codes always work! You’ll love this site if you like saving money!,julzmi2018,2.12.12,2026-06-07T19:39:43Z,False,itunes_rss_mostRecent,False,False
0cfd371e302e22a6d7c75793a93722494ca674f393cee59064409401ece09bfc,14147311696,6472232952,Koupon,us,5,SO much money saved!,This app is amazing. NEVER buy anything on Amazon without checking this app first.,This app is amazing. NEVER buy anything on Amazon without checking this app first.,StephSP,2.12.11,2026-06-05T16:04:55Z,False,itunes_rss_mostRecent,False,False
20783eabc4958183932794252f78032f64f5ded617e9437e0c6ce189a44b2b28,14132559293,6472232952,Koupon,us,5,Works!!,"Most of these promo apps don’t work, but this one works PERFECT!!! 10/10 recommend this app, especially for Amazon promos.","Most of these promo apps don’t work, but this one works PERFECT!!! 10/10 recommend this app, especially for Amazon promos.",puppylover3409,2.12.11,2026-06-01T20:12:52Z,False,itunes_rss_mostRecent,False,False
466f654f6db62bd77603c40c127776adb702f18282a63dce29b2283d6d197dbc,14124523742,6472232952,Koupon,us,5,Best of saving money,I can acquire everything I need at a significantly discounted price. I'm grateful for the help you gave me to save a considerable amount of money.,I can acquire everything I need at a significantly discounted price. I'm grateful for the help you gave me to save a considerable amount of money.,VanAnh🫰,2.12.11,2026-05-30T19:15:00Z,False,itunes_rss_mostRecent,False,False
aeab92b12fa6860e927b9c7073d62b435f57d39cf6af6371f1de00a156471c51,14118256547,6472232952,Koupon,us,5,Really useful app,I love this app,I love this app,тдє,2.12.11,2026-05-29T05:25:29Z,False,itunes_rss_mostRecent,False,False
612a894cdee0585157e1b48f125a249b74e7a62c8de9fac4aa4e72207761a9ed,14118221573,6472232952,Koupon,us,5,Compra con Marleny,Super excelente,Super excelente,Poncevueso,2.12.11,2026-05-29T05:08:58Z,False,itunes_rss_mostRecent,False,False
e3173d83392faa3e257ebc9749bb4c194b447bb50ec746d7c3efe027e5f17158,14117706875,6472232952,Koupon,us,5,Great and free,No in app purchases does exactly what it promises,No in app purchases does exactly what it promises,101 catlover,2.12.11,2026-05-29T01:24:32Z,False,itunes_rss_mostRecent,False,False
8706efb19e218d50b0a0378545c5d0781c43d0ebdabda080cf1a1174bca59c8f,14115941709,6472232952,Koupon,us,5,Great,"I did not know that you can use a coupon to save on Walmart, eBay and Amazon however, I’ve known this a long time ago I would’ve done it but oh my God you’re saving so much money I start using this wow great this app","I did not know that you can use a coupon to save on Walmart, eBay and Amazon however, I’ve known this a long time ago I would’ve done it but oh my God you’re saving so much money I start using this wow great this app",BaByGiRl3$3439,2.12.11,2026-05-28T14:57:46Z,False,itunes_rss_mostRecent,False,False
810bc010d36d9161a7792ddc7c91c52ed9fd6b9d832be9b8f3d91eae7f69b406,14091364601,6472232952,Koupon,us,1,Doesn’t work,"First two codes I tested didn’t work, and please don’t give me the “it should work if done correctly” standard reply.  I am very tech savvy and followed the instructions (including pressing the arrow) to a T.  Deleting app.","First two codes I tested didn’t work, and please don’t give me the “it should work if done correctly” standard reply.  I am very tech savvy and followed the instructions (including pressing the arrow) to a T.  Deleting app.",RunnerGrl10,2.12.10,2026-05-22T02:04:31Z,False,itunes_rss_mostRecent,False,False
327a91af9c858ecf7a51740fdb3998530097324a6a1bb91af6d9d8dd298a2631,14072629147,6472232952,Koupon,us,5,Get more for less!,"I absolutely Love this app! I’ve been using it for a few months and as a single mom, I try to stretch every dollar I can. This app has helped me create a better parties and I have been able to buy more and still have a buck or two! Definitely worth using. Thanks to the Gen Z guy on social media that created a short port about Karma. I wouldn’t have known of this if it wasn’t for him. Happy shopping!!!","I absolutely Love this app! I’ve been using it for a few months and as a single mom, I try to stretch every dollar I can. This app has helped me create a better parties and I have been able to buy more and still have a buck or two! Definitely worth using. Thanks to the Gen Z guy on social media that created a short port about Karma. I wouldn’t have known of this if it wasn’t for him. Happy shopping!!!",Cori Crafts,2.12.10,2026-05-16T22:48:06Z,False,itunes_rss_mostRecent,False,False
6b02d8a1e4d3fc2a35835dc8b83615b6c336facb3e7ce0fd5c17a68145754d0d,14059365036,6472232952,Koupon,us,5,Loved,"This is truly real. I was trying to see if it was real, and, for my surprise, it really works. That is wonderful.","This is truly real. I was trying to see if it was real, and, for my surprise, it really works. That is wonderful.",vivianjon,2.12.9,2026-05-13T10:32:05Z,False,itunes_rss_mostRecent,False,False
6680006bd332be0234f295c5d9d7a48e525e8f0a3983d19dff056e2548ec23f6,14058571109,6472232952,Koupon,us,5,Fantastic,I love this app thanks,I love this app thanks,Ruedamarca,2.12.9,2026-05-13T04:02:30Z,False,itunes_rss_mostRecent,False,False
419bf670403223b0ae66fd55555ebdc51a6d583653ffdb58bb3d9b6496098d3c,14032813414,6472232952,Koupon,us,1,Contribute to earn is faulty.,Several times I reported errors but did not receive points for contributing.,Several times I reported errors but did not receive points for contributing.,user_reviewer12345,2.12.9,2026-05-06T01:14:58Z,False,itunes_rss_mostRecent,False,False
f4670519028d8a912e2e2204daa83e0f061f8214558068b4ec34b4c89c0eaf49,13966345035,6472232952,Koupon,us,5,The coolest,Great chances for prices,Great chances for prices,Mrs.Montero23!,2.12.9,2026-04-17T06:04:55Z,False,itunes_rss_mostRecent,False,False
87f8fe7eb35cb6dac1b6a489958d8bc42736adb27c6d9280123a97c1b02e1a9d,13959050023,6472232952,Koupon,us,1,Scam,1st 2 amazon codes i tried did NOTHING!,1st 2 amazon codes i tried did NOTHING!,Momma Giz,2.12.8,2026-04-15T02:37:57Z,False,itunes_rss_mostRecent,False,False
e867853751c38ebae517f62aea8e482157ef3ab2fe42fd729cc6abd77e9db5bc,13958456578,6472232952,Koupon,us,1,didn't work,I copied the code for Amazon. It brought me to the site. I placed the item in my cart and it only gave me 5% off nowhere near what the code said which was 67% off.,I copied the code for Amazon. It brought me to the site. I placed the item in my cart and it only gave me 5% off nowhere near what the code said which was 67% off.,Karlogi,2.12.8,2026-04-14T22:12:20Z,False,itunes_rss_mostRecent,False,False
173cc8b7a9604d284ec3797e3f240ad31871d271268f1dc741b056c0e45f31bf,13654116088,6472232952,Koupon,us,5,Saved quite a bit of money,"You just have to know what you’re looking for and still price compare. Like for example even if it says 50% off doesn’t mean that other listings are at the same price point. Legit i got a rug that’s usually for
$80 down to $40 when another coupon for same item is still $80 from a different seller. But what im saying is the coupons really do work","You just have to know what you’re looking for and still price compare. Like for example even if it says 50% off doesn’t mean that other listings are at the same price point. Legit i got a rug that’s usually for 
$80 down to $40 when another coupon for same item is still $80 from a different seller. But what im saying is the coupons really do work",Socci,2.12.1,2026-01-20T03:36:01Z,True,itunes_rss_mostHelpful,False,False
0b7874f3531775fb025f2980616e2c243b961053c0129d313d3590ba9e55c78f,11134362792,6472232952,Koupon,us,4,Needs better filter options,"So many deals it’s sometimes hard to find what you are looking for. So 4 star for lots of real deals, but hard to use when looking for a specific item and a lot of items w low prices have high shipping so makes it almost a deceptive deal. Be aware.","So many deals it’s sometimes hard to find what you are looking for. So 4 star for lots of real deals, but hard to use when looking for a specific item and a lot of items w low prices have high shipping so makes it almost a deceptive deal. Be aware.",marylin-62,1.0.8,2024-04-08T06:42:14Z,True,itunes_rss_mostHelpful,False,False
91d74f2996d5568e551f31b3004be0ec6057c487472d7a0d42a0e773c279bec7,11473522491,6472232952,Koupon,us,5,New user,I just downloaded the app and started using it today. I have purchased several items that I’ve been keeping an eye out for cheaper price because of this app. Excellent app and easy to use.,I just downloaded the app and started using it today. I have purchased several items that I’ve been keeping an eye out for cheaper price because of this app. Excellent app and easy to use.,Travelgirl2498,1.4.2,2024-07-09T15:32:22Z,True,itunes_rss_mostHelpful,False,False
a4177a7f2da8a61e0598838f98413dbc9494fd724d63b7a66e5a288ffec9b849,13377512581,6472232952,Koupon,us,4,"Good deals, hard to filter","The app has great deals on it, I just wish you could filter results by size and color. Sometimes a deal only applies for a specific size and color of that clothing item, so it would save a lot of time being able to filter accordingly.","The app has great deals on it, I just wish you could filter results by size and color. Sometimes a deal only applies for a specific size and color of that clothing item, so it would save a lot of time being able to filter accordingly.",AKV399,2.10.1,2025-11-09T17:29:18Z,True,itunes_rss_mostHelpful,False,False
69a5e059f8eccab8d29fb391db62b240d237dfe1179af96d18b906ce29462025,12778073870,6472232952,Koupon,us,5,Impressive!,"I recently learned about this app on social media. I’m impressed that Koupon app is 💯% free and reliable. Codes are valid, most are generic listing and some small businesses.
Navigation is easy and new items are updated frequently.","I recently learned about this app on social media. I’m impressed that Koupon app is 💯% free and reliable. Codes are valid, most are generic listing and some small businesses.  
Navigation is easy and new items are updated frequently.",CraftyChick!,2.6.2,2025-06-15T17:20:10Z,True,itunes_rss_mostHelpful,False,False
c169ed4e8a7c3af5504b23928e16d7d959483facba3a82d891885a3cf74ae67f,11815239169,6472232952,Koupon,us,5,Great app great savings,"This app has a lot of coupons and savings, sometimes the coupons expire before you get to buy but it’s not their fault, it’s your fault for being late.","This app has a lot of coupons and savings, sometimes the coupons expire before you get to buy but it’s not their fault, it’s your fault for being late.",GaOmLuRM,2.1.1,2024-10-09T16:41:06Z,True,itunes_rss_mostHelpful,False,False
389f6c541caf9fa606b814bcacf9c1de72659161887387f1bd1ab301f4a5f5b4,11632291100,6472232952,Koupon,us,5,life changing,"i’ve only placed one order since downloading this app and when i tell you… i’ve already saved HUNDREDS. this is crazy, i feel like i’m in on a big secret right now","i’ve only placed one order since downloading this app and when i tell you… i’ve already saved HUNDREDS. this is crazy, i feel like i’m in on a big secret right now",workprincesa,2.0.2,2024-08-20T16:12:07Z,True,itunes_rss_mostHelpful,False,False
055ad384a7582bbee76be97187eb2f1e896b54bea81040b0f695a4ccb60bd921,12016837080,6472232952,Koupon,us,5,Great,"Found this app on instagram… I thought this was going to be another dupe, however, that not the case! Did half my shopping at discount prices and saves $$$","Found this app on instagram… I thought this was going to be another dupe, however, that not the case! Did half my shopping at discount prices and saves $$$",Dobies 3,2.3.1,2024-12-02T10:46:36Z,True,itunes_rss_mostHelpful,False,False
96cd69440cae351ba7f0beea75c0f1e5e5100acf28c9a39609b118182c70f0cb,12448978945,6472232952,Koupon,us,5,Money Saver!,Was skeptical at first but confirmed with purchase and will continue to buy through here. This app will save you a lot of money!,Was skeptical at first but confirmed with purchase and will continue to buy through here. This app will save you a lot of money!,emdc03,2.3.4,2025-03-22T03:37:44Z,True,itunes_rss_mostHelpful,False,False
8e5827315252db3ec6f43846550c61a53b52e9a74fa5e550309069f46005d0e5,13414418694,6472232952,Koupon,us,5,Amazing!!,"So far this app has made Christmas shopping for 2 little ones so much less stressful, highly recommend!!!","So far this app has made Christmas shopping for 2 little ones so much less stressful, highly recommend!!!",Mommyyyof2,2.10.2,2025-11-18T21:40:25Z,True,itunes_rss_mostHelpful,False,False
be3cb64e358f667de3376de5668a84e7cbe6dbb44d456e067457fb469c0c80ea,12020915402,6472232952,Koupon,us,5,Coupon savey,"Awesome website. User friendly. Extra savings in a lot of items. Love it!
Thank you for sharing.","Awesome website. User friendly. Extra savings in a lot of items. Love it! 
Thank you for sharing.",Coupon saved,2.3.1,2024-12-03T12:30:31Z,True,itunes_rss_mostHelpful,False,False
f4051e2e256bf8acb81c1a3ef79d28fbbafec33e3a3573b71d2311fcb7375771,13770148407,6472232952,Koupon,us,5,Love this app,It is the best app ever created because it gives you a 30% discount for free. For example I wanted a 124$ blanket but when I tried this app it was only 89$,It is the best app ever created because it gives you a 30% discount for free. For example I wanted a 124$ blanket but when I tried this app it was only 89$,The best way to start the day,2.12.2,2026-02-20T15:16:49Z,True,itunes_rss_mostHelpful,False,False
2155923872fbfbe17d633f88a0afd0dabcd0a54d2364acf7d612a7b3241b02c6,11765333962,6472232952,Koupon,us,5,Great for Savings!,This app helped me find decent if not great products for super low prices. Kinda gives me the same impression I have whenever I shop at Ollie’s or somethin!,This app helped me find decent if not great products for super low prices. Kinda gives me the same impression I have whenever I shop at Ollie’s or somethin!,if.ringo,2.1.1,2024-09-26T04:29:35Z,True,itunes_rss_mostHelpful,False,False
f2791fe5cf35c4419851b9fdd46c1a635f5ceebd7b991f5bc7c32d25d76cfc24,12590974508,6472232952,Koupon,us,4,Saving $ on anything is worth trying.,It’s great I just wish I could see when the deal is over a little bit easier. Otherwise I love it!,It’s great I just wish I could see when the deal is over a little bit easier. Otherwise I love it!,hellsskyangel,2.6.0,2025-04-27T06:44:15Z,True,itunes_rss_mostHelpful,False,False
dabe191124a9ff189c857415298042fcc99256d43ed74bb1b786332126fcef11,13606610511,6472232952,Koupon,us,5,Love this app,"I just got this app and have already saved hundreds of dollars!
I am sharing it with everyone I know!","I just got this app and have already saved hundreds of dollars!
I am sharing it with everyone I know!",MommaGC,2.10.4,2026-01-07T19:19:22Z,True,itunes_rss_mostHelpful,False,False
c14fcf3120e0f048f854313b62164af4f178004d2d7cc8007ebfb03a3f8472f8,12932186567,6472232952,Koupon,us,5,Great app,They give you free and serious codes and doesn’t require any personal information,They give you free and serious codes and doesn’t require any personal information,Kylan sallie,2.6.3,2025-07-24T20:59:33Z,True,itunes_rss_mostHelpful,False,False
56778d5369c6daaaac0fbf3ec9ba0a2e7c9f62301e495bc111d486f7165680ef,12310797012,6472232952,Koupon,us,5,Coupons,Love the coupons for additional lower cost.,Love the coupons for additional lower cost.,Bunnies60,2.3.3,2025-02-14T17:35:55Z,True,itunes_rss_mostHelpful,False,False
61d385efa7ed8a06906a254975e82a4378f7a2cfe09fd47f372166ba10d5ee21,12476876999,6472232952,Koupon,us,5,Koupon app,"This app is terrific!! I cannot stop finding amazing deals!! Something I bought for $450, I am buying again for $150.","This app is terrific!! I cannot stop finding amazing deals!! Something I bought for $450, I am buying again for $150.",kim🐢,2.3.5,2025-03-29T02:59:50Z,True,itunes_rss_mostHelpful,False,False
4bb643d65913f89531bf836c41454dd21dccd30b881c5b2088f9dd341b908181,12402405646,6472232952,Koupon,us,5,Awesome,Getting coupons that actually work!,Getting coupons that actually work!,Family gal,2.3.4,2025-03-09T23:52:02Z,True,itunes_rss_mostHelpful,False,False
ef0d5cdea240923769fec7fbac28adaa367365c866ab226e17fbaab1bba29fa4,11987814872,6472232952,Koupon,us,3,Coupon doesn’t work,Things are actually much more expensive than what they shown in the app.,Things are actually much more expensive than what they shown in the app.,QuadrasK,2.3.1,2024-11-24T19:09:36Z,True,itunes_rss_mostHelpful,False,False
6cd58598dc698d9ce9cf260e1dd51ba92f83bf7cf00f780b71a871066330148b,12378505276,6472232952,Koupon,us,5,The best app,"Great deal, and the coupon are not expired , I have saved a lot of money I love it and I recommend it.","Great deal, and the coupon are not expired , I have saved a lot of money I love it and I recommend it.",Juli Lora,2.3.4,2025-03-03T19:48:25Z,True,itunes_rss_mostHelpful,False,False
e2fa300980fbf1b560956b9598d9ba40d09f53395e2243760388f08f59bdf35d,13781839708,6472232952,Koupon,us,4,It worked,"I'm just waiting to see if the product comes used ""pre-owned) or not.","I'm just waiting to see if the product comes used ""pre-owned) or not.",Persnickety Me,2.12.2,2026-02-23T20:39:15Z,True,itunes_rss_mostHelpful,False,False
1ce65ecb7aa62e7c1d4f5a8f0c6dfe6943c7bfcbb0b3412162b36d4096cc5732,11776180821,6472232952,Koupon,us,3,The search bar doesn’t work,The search bar stopped working a day after I downloaded the app,The search bar stopped working a day after I downloaded the app,Dayjuuhhh,2.1.1,2024-09-29T02:20:04Z,True,itunes_rss_mostHelpful,False,False
d28de0f34c4ad478b41a1f70ff6ccca05f3055d95421ab6450d66dd7cac93827,11660455731,6472232952,Koupon,us,4,Great but has a lot of bugs,The app is pretty much laggy but the app gets the job done.,The app is pretty much laggy but the app gets the job done.,Rafanh745,2.1.0,2024-08-28T00:43:38Z,True,itunes_rss_mostHelpful,False,False
e064c086904a551bddb7ca7bdc4d5c00c67b326f1d8149102b6333cf40a1072d,12717551614,6472232952,Koupon,us,2,Not enough coupons,This thing isn’t worth it.  It only has coupons for the most useless things.,This thing isn’t worth it.  It only has coupons for the most useless things.,Mark Lind,2.6.1,2025-05-31T01:13:18Z,True,itunes_rss_mostHelpful,False,False
6b49d8181b6bff37aa5b0800e2599f01095d63c3bef588d30fbf722a812dc981,13846084588,6472232952,Koupon,us,5,DISCOUNT,They give real codes that’s let’s the price go down,They give real codes that’s let’s the price go down,Sammy boy67,2.12.3,2026-03-14T05:32:56Z,True,itunes_rss_mostHelpful,False,False
e48e9f68135ee16ef569984c2f88ba7576e8e314fc5bf685821e2baf99a3d4aa,11512134608,6472232952,Koupon,us,5,Great app,I really appreciate coming across this app. Good job you guys.,I really appreciate coming across this app. Good job you guys.,Mimimarsh,1.4.6,2024-07-19T20:54:13Z,True,itunes_rss_mostHelpful,False,False
aa760d82ea15d82f6f5c0f6d5b610e37146d5e58dcd4e68ad46ddba61ed18a17,12066517485,6472232952,Koupon,us,5,Saving the money,Easy to use love it,Easy to use love it,aledix27,2.3.1,2024-12-15T13:39:07Z,True,itunes_rss_mostHelpful,False,False
f6288ba8c4b0b14d63c71df185f4b92848a5ba6b2a3e4039abdbf2f6ddf758ec,13011582911,6472232952,Koupon,us,5,AMAZING!!!,Thank you Koupon for such an Amazing way to save money along with the ease of using the app!!!💝,Thank you Koupon for such an Amazing way to save money along with the ease of using the app!!!💝,I’m a Daddy’s Girl!,2.7.2,2025-08-13T17:16:54Z,True,itunes_rss_mostHelpful,False,False
6acd093a65d2d6e57c254acee0cb5669403e853d773c1cd87151ed62d44b625c,12363482169,6472232952,Koupon,us,5,So happy I found you!,What a great app for seeking deals!,What a great app for seeking deals!,DrDJFresh,2.3.4,2025-02-28T03:23:00Z,True,itunes_rss_mostHelpful,False,False
9cd387db5b97f2d7bf9a892efc4c16330ab6f46c1b03c448681e95e4b4cae3dc,12067035189,6472232952,Koupon,us,5,Everyone safe money from here,Very good,Very good,Prince aster,2.3.1,2024-12-15T16:11:39Z,True,itunes_rss_mostHelpful,False,False
a1682e6b2e12cc275d605bf784a3f37c1affcb1155f0f2ac7b2f0f805c1698e6,13456848727,6472232952,Koupon,us,5,Very good,The app is good with multiple deals.,The app is good with multiple deals.,Charlie22225,2.10.3,2025-11-30T00:40:04Z,True,itunes_rss_mostHelpful,False,False
2bd1e4c1a8988f692164d01b6862b6cbab541af1e1be86fc5a16cc5e9653b6db,11247487927,6472232952,Koupon,us,5,Amazing Saving Tool,Save me a lot of money,Save me a lot of money,Roooolu,1.2.1,2024-05-09T04:50:05Z,True,itunes_rss_mostHelpful,False,False
7eca7704e707b09da853f8f82a73cf00b3990105b6bf3e2c0708a24a83ca08c8,13407478707,6472232952,Koupon,us,1,It doesn’t work,"I tried 10 times, none of the barcodes were working","I tried 10 times, none of the barcodes were working",Daniel-afca1976,2.10.1,2025-11-17T02:08:48Z,True,itunes_rss_mostHelpful,False,False
28b40e17070a71760792ca37ce118299e361005e6bd1ccd86528f430b8bd4655,13240110633,6472232952,Koupon,us,1,Coupon don’t work,"Every time I try to use it, it took absolutely nothing off","Every time I try to use it, it took absolutely nothing off",Christina tho,2.9.1,2025-10-08T14:19:03Z,True,itunes_rss_mostHelpful,False,False
147bf86ead7f045c5967caf534c9913c0f765f2ce0ec5fade0d49e73c8e67a92,12351862712,6472232952,Koupon,us,5,Awesome,Enjoy looking for deals!,Enjoy looking for deals!,Vnggjgf,2.3.4,2025-02-25T02:37:59Z,True,itunes_rss_mostHelpful,False,False
b6e18eca804674cb2c4cda50398048834c392b932c3deaa73f5cdd47154e3273,12369779347,6472232952,Koupon,us,1,Only two genders,As soon as it asked for my gender and gave more than two options male and female I deleted the app. Woke garbage has no place on Earth! I am totally disgusted.,As soon as it asked for my gender and gave more than two options male and female I deleted the app. Woke garbage has no place on Earth! I am totally disgusted.,GryphonLady,2.3.4,2025-03-01T15:42:25Z,True,itunes_rss_mostHelpful,False,False
142d1cdbee77b26760888d99d8c259c6a3e323af09f05af3151a90862b15c040,11780174045,6472232952,Koupon,us,5,Number one,The best,The best,Zenzeni28,2.1.1,2024-09-30T04:35:24Z,True,itunes_rss_mostHelpful,False,False
598664681e508106a7bc7eae73dc236d3431fe9514f511006b1bed374a3486bc,12327968251,6472232952,Koupon,us,1,Fake app,Even after using their discount codes at checkout the price is higher than the advertised price. Deleted app!!!,Even after using their discount codes at checkout the price is higher than the advertised price. Deleted app!!!,MisterMiggy2980,2.3.3,2025-02-19T02:00:34Z,True,itunes_rss_mostHelpful,False,False
99a76aa70cf6dc170c9198c92fb2645b5de6fbdbc3aa66ba0d132cd4b0704fc8,13610016587,6472232952,Koupon,us,1,Doesn’t work,Coupons don’t work. I’ve tried over 5 and nothing works,Coupons don’t work. I’ve tried over 5 and nothing works,JPrat69,2.10.4,2026-01-08T16:33:15Z,True,itunes_rss_mostHelpful,False,False
f2da6d8dbf27dd95c83fd962ef1465c1e1e7010b2637498740e7746cc804010a,11871737219,6472232952,Koupon,us,1,So far- nothing,Followed instructions- waisted time copy/paste etc. not one coupon applied worked,Followed instructions- waisted time copy/paste etc. not one coupon applied worked,ohjosie,2.1.1,2024-10-25T03:47:48Z,True,itunes_rss_mostHelpful,False,False
d4bb0ec8ec9e4f045e4ec8980785f89bc0507ab0353dcf157cc550f85266d68a,13476396945,6472232952,Koupon,us,2,Returned items,"Products not new, but returned items. Reason for discount price.","Products not new, but returned items. Reason for discount price.",JoJoSpuds,2.10.4,2025-12-05T03:08:01Z,True,itunes_rss_mostHelpful,False,False
bf7a53f128c007b6f445e3418e1a3b8aa0503f9974b3e1c2c341890735ee1869,12332099095,6472232952,Koupon,us,1,Does not work!!!!!!!,It’s a scam!!!! Tried it 4 times and didn’t work. My phone became slower after trying the app?!?,It’s a scam!!!! Tried it 4 times and didn’t work. My phone became slower after trying the app?!?,Griz6698,2.3.3,2025-02-20T03:25:50Z,True,itunes_rss_mostHelpful,False,False
2df04df59e2312488c40575b9cb5ce452e78811831ce585f4799798b4277e1b1,13678471573,6472232952,Koupon,us,1,CODES DO NOT WORK,I’ve tried on several items using their method. None of these codes work. What a waste of time.,I’ve tried on several items using their method. None of these codes work. What a waste of time.,Spidey88*,2.12.1,2026-01-26T16:22:48Z,True,itunes_rss_mostHelpful,False,False
961d6a5fd6bd6d2e3415689b16d389f0084a5c7384479fd68fc86799cc42b561,13713153482,6472232952,Koupon,us,5,Best App,I really love it and it’s excellent,I really love it and it’s excellent,Seezjah,2.12.2,2026-02-04T19:28:36Z,True,itunes_rss_mostHelpful,False,False
d6f7713daf6d6b5b7a645dcf155eeaceba58a5d9efa81369e56b98dd377366ba,12045064360,6472232952,Koupon,us,1,Al,"Misleading app, you might get lucky with few items but lately 99% of their listing is not active or valid. What wast of time","Misleading app, you might get lucky with few items but lately 99% of their listing is not active or valid. What wast of time",Skydivers2,2.3.1,2024-12-09T21:05:27Z,True,itunes_rss_mostHelpful,False,False
8c793e388020e038ed0c4f1a5d1bfd664f253575537524e397bd605c044ed7cb,12395280904,6472232952,Koupon,us,5,Love this,This app is beautiful,This app is beautiful,ilove money,2.3.4,2025-03-08T05:29:08Z,True,itunes_rss_mostHelpful,False,False
f4fe5b0d1543933f3a339ba7f164dc272725abd363f6baacc76d65175ce8bf24,12355629388,6472232952,Koupon,us,5,Wow!,"Wow, just wow!  The savings are incredible! 😱","Wow, just wow!  The savings are incredible! 😱",GR Review Girl,2.3.4,2025-02-26T02:15:03Z,True,itunes_rss_mostHelpful,False,False
ed939b491ee4309caf41cb557ebfe719259a74be726540035e236f14fe220701,13821226172,6472232952,Koupon,us,1,No codes,The prices not true,The prices not true,safar1963,2.12.3,2026-03-06T22:38:47Z,True,itunes_rss_mostHelpful,False,False
08983815b18f032bb96dc25432ea4e17732da6fc4c4b08ac1eae301190be46d3,13630392905,6472232952,Koupon,us,5,Very good,Very good,Very good,tranhoadt,2.10.4,2026-01-13T22:26:19Z,True,itunes_rss_mostHelpful,False,False
55c5032a509b10bbfd7b7eb6708d02953626fca88d0afb82a2371b41a826f659,13855192738,6472232952,Koupon,us,1,Bad codes,No codes work.  Never what they say.  Beware!,No codes work.  Never what they say.  Beware!,Bwyatt1962,2.12.4,2026-03-16T19:09:24Z,True,itunes_rss_mostHelpful,False,False
e9eda9b5ebea41409f1c807635b32bd722b3f0a6fc03c4d17da9ceedfb412b02,12391044522,6472232952,Koupon,us,5,Best app ever!,5 STARS,5 STARS,Oxnard1920,2.3.4,2025-03-07T03:34:52Z,True,itunes_rss_mostHelpful,False,False
8b8c2e479cd6968d882c6a25b7ae0554dce3e9667280049024a2a515ed0f6394,13693943757,6472232952,Koupon,us,2,Shoes,The deals it finds are on child sizes.,The deals it finds are on child sizes.,Cheif Black Cloud,2.12.2,2026-01-30T17:49:28Z,True,itunes_rss_mostHelpful,False,False
fb027ef61b397161a3ac6b7f437a7149f2a7419f78c2091f072fa03833e7fe01,13515225654,6472232952,Koupon,us,5,I love it!,My favorite app for shopping.,My favorite app for shopping.,nikitaiko,2.10.4,2025-12-15T03:40:54Z,True,itunes_rss_mostHelpful,False,False
89b5eae3be682ecd1ccf4cc499ad91ee998bc1e6ee0adec2591c362c343125b4,13668857138,6472232952,Koupon,us,4,OK,Good,Good,Dàn Nhạc Lâm Anh,2.12.1,2026-01-24T03:41:10Z,True,itunes_rss_mostHelpful,False,False
7429d8a4802f0a2601baf7b86a12350b3233d20267350ee7023443531bf5eaa8,13305869285,6472232952,Koupon,us,5,Good,Good,Good,Ducanh@,2.9.1,2025-10-24T01:14:23Z,True,itunes_rss_mostHelpful,False,False
98b21c25eb90f028ed190c1157c36df4cbdec0ecb420368ff34b027483e7d11c,12487123248,6472232952,Koupon,us,5,Me encanta,Excelente aplicación,Excelente aplicación,Pokahontad,2.3.5,2025-03-31T15:58:44Z,True,itunes_rss_mostHelpful,False,False
b8bc88912a9031e66eae951be13fde69c97c273fb7af84123edb4984479df2d5,12209551141,6472232952,Koupon,us,5,Importante,Es una herramienta muy buena. Me encanta,Es una herramienta muy buena. Me encanta,A TURBI,2.3.2,2025-01-20T22:16:45Z,True,itunes_rss_mostHelpful,False,False
e52e9ee010cb3c633277d5ae6afaf022a72635b004627480b71dcc31a0b061b2,13777272450,6472232952,Koupon,us,5,Great savings,I am a online shopper mostly Amazon and this app always has a great savings coupon for things I’m looking for. I always check here first before buying anywhere else. Highly recommend this app.,I am a online shopper mostly Amazon and this app always has a great savings coupon for things I’m looking for. I always check here first before buying anywhere else. Highly recommend this app.,Beatlejuice65,2.12.2,2026-02-22T14:39:06Z,True,itunes_rss_mostHelpful,False,False
0785eabbc05480aa9ed37cc8db162fbf90899a2dfcfaf63d3a69ffe314293dc6,13817560724,6472232952,Koupon,us,1,None of the deals are actually even available,When you find a deal and go to Amazon cart to buy it you get errors because they don’t even have them,When you find a deal and go to Amazon cart to buy it you get errors because they don’t even have them,brittfield,2.12.3,2026-03-05T20:47:27Z,True,itunes_rss_mostHelpful,False,False
b715fdadfc928ce403db897577be8413c592b67aa377024bd57e8a6ece3c6986,13724524207,6472232952,Koupon,us,5,Great for savings,I have enjoying the benefits of savings on a few items on Amazon so far. I will definitely be recommending this app to my friends and family,I have enjoying the benefits of savings on a few items on Amazon so far. I will definitely be recommending this app to my friends and family,Luricstore,2.12.2,2026-02-07T20:43:35Z,True,itunes_rss_mostHelpful,False,False
d9ae2a60a3e50fdd39f4bf20b911d298c5d0788e83c0c2686d94f247795620d5,13656091340,6472232952,Koupon,us,5,Good saving,"Bought a carport for $15 more than what I would’ve if I had opened this app and got the code for it genuinely just mad at myself, but for what it’s worth all the codes on their work","Bought a carport for $15 more than what I would’ve if I had opened this app and got the code for it genuinely just mad at myself, but for what it’s worth all the codes on their work",thatboicjyahheard,2.12.1,2026-01-20T16:34:48Z,True,itunes_rss_mostHelpful,False,False
7b48d198685ff4d8fec766069e91170d8163bf33f5125af0ebadadb0ecf3ce9b,13698504956,6472232952,Koupon,us,4,Loretta B,Couldn’t give me discount with that code I used.,Couldn’t give me discount with that code I used.,LorettaJB,2.12.2,2026-01-31T21:16:04Z,True,itunes_rss_mostHelpful,False,False
22d247c61972b8f65ce38729ae97d1d1cc56f2229b719423f6d7f2bcd946f064,13683770945,6472232952,Koupon,us,1,Code didn’t work,Entered the code and didn’t get the discount.,Entered the code and didn’t get the discount.,never again 906,2.12.2,2026-01-28T02:18:28Z,True,itunes_rss_mostHelpful,False,False
ae0ec95dcd4f3a96a7f7fd413967e4f09da9ae2bccac021a5ececb41d04af292,13444573710,6472232952,Koupon,us,5,Actually Works,"The app so far has been completely free to use and the coupons/promo codes it gives you actually work!
Sometimes Amazon will lag and it won’t want to accept multiple promo codes, you just have to find a way around it.
Amazing app, I absolutely love it!!","The app so far has been completely free to use and the coupons/promo codes it gives you actually work! 
Sometimes Amazon will lag and it won’t want to accept multiple promo codes, you just have to find a way around it. 
Amazing app, I absolutely love it!!",Jåšmïne,2.10.3,2025-11-26T20:27:13Z,True,itunes_rss_mostHelpful,False,False
0d7e1909646163c8362cf07a14b67555eb9aa95aae2d4c5abfab44f668312918,13649591489,6472232952,Koupon,us,1,Code did not work,I copy and paste the code and it didn’t   work,I copy and paste the code and it didn’t   work,Mommys_luv_,2.11.1,2026-01-18T22:33:00Z,True,itunes_rss_mostHelpful,False,False
746fe11d71980832e243f4cc1a8cdbdc76c39fffdc5e79d0d8cfc0aad1038fa3,13592470383,6472232952,Koupon,us,1,Issue of promo code,When I copy it and it's not allowed and I didn't see any discount as they said. I really disappointed,When I copy it and it's not allowed and I didn't see any discount as they said. I really disappointed,Maiyarosita,2.10.4,2026-01-04T05:10:58Z,True,itunes_rss_mostHelpful,False,False
65e30dd1289a0455c426f8f73af3e1382c25fd5b2b886e0a876bfe4871bc2cc9,13520318623,6472232952,Koupon,us,3,It’s okay so far,"When i first downloaded, it didn’t work at all. Nothing came up in the search bar or anything. It was lame. Then one day i tried again and it worked but the promo codes don’t always work. I stick to Amazon so maybe it’s Amazon that is problem not sure.","When i first downloaded, it didn’t work at all. Nothing came up in the search bar or anything. It was lame. Then one day i tried again and it worked but the promo codes don’t always work. I stick to Amazon so maybe it’s Amazon that is problem not sure.",nigg2.0,2.10.4,2025-12-16T13:34:06Z,True,itunes_rss_mostHelpful,False,False
4175ccfa1bb6794b9ef316c273690130ef46d4da1c0dc06c4eb40dce5c05a8d1,13454098515,6472232952,Koupon,us,1,Misleading,"The deals are the same as Amazon, i don’t see any promo code in sight. I’m deleting this garbage","The deals are the same as Amazon, i don’t see any promo code in sight. I’m deleting this garbage",Magiccstarr,2.10.3,2025-11-29T09:13:56Z,True,itunes_rss_mostHelpful,False,False
721ec2e6018666d3f09be93e9673224a3021d1b21f1999426838bae22c5aca62,12600673475,6472232952,Koupon,us,5,100% Legit,"I heard about this app from that 40 year old guy on YouTube.  Let me tell you, it is 100% legitimate!","I heard about this app from that 40 year old guy on YouTube.  Let me tell you, it is 100% legitimate!",RyaninOklahoma,2.6.0,2025-04-29T21:29:29Z,True,itunes_rss_mostHelpful,False,False
2c80593b4936ebfbd61a485b41fae7ff4fd65a0b9d4fdf9fa6b49d75e667c78b,12731717355,6472232952,Koupon,us,1,I think they intend to sell your data,"I trying signing up with gmail account. Gmail has an interesting feature that aids tracking who provides your email to others. You can append to the google user name with a plus operator. In this case I was appending “+koupon”. The plus, “+” character  is a prohibited character with koupon.ai.  So, expect more “partner” junk marketing after signing up. Anything is possible with a TOS or Privacy Policy change.","I trying signing up with gmail account. Gmail has an interesting feature that aids tracking who provides your email to others. You can append to the google user name with a plus operator. In this case I was appending “+koupon”. The plus, “+” character  is a prohibited character with koupon.ai.  So, expect more “partner” junk marketing after signing up. Anything is possible with a TOS or Privacy Policy change.",At least it's free,2.6.1,2025-06-03T16:22:45Z,True,itunes_rss_mostHelpful,False,False
a134046af1c9e18028021aeea2f7b6e13142ded2dbb206f48dbbe483556e3b26,12110374969,6472232952,Koupon,us,5,Worked well for my Christmas Shopping,"I used this heavily for my Christmas shopping and loved the results. Loved finding extra coupon codes. The app also shows what is on sale without any codes. It works with Amazon (exclusively from what I see) and mostly favors start-up vendors and products made in China. Don’t expect to see great deals and extra discount codes for major brands (Under armor, Apple, Google, etc.) but if you’re just looking for products at a lower rate, this app is great for finding what’s on sale and codes to make things cheaper.","I used this heavily for my Christmas shopping and loved the results. Loved finding extra coupon codes. The app also shows what is on sale without any codes. It works with Amazon (exclusively from what I see) and mostly favors start-up vendors and products made in China. Don’t expect to see great deals and extra discount codes for major brands (Under armor, Apple, Google, etc.) but if you’re just looking for products at a lower rate, this app is great for finding what’s on sale and codes to make things cheaper.",CC120607,2.3.1,2024-12-27T03:57:26Z,True,itunes_rss_mostHelpful,False,False
a4b1c0f43159515dad91e07f5a2a4482f17e52770e33ae2773cbabfcb23fd4cd,12386471017,6472232952,Koupon,us,1,Doesn’t work,None of the promo codes worked. The only discounts listed that are legit are the same ones you can search and find on Amazon by yourself.,None of the promo codes worked. The only discounts listed that are legit are the same ones you can search and find on Amazon by yourself.,Mgodotblu,2.3.4,2025-03-05T22:34:03Z,True,itunes_rss_mostHelpful,False,False
253b2c83712381ef90ec6e3d4bce7c52b7bf8b1644aaae2ab7312ca3917d65e7,12339653515,6472232952,Koupon,us,1,iPhone screen protector,Code did not apply to order in either manner.,Code did not apply to order in either manner.,Shfbkroejendkd,2.3.4,2025-02-22T01:15:38Z,True,itunes_rss_mostHelpful,False,False
2e80fefa1cce0c8ee5c9e02de447a4e06593eedaeda6b1c99760f825bcaa72ab,12100398701,6472232952,Koupon,us,5,A must have,If you are an avid Amazon user or avid saver; this app is a must! They have amazing deals on customer favorites and I’ve already saved hundreds bc these codes aren’t advertised even when I search google! Love this app!,If you are an avid Amazon user or avid saver; this app is a must! They have amazing deals on customer favorites and I’ve already saved hundreds bc these codes aren’t advertised even when I search google! Love this app!,MiaDiPietra,2.3.1,2024-12-24T13:35:04Z,True,itunes_rss_mostHelpful,False,False
8d5d5c495c47ce0eff8b5ee89933788a40364d502033bec92ce4aef291fa020a,11645300558,6472232952,Koupon,us,5,BEST APP,BEST APP IN THE APP STORE !! I LOVE IT !  YOU WONT REGRET GETTING THIS APP SPECIALLY IF YOU ALWAYS SHOPPING ON AMAZON! 100000% RECOMMEND!!!,BEST APP IN THE APP STORE !! I LOVE IT !  YOU WONT REGRET GETTING THIS APP SPECIALLY IF YOU ALWAYS SHOPPING ON AMAZON! 100000% RECOMMEND!!!,Ada Rionda,2.0.2,2024-08-23T23:34:29Z,True,itunes_rss_mostHelpful,False,False
4a28286c2f51bff0677737a45bbc7a12f95e1c69f3e544afd93eb268f0ad9fd1,11667199984,6472232952,Koupon,us,3,Coupon codes,The coupon codes are not all working for me especially when Amazon has a coupon,The coupon codes are not all working for me especially when Amazon has a coupon,4momx4,2.1.0,2024-08-29T20:17:15Z,True,itunes_rss_mostHelpful,False,False
8b3d781574afdb27077f28420182a6315d0e90690ff494711376f33018f6d0d4,11528095772,6472232952,Koupon,us,1,They advertise false “deals”,"So far 4 time that I checked the price that they advertised.  It was completely different on Amazon / way higher after using the coupon. I did get 20 point every time that they made mistake, which is useless.. you need 500 point and up to get anything","So far 4 time that I checked the price that they advertised.  It was completely different on Amazon / way higher after using the coupon. I did get 20 point every time that they made mistake, which is useless.. you need 500 point and up to get anything",diesel one,1.4.6,2024-07-24T04:30:30Z,True,itunes_rss_mostHelpful,False,False
61b5beabf9407b37e8719d152194bbb6c58d84fdbf64021349feb61b969df41e,14630881863,6472232952,Koupon,us,1,Did not work,After trying four different codes for all different items I decided to deactivate the app. A lot of discounts require you to ‘subscribe and save’ as well to utilize the code,After trying four different codes for all different items I decided to deactivate the app. A lot of discounts require you to ‘subscribe and save’ as well to utilize the code,Jniemiste,3.0.5,2026-10-05T14:50:14Z,False,itunes_rss_mostRecent,False,False
e1526ba4d3c6bfac40a49b92b3b2e409eea539e7348096283a91a3b0459c05ea,14629885040,6472232952,Koupon,us,5,Great deals,Has a great deals ever I love it,Has a great deals ever I love it,Sashigiovy,3.0.5,2026-10-05T09:01:24Z,False,itunes_rss_mostRecent,False,False
06e40cde5ac783ddc48d0db82bfc602ecbec13b915cb4f69a6eb7bfdae3e4789,14632768405,6472232952,Koupon,us,5,Everything,Love yalll coupons nd specials,Love yalll coupons nd specials,Gabriela2010$$$,3.0.5,2026-10-06T02:13:15Z,False,itunes_rss_mostRecent,False,False
7e09c0c4246c9331c4c27fcb0d1a5581098e9721ffe70e817d3b722dcfd12724,14632632418,6472232952,Koupon,us,5,Great deals,I’ve gotten a few things a little cheaper..  been great so far,I’ve gotten a few things a little cheaper..  been great so far,Dpooh871,3.0.5,2026-10-06T01:19:13Z,False,itunes_rss_mostRecent,False,False
4f052edc5f1d6e5b310d16097133ace3a7c39763f216525c88d09bbfe1b09756,14635356971,6472232952,Koupon,us,5,"Finally, an App Worth Using","I’ve tried many many supposed saving apps with very little success.
Koupon made this much easier and I will continue using & post a more thorough review.","I’ve tried many many supposed saving apps with very little success.
Koupon made this much easier and I will continue using & post a more thorough review.",VtgRNVet,3.0.5,2026-10-06T18:32:29Z,False,itunes_rss_mostRecent,False,False
d21c1fe17935eef31d4b212840a8f049bc97145d2b23d91a18de405b2f18fe50,14635265374,6472232952,Koupon,us,5,Amazon Discounts,I’ve just been introduced to Koupon and I love it.  Discounts on many of the things I just purchased.  Wish I had known sooner.,I’ve just been introduced to Koupon and I love it.  Discounts on many of the things I just purchased.  Wish I had known sooner.,Dixie Kat,3.0.5,2026-10-06T18:01:36Z,False,itunes_rss_mostRecent,False,False
9aadc096e176bf9bad8faa95e47f37352f077ab3ca220cfaf63dd261d8e25bc4,14636463693,6472232952,Koupon,us,1,Useless,Have not been able to find 1 promo code for anything i want,Have not been able to find 1 promo code for anything i want,Mmrhjd,3.0.5,2026-10-07T01:44:26Z,False,itunes_rss_mostRecent,False,False
69354dfa383a92e21d20f1e3d99c7d0e92a63aa7531efb3d26c74cd29149954e,14635611044,6472232952,Koupon,us,5,Jeanette,Door wreath,Door wreath,Net Fafa,3.0.5,2026-10-06T20:02:13Z,False,itunes_rss_mostRecent,False,False
3a1c019042bdf604b2961b6d515d780198dfbc5fe8be490ea95a96666e96af58,14638114867,6472232952,Koupon,us,5,Great app to have!,I love this app. I was able to save $ using it.,I love this app. I was able to save $ using it.,dabbylynn,3.0.5,2026-10-07T13:04:12Z,False,itunes_rss_mostRecent,False,False
d7c7f589e3d81aef0f3b2021f0c4f544a844761baad47a3bf5b34e7b2316c16b,14637239799,6472232952,Koupon,us,1,Washing Machine cleaner,The code didn’t take the price down to the listed price in Koupon,The code didn’t take the price down to the listed price in Koupon,mtclpnellen,3.0.5,2026-10-07T07:27:42Z,False,itunes_rss_mostRecent,False,False
