fingerprint,review_id,app_id,app_name,country,rating,title,content,original_content,author,version,review_date,is_most_helpful,source,is_short,is_spam
88e62965a0dda6eaf0711bab92b7216c0e78df7d2c473ad11ae40ee0deb87b38,14568760164,348712880,Amazon,de,1,Müll,Amazonboten Müll,Amazonboten Müll,Alexander van Unrath,27.17.0,2026-09-19T15:35:19Z,False,itunes_rss_mostRecent,False,False
b7f963966cfa5c8c2735e0e54b67b7334e6709e555fde99994d35250e421af57,14566219507,348712880,Amazon,de,3,Anzeige,Die App an sich ist toll aber warum gibt es denn kein Dunkel Modus,Die App an sich ist toll aber warum gibt es denn kein Dunkel Modus,01bigben,27.17.0,2026-09-19T00:12:12Z,False,itunes_rss_mostRecent,False,False
790ef0245f96564c1db8334290844403301e236a6a7133b6b4b66c122f1d0273,14565677030,348712880,Amazon,de,1,Zwang für Ablageort,"Amazon wollte mich heute zwingen einen „sicheren“ Ablageort zu wählen. Zu Auswahl standen Garten, Garage oder Tür.
Habe ich nicht im 3. Stock und die Haustür direkt an der Straße. Der Amazonbote hat zu klingeln und fertig. Der schmeißt eh schon oft genug unerlaubt Pakete vor die Tür.
Also wurde ich genötigt eine Packstation zu nehmen, für einen Artikel der eh im Briefkasten gelandet wäre. Einfach lächerlich.","Amazon wollte mich heute zwingen einen „sicheren“ Ablageort zu wählen. Zu Auswahl standen Garten, Garage oder Tür. 
Habe ich nicht im 3. Stock und die Haustür direkt an der Straße. Der Amazonbote hat zu klingeln und fertig. Der schmeißt eh schon oft genug unerlaubt Pakete vor die Tür. 
Also wurde ich genötigt eine Packstation zu nehmen, für einen Artikel der eh im Briefkasten gelandet wäre. Einfach lächerlich.",fantom83,27.17.0,2026-09-18T20:42:06Z,False,itunes_rss_mostRecent,False,False
09b80d7c7b5bcdf69477182430a5ebe2d2ff07e5aa59d0f225f858b8d67d37f0,14563522734,348712880,Amazon,de,1,Es geht bergab,"Amazon wird nur noch schlimmer mMn. Vorbei sind die Zeiten, in denen der Support alles für dich machen konnte, es gibt nur noch vorgefertigte Optionen die angeboten werden, dieses Mal sogar gegen juristische Gesetze. Beschweren? Ja das geht nur per Mail, damit man dann eine vorgefertigte Mail zurück bekommt.","Amazon wird nur noch schlimmer mMn. Vorbei sind die Zeiten, in denen der Support alles für dich machen konnte, es gibt nur noch vorgefertigte Optionen die angeboten werden, dieses Mal sogar gegen juristische Gesetze. Beschweren? Ja das geht nur per Mail, damit man dann eine vorgefertigte Mail zurück bekommt.",Gyrosteller93,27.17.0,2026-09-18T09:08:37Z,False,itunes_rss_mostRecent,False,False
b7ae7abd83cdc5205ceb9c9786386317db9b3b8e188ec0c75d19873ff62a4758,14563458154,348712880,Amazon,de,1,Speicher verwalten buggy,Speicher löschen stürzt die App direkt ab. Erst seit dieser version von heute,Speicher löschen stürzt die App direkt ab. Erst seit dieser version von heute,Özbagli40,27.17.0,2026-09-18T08:40:06Z,False,itunes_rss_mostRecent,False,False
217b9793402b7af04f3aa18d2cf55af5563209d5bf1bb4a3afe9937e625ad838,14563247587,348712880,Amazon,de,4,Nervig,"Ständig sperren die mein Konto nach einer Bestellung, weil sie denken es wurde gehackt oder sie Stonieren einfach meine Bestellung ohne was zu sagen. Nie wieder.","Ständig sperren die mein Konto nach einer Bestellung, weil sie denken es wurde gehackt oder sie Stonieren einfach meine Bestellung ohne was zu sagen. Nie wieder.",sarah05g,27.17.0,2026-09-18T07:03:15Z,False,itunes_rss_mostRecent,False,False
2756888e764e1d161cefbce2bf3e2242b3f63ae4cc457c1677790187dd6d51c1,14560889967,348712880,Amazon,de,2,Verifizierung,Amazon sendet sms an handy nummer die bei der bank ersetzt wurde durch eine neue nummer: verifizierung der zahlungsweise somit nicht möglich.,Amazon sendet sms an handy nummer die bei der bank ersetzt wurde durch eine neue nummer: verifizierung der zahlungsweise somit nicht möglich.,Tonydissatisfied,27.16.0,2026-09-17T15:51:47Z,False,itunes_rss_mostRecent,False,False
5b5ed9ac0ed09404befee3580daf24267b7a08bf3187aea8f5ca04dc5cf55f09,14560376156,348712880,Amazon,de,3,Wird unübersichtlich,Die letzten Updates sind grauenhaft im Hinblick auf die Kategorie „SparAbo“- völlig unerbsichtlich und verwirrend. Bisher hat das immer super funktioniert - jetzt möchte ich am liebsten alle Abos kündigen. Ansonsten war ich mit Amazon immer sehr zufrieden.,Die letzten Updates sind grauenhaft im Hinblick auf die Kategorie „SparAbo“- völlig unerbsichtlich und verwirrend. Bisher hat das immer super funktioniert - jetzt möchte ich am liebsten alle Abos kündigen. Ansonsten war ich mit Amazon immer sehr zufrieden.,Sonja Herlitze,27.16.0,2026-09-17T13:23:25Z,False,itunes_rss_mostRecent,False,False
3a7894ff590c7b477bd600a083fc6c6a257b1d1dbed2856c1eae7950246fdd8d,14557970037,348712880,Amazon,de,3,It was better years ago,I personally have Problems with the App. My Order was cancelled 4 times without telling me. I changed my paying method 3 times. Because it told me that my normal Bank and my Kredit Card is Not working. So i thought okay i will Pay it when i get it. Out of a sudden the App stops working. It Kicks me out of my Account. Than i have to change my Passwort and than it Denied me my acc Access. So I’m really mad because i wanted something on thursday and now i don’t get it because nothing works !!! Last time i used amazon.,I personally have Problems with the App. My Order was cancelled 4 times without telling me. I changed my paying method 3 times. Because it told me that my normal Bank and my Kredit Card is Not working. So i thought okay i will Pay it when i get it. Out of a sudden the App stops working. It Kicks me out of my Account. Than i have to change my Passwort and than it Denied me my acc Access. So I’m really mad because i wanted something on thursday and now i don’t get it because nothing works !!! Last time i used amazon.,Iloveyoupaulwalker,27.16.0,2026-09-16T20:59:50Z,False,itunes_rss_mostRecent,False,False
480c5c3b9d6c42ce78f4a74edc9da53483b5689fdf1839cf5cdc837e5bb18f43,14557959122,348712880,Amazon,de,1,Keine Lastschrift oder Monatsabrechnung mehr möglich,"Es ging einmal was nicht zum Einziehen, und schon spinnt die Lastschrift so extrem rum, dass man absolut nichts mehr bestellen kann, obwohl das Problem nie wieder vorkommen wird!
Bin offenbar nicht die einzige mit dem Problem.  AMAZON, LASST DIE LEUTE ENDLICH WIEDER PER LASTSCHRIFT BEZAHLEN!","Es ging einmal was nicht zum Einziehen, und schon spinnt die Lastschrift so extrem rum, dass man absolut nichts mehr bestellen kann, obwohl das Problem nie wieder vorkommen wird!
Bin offenbar nicht die einzige mit dem Problem.  AMAZON, LASST DIE LEUTE ENDLICH WIEDER PER LASTSCHRIFT BEZAHLEN!",Faby harrison,27.16.0,2026-09-16T20:55:50Z,False,itunes_rss_mostRecent,False,False
0e47ed228d122fc371478c2184f41d98dc55ee1dba4aa95bbc48b43036ec3651,14557362136,348712880,Amazon,de,2,immer weniger zufrieden,"Die Suche ist eine Katastrophe - egal was ich siche es werden random Artikel angezeigt. Mein Profil Chaos Übersicht. Einstellungen, meine Abos - alles muss ich jedes mal neu suchen. Feedback für Amazon, Hilfe - alles muss ich oft sogar erfolglos sichen. Am liebsten würde ich nichts mehr bestellen, wenn ich nicht odt was bestimmtes aus Ausland suche und der Umtausch meistens einfach ist. Aber NICHT über Drittanbieter! Da ist Amazon raus und man steht da mit dem Problem","Die Suche ist eine Katastrophe - egal was ich siche es werden random Artikel angezeigt. Mein Profil Chaos Übersicht. Einstellungen, meine Abos - alles muss ich jedes mal neu suchen. Feedback für Amazon, Hilfe - alles muss ich oft sogar erfolglos sichen. Am liebsten würde ich nichts mehr bestellen, wenn ich nicht odt was bestimmtes aus Ausland suche und der Umtausch meistens einfach ist. Aber NICHT über Drittanbieter! Da ist Amazon raus und man steht da mit dem Problem",rituals1,27.16.0,2026-09-16T17:31:56Z,False,itunes_rss_mostRecent,False,False
b9eac51f21573ad27a260737e6f81048fe57f0ea1b7e4839db14213ff5841654,14557352753,348712880,Amazon,de,5,Macht süchtig,Ist für alle leider die Benchmark.,Ist für alle leider die Benchmark.,Stoned67,27.16.0,2026-09-16T17:28:58Z,False,itunes_rss_mostRecent,False,False
c8b0640fa954664a04fb3cbf264acd53ffea4592eb0ab9c2ddf3ba5e8f481640,14555732975,348712880,Amazon,de,1,Schlimm,"Ich habe öfters dort bestellt. Irgendwann kam eine Nachricht zu mir, dass ich es nicht bezahlt hätte, aber es wurde schon von meinem Konto abebucht. Und gestern sollte meine neue Bestellung ankommen und sie haben meine Bestellung heute Nacht storniert. Ohne Grund!!!","Ich habe öfters dort bestellt. Irgendwann kam eine Nachricht zu mir, dass ich es nicht bezahlt hätte, aber es wurde schon von meinem Konto abebucht. Und gestern sollte meine neue Bestellung ankommen und sie haben meine Bestellung heute Nacht storniert. Ohne Grund!!!",Http-wiki,27.16.0,2026-09-16T08:53:26Z,False,itunes_rss_mostRecent,False,False
272cef2a808f9eaa86ad8f30f7639129bfdd6edc947c14890259a49a7b591b8d,14555711800,348712880,Amazon,de,5,Einkaufen mit AMAZON ist IDEAL !!!,"Das gigantische Angebot lässt immer das Richtige finden !
Preis und Leistung stimmen !
Die Auftrags- und
Lieferabwicklung sind völlig problemlos und sehr
zufriedenstellen !
Auch die Bezahlung
funktioniert reibungslos !
Alles in Allem eine
höchst zufriedenstellende
Einkaufsmöglichkeit !!!! *****","Das gigantische Angebot lässt immer das Richtige finden !
Preis und Leistung stimmen !
Die Auftrags- und
Lieferabwicklung sind völlig problemlos und sehr
zufriedenstellen !
Auch die Bezahlung
funktioniert reibungslos !
Alles in Allem eine
höchst zufriedenstellende
Einkaufsmöglichkeit !!!! *****",MimiRadi,27.16.0,2026-09-16T08:44:02Z,False,itunes_rss_mostRecent,False,False
9daa7cf5218911a01d3a15719da1548cab44411ad67f7c81fc1cfa7130ee6c68,14555201058,348712880,Amazon,de,3,Rechnung Download…,Leider kann man die in der App angezeigt Rechnung nicht einfach teilen weil entsprechender Button fehlt.,Leider kann man die in der App angezeigt Rechnung nicht einfach teilen weil entsprechender Button fehlt.,_lLegacy,27.16.0,2026-09-16T04:54:03Z,False,itunes_rss_mostRecent,False,False
e56205b67b5942334f074d01cfb82ab76b50281386c73c224d011fc33f4bffc4,14553962344,348712880,Amazon,de,2,Sehr ungenaue und fehleranfällige Suche,"Die App funktioniert genauso gut und schlecht wie im Web-Browser. Früher habe ich bei Amazon das gefunden, was ich gesucht habe. Aber inzwischen schlägt mir die Amazon Suche alle möglichen Produkte vor, nur nicht das, wonach ich wirklich explizit gesucht habe. Geht sehr schnell schief, dass etwas falsches bestellt wird.","Die App funktioniert genauso gut und schlecht wie im Web-Browser. Früher habe ich bei Amazon das gefunden, was ich gesucht habe. Aber inzwischen schlägt mir die Amazon Suche alle möglichen Produkte vor, nur nicht das, wonach ich wirklich explizit gesucht habe. Geht sehr schnell schief, dass etwas falsches bestellt wird.",h274335,27.16.0,2026-09-15T20:31:53Z,False,itunes_rss_mostRecent,False,False
3f41b23d23c94ea950890d28c50bc981a073e89f3ba359b914f8b3e54da8cf31,14550290171,348712880,Amazon,de,1,Katastrophe,Eine reine Katastrophe. Ich kann von Business zu Normal nicht wechseln. Die meisten Produkte sind in der Business blockiert. Drecksapp,Eine reine Katastrophe. Ich kann von Business zu Normal nicht wechseln. Die meisten Produkte sind in der Business blockiert. Drecksapp,Davo120582,27.16.0,2026-09-14T20:53:49Z,False,itunes_rss_mostRecent,False,False
175e1cb6a064f9f11ebf55fef7ebdb424477b6d8c7f1c01a6ddb3a155586d1e2,14550172430,348712880,Amazon,de,3,"Wenn alles ankommt, gut","Wehe man hat Probleme, keine Hilfe","Wehe man hat Probleme, keine Hilfe",Rolf Lübke,27.16.0,2026-09-14T20:09:19Z,False,itunes_rss_mostRecent,False,False
b7ea5654caae9656d38eb8b7c7b0bb27bb7dd9896102666eadfb80b350ae053b,14549957756,348712880,Amazon,de,1,Nichts funktioniert vernünftig!!,"Seit Wochen funktioniert nichts mehr reibungslos!
Man kann mit Karte nicht bezahlen, Gutscheine spacken, jedesmal steht da man soll sich „verifizieren“ .. danach klappt nur trotzdem nichts!!!
Wäre schön wenn man es endlich in Angriff nehmen würde….","Seit Wochen funktioniert nichts mehr reibungslos!
Man kann mit Karte nicht bezahlen, Gutscheine spacken, jedesmal steht da man soll sich „verifizieren“ .. danach klappt nur trotzdem nichts!!!
Wäre schön wenn man es endlich in Angriff nehmen würde….",t_jaaaay,27.16.0,2026-09-14T18:52:36Z,False,itunes_rss_mostRecent,False,False
91089174b7f4150cc7c06ecf047d045621012a4d444ee0c8a31ddda80f7faf0e,14548794674,348712880,Amazon,de,2,App gut Kundenservice unterirdisch,"Gibt leider ein Problem mit mit meinem Konto, man möchte das ich mich erneut identifiziere was ich gerne machen würde aber das wird leider nicht angeboten weshalb ich nun nichts mehr bestellen kann. Leider muss ich dann wohl meine Bestellungen bei eBay oder anderen Anbietern aufgeben.","Gibt leider ein Problem mit mit meinem Konto, man möchte das ich mich erneut identifiziere was ich gerne machen würde aber das wird leider nicht angeboten weshalb ich nun nichts mehr bestellen kann. Leider muss ich dann wohl meine Bestellungen bei eBay oder anderen Anbietern aufgeben.",Dirks+W,27.16.0,2026-09-14T12:47:32Z,False,itunes_rss_mostRecent,False,False
b5d4384e3510216b8898151b06cffb5da4e46d43114186d3f3657bcf8b7aeb8c,14546296059,348712880,Amazon,de,2,Seit Update 👎,"Seit dem letzten Update geht nichts mehr, lädt unendlich und nach einer Neu Installation kann ich mich nicht mal mehr anmelden","Seit dem letzten Update geht nichts mehr, lädt unendlich und nach einer Neu Installation kann ich mich nicht mal mehr anmelden",tasnolama,27.16.0,2026-09-13T19:31:56Z,False,itunes_rss_mostRecent,False,False
675ee7ac635973811198c76aeefa136ccf50b1b01c09a9875c21c9a5d1d4b57e,14545689015,348712880,Amazon,de,1,Das neue Design,"ist sehr unübersichtlich und ein wenig mit Eigenwerbung überladen. Wenn dann noch in der Ecke Videos automatisch anfangen zu spielen dann nervt es einfach nur noch.

Es mach keinen Spaß mehr nach etwas zu suchen, man gibt exakt an was man finden will und es werden einen so viele Dinge angezeigt die anders sind als in der Suche angegeben. Wenn ich zB. nach einen Hersteller suche und das Ergebnis beinhaltet ca. 70% von anderen Herstellern dann läuft etwas falsch.","ist sehr unübersichtlich und ein wenig mit Eigenwerbung überladen. Wenn dann noch in der Ecke Videos automatisch anfangen zu spielen dann nervt es einfach nur noch.

Es mach keinen Spaß mehr nach etwas zu suchen, man gibt exakt an was man finden will und es werden einen so viele Dinge angezeigt die anders sind als in der Suche angegeben. Wenn ich zB. nach einen Hersteller suche und das Ergebnis beinhaltet ca. 70% von anderen Herstellern dann läuft etwas falsch.",458,27.16.0,2026-09-13T16:29:10Z,False,itunes_rss_mostRecent,False,False
ce084b07098c8592cc3b4a096a329a20f520c1fa330b96020fea0eb95dfb4e1b,14545132209,348712880,Amazon,de,3,Um sich anzumelden muss man studiert haben,"Ich habe mein Handy verloren und daher eine andere Nummer bekommen. Da man über die App sein Kindle Konto nicht verwalten kann musste ich mich online anmelden. Da es heutzutage ja nirgends mehr reicht einfach seine Mail und sein Passwort einzugeben, sondern man sich tausendmal mit  irgendwelchen SMS Codes oder Authentifikator Apps verifizieren muss, wurde mir ein Code geschickt. An meine Alte Nummer auf die ich kein Zugriff habe. Ich habe dann auf andere Möglichkeit geklickt und die einzige andere Möglichkeit ist scheinbar ein Video von sich zu machen und seine Ausweis zu fotografieren. Statt einfach einen Code an die Mail Adresse zu schicken oder so. Dies geht bei mir leider auch nicht, da mein Deutscher Ausweis 2 Monate abgelaufen ist und daher nicht verwendet werden kann. Mein Schweizer Ausweis kann ich ebenfalls nicht nutzen, da die Schweiz zum ausweisen scheinbar gar nicht in Frage kommt. Ich muss jetzt also beim Amt einen Termin machen um meinen Ausweis zu erneuern damit ich dann ein Bild davon machen kann, damit ich dann meine Nummer ändern kann, damit ich dann auf mein Konto zugreifen kann. Das wird mir langsam alles tu viel ey.","Ich habe mein Handy verloren und daher eine andere Nummer bekommen. Da man über die App sein Kindle Konto nicht verwalten kann musste ich mich online anmelden. Da es heutzutage ja nirgends mehr reicht einfach seine Mail und sein Passwort einzugeben, sondern man sich tausendmal mit  irgendwelchen SMS Codes oder Authentifikator Apps verifizieren muss, wurde mir ein Code geschickt. An meine Alte Nummer auf die ich kein Zugriff habe. Ich habe dann auf andere Möglichkeit geklickt und die einzige andere Möglichkeit ist scheinbar ein Video von sich zu machen und seine Ausweis zu fotografieren. Statt einfach einen Code an die Mail Adresse zu schicken oder so. Dies geht bei mir leider auch nicht, da mein Deutscher Ausweis 2 Monate abgelaufen ist und daher nicht verwendet werden kann. Mein Schweizer Ausweis kann ich ebenfalls nicht nutzen, da die Schweiz zum ausweisen scheinbar gar nicht in Frage kommt. Ich muss jetzt also beim Amt einen Termin machen um meinen Ausweis zu erneuern damit ich dann ein Bild davon machen kann, damit ich dann meine Nummer ändern kann, damit ich dann auf mein Konto zugreifen kann. Das wird mir langsam alles tu viel ey.",Alena@876,27.16.0,2026-09-13T13:54:56Z,False,itunes_rss_mostRecent,False,False
952c191a55572e82caaf9b38d94a9ddb99293cd8f474e5dfe9de572b34ebed1f,14544297955,348712880,Amazon,de,1,Stümperhaft 👎,"Amazon ist nicht in der Lage, 2 Artikel am vorher vereinbarten Tag auszuliefern 😤
Kundenwünsche und Lieferanweisungen werden ignoriert 👎
Keine vernünftige Kontaktaufnahme möglich 😏","Amazon ist nicht in der Lage, 2 Artikel am vorher vereinbarten Tag auszuliefern 😤
Kundenwünsche und Lieferanweisungen werden ignoriert 👎
Keine vernünftige Kontaktaufnahme möglich 😏",Onkel Emma,27.16.0,2026-09-13T09:08:31Z,False,itunes_rss_mostRecent,False,False
823e3541c21c3b5a1b1fe491744f09f465bb6d241759c9b99dfe6569d0ac7682,14542464771,348712880,Amazon,de,2,App stürzt ab,"Seit ca einem Monat stürzt die App entweder ab, lädt trotz wlan oder mobile Daten nicht oder es ist ein Fehler aufgetreten.","Seit ca einem Monat stürzt die App entweder ab, lädt trotz wlan oder mobile Daten nicht oder es ist ein Fehler aufgetreten.",Zehnuhrdreißig,27.16.0,2026-09-12T20:47:46Z,False,itunes_rss_mostRecent,False,False
c366569e9cef8fe66275bc6153f4ea6bc071ba1032ba4f0569addea3fb50e38a,14541519066,348712880,Amazon,de,1,Seit Update nix mehr,Leider gibt es nur noch Probleme seit einer Woche. Apple iPhone,Leider gibt es nur noch Probleme seit einer Woche. Apple iPhone,Joylinea,27.16.0,2026-09-12T15:46:59Z,False,itunes_rss_mostRecent,False,False
5d02b2147195d570d02827b2afac101be992df496005e7bdb2f7d2c333b76eec,14541175664,348712880,Amazon,de,4,Fehler nach Update,"Seit dem letzten Update tritt folgender Fehler auf: wenn man auf das Produktfoto klickt, kommt man nicht mehr zurück zum Hauptmenü, da das Kreuz nicht mehr zu sehen ist.
Bitte mal abchecken, da es absolut nervig ist jedesmal die komplette App schließen muss…","Seit dem letzten Update tritt folgender Fehler auf: wenn man auf das Produktfoto klickt, kommt man nicht mehr zurück zum Hauptmenü, da das Kreuz nicht mehr zu sehen ist.
Bitte mal abchecken, da es absolut nervig ist jedesmal die komplette App schließen muss…",andyalfonso,27.16.0,2026-09-12T14:12:53Z,False,itunes_rss_mostRecent,False,False
858fce6391d10ab6b7d88bb3890eca11e93d7496475bb5b0d8c9942fc9346906,14539842337,348712880,Amazon,de,2,Keine Kontaktmöglichkeit außer einer wenig intelligenten KI,"Update 2026:
Wie um alles in der Welt kann ich einem Verkäufer zu einem gekauften Produkt eine Frage stellen?
Ich bin in der „Support-Schleife des Todes“ gelandet und „die beste Lösung“, die die vermeintliche KI anbietet, ist eine Retoure. Eine Freitextfrage ist nicht möglich, und die vorhandenen Optionen sind überschaubar, beinhalten aber keine Kontaktmöglichkeit zum Hersteller oder zu einem echten Menschen bei Amazon… es wird immer unangenehmer, diese App zu verwenden.
————-
Sehr seltsam: eine App, in der man die Benachrichtigungen von Verkäufern sehen kann, aber wenn man darauf antworten will, wird man zur Webseite geleitet, wo man sich erneut einloggen muss  … so einen Prozess kann man sich doch gar nicht ausdenken…
Macht keinen Spaß.
Auch die Übersicht, was man gekauft hat, ist nicht wirklich hilfreich und schon gar nicht einfach zu finden. Führen die App-Entwickler persönlich keine regelmäßige Kontrolle ihrer Kontoauszüge oder Kreditkarten-Abrechnungen durch? Ansonsten hätten sie ja ein grundverständnis, welche Informationen man so ungefähr dafür brauchen könnte…
Wo ich die App auf Deutsch einstellen kann, hab ich auch noch nicht gefunden. Nervig, denn so sind nicht nur die App Funktionen englisch, sondern freundlicherweise auch alle Artikelbeschreibungen/Rezensionen.
Also in Summe eher kein schönes Einkaufserlebnis.","Update 2026:
Wie um alles in der Welt kann ich einem Verkäufer zu einem gekauften Produkt eine Frage stellen?
Ich bin in der „Support-Schleife des Todes“ gelandet und „die beste Lösung“, die die vermeintliche KI anbietet, ist eine Retoure. Eine Freitextfrage ist nicht möglich, und die vorhandenen Optionen sind überschaubar, beinhalten aber keine Kontaktmöglichkeit zum Hersteller oder zu einem echten Menschen bei Amazon… es wird immer unangenehmer, diese App zu verwenden. 
————-
Sehr seltsam: eine App, in der man die Benachrichtigungen von Verkäufern sehen kann, aber wenn man darauf antworten will, wird man zur Webseite geleitet, wo man sich erneut einloggen muss  … so einen Prozess kann man sich doch gar nicht ausdenken…
Macht keinen Spaß. 
Auch die Übersicht, was man gekauft hat, ist nicht wirklich hilfreich und schon gar nicht einfach zu finden. Führen die App-Entwickler persönlich keine regelmäßige Kontrolle ihrer Kontoauszüge oder Kreditkarten-Abrechnungen durch? Ansonsten hätten sie ja ein grundverständnis, welche Informationen man so ungefähr dafür brauchen könnte…
Wo ich die App auf Deutsch einstellen kann, hab ich auch noch nicht gefunden. Nervig, denn so sind nicht nur die App Funktionen englisch, sondern freundlicherweise auch alle Artikelbeschreibungen/Rezensionen. 
Also in Summe eher kein schönes Einkaufserlebnis.",Gabicia,27.16.0,2026-09-12T06:19:22Z,False,itunes_rss_mostRecent,False,False
d7ec0ab006313650d82553078286267127324401ec1607f1127f0e9271b3760d,14538085503,348712880,Amazon,de,1,Rechnung in der App...,drucken geht nicht mehr. Es gibt keine Option mehr... Andere Apps haben das Problem nicht....,drucken geht nicht mehr. Es gibt keine Option mehr... Andere Apps haben das Problem nicht....,OLL4ever,27.16.0,2026-09-11T18:47:33Z,False,itunes_rss_mostRecent,False,False
67909d5370df571a8b8cc0a2a7b708dd057ab0a1945e08e93acb3381ac777fad,14537025513,348712880,Amazon,de,1,Pakete werden nicht geliefert,"Es war bei mir auch so. Ich hatte was bestellt und dann ist es gar nicht mehr zu Hause angekommen und bei Beschwerden passierte auch nix. Amazon hatte ich ignoriert und was noch viel schlimmer ist die Daten, wann es ankommen soll, stimmt nicht und wenn es bei einem Parkhaus abgegeben wurde, kann man es auch nicht abholen","Es war bei mir auch so. Ich hatte was bestellt und dann ist es gar nicht mehr zu Hause angekommen und bei Beschwerden passierte auch nix. Amazon hatte ich ignoriert und was noch viel schlimmer ist die Daten, wann es ankommen soll, stimmt nicht und wenn es bei einem Parkhaus abgegeben wurde, kann man es auch nicht abholen",Nickifiday,27.16.0,2026-09-11T13:24:32Z,False,itunes_rss_mostRecent,False,False
59171935ceb9e325413eda2db03511c4d6360f55567a861cad267d35dee168a1,14536156747,348712880,Amazon,de,1,Letzter dreck,"Ich habe gestern eine Ersatzfernbedienung bestellt, da meine Fernseher leider kaputt gegangen ist. Plötzlich sehe ich heute Morgen, dass die Bestellung storniert wurde ohne Eingabe von Gründen ohne dass von mir was gesagt hat absoluter Drecksladen definitiv nicht zu empfehlen. Werde die App auch deinstallieren und nicht mehr nutzen, wenn man so mit seinen Kunden umspringt, dann geht das gar nicht.","Ich habe gestern eine Ersatzfernbedienung bestellt, da meine Fernseher leider kaputt gegangen ist. Plötzlich sehe ich heute Morgen, dass die Bestellung storniert wurde ohne Eingabe von Gründen ohne dass von mir was gesagt hat absoluter Drecksladen definitiv nicht zu empfehlen. Werde die App auch deinstallieren und nicht mehr nutzen, wenn man so mit seinen Kunden umspringt, dann geht das gar nicht.",Hydralp20,27.16.0,2026-09-11T08:13:39Z,False,itunes_rss_mostRecent,False,False
d55edc539f94befd565e9b24fd3c9f3b9bdb6377d7e88a60fa0bc180aba576bd,14530192112,348712880,Amazon,de,1,Katastrophal,Seit über 1 Jahr immer wieder Probleme mit hinterlegten Bankverbindungen……echt nervig!!!!!,Seit über 1 Jahr immer wieder Probleme mit hinterlegten Bankverbindungen……echt nervig!!!!!,GALMicha,27.16.0,2026-09-09T18:30:32Z,False,itunes_rss_mostRecent,False,False
72cb962da0cf21f7c970981f4afba799e25c2d827f249dee3e4e26173d85fb78,14528664676,348712880,Amazon,de,1,Packet ist nicht zugestellt würden weil der Fahrer nicht geklingelt hat,Der Fahrer hat nicht bei uns geklingelt er hat bei einem Nachbarn geklingelt,Der Fahrer hat nicht bei uns geklingelt er hat bei einem Nachbarn geklingelt,Niemandv TV hc,27.16.0,2026-09-09T10:46:27Z,False,itunes_rss_mostRecent,False,False
c13a2f1036a927407f75e198cb2053afb47b4820fca4f2251c06fb0ba6f8024f,14525160553,348712880,Amazon,de,3,Instabil,"App stürzt oft ab, sowohl mit WLAN als auch mit 5G!","App stürzt oft ab, sowohl mit WLAN als auch mit 5G!",ijögrgi,27.16.0,2026-09-08T12:52:13Z,False,itunes_rss_mostRecent,False,False
c2f4a95f5c8d93564641e7fb047fb8a9ddcd2ece503fcf3a753ee497e41439f6,14522674409,348712880,Amazon,de,1,Amazon,"Ich kann mir nichts mehr bestellen😡,","Ich kann mir nichts mehr bestellen😡,",Chat’s,27.16.0,2026-09-07T19:52:35Z,False,itunes_rss_mostRecent,False,False
e56a1fd3f76a215a5a8066c421acf7fb5ee3d0510c999a2f098fc7d47627397e,14521523983,348712880,Amazon,de,1,Breitbild trotz Hochform am Tablett,Das ist doof bitte wieder anpassen,Das ist doof bitte wieder anpassen,Picknicker1235,27.16.0,2026-09-07T14:09:20Z,False,itunes_rss_mostRecent,False,False
70d7f47aee2b2d391b3f7d4ab196053f06659415dfa2aff751d4e457dfb47f78,14520336819,348712880,Amazon,de,1,Mitarbeiter sind schwierig zu kontaktieren,"Kaum ein Mitarbeiter in der Hotline spricht richtig deutsch, deshalb kann ich weder mein Problem richtig erklären, noch können sie mir helfen. Ich kann seit Tagen aus unerklärlichen Gründen keinen Kauf tätigen und das einzige was mir gesagt wird ist „versuchen Sie es in ein paar Tagen wieder..“","Kaum ein Mitarbeiter in der Hotline spricht richtig deutsch, deshalb kann ich weder mein Problem richtig erklären, noch können sie mir helfen. Ich kann seit Tagen aus unerklärlichen Gründen keinen Kauf tätigen und das einzige was mir gesagt wird ist „versuchen Sie es in ein paar Tagen wieder..“",drdrmedprof,27.16.0,2026-09-07T06:20:13Z,False,itunes_rss_mostRecent,False,False
ee40147d60b37ce54ccab624a2d20617517fb8c510ec0b802133c642f5783646,14520217701,348712880,Amazon,de,1,Schlecht mein Konto wurde gesperrt,Mein Konto wurde einfach so gesperrt ich wollte nur Musik kaufen und es ging nicht weil Amazon ja auch soo super(ironisch) erklärt was man bei Fehler Meldungen macht also es hat da gestanden ja mit den Infos kann die Bezahlung nicht fortfahren obwohl ich alles da hatte habe sogar zweimal gecheckt dann stand da weil ich ZWEIMAL versucht habe etwas zu kaufen Konto gesperrt reichen sie ein das sie der Inhaber sind ich habe von meiner Banking App ein Screenshot reingeschickt und eine Abbuchung von Amazon ja dann eine email das mein Konto für immer gesperrt ist aber ich könnte ja  außergerichtliche streitbeteiligung beantragen also jetzt reichts die verweisen auf eine Seite in ihrer schlecht undurchschaubaren Hilfs Bibliothek aber das lustige  ist man kommt da nur hin wenn man in Amazon angemeldet ist was ja nicht geht weil mein Konto ja gesperrt ich man hat auch keine email wo man sich wenden könnte oder sonstige hilfs infos man kann nicht mal dem Kundenservice irgendwie erreichen wenn’s nach mir ginge würde der saftladen schon längst geschlossen werden und ich rate jedem an hier vom lieber es im laden kaufen auch wenn es lästiger ist aber besser als Amazon,Mein Konto wurde einfach so gesperrt ich wollte nur Musik kaufen und es ging nicht weil Amazon ja auch soo super(ironisch) erklärt was man bei Fehler Meldungen macht also es hat da gestanden ja mit den Infos kann die Bezahlung nicht fortfahren obwohl ich alles da hatte habe sogar zweimal gecheckt dann stand da weil ich ZWEIMAL versucht habe etwas zu kaufen Konto gesperrt reichen sie ein das sie der Inhaber sind ich habe von meiner Banking App ein Screenshot reingeschickt und eine Abbuchung von Amazon ja dann eine email das mein Konto für immer gesperrt ist aber ich könnte ja  außergerichtliche streitbeteiligung beantragen also jetzt reichts die verweisen auf eine Seite in ihrer schlecht undurchschaubaren Hilfs Bibliothek aber das lustige  ist man kommt da nur hin wenn man in Amazon angemeldet ist was ja nicht geht weil mein Konto ja gesperrt ich man hat auch keine email wo man sich wenden könnte oder sonstige hilfs infos man kann nicht mal dem Kundenservice irgendwie erreichen wenn’s nach mir ginge würde der saftladen schon längst geschlossen werden und ich rate jedem an hier vom lieber es im laden kaufen auch wenn es lästiger ist aber besser als Amazon,wieso69,27.16.0,2026-09-07T05:23:05Z,False,itunes_rss_mostRecent,False,False
18548e366f022859ae5dcede142ab95f90973b285b9f6f7c9675f2f5bbd89456,14519915363,348712880,Amazon,de,5,Wann gibt es endlich Dark-Mode?,"Die App ist sehr gut gemacht. Sie ist perfekt auf Kaufen/Bestellen/Abonnieren getrimmt.
Was weniger gut geht ist  Abos wieder abbestellen. Auch für Rückgaben muss man sich geduldig in die Tiefen der App begeben.  „Ergibt“ ja auch irgendwie Sinn, man soll kaufen und nicht abbestellen/zurückgeben.
Was mich allerdings (abends) stört: der (immer noch) fehlende Dark-Mode!!","Die App ist sehr gut gemacht. Sie ist perfekt auf Kaufen/Bestellen/Abonnieren getrimmt. 
Was weniger gut geht ist  Abos wieder abbestellen. Auch für Rückgaben muss man sich geduldig in die Tiefen der App begeben.  „Ergibt“ ja auch irgendwie Sinn, man soll kaufen und nicht abbestellen/zurückgeben.
Was mich allerdings (abends) stört: der (immer noch) fehlende Dark-Mode!!",MusiKabi,27.16.0,2026-09-07T03:05:11Z,False,itunes_rss_mostRecent,False,False
fd482118de5aa4b2ec749be4d2166c570a412be6c0faae819431244a228763fd,14519327002,348712880,Amazon,de,2,You can not find your upcoming payment,"No matter how hard you try but it is not possible to see what are upcoming payment in your account.
No dark mode for app.
It seems Amazon do not respect humans. I am glad that other competitors are growing","No matter how hard you try but it is not possible to see what are upcoming payment in your account. 
No dark mode for app.
It seems Amazon do not respect humans. I am glad that other competitors are growing",hamid.alizadeh13,27.16.0,2026-09-06T23:01:43Z,False,itunes_rss_mostRecent,False,False
9aa3f4ef1d1a7a4cb8e19c23c1d7ec8425c1a3e899d33d6136b83cf2be9184fc,14515354010,348712880,Amazon,de,4,Läuft gut. Ein Thema nervt,Läuft stabil und man findet sich gut zurecht. Aber die Produktbewertungen sind nicht optimal. Melden der Rezension steht direkt über Übersetzen. Ein falscher klick und man beschwert sich ohne es zu wollen. Und zurück kommt man auch nicht und kann es nicht richtig stellen.,Läuft stabil und man findet sich gut zurecht. Aber die Produktbewertungen sind nicht optimal. Melden der Rezension steht direkt über Übersetzen. Ein falscher klick und man beschwert sich ohne es zu wollen. Und zurück kommt man auch nicht und kann es nicht richtig stellen.,Der Vater Bär,27.16.0,2026-09-05T22:59:51Z,False,itunes_rss_mostRecent,False,False
250402d20249bf89a82123948e3bf084550e954867c04943771c833b4321d103,14514485961,348712880,Amazon,de,1,Disgusting management,"One of my orders appeared as “picked up” outside of the pick up window - when it was supposed to be sent back. I contacted Customer Service and explained the situation. They did not believe me and accused me of lying. They did not even try to check what happened to the package. I waited one week for an investigation which did not happen. At the end the sellers received the items back so Amazon had to give me back the money. What probably happened is that the courier signed the package as “picked up” instead of “ no longer available”. This was my guess from the start and I tried to explain this to the Customer Service Associates. There was no help, empathy or respect. They said that it is impossible that someone else picked it up and closed the topic. For this reason, Amazon lost a very loyal client today. I have been buying many products from them in the past years and never had any problems. For the disgusting Customer Service and accusing me of lying they will never see me again on their platform.","One of my orders appeared as “picked up” outside of the pick up window - when it was supposed to be sent back. I contacted Customer Service and explained the situation. They did not believe me and accused me of lying. They did not even try to check what happened to the package. I waited one week for an investigation which did not happen. At the end the sellers received the items back so Amazon had to give me back the money. What probably happened is that the courier signed the package as “picked up” instead of “ no longer available”. This was my guess from the start and I tried to explain this to the Customer Service Associates. There was no help, empathy or respect. They said that it is impossible that someone else picked it up and closed the topic. For this reason, Amazon lost a very loyal client today. I have been buying many products from them in the past years and never had any problems. For the disgusting Customer Service and accusing me of lying they will never see me again on their platform.",Lin.Mad,27.16.0,2026-09-05T17:45:20Z,False,itunes_rss_mostRecent,False,False
29f5019fd9879830c18bfc52005e0415a138cca3ff2861a3c80e642c250696e4,14513911659,348712880,Amazon,de,5,Sehr gute App,Übersichtlich und für jeden was dabei. Top 🙂,Übersichtlich und für jeden was dabei. Top 🙂,%Oksana%,27.16.0,2026-09-05T14:59:35Z,False,itunes_rss_mostRecent,False,False
a30ccfb3ef65af82315d504a0ffb42fed3574c64d196aa32fce2faff60c63af4,14513247822,348712880,Amazon,de,3,Druck Rechnungen?,"Wäre mal praktisch und Zeitgemäß dass man die Rechnungen in der App als PDF Downloaden könnte, bei IOS ist das nicht möglich… ansehen ja, weiterleiten per mail, drucken nope","Wäre mal praktisch und Zeitgemäß dass man die Rechnungen in der App als PDF Downloaden könnte, bei IOS ist das nicht möglich… ansehen ja, weiterleiten per mail, drucken nope",Schmidt-Ar.,27.16.0,2026-09-05T11:45:30Z,False,itunes_rss_mostRecent,False,False
b6d8b51c115c8409e2918bc5b939365ee20b21b469dbbb1c03b11d67381cac2d,14513116302,348712880,Amazon,de,3,Neue Version unübersichtlich,"Ich finde die neue Version unübersichtlich. Die App wirkte mal professioneller, durch das neue Design wirkt es wie eine billige China Temu App!","Ich finde die neue Version unübersichtlich. Die App wirkte mal professioneller, durch das neue Design wirkt es wie eine billige China Temu App!",nuko93,27.16.0,2026-09-05T10:59:27Z,False,itunes_rss_mostRecent,False,False
2cef4a1d82f95f8389e3b0dffcc0c4e2fb2cede075a22a272df82a78e493c239,14512884719,348712880,Amazon,de,2,Can't cancel trial from app,The fact that I can't cancel my hbo trial from the app seems illegal under EU law. I need to use a browser. That's a mean hurdle.,The fact that I can't cancel my hbo trial from the app seems illegal under EU law. I need to use a browser. That's a mean hurdle.,Banananiel,27.16.0,2026-09-05T09:30:43Z,False,itunes_rss_mostRecent,False,False
849c72401a2eefe17693173efe8b60a43b588740fa4347c8f13b1696619d5027,14510561435,348712880,Amazon,de,4,Einfach,Schnell,Schnell,Goeueger,27.16.0,2026-09-04T18:18:04Z,False,itunes_rss_mostRecent,False,False
e4c237d4c459a64276ee8cb37880df0cdcb40ffb620b683d697b14c85e3d9031,14509467471,348712880,Amazon,de,5,Satisfaction,Super 😄,Super 😄,ApoWars,27.16.0,2026-09-04T12:55:43Z,False,itunes_rss_mostRecent,False,False
9155c4c19b92ab27d87d8d653ce421aeb5f6268fa9edd5883cd6fb0219bf9bd3,14509377605,348712880,Amazon,de,5,Top App,Super Kundenservice,Super Kundenservice,Gvlohxfgvjib,27.16.0,2026-09-04T12:29:06Z,False,itunes_rss_mostRecent,False,False
aae4c228776df2e80786e39814f95f6078ab2cf0fb546bb028f24065ab5b6a12,14508932153,348712880,Amazon,de,1,0 Sterne,"Ich lebe in Deutschland, habe ein Bankkonto und eine Bankkarte. Aber keine dieser Zahlungsmethoden funktioniert jemals auf Anhieb! Ich habe mehrmals Bestellungen aufgegeben und immer wieder eine Ablehnung erhalten. Aber das ist kein Problem. Nach einigen Wiederholungsversuchen wurde die Zahlung schließlich abgewickelt. Verschwenden Sie Ihre Zeit nicht mit einem Dienst, der Ihre Zahlung nicht entgegennehmen kann.","Ich lebe in Deutschland, habe ein Bankkonto und eine Bankkarte. Aber keine dieser Zahlungsmethoden funktioniert jemals auf Anhieb! Ich habe mehrmals Bestellungen aufgegeben und immer wieder eine Ablehnung erhalten. Aber das ist kein Problem. Nach einigen Wiederholungsversuchen wurde die Zahlung schließlich abgewickelt. Verschwenden Sie Ihre Zeit nicht mit einem Dienst, der Ihre Zahlung nicht entgegennehmen kann.",hellenqw,27.16.0,2026-09-04T09:58:55Z,False,itunes_rss_mostRecent,False,False
b8e9a8254cd801f561717760d503bb70989bd5fd86ed3f57464facd42e24f695,14507625489,348712880,Amazon,de,1,Widerruf wird auf 5 Bücher begrenzt,"Entgegen geltendes Recht, wird die Möglichkeit des Widerrufs auf 5 Kindle-Bücher begrenzt. Vorhandene Widerrufsfunktion in der App wird einfach ausgeschaltet und Kontaktaufnahme zum Kundenservice wird erzwungen. Sehr schlecht zu finden. Umständliche Kommunikation mit Kundenservice, ungesetzliche Frage nach Grund des Widerrufs und zudem keinerlei schriftliche Bestätigung, dass Widerruf per Chat oder telefonisch wirksam ist. Bücher werden in App noch immer als gekauft aufgelistet.","Entgegen geltendes Recht, wird die Möglichkeit des Widerrufs auf 5 Kindle-Bücher begrenzt. Vorhandene Widerrufsfunktion in der App wird einfach ausgeschaltet und Kontaktaufnahme zum Kundenservice wird erzwungen. Sehr schlecht zu finden. Umständliche Kommunikation mit Kundenservice, ungesetzliche Frage nach Grund des Widerrufs und zudem keinerlei schriftliche Bestätigung, dass Widerruf per Chat oder telefonisch wirksam ist. Bücher werden in App noch immer als gekauft aufgelistet.",Enttäuscht05,27.16.0,2026-09-04T00:30:52Z,False,itunes_rss_mostRecent,False,False
2fac400bde08e8ca4e7241e13f51768a5ec322a539ec86f38c5e6cdfcd2f2ccd,14507222756,348712880,Amazon,de,1,Wann kommt der,Dunkelmodus?!,Dunkelmodus?!,del_AIR,27.16.0,2026-09-03T21:49:36Z,False,itunes_rss_mostRecent,False,False
361e968c9f0222138720babc68296c0c83ac5636a5e9bf768e7dbafb2a138587,14506473768,348712880,Amazon,de,1,Unübersichtlich und voll gestopft,"Die Wahrscheinlichkeit, ungewollt Prime anzuklicken  ist ziemlich hoch. Ich empfinde das schon als versuchten Betrug!","Die Wahrscheinlichkeit, ungewollt Prime anzuklicken  ist ziemlich hoch. Ich empfinde das schon als versuchten Betrug!",Nuni73829,27.16.0,2026-09-03T17:24:07Z,False,itunes_rss_mostRecent,False,False
6c341213c390e91e12cb927edcab0320cc1d58d079da1bcc6524ee310d95b4a9,14505343409,348712880,Amazon,de,1,Schrecklich,"Man möchte was kaufen mit ner Amazon Karte die man gekauft hat plötzlich wird man gesperrt wegen ,,ungewöhnlicher Zahlung“ ich musste meine id karte ausweis etc geben und diesmal wieder obwohl ich mit MASTERKARTE bestellt habe ich mache diese kake nicht mehr mit","Man möchte was kaufen mit ner Amazon Karte die man gekauft hat plötzlich wird man gesperrt wegen ,,ungewöhnlicher Zahlung“ ich musste meine id karte ausweis etc geben und diesmal wieder obwohl ich mit MASTERKARTE bestellt habe ich mache diese kake nicht mehr mit",cjxhugih,27.16.0,2026-09-03T11:43:56Z,False,itunes_rss_mostRecent,False,False
cbd1ae0de1cfe85242bf85b3e76d2044bb731bfe5890584ca685a3689a58e389,14503176988,348712880,Amazon,de,1,Amazon ist der letzte Mist geworden,Jahre langer Amazon /Prime Kunde durch einen Bank Fehler einmal eine Bestellung nicht bezahlt und schon gesperrt kann trotz Zahlung nichts mehr bestellen… das können andere besser /Müll Haufen Amazon-.-,Jahre langer Amazon /Prime Kunde durch einen Bank Fehler einmal eine Bestellung nicht bezahlt und schon gesperrt kann trotz Zahlung nichts mehr bestellen… das können andere besser /Müll Haufen Amazon-.-,Wolfi38158,27.16.0,2026-09-02T20:41:12Z,False,itunes_rss_mostRecent,False,False
7043c00b5274fa82a6a283f44d550ea1e9b3ac7c0f41dd8f450f96e3dfe3ee27,14502260026,348712880,Amazon,de,1,Ohne Worte,Ich erwarte ein Baby wollte bestellen Ware über 500 Euro Zahlung abgelehnt Support nur abdul Rahul machmut und sonst wen zu sprechen bekommen fühle mich wie in der Hotline von temu.. eine Frechheit wie die mit Kunden umgehen,Ich erwarte ein Baby wollte bestellen Ware über 500 Euro Zahlung abgelehnt Support nur abdul Rahul machmut und sonst wen zu sprechen bekommen fühle mich wie in der Hotline von temu.. eine Frechheit wie die mit Kunden umgehen,OnlyGoodvibes92,27.16.0,2026-09-02T15:38:31Z,False,itunes_rss_mostRecent,False,False
a3e2bdceed99126f7a2e10407fd1b47aa523e7a5adc40566b38cbd0bb856c106,14500270696,348712880,Amazon,de,4,Verbesserung im Suchfilter,"Moin,
bin mit der App sehr zufrieden. Es wäre aber klasse, wenn man im Suchfilter den Punkt ""Nach Verlaufsanzahl"" auswählen könnte. In der Regel kann man sich auf Produkte verlassen, die oft verlauft werden.","Moin,
bin mit der App sehr zufrieden. Es wäre aber klasse, wenn man im Suchfilter den Punkt ""Nach Verlaufsanzahl"" auswählen könnte. In der Regel kann man sich auf Produkte verlassen, die oft verlauft werden.","""Castor Troy""",27.16.0,2026-09-02T03:21:15Z,False,itunes_rss_mostRecent,False,False
c4ab4c4f9ad1f910cc19924571226280d555214a872d7a9d13625aedd87ee36f,14498945819,348712880,Amazon,de,1,d,müll!ich habe mich nochmal angemeldet und es gibt immer wieder Probleme!!!,müll!ich habe mich nochmal angemeldet und es gibt immer wieder Probleme!!!,jdldjdk,27.16.0,2026-09-01T19:00:00Z,False,itunes_rss_mostRecent,False,False
d7172977fea2380bab214cc069218ff7b4895e7e7efdbea8587bf4f08a5205c7,14498646960,348712880,Amazon,de,1,Schrott,"Ich werde nie wieder bei euch bestellen. Der Sicherungscode für die Bestellung wurde mir 20 Minuten vor der Lieferung gesendet und da wahr ich noch auf der Arbeit. Meine Schwster hatte den nicht erhalten und der Fahrer konnte kein Englisch und kein Deutsch. Der ist mit meiner Sendung wieder abgehauen und hat sie dann stoniert. Statt es einfach, es am nächsten Tag zu versuchen. und der Kunden Support ist nur mit KI überfüllt das der auch nicht zu gebrauchen war. habe das Produkt bei Saturn neue gekauft und wird mit DHL geliefert. Amazone ist Schrott","Ich werde nie wieder bei euch bestellen. Der Sicherungscode für die Bestellung wurde mir 20 Minuten vor der Lieferung gesendet und da wahr ich noch auf der Arbeit. Meine Schwster hatte den nicht erhalten und der Fahrer konnte kein Englisch und kein Deutsch. Der ist mit meiner Sendung wieder abgehauen und hat sie dann stoniert. Statt es einfach, es am nächsten Tag zu versuchen. und der Kunden Support ist nur mit KI überfüllt das der auch nicht zu gebrauchen war. habe das Produkt bei Saturn neue gekauft und wird mit DHL geliefert. Amazone ist Schrott",Saturn ist besser,27.16.0,2026-09-01T17:24:16Z,False,itunes_rss_mostRecent,False,False
f5a2fdc83ea80a57bdd1f210e36bb63f6f45bd00406ec4b0cec3e9ca5d1ea544,14498253671,348712880,Amazon,de,2,Unübersichtlich,"Seit dem aktuellen Update ist die App sehr unübersichtlich geworden… Amazon haul, luxury und Prime Video - alles schön im Fokus. Allerdings ist das alles Müll, denn man wenn man was sucht, nicht braucht…","Seit dem aktuellen Update ist die App sehr unübersichtlich geworden… Amazon haul, luxury und Prime Video - alles schön im Fokus. Allerdings ist das alles Müll, denn man wenn man was sucht, nicht braucht…",Layer8_,27.16.0,2026-09-01T15:27:46Z,False,itunes_rss_mostRecent,False,False
f564500c6aba8ef59352ac9efd52bd29328ba248be27cebf4596c0e6953a7cd2,14498051651,348712880,Amazon,de,2,War mal gut,"Die App wäre an und für sich ganz gut. Leider nervt die aufdringliche Werbung für Prime in zunehmendem Maße, was mich aktuell von einer geplanten Bestellung Abstand nehmen lässt.","Die App wäre an und für sich ganz gut. Leider nervt die aufdringliche Werbung für Prime in zunehmendem Maße, was mich aktuell von einer geplanten Bestellung Abstand nehmen lässt.",orthopower,27.16.0,2026-09-01T14:30:53Z,False,itunes_rss_mostRecent,False,False
84e26091c634e3c95749dd596aee71f71966bec6b2f86418ea50f2ba498a65b7,14497768335,348712880,Amazon,de,2,Wieso so kompliziert?,"Seit neustem ist die Vorgehensweise bei der Retoure echt kompliziert. Man kann nicht mehr mehr gleichzeitig anklicken, sondern muss immer wieder jeden Artikel neu in die Retoure hinzufügen, und auch noch mehrere Fragen beantworten. Wieso so kompliziert?? Nun kommen auch die ganze Zeit Fehlermeldungen. So dass ich Über 1 Stunde zeit verloren habe und dennoch nicht zum Ziel gekommen bin :-/ ! Bitte macht das Vorgehen für Rücksendungen wieder unkomplizierter!","Seit neustem ist die Vorgehensweise bei der Retoure echt kompliziert. Man kann nicht mehr mehr gleichzeitig anklicken, sondern muss immer wieder jeden Artikel neu in die Retoure hinzufügen, und auch noch mehrere Fragen beantworten. Wieso so kompliziert?? Nun kommen auch die ganze Zeit Fehlermeldungen. So dass ich Über 1 Stunde zeit verloren habe und dennoch nicht zum Ziel gekommen bin :-/ ! Bitte macht das Vorgehen für Rücksendungen wieder unkomplizierter!",Vilein123,27.16.0,2026-09-01T13:12:19Z,False,itunes_rss_mostRecent,False,False
3f166bee489fc3b91d882844a1a67cab56938c71624302828786139511d8daab,14497229481,348712880,Amazon,de,1,Nötigung,Warum wird man bei jedem Öffnen der App genötigt euren Premium Service zu nutzen? Immer wird mir gesagt Ich hätte mich für Premium Service qualifiziert…baut mal nen schalter in die optionen ein das man bei der qualifizierung mitmachen NEIN wählen kann. Oder hab Ihrs schon so nötig nach Geld zu betteln?,Warum wird man bei jedem Öffnen der App genötigt euren Premium Service zu nutzen? Immer wird mir gesagt Ich hätte mich für Premium Service qualifiziert…baut mal nen schalter in die optionen ein das man bei der qualifizierung mitmachen NEIN wählen kann. Oder hab Ihrs schon so nötig nach Geld zu betteln?,DaiSifu888,27.16.0,2026-09-01T10:09:58Z,False,itunes_rss_mostRecent,False,False
eb8dbe6fe5fb402e2cb9dc8276e77c1e07009a1ea68c8b57f362631e3404ddea,14496855446,348712880,Amazon,de,1,Eid,The goods arriving after the scheduled dates,The goods arriving after the scheduled dates,AIsmaielEid,27.16.0,2026-09-01T07:39:32Z,False,itunes_rss_mostRecent,False,False
c64b05dac463c70875a0ffed7b5aac94bae2083982f9a27e93ca2ca95b31e9c3,14495504776,348712880,Amazon,de,3,Es ist verschlechtbessert,"Auch kein PayPal mehr und auch keine Möglichkeit mehr für Packstation,also gaaanz schlecht ! Set dem benutze ich Amazon kaum noch !","Auch kein PayPal mehr und auch keine Möglichkeit mehr für Packstation,also gaaanz schlecht ! Set dem benutze ich Amazon kaum noch !",Monteeno,27.13.0,2026-08-31T22:12:45Z,False,itunes_rss_mostRecent,False,False
129f8e4afa182c00c790efc792d8bd7b1ec1b43374e4b6236e7c90b2e630cfb2,14494465424,348712880,Amazon,de,1,Desaströs schlechter Kundenservice,Mein Konto wurde - meiner Meinung zu Unrecht (vermutlich durch KI-Unsinn) - eingeschränkt. Die Bewertung bezieht sich auf die unglaublich UI des Kundenservice in der App. Man wird in Schleifen geführt und wird versucht mit äußerst schlecht funktionierenden Chat-Bots abzuspeisen.,Mein Konto wurde - meiner Meinung zu Unrecht (vermutlich durch KI-Unsinn) - eingeschränkt. Die Bewertung bezieht sich auf die unglaublich UI des Kundenservice in der App. Man wird in Schleifen geführt und wird versucht mit äußerst schlecht funktionierenden Chat-Bots abzuspeisen.,Jonheinz,27.13.0,2026-08-31T16:18:54Z,False,itunes_rss_mostRecent,False,False
848c63ea6bd62497e04298ad2c217ce4408cd297d9d76be48f0cb85ee5bb17ee,14493615753,348712880,Amazon,de,1,Langsamer geht wohl nicht?,"Inzwischen wechsele ich ständig zu Amazon auf dem Browser, da dieses App derart oft schlecht und langsam performed, dass man lieber die Browseransicht in Kauf nimmt….","Inzwischen wechsele ich ständig zu Amazon auf dem Browser, da dieses App derart oft schlecht und langsam performed, dass man lieber die Browseransicht in Kauf nimmt….",trabouliste,27.13.0,2026-08-31T12:08:17Z,False,itunes_rss_mostRecent,False,False
b9ca0279524639ab80d528ee2ab91ceb48ef5a602ed3cd7dfba206085e392396,14493475005,348712880,Amazon,de,1,Exklusiv Angebot Lieferando,"Tolles Angebot: Zuerst denkt man super und dann kommt die Ernüchterung: nur bei teilnehmenden Restaurants.
Da wo man bestellt, ist nicht dabei.","Tolles Angebot: Zuerst denkt man super und dann kommt die Ernüchterung: nur bei teilnehmenden Restaurants.
Da wo man bestellt, ist nicht dabei.",Zoogu12345679,27.13.0,2026-08-31T11:22:24Z,False,itunes_rss_mostRecent,False,False
f3d7301949f8494a85b5dc48aed69687127443a3cebf8f1dc2cc2dc0f113a723,14493210741,348712880,Amazon,de,1,Я больше не буду с этой компанией связаться и никому не советую,Один раз купил товар думал наверно произвожу обычную покупку но они на меня завязали какой-то абонемент которую оказывается течение 11 месяцев у меня сняли по девять евро почти ещё спустя шесть месяцев они списывали мне 26 € и отправили тот же самый товар ещё раз по какому-то абонементу который я даже не оформлял,Один раз купил товар думал наверно произвожу обычную покупку но они на меня завязали какой-то абонемент которую оказывается течение 11 месяцев у меня сняли по девять евро почти ещё спустя шесть месяцев они списывали мне 26 € и отправили тот же самый товар ещё раз по какому-то абонементу который я даже не оформлял,rajab rajabov,27.13.0,2026-08-31T09:44:40Z,False,itunes_rss_mostRecent,False,False
2128816bc1670e0e454b16c71ec56fd84694da6175047c5ab504eaad28311652,14492943196,348712880,Amazon,de,2,Konfus,"Geplante Unübersichtlichkeit - und regelmäßige Änderungen. Auswahlen sind mit falschen Inhalten durchsetzt, damit man ja etwas kauft. Nicht dieser App vertrauen...","Geplante Unübersichtlichkeit - und regelmäßige Änderungen. Auswahlen sind mit falschen Inhalten durchsetzt, damit man ja etwas kauft. Nicht dieser App vertrauen...",Thore-R,27.13.0,2026-08-31T07:53:01Z,False,itunes_rss_mostRecent,False,False
ab55efde28992550aeb06458755cff3593a670637240544642b90c0d19e3343d,14492785812,348712880,Amazon,de,1,Anmeldung nicht möglich,Nach Eingabe der Zugangsdaten ist nur eine Verifizierung per WhatsApp möglich,Nach Eingabe der Zugangsdaten ist nur eine Verifizierung per WhatsApp möglich,john.wick.meets.you,27.13.0,2026-08-31T06:42:33Z,False,itunes_rss_mostRecent,False,False
75e2de3a371697cf3f0bbfb890e192d2649dec3de09cebaea3ab76945348fe38,14489145527,348712880,Amazon,de,1,Werbung trotz Prime!,Werbung bei Prime Video für ZAHLENDE Kunden! 1 Sterne ist noch zu viel!,Werbung bei Prime Video für ZAHLENDE Kunden! 1 Sterne ist noch zu viel!,Reclamo...,27.13.0,2026-08-30T08:52:07Z,False,itunes_rss_mostRecent,False,False
b8ba4e27bc9ff25170aa18a046cb6446b165708a552130ec266c1df4547edb88,14487720996,348712880,Amazon,de,1,Darkmode,Schon traurig das Amazon es nicht mal Schaft einen Darkmode einzubauen.,Schon traurig das Amazon es nicht mal Schaft einen Darkmode einzubauen.,mausi19851,27.13.0,2026-08-29T22:54:48Z,False,itunes_rss_mostRecent,False,False
ea381e9c9743ec863f308790ca8ce26b2033acfb94d6cbd7618dd4b40cc2c194,14486315355,348712880,Amazon,de,5,Sehr schön,"Nützlich, klar, präzise. Macht genau das was die App soll. Verkauft Artikel und macht sonst nichts. Keine Werbung in anderen Apps, keine lästigen Nachrichten. Alles tutti. Perfekt.","Nützlich, klar, präzise. Macht genau das was die App soll. Verkauft Artikel und macht sonst nichts. Keine Werbung in anderen Apps, keine lästigen Nachrichten. Alles tutti. Perfekt.",Hörgerät,27.13.0,2026-08-29T15:01:14Z,False,itunes_rss_mostRecent,False,False
429cdc99347ac92c50f0638d1ca05999bca9f0a75286ac319013030ef508c43c,14485530279,348712880,Amazon,de,2,Arbeiten da nur Praktikanten an der App?!,"Eigentlich wäre die App sehr gut. Aber seit einiger Zeit wird ständig irgendwo etwas verschlimmbessert.
Besonders nervig ist es wenn man die App auf iOS & Android parallel nutzt
Seit neuestem ist die Listensortierung unter iOS (Android habe ich noch nicht probiert) wenn ich etwas in eine Liste hinzufügen möchte leider völlig wirr und planlos. Vorher war das perfekt alphabetisch sortiert und man fand alles wieder. Jetzt muss man sich einen Wolf suchen…!
Wird sowas nicht endabgenommen nachdem es eine Testphase durchlaufen hat???
Ich komme mir langsam bei immer mehr Apps wie der Alpha-Tester vor, der den Mist den irgendeine KI verzapft hat ausbaden darf.

Und erfahren tut man es erst wenn man die Google KI befragt warum das alles nicht mehr funktioniert.

Ist das wirklich so schlau ihr lieben Amazonier?","Eigentlich wäre die App sehr gut. Aber seit einiger Zeit wird ständig irgendwo etwas verschlimmbessert.
Besonders nervig ist es wenn man die App auf iOS & Android parallel nutzt 
Seit neuestem ist die Listensortierung unter iOS (Android habe ich noch nicht probiert) wenn ich etwas in eine Liste hinzufügen möchte leider völlig wirr und planlos. Vorher war das perfekt alphabetisch sortiert und man fand alles wieder. Jetzt muss man sich einen Wolf suchen…!
Wird sowas nicht endabgenommen nachdem es eine Testphase durchlaufen hat???
Ich komme mir langsam bei immer mehr Apps wie der Alpha-Tester vor, der den Mist den irgendeine KI verzapft hat ausbaden darf.

Und erfahren tut man es erst wenn man die Google KI befragt warum das alles nicht mehr funktioniert.

Ist das wirklich so schlau ihr lieben Amazonier?",ThinkBlueHH,27.13.0,2026-08-29T11:00:01Z,False,itunes_rss_mostRecent,False,False
855a87f621de1e56426987de3761d5d1bcafc390506a01319f74be81575c4b23,14484653827,348712880,Amazon,de,1,"Kundenservice top, App na ja","Kundenservice am Telefon ist top. Die App ist wie IKEA1976: vorne hinein, von da an ""muss"" man durch alles durch. Das ""Zuviel"" hat Methode - Verwirrung als Marketing. Angebot aber ok.","Kundenservice am Telefon ist top. Die App ist wie IKEA1976: vorne hinein, von da an ""muss"" man durch alles durch. Das ""Zuviel"" hat Methode - Verwirrung als Marketing. Angebot aber ok.",Lotaro II,27.13.0,2026-08-29T04:51:50Z,False,itunes_rss_mostRecent,False,False
a4b06acc88142a88bb50fd502fa0f1e8fe1da77498a90efa028035f679b72d14,14482727102,348712880,Amazon,de,1,App schlimmer als Ki früchte Videos,"Drecks app konnte damals mal was. Jetzt erklärt mir ein animierter Hund wie ich meine zahlungsmethode änder. Ja, duh?? Ich bin GenZ ich weiss wie das funktioniert und das ist auch nicht mein problem. ABER WISST IHR NICHT WENN ES KEIN SCHE ss SUPPORT GIBT. Ich muss mich auf dieser app vor Scam, Phishing oder schlechter Qualität schützen und ihr könnt nicht einmal einen Kundenservice einrichten mit hotline und email. Unglaublich. ich hoffe dieser konzern geht zu grunde","Drecks app konnte damals mal was. Jetzt erklärt mir ein animierter Hund wie ich meine zahlungsmethode änder. Ja, duh?? Ich bin GenZ ich weiss wie das funktioniert und das ist auch nicht mein problem. ABER WISST IHR NICHT WENN ES KEIN SCHE ss SUPPORT GIBT. Ich muss mich auf dieser app vor Scam, Phishing oder schlechter Qualität schützen und ihr könnt nicht einmal einen Kundenservice einrichten mit hotline und email. Unglaublich. ich hoffe dieser konzern geht zu grunde",Schlimmer als ki früchte,27.13.0,2026-08-28T16:39:13Z,False,itunes_rss_mostRecent,False,False
e05e6516a0f2dcd4ff32c55c111e367d8447d175d495668a7954c12a2f506872,14482279633,348712880,Amazon,de,3,War mal besser,"Ich bin schon sehr lange Kunde bei Amazon. Aber in letzter Zeit nervt die App total. Man gibt in der Suchmaske einen speziellen Artikel ein, und man erhält statt des gewünschten Artikels erstmal Artikel welche man nicht explizit angefragt hat. Man muss sich durch die Seiten scrollen,bis man den gewünschten Artikel gefunden hat.
Das nervt mich total und ich finde das ist respektlos den Kunden gegenüber.","Ich bin schon sehr lange Kunde bei Amazon. Aber in letzter Zeit nervt die App total. Man gibt in der Suchmaske einen speziellen Artikel ein, und man erhält statt des gewünschten Artikels erstmal Artikel welche man nicht explizit angefragt hat. Man muss sich durch die Seiten scrollen,bis man den gewünschten Artikel gefunden hat.
Das nervt mich total und ich finde das ist respektlos den Kunden gegenüber.",Rudi Rübe,27.13.0,2026-08-28T14:27:26Z,False,itunes_rss_mostRecent,False,False
12b7f407df6ac0ca668364a25f14df54e5043079dceb36203fb36c978a8347a1,14482067368,348712880,Amazon,de,1,Stammkunde verloren,"Ich habe die App schon solange und alles hier gekauft. Habe meine Oma jetzt davon überzeugt und die hat sich einen Fernseher von mir bestellen lassen. 129€ für den Fernseher (ohne Smart TV) 64€ für den Einrichtungs Service und noch 8€ Ergo. Service war da, Fernseh geht nicht. Service hat gesamte verpackung mitgenommen jetzt sollen wir 129€ statt 203€ zurückbekommen und den Vernseher in einem nicht vorhandenen Karton zurück senden! Ich schreibe seit über einer Stunde mit dem Kundenservice und einer nach dem anderen verlässt einfsch den Chat! Ich habe einr Bildschirmaufnahme davon gemacht! Frechheit!!!! Wir möchten unser Geld oder einen TV der läuft!","Ich habe die App schon solange und alles hier gekauft. Habe meine Oma jetzt davon überzeugt und die hat sich einen Fernseher von mir bestellen lassen. 129€ für den Fernseher (ohne Smart TV) 64€ für den Einrichtungs Service und noch 8€ Ergo. Service war da, Fernseh geht nicht. Service hat gesamte verpackung mitgenommen jetzt sollen wir 129€ statt 203€ zurückbekommen und den Vernseher in einem nicht vorhandenen Karton zurück senden! Ich schreibe seit über einer Stunde mit dem Kundenservice und einer nach dem anderen verlässt einfsch den Chat! Ich habe einr Bildschirmaufnahme davon gemacht! Frechheit!!!! Wir möchten unser Geld oder einen TV der läuft!",Nia 🐉,27.13.0,2026-08-28T13:26:43Z,False,itunes_rss_mostRecent,False,False
61fd7fa12aec1235654129c73eba6aefc6ef3f33a686225cd1d45a8d789f1e7b,14481521121,348712880,Amazon,de,1,Ständiger Werbespam über Push,Es ist unglaublich nervig. Abschalten geht ja nicht sonst bekommt man wichtige Sendungsnachrichten nicht,Es ist unglaublich nervig. Abschalten geht ja nicht sonst bekommt man wichtige Sendungsnachrichten nicht,Bankster2012,27.13.0,2026-08-28T10:29:15Z,False,itunes_rss_mostRecent,False,False
63b8c478ab2daa814778ea2f6df499b6dd1697afff806261c8d2a62975999a69,14479474340,348712880,Amazon,de,1,Pakete,Die Pakete gehen immer verschwunden und wenn nicht verspäten sich sogar meistens bis 7 Tage,Die Pakete gehen immer verschwunden und wenn nicht verspäten sich sogar meistens bis 7 Tage,Arino1,27.13.0,2026-08-27T20:19:50Z,False,itunes_rss_mostRecent,False,False
cb24a855fb20fc3bc525b910b70123c4d2205a912a763d725dea10f40ca8e8d6,14478745267,348712880,Amazon,de,5,Sehr exzellente App und einfach zu bedienen.),"(Wunderbares Programm, exzellenter Service und ich empfehle den Download.)","(Wunderbares Programm, exzellenter Service und ich empfehle den Download.)",أسمي حسين برنامج حلو كتير,27.13.0,2026-08-27T16:14:26Z,False,itunes_rss_mostRecent,False,False
0fe8c014479289a530fa9e7726f5c4a98026206c0af0faca7663d0ecf34e7638,14478372854,348712880,Amazon,de,1,ganz ganz übel,Ich werde ständig damit genervt amazon prime zu akzeptieren obwohl ich den dreck nicht will. das stöbern wird auch immer unübersichtlicher.,Ich werde ständig damit genervt amazon prime zu akzeptieren obwohl ich den dreck nicht will. das stöbern wird auch immer unübersichtlicher.,chorche_hano,27.13.0,2026-08-27T14:24:22Z,False,itunes_rss_mostRecent,False,False
ec61ec1cb04d6cede457e168b6fb0e9182ab211439c8559ed5c65f49d407aebb,14477480400,348712880,Amazon,de,1,Sehr enttäuschender Kundenservice,Unprofessionelles Arbeitsverhalten. Der Kundendienstmitarbeiter spricht respektlos mit Kunden.,Unprofessionelles Arbeitsverhalten. Der Kundendienstmitarbeiter spricht respektlos mit Kunden.,Bì Bì,27.13.0,2026-08-27T09:31:52Z,False,itunes_rss_mostRecent,False,False
23aff1c1e4861147d2a9dae3e28f6f35fb18d895b022d4f92b21881627df3a29,14477280539,348712880,Amazon,de,3,Rücksendefrist und Kundenservice,"Die Rücksendefrist finde ich zu kurz und der Kundenservice ist schwer zu kontaktieren.
Sonst Top!","Die Rücksendefrist finde ich zu kurz und der Kundenservice ist schwer zu kontaktieren. 
Sonst Top!",Diabetesmama,27.13.0,2026-08-27T08:08:12Z,False,itunes_rss_mostRecent,False,False
519d1ce6cf5b45108afc2dc023fdb73e46a84af34c09964e96b31ffa0fdbf9a6,14474342568,348712880,Amazon,de,4,Amazon-APP / Rechnungen,"Die App bietet keine Möglichkeit eine Rechnung zu Drucken oder Herunterzuladen, hier wird die Rechnung nur geöffnet aber man hat dann keine Möglichkeit die PDF zu sichern oder zu drucken. Über den Browser funktioniert das. WARUM nicht in der APP? Lässt sich bestimmt Verbessern. iOS-APP","Die App bietet keine Möglichkeit eine Rechnung zu Drucken oder Herunterzuladen, hier wird die Rechnung nur geöffnet aber man hat dann keine Möglichkeit die PDF zu sichern oder zu drucken. Über den Browser funktioniert das. WARUM nicht in der APP? Lässt sich bestimmt Verbessern. iOS-APP",Dinska1987,27.13.0,2026-08-26T13:48:55Z,False,itunes_rss_mostRecent,False,False
5b02721c52de20807f2e040c62133c922bf9d1e4081612a58bb0066faaf3ff1a,14473200911,348712880,Amazon,de,1,Amazon China Artikel,"Amazon vertreibt über ca. 60 Prozent China Ware minderwertige Qualität. Die Verkäufer werden von Amazon geschützt. Betrüger die Stückzahlen ausschreiben und dann 1 Stück ankommt, auf Nachfrage beim Verkäufer es Habdelt sich nur um 1 Artikel ausgeschrieben 6 Stk.

P.s. Ich habe auch den Verdacht das Strohmänner Verkäufer die Ware für Amazon vertreiben.

Amazon hat viel dreck am Stecken.

Wer Betrüger Hilft schützt macht sich selbst strafbar.

Da kann GooGle und Co. Sich auch ne Scheibe abschneiden","Amazon vertreibt über ca. 60 Prozent China Ware minderwertige Qualität. Die Verkäufer werden von Amazon geschützt. Betrüger die Stückzahlen ausschreiben und dann 1 Stück ankommt, auf Nachfrage beim Verkäufer es Habdelt sich nur um 1 Artikel ausgeschrieben 6 Stk. 

P.s. Ich habe auch den Verdacht das Strohmänner Verkäufer die Ware für Amazon vertreiben.

Amazon hat viel dreck am Stecken. 

Wer Betrüger Hilft schützt macht sich selbst strafbar. 

Da kann GooGle und Co. Sich auch ne Scheibe abschneiden",Firefox Nutzer,27.13.0,2026-08-26T06:53:24Z,False,itunes_rss_mostRecent,False,False
47bee59256a8d98a6606c9effe00ef80f0615e55173b084936209b6e10d435bc,14471165234,348712880,Amazon,de,1,Einfach: nein,"Man kann einige Bedenken bezüglich der Rolle Amazons für unsere Welt und unsere Gesellschaft haben, aber wenn man sich entscheidet auf diesem Marktplatz zu handeln, sei es als Käufer oder Verkäufer, dann sollte die App wenigstens noch in den Basics funktionieren. Leider gibt es Probleme mit Zahlungsweisen, die jahrelang funktionierten, Probleme mit dem Datenschutz und Probleme mit der Löschung von Konten. Ohne WhatsApp geht hier gar nichts. Der sicherheitscode für die Löschung wird per WhatsApp an die Telefonnummer gesandt, mit der das Konto erstellt wurde. Ist die neu vergeben… naja. Lösch dann mal dein Konto bei Amazon. Man könnte den Account zwar auch verwaisen lassen, aber offenbar kann man irgendwann auf die alte Telefonnummer einen neuen Account anlegen, bei dem dann die Kreditkarte von „Sebastian“ bereits hinterlegt ist und als Standard auch seine Wohnadresse voreingestellt ist… no joke! Selbst erlebt.","Man kann einige Bedenken bezüglich der Rolle Amazons für unsere Welt und unsere Gesellschaft haben, aber wenn man sich entscheidet auf diesem Marktplatz zu handeln, sei es als Käufer oder Verkäufer, dann sollte die App wenigstens noch in den Basics funktionieren. Leider gibt es Probleme mit Zahlungsweisen, die jahrelang funktionierten, Probleme mit dem Datenschutz und Probleme mit der Löschung von Konten. Ohne WhatsApp geht hier gar nichts. Der sicherheitscode für die Löschung wird per WhatsApp an die Telefonnummer gesandt, mit der das Konto erstellt wurde. Ist die neu vergeben… naja. Lösch dann mal dein Konto bei Amazon. Man könnte den Account zwar auch verwaisen lassen, aber offenbar kann man irgendwann auf die alte Telefonnummer einen neuen Account anlegen, bei dem dann die Kreditkarte von „Sebastian“ bereits hinterlegt ist und als Standard auch seine Wohnadresse voreingestellt ist… no joke! Selbst erlebt.",ErichEhrlich,27.13.0,2026-08-25T17:30:53Z,False,itunes_rss_mostRecent,False,False
033b2d7286e084f03faebd8487ac6c2f7d563bf293e1e9655e9435703817f5ce,14470455744,348712880,Amazon,de,1,"Erst okay, dann wieder nicht???","Ich versteh es einfach nicht. Amazon und was macht ihr da? Ich bestelle gestern, was es soll heute zugestellt werden. Als bezahlt hat, wenn ich die Amazon Visa Karte. Die Autorisierung geht durch. Für mich gefühlt zu schnell. Wahrscheinlich habt ihr einfach durchgewunken. Aber dann habt ihr es euch noch mal anders überlegt nachgefragt wie dämlich ist das denn?
Und das Beste ist: die Autorisierung eurer eigenen Kreditkarte fehl. Statt des Pakets bekomme ich zwei SMS die schwer nach Scam aus sehen.
Ich gehe also in die App gebe genau die selbe Amazon Kreditkarte ein. Und dann ist wieder alles in Ordnung??? das können Wettbewerber aber besser. Und schneller seid ihr dadurch auch nicht.","Ich versteh es einfach nicht. Amazon und was macht ihr da? Ich bestelle gestern, was es soll heute zugestellt werden. Als bezahlt hat, wenn ich die Amazon Visa Karte. Die Autorisierung geht durch. Für mich gefühlt zu schnell. Wahrscheinlich habt ihr einfach durchgewunken. Aber dann habt ihr es euch noch mal anders überlegt nachgefragt wie dämlich ist das denn? 
Und das Beste ist: die Autorisierung eurer eigenen Kreditkarte fehl. Statt des Pakets bekomme ich zwei SMS die schwer nach Scam aus sehen.
Ich gehe also in die App gebe genau die selbe Amazon Kreditkarte ein. Und dann ist wieder alles in Ordnung??? das können Wettbewerber aber besser. Und schneller seid ihr dadurch auch nicht.",Degusto,27.13.0,2026-08-25T13:58:30Z,False,itunes_rss_mostRecent,False,False
0917208222ab1ec581f1b9c36533d329c8085f4a164ae15caf48f4d7408487a6,14469417025,348712880,Amazon,de,1,Mittlerweile eine Katastrophe,"Den Kundenservice von Amazon zu erreichen ist mittlerweile eine Katastrophe. Es wird immer schwieriger diesen in der App zu finden. Ich bin mittlerweile so sauer, dass ich nicht mehr bei Amazon bestelle. Da ist mir der Persönliche Kontakt im Laden doch lieber","Den Kundenservice von Amazon zu erreichen ist mittlerweile eine Katastrophe. Es wird immer schwieriger diesen in der App zu finden. Ich bin mittlerweile so sauer, dass ich nicht mehr bei Amazon bestelle. Da ist mir der Persönliche Kontakt im Laden doch lieber",Pajoc85,27.13.0,2026-08-25T07:52:55Z,False,itunes_rss_mostRecent,False,False
04e0419763e696c859262d582d06fa53373bd0c44d5b3fc753e6702492947950,14468859658,348712880,Amazon,de,3,Naja,Nachdem mehrere meiner Pakete weg kamen oder einfach an eine falsche Adresse geliefert wurden halte ich langsam nicht mehr viel von Amazon. Es nervt mich extem man gibt Geld aus und es ladet bei irgendeinem anderen und dann sieht man wenn nur ein Bild und denkt sich : ja das ist NICHT meine Haustür: oder man sagt sie sollen es an den ablageort legen und es liegt einfach vor der Haustür. Danke für Nix.,Nachdem mehrere meiner Pakete weg kamen oder einfach an eine falsche Adresse geliefert wurden halte ich langsam nicht mehr viel von Amazon. Es nervt mich extem man gibt Geld aus und es ladet bei irgendeinem anderen und dann sieht man wenn nur ein Bild und denkt sich : ja das ist NICHT meine Haustür: oder man sagt sie sollen es an den ablageort legen und es liegt einfach vor der Haustür. Danke für Nix.,Rukaxx,27.13.0,2026-08-25T03:42:17Z,False,itunes_rss_mostRecent,False,False
0954f7723213649f4ed355c626cb414c11b6bc87ed6fa10100de4963644bd7f5,14467508398,348712880,Amazon,de,1,Gutschein für Rückerstattung,"Vorsicht bei Rückerstattungen auf einen Gutschein! Ich kann ihn seit 10 Tagen nicht einlösen. Obwohl ich für eine wesentlich größere Summe bestellt habe!
Ist für mich Betrug.","Vorsicht bei Rückerstattungen auf einen Gutschein! Ich kann ihn seit 10 Tagen nicht einlösen. Obwohl ich für eine wesentlich größere Summe bestellt habe!
Ist für mich Betrug.",gawoke,27.13.0,2026-08-24T19:00:14Z,False,itunes_rss_mostRecent,False,False
c919ba0dc12c8b92facd30c98ae9b9d6d1108723c962f10ca2cd8feb984c01b4,14467076448,348712880,Amazon,de,3,Funktioniert nicht korrekt,"Es lassen sich auf dem ipad keine Rechnungen drucken. Es erscheint lediglich ein html Code, aber kein ausführbarer Button. Bitte beheben!","Es lassen sich auf dem ipad keine Rechnungen drucken. Es erscheint lediglich ein html Code, aber kein ausführbarer Button. Bitte beheben!",DeeRockenberg,27.13.0,2026-08-24T16:38:24Z,False,itunes_rss_mostRecent,False,False
af1e0b86181c1c9f786b69a2778ec390ea678d679808dc5b89294ba89314e5a2,14466884439,348712880,Amazon,de,1,War mal gut,"In letzter Zeit kommen einfach keine Pakete mehr an. Es wurde zugestellt, aber kein Paket oder der Paketzusteller haben jemals dein Haus gesehen. Zudem noch dieser unglaubliche schlechte K.I. Kundenservice
Amazon Prime spielt nur noch Werbung ein, es lohnt einfach nicht mehr.","In letzter Zeit kommen einfach keine Pakete mehr an. Es wurde zugestellt, aber kein Paket oder der Paketzusteller haben jemals dein Haus gesehen. Zudem noch dieser unglaubliche schlechte K.I. Kundenservice 
Amazon Prime spielt nur noch Werbung ein, es lohnt einfach nicht mehr.",alllles,27.13.0,2026-08-24T15:39:42Z,False,itunes_rss_mostRecent,False,False
959ad5b971e1cb1b03f2a3fae3eee93ddd47ced6d45f6d1fb9726dad301cc805,14466785096,348712880,Amazon,de,3,Kein Dark Mode 😔,Kein Dark Mode 😔,Kein Dark Mode 😔,RussakMC,27.13.0,2026-08-24T15:09:55Z,False,itunes_rss_mostRecent,False,False
db212b4e6cea78bffb0c887c84bd54f3366f3b5a57c3b4e7ec83478d9f03ec6c,14466633662,348712880,Amazon,de,1,Rechnung Herunterladen,"Ich nutze ein IPhone. Leider werden Rechnungen nur angezeigt, können aber nicht heruntergeladen, gedruckt oder geteilt und versendet werden. Findet bitte eine Lösung. Bei Samsung funktioniert das","Ich nutze ein IPhone. Leider werden Rechnungen nur angezeigt, können aber nicht heruntergeladen, gedruckt oder geteilt und versendet werden. Findet bitte eine Lösung. Bei Samsung funktioniert das",Andy#habs gewusst,27.13.0,2026-08-24T14:24:56Z,False,itunes_rss_mostRecent,False,False
3da4f048e90d7b922e3cf13170802bead8bd536c1d0210e56f3492d59ce707f5,14466214198,348712880,Amazon,de,2,So lala,"Die App ist zu langsam und zu hakelich ein geruckele und geht immer nur in Schritten vorwärts. Das Design hätte man ruhig etwas mehr der Webseite anpassen können. Schlechte App aber das ist sowieso das Problem bei Amazon selbst auf der Webseite kann man nicht schnell von oben nach unten scrollen.
Und das bei einem tausender Glasfaseranschluss","Die App ist zu langsam und zu hakelich ein geruckele und geht immer nur in Schritten vorwärts. Das Design hätte man ruhig etwas mehr der Webseite anpassen können. Schlechte App aber das ist sowieso das Problem bei Amazon selbst auf der Webseite kann man nicht schnell von oben nach unten scrollen.
Und das bei einem tausender Glasfaseranschluss",Defeind,27.13.0,2026-08-24T12:16:40Z,False,itunes_rss_mostRecent,False,False
0c59e203e8414a1a47d052c54bbe9717f0662cf19d307fbf328236accda908c0,14466046197,348712880,Amazon,de,1,Zahlungsoption,Ich habe mehrfach versucht meine zahlungsoption zu ändern was erst nach zu vielen Versuchen geklappt hat nur um festzustellen das meine Bestellungen zurückgezogen wurde wegen falscher zahlungsoption DIE ICH BEREITS GEÄNDERT HABE?? Sieht zu das ihr das ändert was soll der Müll ich bestelle lieber woanders da gibts bessere Apps.,Ich habe mehrfach versucht meine zahlungsoption zu ändern was erst nach zu vielen Versuchen geklappt hat nur um festzustellen das meine Bestellungen zurückgezogen wurde wegen falscher zahlungsoption DIE ICH BEREITS GEÄNDERT HABE?? Sieht zu das ihr das ändert was soll der Müll ich bestelle lieber woanders da gibts bessere Apps.,xo horsegirl,27.13.0,2026-08-24T11:19:20Z,False,itunes_rss_mostRecent,False,False
0a0e1f417d312a2db71c5fb5335feb2a520650df753806ec5d34ba9b0c745ab3,14461114895,348712880,Amazon,de,1,Lousy Service,All my orders are cancelled. Amazon apologized several times and confirmed that the mistake has been resolved. However it continues to happen. Impossible to reach anyone competent at customer service. What a disappointment.,All my orders are cancelled. Amazon apologized several times and confirmed that the mistake has been resolved. However it continues to happen. Impossible to reach anyone competent at customer service. What a disappointment.,twowings111,27.13.0,2026-08-23T03:42:07Z,False,itunes_rss_mostRecent,False,False
f06eb29f93300b53bdbe58395cc8fae0694f0ea62badd8950e4861f73fa6d664,14459489974,348712880,Amazon,de,5,Fast ideal,"Ich sollte vorher lesen dann mekkern😅
Amazon Prime ist sehr gut nur was mich bisschen stört sind die Zusatzkosten für Music und Videos sind etwas frech 👿","Ich sollte vorher lesen dann mekkern😅
Amazon Prime ist sehr gut nur was mich bisschen stört sind die Zusatzkosten für Music und Videos sind etwas frech 👿",Florik 101,27.13.0,2026-08-22T17:18:52Z,False,itunes_rss_mostRecent,False,False
1cf70fb756c0966528d0858b18e1e2266418eb86fd04ab3c760fb5c6d18a46b5,14458887093,348712880,Amazon,de,3,"Kaufen ja, Rechnungen per app: nein","will man für einen Kauf eine Rechnung runterladen, erhält man einen unlesbaren link (oder was das auch immer sein soll).
Außerdem: will man aus der app heraus einen Kaufbeleg irgendwo speichern: geht nicht, das Symbol mit dem Pfeil nach oben sucht man vergebens.
Kurzum: zum Kaufen gut, braucht man für Käufe Belege , dann absolut unzureichend.
In jedem Kaufhaus gibt's einen Kassenbon. In dieser app nicht. Erstaunlich..","will man für einen Kauf eine Rechnung runterladen, erhält man einen unlesbaren link (oder was das auch immer sein soll). 
Außerdem: will man aus der app heraus einen Kaufbeleg irgendwo speichern: geht nicht, das Symbol mit dem Pfeil nach oben sucht man vergebens.
Kurzum: zum Kaufen gut, braucht man für Käufe Belege , dann absolut unzureichend. 
In jedem Kaufhaus gibt's einen Kassenbon. In dieser app nicht. Erstaunlich..",Lobo loco 2,27.13.0,2026-08-22T14:19:22Z,False,itunes_rss_mostRecent,False,False
542be697fb6f6053bb5e00a22af05882ba48f3d564eda77e59823dae331c42a4,14458868813,348712880,Amazon,de,1,dark mode,no dark mode,no dark mode,Bobbbbele,27.13.0,2026-08-22T14:14:03Z,False,itunes_rss_mostRecent,False,False
4e870c4b523270141b17c180eb99fa691ae2b2741dd1ccf64c3e4d961003c1c6,14458828499,348712880,Amazon,de,1,Aus dem Warenkorb verschwunden,Item im Warenkorb ausgewählt zum Kauf. Einmal die App verlassen für 2min und der Gegenstand war verschwunden. Damit bin ich unzufrieden also 1 Stern.,Item im Warenkorb ausgewählt zum Kauf. Einmal die App verlassen für 2min und der Gegenstand war verschwunden. Damit bin ich unzufrieden also 1 Stern.,@ntMan Paul,27.13.0,2026-08-22T14:02:24Z,False,itunes_rss_mostRecent,False,False
5a7d5b01bceedbc916cab0ada449f8ec5a120fbf996f55a8e8aa8aaf19d814ef,14458326186,348712880,Amazon,de,1,Verdammt,"Verdammt, ich habe ein Produkt bestellt, das am Freitag als Geschenk an eine Person ankommen sollte, und am Ende ist diese verdächtige Zahlung und Bestätigung langsam und wofür?","Verdammt, ich habe ein Produkt bestellt, das am Freitag als Geschenk an eine Person ankommen sollte, und am Ende ist diese verdächtige Zahlung und Bestätigung langsam und wofür?",Vadim Mizkan,27.13.0,2026-08-22T11:21:03Z,False,itunes_rss_mostRecent,False,False
ab0ab4e4df0c5083fb2d1c1dd9c735ca88ff7e0aea2c94186d52bed39883ff71,14456669365,348712880,Amazon,de,1,Wird immer schlechter,Habe Prime. Früher konnte ich immer kostenlos stornieren und zurücksenden. Jetzt muss ich jedes mal 5€ bezahlen. Amazon absoluter Müll.,Habe Prime. Früher konnte ich immer kostenlos stornieren und zurücksenden. Jetzt muss ich jedes mal 5€ bezahlen. Amazon absoluter Müll.,Fred olin,27.13.0,2026-08-21T23:52:15Z,False,itunes_rss_mostRecent,False,False
2543cc9a121683509e29d54c5e1658471b32607d63c727a0c550c30f55e33184,14455451795,348712880,Amazon,de,2,IA Katastrophe,"Sie haben es sehr kompliziert gemacht, die technische Intelligenz antwortet einem immer, aber man kommt nicht dahinter, es ist einfach nur Zeitverschwendung, es ist einfach nur lästig!","Sie haben es sehr kompliziert gemacht, die technische Intelligenz antwortet einem immer, aber man kommt nicht dahinter, es ist einfach nur Zeitverschwendung, es ist einfach nur lästig!",sofosart,27.11.8,2026-08-21T16:30:28Z,False,itunes_rss_mostRecent,False,False
68e620cdce85b37d7bff0045d7501cbb453265040c091f85c7029568b091f3f8,14453837576,348712880,Amazon,de,1,Amazon delivery guys are harassing coz of wr Christians,"So they keep calling from different numbers and not Amazon numbers, before it was +44 number and delivery number was centralized now they call on personal numbers and keep calling for Instagram WhatsApp why are you ordering US flag mandala why crosses? They remove bills and gift notes of people placing the order. 🆘🧍🏻‍♂️♾️✝️🪞📦 Tampered our Apple devices and kept it out too.","So they keep calling from different numbers and not Amazon numbers, before it was +44 number and delivery number was centralized now they call on personal numbers and keep calling for Instagram WhatsApp why are you ordering US flag mandala why crosses? They remove bills and gift notes of people placing the order. 🆘🧍🏻‍♂️♾️✝️🪞📦 Tampered our Apple devices and kept it out too.",Et WF8V5W RLB 🇮🇪 LLC,27.11.8,2026-08-21T07:33:31Z,False,itunes_rss_mostRecent,False,False
aeeba121a831369aea655b8c307a0e300b7af2a38a12e8fd8f35dd4cfb6a0b9a,14453556596,348712880,Amazon,de,1,Katastrophe,"Kundenservice nicht erreichbar. was gekauft noch nicht da. Probleme mit Zahlungen,ob wohl mal alles mit Service erledigt und bestätigt das ich Konto Einhaber bin","Kundenservice nicht erreichbar. was gekauft noch nicht da. Probleme mit Zahlungen,ob wohl mal alles mit Service erledigt und bestätigt das ich Konto Einhaber bin",Nääää Danke,27.11.8,2026-08-21T05:31:12Z,False,itunes_rss_mostRecent,False,False
6ebb843cd2a5e1e30181365511f96a252640ccc0b29e38d4e0c85eed52e81a54,14452401275,348712880,Amazon,de,1,"Finde nie, was Ich suche","Man bekommt Werbung ohne Ende auch als Push-Nachricht, aber wenn man etwas sucht, ist das gewünschte nie dabei. Den Kundenservice erreicht man nur, wenn man sich im Chatbot-Dschungel nicht verläuft.","Man bekommt Werbung ohne Ende auch als Push-Nachricht, aber wenn man etwas sucht, ist das gewünschte nie dabei. Den Kundenservice erreicht man nur, wenn man sich im Chatbot-Dschungel nicht verläuft.",Tobias 8d99,27.11.8,2026-08-20T21:48:17Z,False,itunes_rss_mostRecent,False,False
0176dee25ed52ab76296aac26c9cd1376f7a8038d55597c857c954afa05646f7,14451294272,348712880,Amazon,de,2,"Seiten beim bestellen, mehr gekotzt",Seit wann seid ihr so anstrengend geworden?,Seit wann seid ihr so anstrengend geworden?,jana fajhdhs,27.11.8,2026-08-20T15:36:34Z,False,itunes_rss_mostRecent,False,False
c31669345e6e4ca5cb7d0181742ce83f18ca0bb534e1e64a1730977e6e10cfb6,14449767813,348712880,Amazon,de,1,Unzufrieden,"Die Amazon-App ist meiner Meinung nach mittlerweile wirklich furchtbar geworden. Sie ist extrem unübersichtlich und die Bedienung wird eher schlechter als besser.

Dazu kommt, dass ich als Prime-Kundin inzwischen kaum noch einen wirklichen Mehrwert sehe. Immer mehr Filme und Serien benötigen zusätzliche Abos oder müssen trotz Prime extra bezahlt bzw. ausgeliehen werden.

Auch bei den Lieferungen bin ich mittlerweile sehr enttäuscht. Die angegebenen Lieferzeiten werden bei mir gefühlt in 90 % der Fälle nicht eingehalten. Gerade die schnelle und zuverlässige Lieferung war für mich früher einer der Hauptgründe für Prime.

Insgesamt hat die Qualität deutlich nachgelassen, während man für immer mehr Leistungen zusätzlich bezahlen soll. Sehr schade, denn früher war ich mit Amazon und Prime deutlich zufriedener.","Die Amazon-App ist meiner Meinung nach mittlerweile wirklich furchtbar geworden. Sie ist extrem unübersichtlich und die Bedienung wird eher schlechter als besser.

Dazu kommt, dass ich als Prime-Kundin inzwischen kaum noch einen wirklichen Mehrwert sehe. Immer mehr Filme und Serien benötigen zusätzliche Abos oder müssen trotz Prime extra bezahlt bzw. ausgeliehen werden.

Auch bei den Lieferungen bin ich mittlerweile sehr enttäuscht. Die angegebenen Lieferzeiten werden bei mir gefühlt in 90 % der Fälle nicht eingehalten. Gerade die schnelle und zuverlässige Lieferung war für mich früher einer der Hauptgründe für Prime.

Insgesamt hat die Qualität deutlich nachgelassen, während man für immer mehr Leistungen zusätzlich bezahlen soll. Sehr schade, denn früher war ich mit Amazon und Prime deutlich zufriedener.",Axccguel,27.11.8,2026-08-20T07:01:12Z,False,itunes_rss_mostRecent,False,False
4241a7b4c0a88852e264b4155e2766720ed5ea1ec32d7a8e53447ee43bfc9bee,14448338254,348712880,Amazon,de,5,Top,Gewohnte Einkaufsmöglichkeit.,Gewohnte Einkaufsmöglichkeit.,Panash1,27.11.8,2026-08-19T21:26:25Z,False,itunes_rss_mostRecent,False,False
f0648037243137787c65dd88b50f642b741965acf6bdb59c26845a7f947b2702,14446228182,348712880,Amazon,de,1,Ужасное приложение,"Ужасное приложение, просто отвратительное. Я пыталась создать аккаунт, на что из-за какой-то ошибки в системе номер телефона привязался, но сам аккаунт недействителен. Я не могу ни позвонить в поддержку, ни написать. И при этом ТАМ ПОЛНО МОШЕННИКОВ! Заказала дорогой телефон, написано абсолютно новый, в итоге приходит официальное сообщение от Самсунг, что телефон ""восстановленный"". На минуточку цена 1000 €! В итоге из-за тупых проблем с акаунтом, я ре могу даже обратиться в поддержку и вернуть деньги. Была б возможность, поставила бы минус 10 звезд","Ужасное приложение, просто отвратительное. Я пыталась создать аккаунт, на что из-за какой-то ошибки в системе номер телефона привязался, но сам аккаунт недействителен. Я не могу ни позвонить в поддержку, ни написать. И при этом ТАМ ПОЛНО МОШЕННИКОВ! Заказала дорогой телефон, написано абсолютно новый, в итоге приходит официальное сообщение от Самсунг, что телефон ""восстановленный"". На минуточку цена 1000 €! В итоге из-за тупых проблем с акаунтом, я ре могу даже обратиться в поддержку и вернуть деньги. Была б возможность, поставила бы минус 10 звезд",НастяБорцова,27.11.8,2026-08-19T10:13:19Z,False,itunes_rss_mostRecent,False,False
4c73e35e79aa54bf62adb8026dd0c28a4b1b6810505286210881db0a411185be,14445941682,348712880,Amazon,de,1,Zahlungspräferenz lässt sich nicht anpassen,"Seit kurzem ist es nicht mehr möglich die Zahlungspräferenz beim Checkout anzupassen. Es ist nicht mehr möglich zwischen den verschiedenen Konten zu wechseln.

Auch eine Anpassung unter Konten -> Zahlungsvorgänge funktioniert nicht. Es ist als ob der komplette Bereich nicht bedienbar ist bzw auf Eingaben (ios touch) nicht reagiert.","Seit kurzem ist es nicht mehr möglich die Zahlungspräferenz beim Checkout anzupassen. Es ist nicht mehr möglich zwischen den verschiedenen Konten zu wechseln.

Auch eine Anpassung unter Konten -> Zahlungsvorgänge funktioniert nicht. Es ist als ob der komplette Bereich nicht bedienbar ist bzw auf Eingaben (ios touch) nicht reagiert.",Fearchen,27.11.8,2026-08-19T08:18:40Z,False,itunes_rss_mostRecent,False,False
ad722f5acacc1981172ec813e76a13a944858a8f2e6dc615c40a64455dcd7734,14445590006,348712880,Amazon,de,2,Negative Veränderungen ohne Preisvorteile.,"Vorteile bei der Musik, ohne Werbung sind weg. Playlisten dadurch zerstört. Werbung in Filmen. Rückgaberecht auf 14 Tage klammheimlich umgestellt. Teilweise versteckt keine Gewährleistung oder Garantie durch den Verkäufer im versteckten Text. Begründete und Bebilderte sachliche Bewertungen mit weniger wie 4 Sternen werden gelöscht. Unübersichtlich geworden die App. Nicht die besten Angebote werden zuerst angezeigt sonder Amszondirektartikel.","Vorteile bei der Musik, ohne Werbung sind weg. Playlisten dadurch zerstört. Werbung in Filmen. Rückgaberecht auf 14 Tage klammheimlich umgestellt. Teilweise versteckt keine Gewährleistung oder Garantie durch den Verkäufer im versteckten Text. Begründete und Bebilderte sachliche Bewertungen mit weniger wie 4 Sternen werden gelöscht. Unübersichtlich geworden die App. Nicht die besten Angebote werden zuerst angezeigt sonder Amszondirektartikel.",Udo Radke,27.11.8,2026-08-19T05:48:14Z,False,itunes_rss_mostRecent,False,False
a523da8fd692ef893d2ec4afff9be4099a133432f206a43b4c4d13ad8d0be575,14442469542,348712880,Amazon,de,4,App Nutzung auf dem iPad,"Auf dem iPhone nutze ich die app gern, da mit KI Rufus meist das Richtige gefunden wird. Ich hoffe, dass mit dem aktualisieren der App auf dem iPad auch diese Funktion zur Verfügung steht.","Auf dem iPhone nutze ich die app gern, da mit KI Rufus meist das Richtige gefunden wird. Ich hoffe, dass mit dem aktualisieren der App auf dem iPad auch diese Funktion zur Verfügung steht.",krebs51,27.11.8,2026-08-18T11:42:10Z,False,itunes_rss_mostRecent,False,False
9c1074a933cef9b6ed92d0817fead2df52550109bf8266f22f0a6dc791b3d8e1,14442300973,348712880,Amazon,de,2,A masterclass in how NOT to build an app,"Today Amazon reminded me why using this app feels like a punishment. I logged in from another device, and “for security reasons” every single one of my already-confirmed orders was instantly cancelled — around ten items, roughly €200. Fine, security. But here’s where it gets genuinely stupid: in the order history you can’t click on an item to reopen it and re-add it to your cart. So what exactly is the point of an order history you can’t reorder from? I had to hunt down every single product manually through search and rebuild the whole cart by hand. In 2026. From the richest company on earth.
Then the voucher saga. Applying a €25 gift voucher required entering the code multiple times while the page refused to scroll up OR down — the feature is visibly broken. The end result of trying to save money is that you rage-quit and pay full price instead. Genuinely impressive design work.
And all of this on top of an interface that looks like it hasn’t been touched since the last decade and behaves in ways nobody could guess. My generation is used to suffering through this stuff. But for older users it’s outright hostile — no wonder so many people happily switch to OTTO instead. For a company with infinite money and the best engineers on the planet, this app is an embarrassment. Do better.","Today Amazon reminded me why using this app feels like a punishment. I logged in from another device, and “for security reasons” every single one of my already-confirmed orders was instantly cancelled — around ten items, roughly €200. Fine, security. But here’s where it gets genuinely stupid: in the order history you can’t click on an item to reopen it and re-add it to your cart. So what exactly is the point of an order history you can’t reorder from? I had to hunt down every single product manually through search and rebuild the whole cart by hand. In 2026. From the richest company on earth.
Then the voucher saga. Applying a €25 gift voucher required entering the code multiple times while the page refused to scroll up OR down — the feature is visibly broken. The end result of trying to save money is that you rage-quit and pay full price instead. Genuinely impressive design work.
And all of this on top of an interface that looks like it hasn’t been touched since the last decade and behaves in ways nobody could guess. My generation is used to suffering through this stuff. But for older users it’s outright hostile — no wonder so many people happily switch to OTTO instead. For a company with infinite money and the best engineers on the planet, this app is an embarrassment. Do better.",Мамкин Шпион,27.11.8,2026-08-18T10:44:00Z,False,itunes_rss_mostRecent,False,False
92382fa707015823fd888d7448b0057eef7f5db1952275bb3481b267b02c1944,14441892361,348712880,Amazon,de,1,"Amazon , Amazon App","Stehr ist eine schlechte App, die deine Daten über Jahre hinweg speichert. Warum? Wenn ich etwas gekauft habe, brauche ich nicht zu wissen, was ich im Jahr 2000 gekauft habe. So ist Datenschutz nicht gemeint. Es ist jedoch vorteilhaft für Dritte, wenn die Daten weiterverkauft werden. Keine Möglichkeit selbst zu entscheiden gibt es nicht.","Stehr ist eine schlechte App, die deine Daten über Jahre hinweg speichert. Warum? Wenn ich etwas gekauft habe, brauche ich nicht zu wissen, was ich im Jahr 2000 gekauft habe. So ist Datenschutz nicht gemeint. Es ist jedoch vorteilhaft für Dritte, wenn die Daten weiterverkauft werden. Keine Möglichkeit selbst zu entscheiden gibt es nicht.",KlausFr.,27.11.8,2026-08-18T08:02:48Z,False,itunes_rss_mostRecent,False,False
7aad06d4f093ee9b8840162bdf332c01beb329cd3a2e2bce0c60a682d56a7ec8,14440721771,348712880,Amazon,de,2,warum umstellen??,"warum in aller Welt muss man ein funktionierendes System umstellen? Plötzlich ist die Befehlssuchleiste unten, die Farben sind in blassgelb gewechselt, so dass man eine Brille braucht. Unübersichtlich, verschlimmbessert!!
Nein, danke!","warum in aller Welt muss man ein funktionierendes System umstellen? Plötzlich ist die Befehlssuchleiste unten, die Farben sind in blassgelb gewechselt, so dass man eine Brille braucht. Unübersichtlich, verschlimmbessert!!
Nein, danke!",Naturarzt1,27.11.8,2026-08-18T00:03:08Z,False,itunes_rss_mostRecent,False,False
36e8d7d5c008d708c4d63fbfb532d9c49b25dd171abbea6f25317536fe92cdeb,14440174606,348712880,Amazon,de,1,Mehr Durcheinander geht nicht,"Solange man kein Problem ok. Sobald man Service oder Kontakt zur Problemlösung braucht, kommt das Hamsterrad. Telefon Kontakt unmöglich. Problemlösung per Chatbot bzw. KI klingt vielversprechend aber landet am Ende in einer Endlosen Schleife.Keine wirkliche Lösung in Sicht.Vertröstet hingehalten irrelevant umgeleitet","Solange man kein Problem ok. Sobald man Service oder Kontakt zur Problemlösung braucht, kommt das Hamsterrad. Telefon Kontakt unmöglich. Problemlösung per Chatbot bzw. KI klingt vielversprechend aber landet am Ende in einer Endlosen Schleife.Keine wirkliche Lösung in Sicht.Vertröstet hingehalten irrelevant umgeleitet",FlyerT6,27.11.8,2026-08-17T20:34:52Z,False,itunes_rss_mostRecent,False,False
7bf7a0f486ed05f3df8c297cee00bf23433ebc0d0ad33ee9b435f3b2b3cc84be,14439744024,348712880,Amazon,de,1,Kein Rufus am iPad mit iOS 26.6,"Bei Amazon wusste niemand, weshalb man am iPad mit der aktuellsten Version kein Rufus AI nutzen kann.
SCHADE!
👎👎👎👎👎","Bei Amazon wusste niemand, weshalb man am iPad mit der aktuellsten Version kein Rufus AI nutzen kann. 
SCHADE!
👎👎👎👎👎",Ludger T,27.11.8,2026-08-17T18:08:57Z,False,itunes_rss_mostRecent,False,False
c6f68c515db646282bd068478cfa0af39153ca56daa0ba9010647b9003412b50,14438759490,348712880,Amazon,de,3,Nicht lieferbar,Leider wurde mir ein nicht lieferbares Gerät erst mitgeteilt nachdem die Lieferzeit abgelaufen war. Es wäre viel besser wenn die Info bei der Bestellung Erfolgsfaktor man nicht wochenlang in der Hoffnung lebt der Artikel kommt,Leider wurde mir ein nicht lieferbares Gerät erst mitgeteilt nachdem die Lieferzeit abgelaufen war. Es wäre viel besser wenn die Info bei der Bestellung Erfolgsfaktor man nicht wochenlang in der Hoffnung lebt der Artikel kommt,Gernomandt,27.11.8,2026-08-17T13:18:28Z,False,itunes_rss_mostRecent,False,False
8ff13e9104feddffab279126dd0e4cc8985d7dd877b862fe665a161d72a66e95,14438604749,348712880,Amazon,de,3,An die Verantwortlichen für diese App,"Sicher gibt es auch andere Familien, die sich ein Amazon-Konto mit allen Familienmitgliedern teilen und auf dieselbe Problematik treffen wie ich: Manchmal möchte man einfach nicht, dass ein Mitbenutzer eine bestimmte Bestellung sieht, weil man ihn mit einem Geschenk überraschen möchte.

Früher gab es dafür die Funktion ‚Bestellungen verbergen‘, was jetzt leider nicht mehr möglich ist und so kann jeder Mitbenutzer, vor einem Geburtstag beispielsweise, ganz leicht Eins und Eins zusammenzählen und die Überraschung ist dahin.
Es bleibt einem nur noch, Geschenke anderswo einzukaufen, wenn man seine Familie weiter überraschen möchte und dies ist leider eine absolute Verschlechterung der App.

Außerdem schließe ich mich anderen Rezensionen an die bemängeln, dass das Einkaufserlebnis nicht mehr so flüssig ist, wie in vorherigen Appversionen, weil vieles komplizierter geworden ist. Schade!","Sicher gibt es auch andere Familien, die sich ein Amazon-Konto mit allen Familienmitgliedern teilen und auf dieselbe Problematik treffen wie ich: Manchmal möchte man einfach nicht, dass ein Mitbenutzer eine bestimmte Bestellung sieht, weil man ihn mit einem Geschenk überraschen möchte.

Früher gab es dafür die Funktion ‚Bestellungen verbergen‘, was jetzt leider nicht mehr möglich ist und so kann jeder Mitbenutzer, vor einem Geburtstag beispielsweise, ganz leicht Eins und Eins zusammenzählen und die Überraschung ist dahin.
Es bleibt einem nur noch, Geschenke anderswo einzukaufen, wenn man seine Familie weiter überraschen möchte und dies ist leider eine absolute Verschlechterung der App.

Außerdem schließe ich mich anderen Rezensionen an die bemängeln, dass das Einkaufserlebnis nicht mehr so flüssig ist, wie in vorherigen Appversionen, weil vieles komplizierter geworden ist. Schade!",Mögilpfd,27.11.8,2026-08-17T12:31:28Z,False,itunes_rss_mostRecent,False,False
77e9d223bdeb1406feef1fe236ed071ca0b266c539993cc11e7011ffbc758e8e,14438599219,348712880,Amazon,de,1,Anmeldung,Schrott,Schrott,scherooooo,27.11.8,2026-08-17T12:29:45Z,False,itunes_rss_mostRecent,False,False
8953fbf8942b1b742ee0890c17e13289b83d5bc40d87b252e5618e415cc079d0,14437221310,348712880,Amazon,de,2,Support,"Meine Zahnung wird aus irgendeinem Grund zurückgestellt. Wenn ich versuche den Support zu kontaktieren, lädt es einfach nicht.","Meine Zahnung wird aus irgendeinem Grund zurückgestellt. Wenn ich versuche den Support zu kontaktieren, lädt es einfach nicht.",amazonkunde72&7,27.11.8,2026-08-17T03:17:00Z,False,itunes_rss_mostRecent,False,False
e4e90512fb1d2b905d341e507b9ac1162325d70a6b0c1f74f9e5ffa61f2bbfec,14435778822,348712880,Amazon,de,5,Perfekt,"Auf Amazon findet man alles, was man gebrauchen kann. Ich bestelle so gerne darüber. Einfach Perfekt☺️","Auf Amazon findet man alles, was man gebrauchen kann. Ich bestelle so gerne darüber. Einfach Perfekt☺️",jdjfjjfbfbfb,27.11.8,2026-08-16T18:19:30Z,False,itunes_rss_mostRecent,False,False
8555b941476919bd6fc4785671f896c6fe1932cba598982db6b209824633cbe2,14435179305,348712880,Amazon,de,1,verspätungen,nur noch verspätungen und automatische stonierung amazon,nur noch verspätungen und automatische stonierung amazon,luca33jwq7e7r,27.11.8,2026-08-16T15:21:16Z,False,itunes_rss_mostRecent,False,False
7acddab3d7535ef38d32495b1c896882aad38716ba0e8567491186b36356e9be,14434931908,348712880,Amazon,de,1,Nicht funktional,Vollkommene Sicherheit durch Unbenutzbarkeit. Einfach nur erbärmlich schlecht.,Vollkommene Sicherheit durch Unbenutzbarkeit. Einfach nur erbärmlich schlecht.,O28195,27.11.8,2026-08-16T14:11:55Z,False,itunes_rss_mostRecent,False,False
ec0092a85ed807e9af535758827f3a29b2804ccb0b219d5b9c24878b1f774b1b,14433901318,348712880,Amazon,de,1,Das war für mich…,"Der einzige Grund, warum ich hier Jahre lang eingekauft habe, war das ich alles unkompliziert und ohne Risiko zurück schicken konnte. Jetzt habe ich einen Fall, und es steht dran, dass das Produkt nicht für den Self-Service geeignet ist. Meine Versuche, einen von Amazon zu kontaktieren, verläuft mehrmals im Kreis, und ich komme zu keinem kundenmitarbeiter durch. Stress? Ja, und damit war für mich schnell klar, nachdem die restlichen Garantien ablaufen, werde ich die App und mein Konto löschen. Der Komfort hat sich gestern zu maßlosem Frust entwickelt","Der einzige Grund, warum ich hier Jahre lang eingekauft habe, war das ich alles unkompliziert und ohne Risiko zurück schicken konnte. Jetzt habe ich einen Fall, und es steht dran, dass das Produkt nicht für den Self-Service geeignet ist. Meine Versuche, einen von Amazon zu kontaktieren, verläuft mehrmals im Kreis, und ich komme zu keinem kundenmitarbeiter durch. Stress? Ja, und damit war für mich schnell klar, nachdem die restlichen Garantien ablaufen, werde ich die App und mein Konto löschen. Der Komfort hat sich gestern zu maßlosem Frust entwickelt",Miki Bara,27.11.8,2026-08-16T08:06:24Z,False,itunes_rss_mostRecent,False,False
64fbff6d9969d4bddf5b13284b5d6b76983d24010fe9754b96c1b376674adddc,14431988327,348712880,Amazon,de,4,"Gut, aber ausbaufähig","Verbesserungsvorschläge
* Wenn mehrere Artikel auf der Merkliste sind, man auf einen klickt, dann springt man ganz zurück an den Anfang der Merkliste. Super nervig, wenn man viele Artikel auf der Merkliste hat und dann wieder ganz runter scrollen muss.
* Suchfunktion ist völlig nutzlos. Ich kann noch so genau Suchbegriffe eingeben, es werden mir teils völlig andere Produkte vorgeschlagen, die mit meiner Suche wirklich nichts mehr zu tun haben.
* Suchfilter: Auch hier absolut nutzlos. Beispiel: Ich filtere nach der Farbe schwarz. Dennoch werden zig Artikel in anderen Farben, z. B. beige aufgelistet.
* Bitte fügt endlich die Möglichkeit ein, in der Suche Begriffe einzugeben, die ausgeschlossen (!) werden sollen. Es ist mehr als nervig, wenn Dutzende Produkte aufgelistet werden, die ich mit einem einzigen Begriff ausschließen könnte.
* Das Anzeigen, Öffnen oder Runterladen von Rechnungen ist in der App nicht möglich.
* Warum kann ich nicht über die App Kindle-Bücher kaufen?","Verbesserungsvorschläge 
* Wenn mehrere Artikel auf der Merkliste sind, man auf einen klickt, dann springt man ganz zurück an den Anfang der Merkliste. Super nervig, wenn man viele Artikel auf der Merkliste hat und dann wieder ganz runter scrollen muss. 
* Suchfunktion ist völlig nutzlos. Ich kann noch so genau Suchbegriffe eingeben, es werden mir teils völlig andere Produkte vorgeschlagen, die mit meiner Suche wirklich nichts mehr zu tun haben. 
* Suchfilter: Auch hier absolut nutzlos. Beispiel: Ich filtere nach der Farbe schwarz. Dennoch werden zig Artikel in anderen Farben, z. B. beige aufgelistet.
* Bitte fügt endlich die Möglichkeit ein, in der Suche Begriffe einzugeben, die ausgeschlossen (!) werden sollen. Es ist mehr als nervig, wenn Dutzende Produkte aufgelistet werden, die ich mit einem einzigen Begriff ausschließen könnte.
* Das Anzeigen, Öffnen oder Runterladen von Rechnungen ist in der App nicht möglich. 
* Warum kann ich nicht über die App Kindle-Bücher kaufen?",RyanHunter,27.11.8,2026-08-15T19:22:40Z,False,itunes_rss_mostRecent,False,False
df95bfb371c37cad9cc6201eb4ed671529f441bd3b7abbc12fa67af55c88e935,14430298765,348712880,Amazon,de,1,Darkmode & Akku,Wo bleibt der Darkmode und der Performance fix wo der Energieverbrauch auf das Minimum reduziert wird? App frisst sehr viel Akku!,Wo bleibt der Darkmode und der Performance fix wo der Energieverbrauch auf das Minimum reduziert wird? App frisst sehr viel Akku!,diluway,27.11.8,2026-08-15T10:45:39Z,False,itunes_rss_mostRecent,False,False
d0e3841efa0893ceed7b75ee61188325063c60d61527a38bb2e9982dbbcd2edc,14428216065,348712880,Amazon,de,1,Pathetic,Idiotic,Idiotic,Ren626,27.11.8,2026-08-14T21:03:19Z,False,itunes_rss_mostRecent,False,False
e408c832852a31442bc875ec85d6e3ed7a18f32304dfed3073b210d79b692197,14426115192,348712880,Amazon,de,1,Zahlung wird immer abgelehnt!,"Seit Jahren bezahle ich bei Amazon problemlos per Lastschrift. Seit heute erscheint bei jeder Bestellung bereits nach etwa einer Minute „Zahlungsänderung erforderlich“, obwohl das Konto ausreichend gedeckt ist. Ich habe die Zahlungsart bereits fünfmal aktualisiert und jedes Mal tritt derselbe Fehler auf. Wie wäre es, wenn man endlich Apple Pay oder PayPal als Zahlungsmethode anbieten würde? Ich werde jetzt bei der Konkurrenz bestellen.","Seit Jahren bezahle ich bei Amazon problemlos per Lastschrift. Seit heute erscheint bei jeder Bestellung bereits nach etwa einer Minute „Zahlungsänderung erforderlich“, obwohl das Konto ausreichend gedeckt ist. Ich habe die Zahlungsart bereits fünfmal aktualisiert und jedes Mal tritt derselbe Fehler auf. Wie wäre es, wenn man endlich Apple Pay oder PayPal als Zahlungsmethode anbieten würde? Ich werde jetzt bei der Konkurrenz bestellen.",Jakub2711,27.11.8,2026-08-14T10:00:27Z,False,itunes_rss_mostRecent,False,False
033a04fcd4c03178c4858347baec8c448ad260dd53e67b62405b4f6987c7a728,14426074202,348712880,Amazon,de,1,Fake Auswahl,"Richtige Müll App. Täuscht eine Auswahl vor, ist aber in Wirklichkeit temu Dreck","Richtige Müll App. Täuscht eine Auswahl vor, ist aber in Wirklichkeit temu Dreck",el_mari,27.11.8,2026-08-14T09:44:45Z,False,itunes_rss_mostRecent,False,False
f6c0bc18afb790434cd57be064cb5ea821524b7f589369f18fef47d64e130157,14425682413,348712880,Amazon,de,2,Keine Hilfe,"Wenn man bei der Hotline anruft dann kommt eine KI die nicht hilfreich ist.
Und wenn man dann endlich jemanden an denn Hörer kriegt dann wird sich das Problem angehört und einfach aufgelegt !
Dazu kommt das mache Bestellungen einfach storniert werden und es wird nicht gesagt warum !","Wenn man bei der Hotline anruft dann kommt eine KI die nicht hilfreich ist. 
Und wenn man dann endlich jemanden an denn Hörer kriegt dann wird sich das Problem angehört und einfach aufgelegt ! 
Dazu kommt das mache Bestellungen einfach storniert werden und es wird nicht gesagt warum !",EhrlichMehrNicht,27.11.8,2026-08-14T07:05:35Z,False,itunes_rss_mostRecent,False,False
cae9eb6523a8cd3ea54235f3d388eae5bfa6af0f8a910716ec3e4189bcb36145,14424103227,348712880,Amazon,de,1,Kundenservice Fehlanzeige,"Rückruffunktion wurde eingestellt. Das ist übel!
Der Chatbot führt nur im Verdummungskreis herum! Kein Bock auf Chatbot der einem sowieso nichts gar nichts helfen kann.","Rückruffunktion wurde eingestellt. Das ist übel! 
Der Chatbot führt nur im Verdummungskreis herum! Kein Bock auf Chatbot der einem sowieso nichts gar nichts helfen kann.",Singdudeldei,27.11.8,2026-08-13T20:41:06Z,False,itunes_rss_mostRecent,False,False
b06484c7929f7bde9aba4a0764ee70486138e677ee157eaa7398b1e560e72cbd,14423991242,348712880,Amazon,de,4,Dunkelmodus,"Hallo an die Entwickler , bitte weitergeben. Ein Dunkelmodus wäre echt toll und auch sinnvoll. Lg","Hallo an die Entwickler , bitte weitergeben. Ein Dunkelmodus wäre echt toll und auch sinnvoll. Lg",LuTheReb,27.11.8,2026-08-13T20:00:31Z,False,itunes_rss_mostRecent,False,False
6e631121dd64e1d079125e903a5162cfd59e31772c5b80c78fa8ecf29dc3dd58,14423776576,348712880,Amazon,de,1,Downgrade lässt grüßen (Update),"Die einen erhöhen die Preise, die anderen reduzieren Qualität, Packungsgröße oder ähnliches. Amazon macht scheinbar beides. Prime kostet mehr, dafür bekommt man aber u. a. bei Prime Music/Video weniger bzw. zahlt drauf.   Und man wird erdrückt von Angeboten wieder Prime beizutreten. Das Angebot wird von chinesischen Firmen dominiert bzw. sind diese Angebote derart präsent, dass man sich abmüht etwas brauchbares - nicht chinesisches - zu finden. Die Lieferzeiten vom „Amazonlieferdienst“ sind grauenhaft und die Sendungen kommen zum Teil nicht zu dem GARANTIERTEN Lieferdatum an und die Lieferungen werden teilweise unangemessen in den Briefkasten verstaut, dass man sie nur umständlich oder garnicht herausbekommt, unmöglich. Das war früher besser und verlässlicher. Unter den Voraussetzungen ist man wirklich ohne Prime besser dran.. traurig.","Die einen erhöhen die Preise, die anderen reduzieren Qualität, Packungsgröße oder ähnliches. Amazon macht scheinbar beides. Prime kostet mehr, dafür bekommt man aber u. a. bei Prime Music/Video weniger bzw. zahlt drauf.   Und man wird erdrückt von Angeboten wieder Prime beizutreten. Das Angebot wird von chinesischen Firmen dominiert bzw. sind diese Angebote derart präsent, dass man sich abmüht etwas brauchbares - nicht chinesisches - zu finden. Die Lieferzeiten vom „Amazonlieferdienst“ sind grauenhaft und die Sendungen kommen zum Teil nicht zu dem GARANTIERTEN Lieferdatum an und die Lieferungen werden teilweise unangemessen in den Briefkasten verstaut, dass man sie nur umständlich oder garnicht herausbekommt, unmöglich. Das war früher besser und verlässlicher. Unter den Voraussetzungen ist man wirklich ohne Prime besser dran.. traurig.",Kner.,27.11.8,2026-08-13T18:46:11Z,False,itunes_rss_mostRecent,False,False
80ad9e697146c96f526bf383b94299a65d9551b1b3378c2144bdf0a067862ad2,14422948370,348712880,Amazon,de,1,Suche inzwischen unbrauchbar.,"In der Suche explizit eine Marke und Modell angegeben und trotzdem nur fünf der ersten 50 Artikel sind von dem Hersteller, der Rest ist Chinaschrott.","In der Suche explizit eine Marke und Modell angegeben und trotzdem nur fünf der ersten 50 Artikel sind von dem Hersteller, der Rest ist Chinaschrott.",Brad Toast,27.11.8,2026-08-13T14:34:41Z,False,itunes_rss_mostRecent,False,False
9845116c897b5cc73f1f863bf71a90ad97d2d3b4ed17dfd7f4ddc78e381b99df,14422302971,348712880,Amazon,de,1,Unglaublich mieser Support,Man landet nur in Schleifen ohne die Möglichkeit zu haben einen Mitarbeiter zu kontaktieren!!! Der Service ist mittlerweile unglaublich schlecht!,Man landet nur in Schleifen ohne die Möglichkeit zu haben einen Mitarbeiter zu kontaktieren!!! Der Service ist mittlerweile unglaublich schlecht!,macpex,27.11.8,2026-08-13T11:21:47Z,False,itunes_rss_mostRecent,False,False
04ebfcb93868c373e5bd0b374fd36929f057fdab682bda23632e9957fd0ea2eb,14421921690,348712880,Amazon,de,1,Keine Lastschrift möglich,"Seit über einer Woche sind keine Bezahlungen per Lastschrift mehr möglich. Eine Änderung der Zahlungsweise in der Bestellung funktioniert ebenfalls nicht. Man muss die Bestellung stornieren und dann mit einer anderen Zahlungsweise erneut erfassen. Es sollte für ein so großes Unternehmen möglich sein, derartige Fehler unverzüglich abzustellen.","Seit über einer Woche sind keine Bezahlungen per Lastschrift mehr möglich. Eine Änderung der Zahlungsweise in der Bestellung funktioniert ebenfalls nicht. Man muss die Bestellung stornieren und dann mit einer anderen Zahlungsweise erneut erfassen. Es sollte für ein so großes Unternehmen möglich sein, derartige Fehler unverzüglich abzustellen.",R.Kl,27.11.8,2026-08-13T09:01:03Z,False,itunes_rss_mostRecent,False,False
cd69ae19f46aa1ffee84db9dd7e45791167bbbd63432f60f8a3260ad34040b8d,14421403350,348712880,Amazon,de,1,Bestellungen funktionieren nicht,Seit Monaten werden meine Bestellungen ständig storniert ohne Grund auch wenn ich in vorkasse gehe,Seit Monaten werden meine Bestellungen ständig storniert ohne Grund auch wenn ich in vorkasse gehe,Jsdusj,27.11.8,2026-08-13T05:26:29Z,False,itunes_rss_mostRecent,False,False
fd614f8788b60adfb231a42f9f9f7500b7a697c3218f7526105266d4b43786ec,14421361096,348712880,Amazon,de,4,"Sehr bequem, aber preislich oft nicht mehr attraktiv","Praktisch, aber preislich für mich oft nicht mehr attraktiv

Ich habe früher relativ häufig bei Amazon bestellt und die Plattform grundsätzlich gerne genutzt. In letzter Zeit hat sich das bei mir allerdings deutlich geändert. Viele Produkte, die mich interessieren, finde ich mittlerweile bei anderen Anbietern teilweise erheblich günstiger.

Besonders bei Produkten, die offensichtlich aus China stammen, fällt mir immer wieder auf, dass sehr ähnliche oder teilweise identische Artikel auf anderen Plattformen deutlich günstiger angeboten werden. Wenn der Preisunterschied entsprechend groß ist, sehe ich persönlich wenig Grund, dafür bei Amazon wesentlich mehr zu bezahlen.

Positiv bleiben für mich die einfache Bestellung, die große Auswahl und die insgesamt komfortable Abwicklung. Genau deshalb schaue ich weiterhin bei Amazon vorbei und habe inzwischen auch wieder einige Produkte bestellt.

Für mich muss Amazon preislich aber wieder attraktiver werden, damit ich die Plattform dauerhaft häufiger nutze. Ich bin gespannt, wie sich das in Zukunft entwickelt.","Praktisch, aber preislich für mich oft nicht mehr attraktiv

Ich habe früher relativ häufig bei Amazon bestellt und die Plattform grundsätzlich gerne genutzt. In letzter Zeit hat sich das bei mir allerdings deutlich geändert. Viele Produkte, die mich interessieren, finde ich mittlerweile bei anderen Anbietern teilweise erheblich günstiger.

Besonders bei Produkten, die offensichtlich aus China stammen, fällt mir immer wieder auf, dass sehr ähnliche oder teilweise identische Artikel auf anderen Plattformen deutlich günstiger angeboten werden. Wenn der Preisunterschied entsprechend groß ist, sehe ich persönlich wenig Grund, dafür bei Amazon wesentlich mehr zu bezahlen.

Positiv bleiben für mich die einfache Bestellung, die große Auswahl und die insgesamt komfortable Abwicklung. Genau deshalb schaue ich weiterhin bei Amazon vorbei und habe inzwischen auch wieder einige Produkte bestellt.

Für mich muss Amazon preislich aber wieder attraktiver werden, damit ich die Plattform dauerhaft häufiger nutze. Ich bin gespannt, wie sich das in Zukunft entwickelt.",LockeLA,27.11.8,2026-08-13T05:08:01Z,False,itunes_rss_mostRecent,False,False
1d9dcfae71af87f095be9c1702e30ace3bb7929d13b6d214cb0513dc498e0d43,14420114655,348712880,Amazon,de,1,Lohnt sich Amazon noch?,"Die App scheint soweit zu funktionieren nur Amazon ist der reinste Mist. Wenn man jemanden versucht zu kontaktieren, muss man sich erstmal durchklicken bis man in ein Chat Fenster kommt. Da wird erstmal die KI (KD) vorgeschoben damit bloß kein unfähiger Mitarbeiter dran muss. Prime Bestellungen dauern gut 5 Tage bis zur Lieferung und wenn man sich über die Lieferzeit beschwert, heißt es nur ich hab gerade 23:00 mit dem Lieferdienst telefoniert das Paket soll morgen ankommen.( sendungsdaten nur elektronisch übermittelt) wers glaubt. Da ist meiner Meinung nach Prime wenn nicht sogar ganz Amazon irrelevant gerade auch was dort mittlerweile verkauft wird.","Die App scheint soweit zu funktionieren nur Amazon ist der reinste Mist. Wenn man jemanden versucht zu kontaktieren, muss man sich erstmal durchklicken bis man in ein Chat Fenster kommt. Da wird erstmal die KI (KD) vorgeschoben damit bloß kein unfähiger Mitarbeiter dran muss. Prime Bestellungen dauern gut 5 Tage bis zur Lieferung und wenn man sich über die Lieferzeit beschwert, heißt es nur ich hab gerade 23:00 mit dem Lieferdienst telefoniert das Paket soll morgen ankommen.( sendungsdaten nur elektronisch übermittelt) wers glaubt. Da ist meiner Meinung nach Prime wenn nicht sogar ganz Amazon irrelevant gerade auch was dort mittlerweile verkauft wird.",Moin730,27.11.8,2026-08-12T21:06:03Z,False,itunes_rss_mostRecent,False,False
bdc45a3f89d312fd2f104b20b2e7d1c6621a25bb88c86369f8a36eafcb888fef,14419748381,348712880,Amazon,de,2,Lieferung,"Bin langsam echt enttäuscht von Amazon. In letzter Zeit kam es vermehrt dazu das die Lieferung entweder zu spät ankommt oder auch gar nicht.
Finde es echt schade, da ich eigentlich die Leistung gerne in Anspruch nehme.","Bin langsam echt enttäuscht von Amazon. In letzter Zeit kam es vermehrt dazu das die Lieferung entweder zu spät ankommt oder auch gar nicht.
Finde es echt schade, da ich eigentlich die Leistung gerne in Anspruch nehme.",Ila Nac,27.11.8,2026-08-12T18:56:08Z,False,itunes_rss_mostRecent,False,False
671d64c727c7b6cc711227ba4046cb4a3514fd96da1088a08220665d6172ecfd,14417672221,348712880,Amazon,de,1,Mega schlechter Service,Jetzt funktionieren nicht mal mehr die Rücksendungen. Und niemand ausser einer ki ist erreichbar. Konto wird gelöscht,Jetzt funktionieren nicht mal mehr die Rücksendungen. Und niemand ausser einer ki ist erreichbar. Konto wird gelöscht,CleanerMan,27.11.8,2026-08-12T07:35:53Z,False,itunes_rss_mostRecent,False,False
ed2845fb670dc55abc4898bf0ace4bbc0531cc13f38a37b04027634b9d7fbc3e,14414198866,348712880,Amazon,de,1,iPhone 15 excessive heat while using the app,Every version of this app from iOS24 up until 26.6 got my phone burning just after one to or two minutes of use no matter if it was during winter or summer. Never observed such behavior before other than a local llm app “locally” while running the biggest parameter model. Had to delete the app and use safari only for my orders.,Every version of this app from iOS24 up until 26.6 got my phone burning just after one to or two minutes of use no matter if it was during winter or summer. Never observed such behavior before other than a local llm app “locally” while running the biggest parameter model. Had to delete the app and use safari only for my orders.,ElmoMask,27.11.8,2026-08-11T11:27:52Z,False,itunes_rss_mostRecent,False,False
1525a880cfd054f2e2e9ce1d893667ba338f95eead8353a86d47e7c2d8b00106,14413147068,348712880,Amazon,de,1,Kundenservice sehr schlecht,Immer dieselben antworten,Immer dieselben antworten,Besher069,27.11.8,2026-08-11T04:37:33Z,False,itunes_rss_mostRecent,False,False
7c45ba6e50dea875898c24667236f484c9ed41f20a584b31f6ff2db1ef0d5af8,14410213183,348712880,Amazon,de,1,Gutschein okay,Rest Geld dann weg wo ist das geblieben sonst alles okay bei Amazon vorsichtig bei abzocke Geldern die stehlen das Geld weg,Rest Geld dann weg wo ist das geblieben sonst alles okay bei Amazon vorsichtig bei abzocke Geldern die stehlen das Geld weg,Janett1980,27.11.8,2026-08-10T11:47:28Z,False,itunes_rss_mostRecent,False,False
01a8e37190e96e387603def891facfa466ef705e49faa3f5ce0c3d5e1e0fefd0,14409866634,348712880,Amazon,de,2,Search and account maintenance require significant improvement,"2 years ago i changed address connected to my bank account. It was absolutely not possible to just edit it. I have now 2 times payment metod with exactly same bank account. Now i changed my surname. Can i just change the surname in delivery address? Of course not. After all Amazon programmers apparently do not consider women getting married a common thing. Search clothes limiting to certain materials (e.g. cotton) ? Of course not possible. I have no idea for what are the programmers of Amazon being paid for, but definitely not for making app user friendly.","2 years ago i changed address connected to my bank account. It was absolutely not possible to just edit it. I have now 2 times payment metod with exactly same bank account. Now i changed my surname. Can i just change the surname in delivery address? Of course not. After all Amazon programmers apparently do not consider women getting married a common thing. Search clothes limiting to certain materials (e.g. cotton) ? Of course not possible. I have no idea for what are the programmers of Amazon being paid for, but definitely not for making app user friendly.",Kas667890,27.11.8,2026-08-10T09:37:49Z,False,itunes_rss_mostRecent,False,False
2e9205f7ebdc8a3ae8e0dcef73b7f6a328f66acce41461df7be1be040f34a587,14409606284,348712880,Amazon,de,2,Warum einige Funktionen nicht gehen? Warum der Kontakt zum Kundenservice so schön versteckt ist?,Man muss es schon wollen.,Man muss es schon wollen.,Jony_de,27.11.8,2026-08-10T07:48:13Z,False,itunes_rss_mostRecent,False,False
381c6a8b8b6e8d5851dfbd137e70f976012c46607e4c0963e538bf145592ffc9,14406625016,348712880,Amazon,de,1,Absolut enttäuschend!,"Die App ist völlig unübersichtlich und mit Werbung sowie unnötigen und verwirrenden Informationen überladen. Noch schlimmer ist jedoch die Abwicklung von Bestellungen und Rücksendungen.

Es scheint überhaupt keine vernünftige Kommunikation zwischen Amazon und den Verkäufern zu geben. Bei Problemen schieben sich Amazon und der Verkäufer gegenseitig die Verantwortung zu. Meine Rücksendung habe ich sogar auf eigene Kosten verschickt, und fast einen Monat später habe ich mein Geld immer noch nicht zurückerhalten.

Dazu kommen teilweise hohe Versandkosten und kostenpflichtige Rücksendungen.

Für eine Plattform dieser Größe ist dieser Kundenservice einfach inakzeptabel. Ich versuche inzwischen, so selten wie möglich über Amazon zu bestellen und kaufe lieber bei anderen Anbietern.

Sehr enttäuschend!","Die App ist völlig unübersichtlich und mit Werbung sowie unnötigen und verwirrenden Informationen überladen. Noch schlimmer ist jedoch die Abwicklung von Bestellungen und Rücksendungen.

Es scheint überhaupt keine vernünftige Kommunikation zwischen Amazon und den Verkäufern zu geben. Bei Problemen schieben sich Amazon und der Verkäufer gegenseitig die Verantwortung zu. Meine Rücksendung habe ich sogar auf eigene Kosten verschickt, und fast einen Monat später habe ich mein Geld immer noch nicht zurückerhalten.

Dazu kommen teilweise hohe Versandkosten und kostenpflichtige Rücksendungen.

Für eine Plattform dieser Größe ist dieser Kundenservice einfach inakzeptabel. Ich versuche inzwischen, so selten wie möglich über Amazon zu bestellen und kaufe lieber bei anderen Anbietern. 

Sehr enttäuschend!",Aigulik24679,27.11.8,2026-08-09T13:28:24Z,False,itunes_rss_mostRecent,False,False
857b87d53dcdfdd465d6dbadc89ab1f141d584318f6f1267f0405f2a34583569,14405878197,348712880,Amazon,de,5,Amazon,Sehr guter Service und immer Gut!!,Sehr guter Service und immer Gut!!,Glückritter94,27.11.8,2026-08-09T08:47:54Z,False,itunes_rss_mostRecent,False,False
12c5aa867e3d56ec519e20205a8aa5e1db9c28b69e370eb40e4910207b194d75,14401644265,348712880,Amazon,de,1,Eine Zumutung,"Jeden Tag neu anmelden, Passkey funktioniert nur mit Bestätigung über ein anderes Gerät.","Jeden Tag neu anmelden, Passkey funktioniert nur mit Bestätigung über ein anderes Gerät.",carmo7000,27.11.8,2026-08-08T05:39:09Z,False,itunes_rss_mostRecent,False,False
4f4c2bf15964e3e8e4cb6ef213bc76315f296dcb0654dae162a9fda9089b973d,14400432549,348712880,Amazon,de,1,Bis heute kein Nachtmodus geschafft,"Wie kann das sein?
Und wenn man etwas abonniert wie einen Zusatzdienst von Amazon geht das natürlich in der App. Will man diesen aber wieder kündigen ist das nicht in der App direkt möglich und man ist gezwungen den Umweg über den browser zu gehen.
Udn warum sehe ich bei den Bestellungen nicht direkt „Details“ wie den Preis und muss jedes Mal noch die Bestellung anklicken? Super unpraktisch","Wie kann das sein?
Und wenn man etwas abonniert wie einen Zusatzdienst von Amazon geht das natürlich in der App. Will man diesen aber wieder kündigen ist das nicht in der App direkt möglich und man ist gezwungen den Umweg über den browser zu gehen. 
Udn warum sehe ich bei den Bestellungen nicht direkt „Details“ wie den Preis und muss jedes Mal noch die Bestellung anklicken? Super unpraktisch",Schmäck,27.11.8,2026-08-07T21:25:24Z,False,itunes_rss_mostRecent,False,False
8187323bdddd9ddc8d1ce4ea4ee07ef4fecaaf896d2f0f196500ae0972a5302f,14398481298,348712880,Amazon,de,1,Was für ein Mist ...,"Wer auch immer sich das mit der Suche ausgedacht hat... dem als Kind stand entweder die Schaukel an der Wand, war das Wasser zu heiß oder waren die Tauchgänge immer länger als 5 Minuten...

Wenn man etwas sucht, _weiß_ man was man sucht. Dinge aus einem bestimmten Material, mit bestimmten Abmessungen, Formen, ... Eigenschaften...

Beispiel:

Flache Silikonringe, lebensmittelecht, 33x27x2 ... ist nicht schwer, oder?

Was bekommt man? - Alles von Penisring bis Würgehalsband, O-Ringe aus sämtlichen Materialien wie Nitril, PVC, etc. Komplette Dichtungssortimente für Kfz, Sanitär, usw.

Es interessiert niemanden, was andere Kunden am häufigsten kaufen.

Im Restaurant bestelle ich auch ein medium Steak und das erwarte ich zu erhalten ... kein RARE, Well-Done oder Schuhsole, keine Wiener Schnitzel oder ...

Wenn das Studium oder die Ausbildung die Fähigkeit etwas derart fundamental einfaches wie zwingend erforderliche oder kategorisch ausgeschlossene Eigenschaften zu Suchen (und finden) weder bei CEO, Cxx, Product-Manager, Programmierer, etc. zulässt ... oder man derartige Kernkompetenz sogar mutwillig nicht implementiert ...

... vielleicht hätten deren Eltern doch Kondome benützen sollen...","Wer auch immer sich das mit der Suche ausgedacht hat... dem als Kind stand entweder die Schaukel an der Wand, war das Wasser zu heiß oder waren die Tauchgänge immer länger als 5 Minuten...

Wenn man etwas sucht, _weiß_ man was man sucht. Dinge aus einem bestimmten Material, mit bestimmten Abmessungen, Formen, ... Eigenschaften...

Beispiel: 

Flache Silikonringe, lebensmittelecht, 33x27x2 ... ist nicht schwer, oder?

Was bekommt man? - Alles von Penisring bis Würgehalsband, O-Ringe aus sämtlichen Materialien wie Nitril, PVC, etc. Komplette Dichtungssortimente für Kfz, Sanitär, usw.

Es interessiert niemanden, was andere Kunden am häufigsten kaufen.

Im Restaurant bestelle ich auch ein medium Steak und das erwarte ich zu erhalten ... kein RARE, Well-Done oder Schuhsole, keine Wiener Schnitzel oder ...

Wenn das Studium oder die Ausbildung die Fähigkeit etwas derart fundamental einfaches wie zwingend erforderliche oder kategorisch ausgeschlossene Eigenschaften zu Suchen (und finden) weder bei CEO, Cxx, Product-Manager, Programmierer, etc. zulässt ... oder man derartige Kernkompetenz sogar mutwillig nicht implementiert ... 

... vielleicht hätten deren Eltern doch Kondome benützen sollen...",apple user hates nicknames,27.11.8,2026-08-07T10:57:38Z,False,itunes_rss_mostRecent,False,False
20683aa6a6a6f7f5bf7b318d495130309961e83a3e27649fa7fe6cefbe55c15c,14398301405,348712880,Amazon,de,1,grottenhaft schlecht,"Ich habe eine neue Adresse im Ausland, diese läßt sich nicht als Hauptadresse aktivieren und die alte läßt sich nicht löschen, ich soll vorher eine neue Adresse auswählen. Habe ich nun mehrmals gemacht, immer das gleiche, habe den Store gewechselt alle Infos eingegeben und ok bekommen, trotzdem wird mir immer wieder gezeigt dass die alte Adresse nicht gelöscht werden kann. Habe jetzt die Nase voll von dieser unterirdischen App. Bei anderen Anbietern klappt das um Längen besser. Die Suchfunktion ist auch ein Witz, man bekommt jede Menge Müll mit angezeigt nach dem gar nicht gesucht wird. Ebenso ein Witz der Support, da ist nämlich keiner...
Ein Stern nur weil ich muss, werde jetzt mein Konto bei Amazon löschen....","Ich habe eine neue Adresse im Ausland, diese läßt sich nicht als Hauptadresse aktivieren und die alte läßt sich nicht löschen, ich soll vorher eine neue Adresse auswählen. Habe ich nun mehrmals gemacht, immer das gleiche, habe den Store gewechselt alle Infos eingegeben und ok bekommen, trotzdem wird mir immer wieder gezeigt dass die alte Adresse nicht gelöscht werden kann. Habe jetzt die Nase voll von dieser unterirdischen App. Bei anderen Anbietern klappt das um Längen besser. Die Suchfunktion ist auch ein Witz, man bekommt jede Menge Müll mit angezeigt nach dem gar nicht gesucht wird. Ebenso ein Witz der Support, da ist nämlich keiner...
Ein Stern nur weil ich muss, werde jetzt mein Konto bei Amazon löschen....",Sunwoki,27.11.8,2026-08-07T09:48:57Z,False,itunes_rss_mostRecent,False,False
f9846826a4bb5bb5908c0a7423dd6e911710ab9c0da5b6172a562c097df7c91e,14398243097,348712880,Amazon,de,2,Zum Einkaufen funktioniert es.,"Spezifischere Funktionen, Programme, Möglichkeiten sind nur via umständlichen Suchen zu erreichen und zu verwalten. Buchhalterisch ist dieses Programm ebenso ungünstig strukturiert.","Spezifischere Funktionen, Programme, Möglichkeiten sind nur via umständlichen Suchen zu erreichen und zu verwalten. Buchhalterisch ist dieses Programm ebenso ungünstig strukturiert.",R. Ebing,27.11.8,2026-08-07T09:25:24Z,False,itunes_rss_mostRecent,False,False
95b8baff9d14a18a08bc7419d8b0ee5a5d7a44e1b291cf766f76b2e1a2dcd82b,14397849448,348712880,Amazon,de,1,Schlecht programmiert,"App hat viele Loops was echt nervt auf Dauer. Zu dem macht Amazon regelmäßig Faxen mit meinen Zahlungsmitteln. Ich will was bestellen, Konto ist gedeckt, zahlungsdaten stimmen aber Bestellungen wird direkt storniert weil die zahlungs Art nicht aktuell is hmmm ja klar das Bank Konto was ich seit Jahren hab wurde plötzlich geändert oder was. Bin absolut unzufrieden !!!","App hat viele Loops was echt nervt auf Dauer. Zu dem macht Amazon regelmäßig Faxen mit meinen Zahlungsmitteln. Ich will was bestellen, Konto ist gedeckt, zahlungsdaten stimmen aber Bestellungen wird direkt storniert weil die zahlungs Art nicht aktuell is hmmm ja klar das Bank Konto was ich seit Jahren hab wurde plötzlich geändert oder was. Bin absolut unzufrieden !!!",creed kay,27.11.8,2026-08-07T06:38:10Z,False,itunes_rss_mostRecent,False,False
059374e5d86c017a9d7c0fe59efc5f253d8e99c292f94701fd060e54c46273ef,14397745144,348712880,Amazon,de,1,Schlecht,Wirklich gar nicht gut. Versuche es wann immer zu meiden,Wirklich gar nicht gut. Versuche es wann immer zu meiden,SpitznameUnique,27.11.8,2026-08-07T05:51:43Z,False,itunes_rss_mostRecent,False,False
ecd61de06c7a440fb5a4d406c8abb42e7717ec825d460b6d23773cb519002301,14396443157,348712880,Amazon,de,1,Einkauf nicht mehr möglich,Ich bekomme immer eine Fehlermeldung beim Kauf. Ich bin zu einem anderen Onlineshop gewechselt,Ich bekomme immer eine Fehlermeldung beim Kauf. Ich bin zu einem anderen Onlineshop gewechselt,Tatortfan12,27.11.8,2026-08-06T21:11:24Z,False,itunes_rss_mostRecent,False,False
1d4ec5e38997c62e9d5b93907b379553924b0c14d79670a88ed5596b8965cd80,14395503718,348712880,Amazon,de,1,Nicht in Ordnung,Es werden Bestellungen aus Meine Bestellungen entfernt so das man keine Negativen Bewertungen abgeben kann. Das habe ich bemerkt bei manchen Artikeln. Das ist echt nicht in Ordnung für unternehmen dieser Große.,Es werden Bestellungen aus Meine Bestellungen entfernt so das man keine Negativen Bewertungen abgeben kann. Das habe ich bemerkt bei manchen Artikeln. Das ist echt nicht in Ordnung für unternehmen dieser Große.,Ic3berg_1,27.11.8,2026-08-06T15:59:53Z,False,itunes_rss_mostRecent,False,False
8047bbc5ab50982c76f082e4ef16d5ca1f4d4e81b0f938905f260a1e47e38af4,14394569030,348712880,Amazon,de,2,Eigentlich top,"Grundsätzlich top.

Da aber Lieferservice von Großgeräten nicht mehr möglich ist, weil man in eine Exception kommt, ist die Amazon zur Zeit nur zum Teil nutzbar.","Grundsätzlich top.

Da aber Lieferservice von Großgeräten nicht mehr möglich ist, weil man in eine Exception kommt, ist die Amazon zur Zeit nur zum Teil nutzbar.",Juergi93,27.11.8,2026-08-06T11:22:02Z,False,itunes_rss_mostRecent,False,False
d8eb36ff84804236530a46b4a604b2f4bef1a0b5ba5e8d16f6371e26fdb05e56,14394423633,348712880,Amazon,de,1,Blödste Anmeldung im Netz,"Die Anmeldung ist unterirdisch, Mail eintragen und dann Passkey klicken.
Dann muss man einen Code ,der über WhatsApp kommt eingeben.
Wofür ist der Passkey denn da?
Schrott dieses Anmelden. 0 Sterne 🌟","Die Anmeldung ist unterirdisch, Mail eintragen und dann Passkey klicken.
Dann muss man einen Code ,der über WhatsApp kommt eingeben. 
Wofür ist der Passkey denn da? 
Schrott dieses Anmelden. 0 Sterne 🌟",Union 888,27.11.8,2026-08-06T10:30:20Z,False,itunes_rss_mostRecent,False,False
ee0fd00a77225886e43d61369076292c75c1a4fa163208485e17744a3e36f155,14393850962,348712880,Amazon,de,1,Akkuverbrauch,Eigentlich eine praktische App. Aber das Telefon wird bei der Nutzung nach kurzer Zeit heiß und der Akku leert sich merklich.,Eigentlich eine praktische App. Aber das Telefon wird bei der Nutzung nach kurzer Zeit heiß und der Akku leert sich merklich.,— Daniel —,27.11.8,2026-08-06T06:34:29Z,False,itunes_rss_mostRecent,False,False
a7b0ccb4934a42b7c45afa09b3733410b87dc63511549685973acfc29be98a27,14392565903,348712880,Amazon,de,1,Zahlung,Katastrophe die Zahlungen klappen nicht mit Bankkarte schon seid 1 Jahr da ich immer genug Geld auf mein Konto habe,Katastrophe die Zahlungen klappen nicht mit Bankkarte schon seid 1 Jahr da ich immer genug Geld auf mein Konto habe,Pameningomg,27.11.8,2026-08-05T21:59:10Z,False,itunes_rss_mostRecent,False,False
d93e3217db8073e44c20ec9356dcfd6f598d247140e41798e64ecc27c6baf6d8,14392390313,348712880,Amazon,de,1,Ödeme yöntemini onaylayın uyarısı sürekli geliyor,Cuma günü siparişlerimi verdim. Cumadan beri ne zaman apptan çıkarsam tekrar açınca ödeme yönteminizi onatlayın siparişleriniz için diyor. Onaylıyorum ok siparişlerin verildi diyor. Appten çıkıp girince aynı uyarı. Cuma günübdenn beri hiçbirşey alamıyorum amazondan.,Cuma günü siparişlerimi verdim. Cumadan beri ne zaman apptan çıkarsam tekrar açınca ödeme yönteminizi onatlayın siparişleriniz için diyor. Onaylıyorum ok siparişlerin verildi diyor. Appten çıkıp girince aynı uyarı. Cuma günübdenn beri hiçbirşey alamıyorum amazondan.,hsbdhfkdnahN,27.11.8,2026-08-05T20:53:29Z,False,itunes_rss_mostRecent,False,False
b6c026f47db9e0c48dd8ab96a51edfd3055f1a040d6df55c1eeb032c2292e7fa,14391465917,348712880,Amazon,de,3,Biggest China-Store ever,Sehr oft mittelwertige Artikel zu überzogenen Preisen… Big American Dream eben 🤷🏻‍♂️🥳,Sehr oft mittelwertige Artikel zu überzogenen Preisen… Big American Dream eben 🤷🏻‍♂️🥳,Shadowmaster187,27.11.8,2026-08-05T15:54:08Z,False,itunes_rss_mostRecent,False,False
ddcdaab8e115d4e5e91c4d7e706e3119074a0d44b77798447bd7799511b22dcf,14388355450,348712880,Amazon,de,1,Schlechter Kundenservice,"Ich habe versucht, den Kundenservice mehrmals zu kontaktieren, aber weder der Chat noch der Rückruf funktionierten. Ich konnte mein Problem trotz vieler Versuche nicht lösen und habe mein Geld verloren. Sehr enttäuschend.","Ich habe versucht, den Kundenservice mehrmals zu kontaktieren, aber weder der Chat noch der Rückruf funktionierten. Ich konnte mein Problem trotz vieler Versuche nicht lösen und habe mein Geld verloren. Sehr enttäuschend.",alexeitsibart,27.11.8,2026-08-04T21:09:19Z,False,itunes_rss_mostRecent,False,False
5385d9d18f1951a4141ce6345351503ec4edc4b71abc1ec3fdf03ecdd5e63f25,14388117294,348712880,Amazon,de,1,Ich kann mich gar nicht mehr anmelden,"Ich hab vor langer Zeit eine alte Nummer drauf gehabt und schlauerweise lässt die sich nur ändern, wenn man die alte Nummer noch hat 🤡
AI Kundendienst hilft da auch absolut nicht.","Ich hab vor langer Zeit eine alte Nummer drauf gehabt und schlauerweise lässt die sich nur ändern, wenn man die alte Nummer noch hat 🤡
AI Kundendienst hilft da auch absolut nicht.",Shinysweety98,27.11.8,2026-08-04T19:45:35Z,False,itunes_rss_mostRecent,False,False
ba68881db6fdccf70a1c2638ca1a454e3b385e2c15d80ec5a15b2532d66adcce,14385832972,348712880,Amazon,de,1,Kundenservice,also der kundendienst ist komplett für den müll leider nur menschen die kein deutsch sprechen oder sehr schlecht ich mache da jetzt schon 3 wochen rum weil anscheind mein amazon konto gesperrt wurde auf irgendwelchen gründen und ich komm nicht mehr rein ich hab auf dem account über 200€ geschenke guthaben drauf und nichts klappt hier ich bin stink sauer,also der kundendienst ist komplett für den müll leider nur menschen die kein deutsch sprechen oder sehr schlecht ich mache da jetzt schon 3 wochen rum weil anscheind mein amazon konto gesperrt wurde auf irgendwelchen gründen und ich komm nicht mehr rein ich hab auf dem account über 200€ geschenke guthaben drauf und nichts klappt hier ich bin stink sauer,𝕡𝕣𝕚𝕧𝕒𝕥,27.11.8,2026-08-04T07:27:26Z,False,itunes_rss_mostRecent,False,False
6047feb8453bec6e88d4d9194771ebe42fdc4d32c1d1bdc7a00fef5a0db38b70,14385770980,348712880,Amazon,de,1,??,"einfach mal random die sonst immer einwandfrei funktionierende zahlungsart nicht mehr akzeptieren 👌🏼 dann die bestellung stornieren, auffordern die zahlungsart zu ändern & dann letztendlich das konto sperren. geile aktion amazon","einfach mal random die sonst immer einwandfrei funktionierende zahlungsart nicht mehr akzeptieren 👌🏼 dann die bestellung stornieren, auffordern die zahlungsart zu ändern & dann letztendlich das konto sperren. geile aktion amazon",SonnyBlack & MisterSkyHigh,27.11.8,2026-08-04T07:01:42Z,False,itunes_rss_mostRecent,False,False
09f59b3389b5a17520886a39aff0043f193ba0d5c3e7ec14c2058f12e468c473,14383805400,348712880,Amazon,de,1,Bezahlung ist ein reiner Albtraum geworden,"Die Bezahlung auf Amazon ist teilweise so unmöglich, es gibt andauernd bugs und Probleme beim bezahlen.

Bitte fügt dich endlich Paypal hinzu, mit Paypal hatte ich noch nie Probleme","Die Bezahlung auf Amazon ist teilweise so unmöglich, es gibt andauernd bugs und Probleme beim bezahlen. 

Bitte fügt dich endlich Paypal hinzu, mit Paypal hatte ich noch nie Probleme",Kdbgls,27.11.8,2026-08-03T18:41:04Z,False,itunes_rss_mostRecent,False,False
5a57b1ee8a784d784f51808374372c4995558f7800bac3dda9fbbf4c42cce3b1,14382438961,348712880,Amazon,de,1,Wieso Amazon eine Firma in DE sein darf ist unbegreiflich.,"Ich wollte mir bei Amazon 2 Handys kaufen, account wird ohne Begründung gesperrt und Bestellung storniert.
Account geht auf einmal wieder. Will wieder bestellen, storniert. Rufe an Frage was los ist nachdem ich 45 Minuten in der Warte Schleife hänge. Jemand geht dran was für ein Wunder. Rede mit der netten Frage und frage warum meine Bestellung 2 mal storniert wird. Profil IST verifiziert und habe auch schon Bestellungen getätigt und habe das Profil seit 2014. Frau sagt sie müssen auf die Verifizierung 3 Tage warten. Ich warte 3 Tage, bestelle Handys, storniert zum 3 Mal. Rufe an, Support namens „Mustafa“ ist nicht nur unhöflich sondern hat auch seine Kinder im Hintergrund am schreien. Frage wieso ich nicht bestellen kann wenn ich alles gemacht habe was Amazon wollte, er sagt wir können das Profil löschen, ein neues machen dann müsste ich aber wieder auf die Verifizierung warten. Ich sag ich habe den Account seit 2014 und sehe nicht ein wieso ich mein Profil sperren sollte wenn das ein Problem mit auf Amazons Seite ist, „Mustafa“ legt auf. Ich ruf wieder an 2ter Support hat seine Kinder im Hintergrund am brüllen. Hab ihm gesagt wenn’s nicht geht lösche ich mein Profil und Kauf mir persönlich eins. Nie wieder Amazon.","Ich wollte mir bei Amazon 2 Handys kaufen, account wird ohne Begründung gesperrt und Bestellung storniert. 
Account geht auf einmal wieder. Will wieder bestellen, storniert. Rufe an Frage was los ist nachdem ich 45 Minuten in der Warte Schleife hänge. Jemand geht dran was für ein Wunder. Rede mit der netten Frage und frage warum meine Bestellung 2 mal storniert wird. Profil IST verifiziert und habe auch schon Bestellungen getätigt und habe das Profil seit 2014. Frau sagt sie müssen auf die Verifizierung 3 Tage warten. Ich warte 3 Tage, bestelle Handys, storniert zum 3 Mal. Rufe an, Support namens „Mustafa“ ist nicht nur unhöflich sondern hat auch seine Kinder im Hintergrund am schreien. Frage wieso ich nicht bestellen kann wenn ich alles gemacht habe was Amazon wollte, er sagt wir können das Profil löschen, ein neues machen dann müsste ich aber wieder auf die Verifizierung warten. Ich sag ich habe den Account seit 2014 und sehe nicht ein wieso ich mein Profil sperren sollte wenn das ein Problem mit auf Amazons Seite ist, „Mustafa“ legt auf. Ich ruf wieder an 2ter Support hat seine Kinder im Hintergrund am brüllen. Hab ihm gesagt wenn’s nicht geht lösche ich mein Profil und Kauf mir persönlich eins. Nie wieder Amazon.",IGoTNoAiMBoT,27.11.8,2026-08-03T12:03:16Z,False,itunes_rss_mostRecent,False,False
695b6c70cd7aedf8e77ac7ea97783f1b77ad37c371d6857d19e316d5fad49a81,14380552395,348712880,Amazon,de,1,Nicht nutzbar,"Da ich auf amazon nicht mit Paypal zahlen kann und mein Bankkonto aus, mir unerklärlichen Gründen, kontinuierlich abgelehnt wird, kann ich auf der Plattform nichts kaufen, was die einzige Funktion dieser App sein sollte. Daher für mich unnutzbar.","Da ich auf amazon nicht mit Paypal zahlen kann und mein Bankkonto aus, mir unerklärlichen Gründen, kontinuierlich abgelehnt wird, kann ich auf der Plattform nichts kaufen, was die einzige Funktion dieser App sein sollte. Daher für mich unnutzbar.",ghhfkj,27.11.8,2026-08-02T23:45:06Z,False,itunes_rss_mostRecent,False,False
1cceb4dc55c819b42548252080abadafb8e068e48c00ea55a583975b0af516a1,14380105709,348712880,Amazon,de,2,Schlechte App,Ich kann mir einfach kein Konto erstellen ich hab die Schnauze voll,Ich kann mir einfach kein Konto erstellen ich hab die Schnauze voll,Tiltastisch16,27.11.8,2026-08-02T20:52:25Z,False,itunes_rss_mostRecent,False,False
48f038f13f4096adff7e8362b5a795bbc7aebdc6b85ed02d8749706139f1926b,14379300309,348712880,Amazon,de,3,Hahaha,Dann wartet man 6 Wochen auf die Lieferung und dann wird es storniert 😡 👎,Dann wartet man 6 Wochen auf die Lieferung und dann wird es storniert 😡 👎,Tischzoll,27.11.8,2026-08-02T16:30:03Z,False,itunes_rss_mostRecent,False,False
52d5f163fd4b854a98d237f005bb2feef6ed0d8986415411c046ba814fd33628,14376243235,348712880,Amazon,de,1,Wow,"I never thought I’m going say this but Amazon has scammed me by not refunding me for a scam by a third-party seller hosted on their website and on top of that they are completely ignoring my email requests to remedy the issue. And that after 6 years of spending thousands. Thanks, Amazon.","I never thought I’m going say this but Amazon has scammed me by not refunding me for a scam by a third-party seller hosted on their website and on top of that they are completely ignoring my email requests to remedy the issue. And that after 6 years of spending thousands. Thanks, Amazon.",Exxbeem,27.11.8,2026-08-01T21:44:22Z,False,itunes_rss_mostRecent,False,False
fdb1cda0904f84fda251cd40af41c1b4289891ffcf2535f2d74102427419ada7,14375780417,348712880,Amazon,de,1,Ошибочная ошибка,"Захотел я значить заказать себе стол для компьютера, думаю ну Амазон все таки компания на уровне, там то точно не будет проблем и лишней головной боли. Итог: 3 раза не принимал адрес выдавая ошибку, не принимает платежный метод, уже добавил другой, и казалось бы есть этому предел… Приходит смс на номер: Ваш аккаунт временно заблокирован. За что? Почему? Непонятно, зарезервировало сумму в банке и блок. Поддержке не написать, так как водит по кругу: у вас проблема? Вам эта великолепная инструкция помогла? Свяжитесь с поддержкой, и по новой переводит на инструкцию. Пока Амазон, уж лучше я заплачу за доставку и переплачу за товар, но сэкономлю время и нервы","Захотел я значить заказать себе стол для компьютера, думаю ну Амазон все таки компания на уровне, там то точно не будет проблем и лишней головной боли. Итог: 3 раза не принимал адрес выдавая ошибку, не принимает платежный метод, уже добавил другой, и казалось бы есть этому предел… Приходит смс на номер: Ваш аккаунт временно заблокирован. За что? Почему? Непонятно, зарезервировало сумму в банке и блок. Поддержке не написать, так как водит по кругу: у вас проблема? Вам эта великолепная инструкция помогла? Свяжитесь с поддержкой, и по новой переводит на инструкцию. Пока Амазон, уж лучше я заплачу за доставку и переплачу за товар, но сэкономлю время и нервы",Борис Bond,27.11.8,2026-08-01T18:57:34Z,False,itunes_rss_mostRecent,False,False
502e528354ad55e396c3cd55bc4a4ce7d00d9278170c34c576c28e860437f0b9,14375605786,348712880,Amazon,de,3,Konto verwalten,leider hat sich die kontoverwaltung verschlechtert. Um das Guthaben aufzuladen oder abzufragen muss an unterschiedlichen Stellen gesucht werden.,leider hat sich die kontoverwaltung verschlechtert. Um das Guthaben aufzuladen oder abzufragen muss an unterschiedlichen Stellen gesucht werden.,Ochoneu,27.11.8,2026-08-01T17:59:51Z,False,itunes_rss_mostRecent,False,False
2059bf429011651eb7bff44ea803eb7855a8c948aaeae880ddde54608953f9bd,14374772824,348712880,Amazon,de,5,Kundenfreundlich,"Ich bin gerne Kunde bei Amazon weil der Service gesamt sehr gut ist. Ich hoffe das ändert sich nicht zum schlechteren, das wäre sehr schade. Also liebe Leute von Amazon danke für eure Arbeit.","Ich bin gerne Kunde bei Amazon weil der Service gesamt sehr gut ist. Ich hoffe das ändert sich nicht zum schlechteren, das wäre sehr schade. Also liebe Leute von Amazon danke für eure Arbeit.",StilianPantel,27.11.8,2026-08-01T13:57:00Z,False,itunes_rss_mostRecent,False,False
c19d1b23b1e31fb340a660e8a89b6e933c76b5968b6a74b41ce14e0713d10f1e,14373996160,348712880,Amazon,de,1,zu viele Mitteilungen,tägliche 3-7 Mitteilungen mit Werbung für irgendwelche Artikel. Völliger Missbrauch der Mitteilungsfunktion.,tägliche 3-7 Mitteilungen mit Werbung für irgendwelche Artikel. Völliger Missbrauch der Mitteilungsfunktion.,michaelxrd,27.11.8,2026-08-01T09:38:45Z,False,itunes_rss_mostRecent,False,False
1f9d3ca6c8cd64266c79c1d775b43fbb6bbb027fc0e2d210073a6649a9b12947,14373710458,348712880,Amazon,de,1,Aufbau der App,Nach jedem Update muss man die Monatsabrechnung suchen da die Amazon Programmierer irgendwo es ablegen. Legt es dich an die gleiche Stelle als Favorit um es schnell zu finden.,Nach jedem Update muss man die Monatsabrechnung suchen da die Amazon Programmierer irgendwo es ablegen. Legt es dich an die gleiche Stelle als Favorit um es schnell zu finden.,Offer_us,27.11.8,2026-08-01T07:44:27Z,False,itunes_rss_mostRecent,False,False
def479ae7c7f6663d3444bdabd3a397bc9b8480471f6c769205a36c1db454e0f,14371262682,348712880,Amazon,de,3,Ein Bug?,Bisher war ich zufrieden aber seit ein paar Wochen werde ich ständig ausgeloggt während ich die App nutze. Das nervt brutal. Vielleicht ist es ja ein lösbares Problem.,Bisher war ich zufrieden aber seit ein paar Wochen werde ich ständig ausgeloggt während ich die App nutze. Das nervt brutal. Vielleicht ist es ja ein lösbares Problem.,K4N3GR4,27.11.8,2026-07-31T16:36:06Z,False,itunes_rss_mostRecent,False,False
4101e8eb3d20a6f7d5657f78512d589da66cfb6fe17a9c7d7e4c7c6528eb2b95,14369498305,348712880,Amazon,de,2,Ablageort eingeschränkt,Es ist kein Eingabefeld für den Ablageort verfügbar. Wir haben extra eine Paketbox und können nirgendwo eingeben wo sie steht und dass sie verwendet werden soll.,Es ist kein Eingabefeld für den Ablageort verfügbar. Wir haben extra eine Paketbox und können nirgendwo eingeben wo sie steht und dass sie verwendet werden soll.,Matze$$$,27.11.8,2026-07-31T06:57:05Z,False,itunes_rss_mostRecent,False,False
e105b3ca696e0cd1bd0cb5da4ce41945bf5cec4d473ab1d19e35eedb18aa4be3,14366450166,348712880,Amazon,de,1,Bestellung,Wenn ich nachfragen möchte wann wir die Sendung geliefert wird.  Es ist noch möglich warum?,Wenn ich nachfragen möchte wann wir die Sendung geliefert wird.  Es ist noch möglich warum?,Jasenice,27.11.8,2026-07-30T13:10:42Z,False,itunes_rss_mostRecent,False,False
695943b5076a10eec629ab2b1dce0b2c5d65b0075dcb8089e1ef6e7558044d69,14366245876,348712880,Amazon,de,1,Schlechte expertisen,Die expertisen für die zustellung sind unter aller sau much,Die expertisen für die zustellung sind unter aller sau much,Benno.cls,27.11.8,2026-07-30T12:08:08Z,False,itunes_rss_mostRecent,False,False
e890d89b0e9fd3aa577c98c6a05505c7445ae6fcd87c1ce18ca8e81ee2d06988,14365796770,348712880,Amazon,de,1,Schlimmste App,"Also Amazon als Geschäftsmodell ist schon gut, aber die App ist eine Vollkatastrophe. Ich kenne kaum eine unübersichtlichere App als die von Amazon. Man findet nichts wieder. Intuition gibt es hier nicht. Absolut benutzerunfreundlich, wahrscheinlich aus gutem Grund.","Also Amazon als Geschäftsmodell ist schon gut, aber die App ist eine Vollkatastrophe. Ich kenne kaum eine unübersichtlichere App als die von Amazon. Man findet nichts wieder. Intuition gibt es hier nicht. Absolut benutzerunfreundlich, wahrscheinlich aus gutem Grund.",Kxbfndvdueofbfb,27.11.8,2026-07-30T09:27:46Z,False,itunes_rss_mostRecent,False,False
9084a44296c50289cdbd569489bc7ec1fcf25526c58b87df49e8c5d334555a50,14363064145,348712880,Amazon,de,5,Mega Toll,"Ich bin sehr sehr sehr zufrieden mit der App, macht Spaß zu benutzen und packte kommen schnell bei mir an","Ich bin sehr sehr sehr zufrieden mit der App, macht Spaß zu benutzen und packte kommen schnell bei mir an",Iehdkql,27.11.8,2026-07-29T16:20:33Z,False,itunes_rss_mostRecent,False,False
35770fcc3e070bbb5be9d5c088b124bcd82507de2b0ad31104008f715914d8f8,14362951662,348712880,Amazon,de,1,Lieferung am DHL Packstation nicht mehr möglich,"Leider ist eine Lieferung an eine DHL Packstation nicht mehr möglich, da in der App nicht mehr die korrekte Packstation inklusive Post Nummer eingetragen werden kann. Das Adressformat, dass zehn Jahre lang funktioniert hat, wird von der Amazon App jetzt als fehlerhaft erkannt, es gibt aber keine Alternative um die Packstation inklusive Postnummer korrekt einzutragen.","Leider ist eine Lieferung an eine DHL Packstation nicht mehr möglich, da in der App nicht mehr die korrekte Packstation inklusive Post Nummer eingetragen werden kann. Das Adressformat, dass zehn Jahre lang funktioniert hat, wird von der Amazon App jetzt als fehlerhaft erkannt, es gibt aber keine Alternative um die Packstation inklusive Postnummer korrekt einzutragen.",StefanDeNrw,27.11.8,2026-07-29T15:47:26Z,False,itunes_rss_mostRecent,False,False
55ea0cb8cbc35cb38a4bf0c6e6d303ea7e979265fa3edb591d0270e2ebf7d437,14359203658,348712880,Amazon,de,5,Richtig toll 🤩,Ich liebe Amazon weil es gibt einfach alles von A bis Z,Ich liebe Amazon weil es gibt einfach alles von A bis Z,louis lómistig,27.11.8,2026-07-28T17:18:19Z,False,itunes_rss_mostRecent,False,False
71ceeeb1db4573c6bf85ba51b28ba51e5fc02448a50fcb40f5df204fd81eef45,14357535782,348712880,Amazon,de,2,Höndler der kein Geld annimmt,"Ich versuche schon seit Wochen mein Konto wieder zu aktivieren. Es scheint auf einer Blacklist gekommen zu sein. Es war mal nicht ausreichend gedeckt bei einer Zahlung, weshalb ich eine Woche später die Überweisung Manuel tätigte. Amazon hat also sein Geld bekommen. Trotzdem kann ich mit meinem Konto nicht. Sehr ärgerlich, was noch viel ärgerlicher ist: egal, was ich probiere mit der KE und dem Kundenservice gemeinsam. Es funktioniert einfach nicht. Wo gibt es sowas ein Händler der einen Zahlungsarten Kunden verschmäht 🤦‍♂️
Letzter Versuch, sonst lösche ich mein Konto.","Ich versuche schon seit Wochen mein Konto wieder zu aktivieren. Es scheint auf einer Blacklist gekommen zu sein. Es war mal nicht ausreichend gedeckt bei einer Zahlung, weshalb ich eine Woche später die Überweisung Manuel tätigte. Amazon hat also sein Geld bekommen. Trotzdem kann ich mit meinem Konto nicht. Sehr ärgerlich, was noch viel ärgerlicher ist: egal, was ich probiere mit der KE und dem Kundenservice gemeinsam. Es funktioniert einfach nicht. Wo gibt es sowas ein Händler der einen Zahlungsarten Kunden verschmäht 🤦‍♂️
Letzter Versuch, sonst lösche ich mein Konto.",19347;7:2!18193(0:)7(8 kw,27.11.8,2026-07-28T08:25:35Z,False,itunes_rss_mostRecent,False,False
07105137df03ba586c3a0d25a4797999882bfafd6c086485af12ec52f621ea8d,14356487969,348712880,Amazon,de,1,useless for minors,you cant write sowmthing about a product if you are to young bc you are unable to pay bruh,you cant write sowmthing about a product if you are to young bc you are unable to pay bruh,joxvcvmlhjj,27.11.8,2026-07-28T01:22:08Z,False,itunes_rss_mostRecent,False,False
519f4c46bc7204834ba1c584e2769d54f17f3cb174cc17d59c4dc51000045b89,14354800205,348712880,Amazon,de,1,Katastrophe,"Ich bin sehr enttäuscht. Sämtliche Zahlungsmethoden wurden ohne nachvollziehbaren Grund abgelehnt. Der Amazon-Kundenservice konnte mir weder den Grund dafür nennen noch eine hilfreiche Lösung anbieten. Stattdessen wurde mir empfohlen, den Einkauf mit einem Amazon-Gutschein zu bezahlen. Das ist für mich keine akzeptable oder kundenfreundliche Lösung.","Ich bin sehr enttäuscht. Sämtliche Zahlungsmethoden wurden ohne nachvollziehbaren Grund abgelehnt. Der Amazon-Kundenservice konnte mir weder den Grund dafür nennen noch eine hilfreiche Lösung anbieten. Stattdessen wurde mir empfohlen, den Einkauf mit einem Amazon-Gutschein zu bezahlen. Das ist für mich keine akzeptable oder kundenfreundliche Lösung.",Salkhfdnmxy,27.11.8,2026-07-27T15:42:02Z,False,itunes_rss_mostRecent,False,False
c33f49a89f0701a6be970c423cf4abeba78041c58b487d9cf1f149fceb2e3501,14351884009,348712880,Amazon,de,1,1 Stern ist noch zu viel,miserable Paketzustellung,miserable Paketzustellung,Apple User 🍏🍎,27.11.8,2026-07-26T21:38:51Z,False,itunes_rss_mostRecent,False,False
5fd8a15a5317d11cfe415aee28a76651c88f177aaa143663ccc0d59c57111a34,14351209108,348712880,Amazon,de,1,Account wurde beschränkt,Mein Account wurde auf digitale Käufe beschränkt da ich anscheinend zu viel zurück geschickt habe. Habe allerdings noch nie etwas zurück geschickt. Jetzt habe ich noch 30€ Guthaben die ich nicht ausgeben kann.,Mein Account wurde auf digitale Käufe beschränkt da ich anscheinend zu viel zurück geschickt habe. Habe allerdings noch nie etwas zurück geschickt. Jetzt habe ich noch 30€ Guthaben die ich nicht ausgeben kann.,Feliksxxx,27.11.8,2026-07-26T17:44:22Z,False,itunes_rss_mostRecent,False,False
06ea3f49868cd8ec55215b86725f46e98a9b060d903ca35d42eaf386fcca29d2,14351010157,348712880,Amazon,de,1,Katastrophaler Support,"Die letzten Jahre war Amazon immer meine erste Bestelladresse. Doch leider hat der Support nachgelassen, dass es nicht mehr möglich ist ein persönlichen Kontakt zu bekommen. Ohne tief in die App einzutauchen. Anfragen werden leider nicht beantwort..
Da sind mittlerweile andere Apps deutlich besser","Die letzten Jahre war Amazon immer meine erste Bestelladresse. Doch leider hat der Support nachgelassen, dass es nicht mehr möglich ist ein persönlichen Kontakt zu bekommen. Ohne tief in die App einzutauchen. Anfragen werden leider nicht beantwort..
Da sind mittlerweile andere Apps deutlich besser",Didideox,27.11.8,2026-07-26T16:42:31Z,False,itunes_rss_mostRecent,False,False
76cb9e971b8da2ba8b22b454fd33d3348e4d0c483a52bedce4f5ce89be91f75b,14350957741,348712880,Amazon,de,1,"Ich glaube, ich muss mich von Amazon verabschieden….","….die Übersicht der Zahlungstransaktionen ist ein Paradebeispiel dafür, wie man eine eigentlich einfache Funktion unnötig kompliziert machen kann. Schon vorher war es alles andere als intuitiv, mittlerweile scheint Amazon die Transaktionshistorie regelrecht versteckt zu haben.

Wer lediglich nachvollziehen möchte, wann und wofür Geld abgebucht wurde, muss sich durch mehrere Menüs kämpfen. Eine so grundlegende Funktion sollte mit einem Klick erreichbar sein – nicht wie eine Schnitzeljagd wirken.

Gerade für ein Unternehmen wie Amazon, das von Millionen Menschen täglich genutzt wird, ist diese Benutzerführung enttäuschend. Statt die App kontinuierlich benutzerfreundlicher zu gestalten, werden wichtige Informationen offenbar immer schlechter auffindbar.

Bitte macht die Zahlungstransaktionen wieder so zugänglich, wie es Nutzer erwarten: übersichtlich, logisch und ohne langes Suchen. So wie es aktuell gelöst ist, sorgt es nur für Frust.","….die Übersicht der Zahlungstransaktionen ist ein Paradebeispiel dafür, wie man eine eigentlich einfache Funktion unnötig kompliziert machen kann. Schon vorher war es alles andere als intuitiv, mittlerweile scheint Amazon die Transaktionshistorie regelrecht versteckt zu haben.

Wer lediglich nachvollziehen möchte, wann und wofür Geld abgebucht wurde, muss sich durch mehrere Menüs kämpfen. Eine so grundlegende Funktion sollte mit einem Klick erreichbar sein – nicht wie eine Schnitzeljagd wirken.

Gerade für ein Unternehmen wie Amazon, das von Millionen Menschen täglich genutzt wird, ist diese Benutzerführung enttäuschend. Statt die App kontinuierlich benutzerfreundlicher zu gestalten, werden wichtige Informationen offenbar immer schlechter auffindbar.

Bitte macht die Zahlungstransaktionen wieder so zugänglich, wie es Nutzer erwarten: übersichtlich, logisch und ohne langes Suchen. So wie es aktuell gelöst ist, sorgt es nur für Frust.",T2012ahdgsjdk,27.11.8,2026-07-26T16:26:40Z,False,itunes_rss_mostRecent,False,False
8775dc42d286dce8d92bb322fbbc22bcc01cac675e87b5eda58eee31f3fa2993,14350814070,348712880,Amazon,de,1,Zahlungen per Bankeinzug nicht mehr möglich,"Es ist unfassbar nervig, dass meine Zahlungen per Bankeinzug mittlerweile abgelehnt werden. Der Support hilft da überhaupt nicht. Man hat schon Tausende Euros in diesen Laden gepumpt und jetzt sind sie sich zu schade, das weiterhin zu akzeptieren, dabei gab es nie Probleme. Und das wohlgemerkt seit gut zehn Jahren. Stattdessen heißt es: ""Oh, stimmt. Es gab nie Probleme. Aber das ist jetzt unsere automatische Prüfung. Ändern Sie doch Ihre Zahlungsmethode auf Kreditkarte."" - Wie wäre es mit nein?
Oh Hilfe, Kunden rennen zu günstigen chinesischen Alternativen. - Die nehmen ja auch die Zahlungen an...","Es ist unfassbar nervig, dass meine Zahlungen per Bankeinzug mittlerweile abgelehnt werden. Der Support hilft da überhaupt nicht. Man hat schon Tausende Euros in diesen Laden gepumpt und jetzt sind sie sich zu schade, das weiterhin zu akzeptieren, dabei gab es nie Probleme. Und das wohlgemerkt seit gut zehn Jahren. Stattdessen heißt es: ""Oh, stimmt. Es gab nie Probleme. Aber das ist jetzt unsere automatische Prüfung. Ändern Sie doch Ihre Zahlungsmethode auf Kreditkarte."" - Wie wäre es mit nein? 
Oh Hilfe, Kunden rennen zu günstigen chinesischen Alternativen. - Die nehmen ja auch die Zahlungen an...",Blutschinken,27.11.8,2026-07-26T15:43:45Z,False,itunes_rss_mostRecent,False,False
5b4da897a884e8f01d286aa919c0de48ad84b116e7017263f68d14a3bbbcf6f1,14349773468,348712880,Amazon,de,1,Finger weg von Amazon,"Bestelle schon lange bei Amazon. Jetzt konnte neulich ein Kleinbetrag für eine Bestellung nicht abgebucht werden, weil ich versehentlich eine falsche Kreditkarte angegeben habe. Den Betrag habe ich binnen 4 Stunden sofort beglichen. Der Betrag wurde mir sofort abgebucht und alles war gut. Nun, nach über 1 Woche wollte ich erneut eine Bestellung tätigen und plötzlich konnte ich keine Bestellungen mehr tätigen. Nach langem, leidigen hin und her hatte ich eine Mitarbeiterin am Telefon, die bestätigt hat, dass alles in Ordnung sei und die sich der Sache angenommen hat und mitgeteilt hat, dass ich innerhalb von 48 Stunden eine Info bekomme wie es weitergeht???!!!","Bestelle schon lange bei Amazon. Jetzt konnte neulich ein Kleinbetrag für eine Bestellung nicht abgebucht werden, weil ich versehentlich eine falsche Kreditkarte angegeben habe. Den Betrag habe ich binnen 4 Stunden sofort beglichen. Der Betrag wurde mir sofort abgebucht und alles war gut. Nun, nach über 1 Woche wollte ich erneut eine Bestellung tätigen und plötzlich konnte ich keine Bestellungen mehr tätigen. Nach langem, leidigen hin und her hatte ich eine Mitarbeiterin am Telefon, die bestätigt hat, dass alles in Ordnung sei und die sich der Sache angenommen hat und mitgeteilt hat, dass ich innerhalb von 48 Stunden eine Info bekomme wie es weitergeht???!!!",pederix,27.11.8,2026-07-26T10:08:21Z,False,itunes_rss_mostRecent,False,False
1ddbf7bac3a3bd3b4336a4c6a85c9d03cf2ee3b5cb87cd5a05b8195ffab9e169,14346137878,348712880,Amazon,de,1,Unterirdisch,"Ich finde jetzt plötzlich den Bereich ‚Mitteilung‘ (Message Center) nicht mehr. Ich such mir ständig einen Wolf. Genauso suche ich die Kontaktmöglichkeit zum Kundenservice hab ich nach ewigen hin und her klicken endlich die Möglichkeit gefunden, einen Telefonanruf. verbinden, bricht das System es immer ab. Das ist wirklich unfassbar schlecht!!!!","Ich finde jetzt plötzlich den Bereich ‚Mitteilung‘ (Message Center) nicht mehr. Ich such mir ständig einen Wolf. Genauso suche ich die Kontaktmöglichkeit zum Kundenservice hab ich nach ewigen hin und her klicken endlich die Möglichkeit gefunden, einen Telefonanruf. verbinden, bricht das System es immer ab. Das ist wirklich unfassbar schlecht!!!!",Jungk,27.11.8,2026-07-25T11:47:15Z,False,itunes_rss_mostRecent,False,False
97fc9ed87905d038659e85940d113b2fbc0afb267126fc450f355bd7acb71774,14346129100,348712880,Amazon,de,5,Jsmsk,Hi,Hi,katie 090909099,27.11.8,2026-07-25T11:44:14Z,False,itunes_rss_mostRecent,True,False
14021e69892cf8dde3a20415d999dcb22276cd63b44960d9caeb2a3d80f1b65c,14345260287,348712880,Amazon,de,5,Perfekt,Super passt immer alles gut und schnell,Super passt immer alles gut und schnell,Easy-i,27.11.8,2026-07-25T05:56:17Z,False,itunes_rss_mostRecent,False,False
4f7adff4b7b4f3c6a0f34a831b1d6b6e6f49fd1e9e5871b1d0f6a5565463fce3,14342620427,348712880,Amazon,de,1,Unterirdisch,"Ich möchte erneut meine Mitgliedschaft für stolze 89,90 € verlängern, leider funktionieren weder chatfunktion noch Links damit ich mein teueres Jahres-Abo bei euch erneut abschließen kann. Eine echte Enttäuschung nach über 20 Jahren Amazon!","Ich möchte erneut meine Mitgliedschaft für stolze 89,90 € verlängern, leider funktionieren weder chatfunktion noch Links damit ich mein teueres Jahres-Abo bei euch erneut abschließen kann. Eine echte Enttäuschung nach über 20 Jahren Amazon!",changer17,27.11.8,2026-07-24T14:06:11Z,False,itunes_rss_mostRecent,False,False
d15c7f157aa31f5b0455e1c643de2ca345e43d39b75b225221bd39b41af13ce5,14342205232,348712880,Amazon,de,2,Funktioniert seit längeren nicht mit Mobilen Daten,"Hallo. Kann schon seit einigen Wochen die App nicht mehr mit Mobilen Daten verwenden. Obwohl vollen Empfang und 5g habe, und egal wo ich gerade bin. Es heißt immer keine Internetverbindung vorhanden. Das ist nur in der Amazon App so. Alle anderen Apps gehen mit Mobilen Daten ohne Probleme. Auch Handy neustarten bringt nur kurz was. Es geht dann kurz und danach wieder das gleiche.","Hallo. Kann schon seit einigen Wochen die App nicht mehr mit Mobilen Daten verwenden. Obwohl vollen Empfang und 5g habe, und egal wo ich gerade bin. Es heißt immer keine Internetverbindung vorhanden. Das ist nur in der Amazon App so. Alle anderen Apps gehen mit Mobilen Daten ohne Probleme. Auch Handy neustarten bringt nur kurz was. Es geht dann kurz und danach wieder das gleiche.",Fränz 87,27.11.8,2026-07-24T12:03:11Z,False,itunes_rss_mostRecent,False,False
79617f40b6ce2cd75d3610455c17c1608a62ddde5ec4b2e66a536cdc4c36d4af,14341831869,348712880,Amazon,de,1,one click Fehleranfällig,"das problem bei dieser app für das iphone ist, das beim scrollen durch Rezessionen man fast zwangsläufig die Rezessionen meldet da durch Bewegung des Fingers das Feld „melden“ super leicht berührt werden kann und dann ohne Vorwarnung eine Meldung ausgelöst wird. Diese Funktion kann nicht deaktiviert werden. Absurd","das problem bei dieser app für das iphone ist, das beim scrollen durch Rezessionen man fast zwangsläufig die Rezessionen meldet da durch Bewegung des Fingers das Feld „melden“ super leicht berührt werden kann und dann ohne Vorwarnung eine Meldung ausgelöst wird. Diese Funktion kann nicht deaktiviert werden. Absurd",CH_Nova,27.11.8,2026-07-24T09:50:00Z,False,itunes_rss_mostRecent,False,False
30031346112676f51d0f761d5ed7c071cdbc182b9e2667af6822be3c54ca1df7,14339874341,348712880,Amazon,de,1,Really bad service,"The don’t let you order, and cancel your order whiteout your permission.","The don’t let you order, and cancel your order whiteout your permission.",Amazon ex user,27.11.8,2026-07-23T20:47:09Z,False,itunes_rss_mostRecent,False,False
9f1624c698d8f6d109a11317daa9d682d92e05ab506540a538d8feea3e2910b7,14339870943,348712880,Amazon,de,1,"App ok, Amazon unterirdisch","Die App ist brauchbar, leider ist Amazon inzwischen nur noch ein selbstgefälliges, kundenunfreundliches und unzuverlässiges Unternehmen.","Die App ist brauchbar, leider ist Amazon inzwischen nur noch ein selbstgefälliges, kundenunfreundliches und unzuverlässiges Unternehmen.",Ützelgrütz,27.11.8,2026-07-23T20:45:56Z,False,itunes_rss_mostRecent,False,False
1a0c0237895fd67bb0d091d96f258cb9860b5f5d39c6a816d96c4ab11c2082be,14338915958,348712880,Amazon,de,1,Richtig schlecht,"Nicht mal einen Stern wert !
Auslieferung funktioniert seit Monaten nicht mehr richtig und der Support versteht dich nicht mehr, da dort nur noch Ausländer sitzen die der deutschen Sprache nicht mächtig sind. Es werden Aussagen getätigt die Intern nicht abgestimmt werden und ständig ist man nur am hinterherrennen. Mich habt ihr als Kunden verloren! Da fahre ich lieber in einen Laden wo der Kunde noch gut betreut wird und man einen qualifizierten Ansprechpartner hat.","Nicht mal einen Stern wert !
Auslieferung funktioniert seit Monaten nicht mehr richtig und der Support versteht dich nicht mehr, da dort nur noch Ausländer sitzen die der deutschen Sprache nicht mächtig sind. Es werden Aussagen getätigt die Intern nicht abgestimmt werden und ständig ist man nur am hinterherrennen. Mich habt ihr als Kunden verloren! Da fahre ich lieber in einen Laden wo der Kunde noch gut betreut wird und man einen qualifizierten Ansprechpartner hat.",Affenzeh,27.11.8,2026-07-23T15:39:26Z,False,itunes_rss_mostRecent,False,False
e6a8a5e62396d4c83125e7783987c4e24170c2a8e13098f43217bc0c121796b5,14338459017,348712880,Amazon,de,1,Eine Woche,"Ich habe eine Woche gewartet auf ein kleines Ding, und dann kommt es nicht mal denn Tag an also man hat eine Woche Zeit ich warte hab mich darauf so gefreut und dann kommt das nicht mal mehr an, sowas ist nur noch schlecht das ist ja temu und AliExpress schneller sowas ist echt schlecht und ich empfehle es nicht  weiter","Ich habe eine Woche gewartet auf ein kleines Ding, und dann kommt es nicht mal denn Tag an also man hat eine Woche Zeit ich warte hab mich darauf so gefreut und dann kommt das nicht mal mehr an, sowas ist nur noch schlecht das ist ja temu und AliExpress schneller sowas ist echt schlecht und ich empfehle es nicht  weiter",Check24schlecht,27.11.8,2026-07-23T13:32:07Z,False,itunes_rss_mostRecent,False,False
85a51b3d3042c5791775ae819f7e682bd606c741fcaa1754b659e17049227847,14338122802,348712880,Amazon,de,3,Meine Pakete kommen nicht immer pünktlich an,Pakete kommen nicht immer pünktlich,Pakete kommen nicht immer pünktlich,Simba. Yy,27.11.8,2026-07-23T11:50:25Z,False,itunes_rss_mostRecent,False,False
cdd0ccd576437bc3647dc8d97bc245c99d65946421f718fbd07ad00b16547a4f,14337683286,348712880,Amazon,de,1,App ist nicht schlecht. Service unter aller Sau!,"Die App an sich ist nicht schlecht. Der Rest: Kaufabwicklung, Rücksendung, Gelderstattung - unter aller Sau!
Fernseher gekauft, Stehtisch wurde geliefert! Stehtisch zurück geschickt. Warte nun seit 2 Monaten auf die Erstattung des Kaufpreises! Vom Callcenter hört man nur: warten Sie bitte noch paar Tage. 🤬🤬🤬","Die App an sich ist nicht schlecht. Der Rest: Kaufabwicklung, Rücksendung, Gelderstattung - unter aller Sau! 
Fernseher gekauft, Stehtisch wurde geliefert! Stehtisch zurück geschickt. Warte nun seit 2 Monaten auf die Erstattung des Kaufpreises! Vom Callcenter hört man nur: warten Sie bitte noch paar Tage. 🤬🤬🤬",Lexus_Alex,27.11.8,2026-07-23T09:10:37Z,False,itunes_rss_mostRecent,False,False
15029ee6ee150d66d28cfc011d8ccb598a87baa874a5476b12f2f53401b8e5fd,14337451344,348712880,Amazon,de,1,Paket nicht erhalten,"Meine Bestellung wurde einfach gegen meinen Willen vor der Tür hinterlegt. Als ich von der Arbeit kam war es nicht mehr vor Ort. Hab mehrfach mit dem Kundenservice geschrieben, der mir dann auch schriftlich eine Rückerstattung zugesichert hat. Habe leider seit Wochen noch keine Rückerstattung erhalten, habe mich an mehrere Mitarbeiter gewandt, bringt aber alles nichts. Werde mein Geld wohl nie wieder sehen.","Meine Bestellung wurde einfach gegen meinen Willen vor der Tür hinterlegt. Als ich von der Arbeit kam war es nicht mehr vor Ort. Hab mehrfach mit dem Kundenservice geschrieben, der mir dann auch schriftlich eine Rückerstattung zugesichert hat. Habe leider seit Wochen noch keine Rückerstattung erhalten, habe mich an mehrere Mitarbeiter gewandt, bringt aber alles nichts. Werde mein Geld wohl nie wieder sehen.",Olakalahsjsj,27.11.8,2026-07-23T07:36:20Z,False,itunes_rss_mostRecent,False,False
f45140e7a2866b480d049ff558c9ac2c03176dc115d431b3a7aa082f5b0c231b,14335380175,348712880,Amazon,de,1,Annoying,The chart jumps to the top everytime you return from a product back to the chart … like the routines and reminder lists in the Alexa app… probably the same developers …. BUT we now have a HAUL wheel of fortune  ….,The chart jumps to the top everytime you return from a product back to the chart … like the routines and reminder lists in the Alexa app… probably the same developers …. BUT we now have a HAUL wheel of fortune  ….,amd89,27.11.8,2026-07-22T18:23:35Z,False,itunes_rss_mostRecent,False,False
916ec96e71675f908c27ab53003224b019962dc2a9dad9e6e5e85a175f9dc610,14334940899,348712880,Amazon,de,1,Dummes Amazon,"Man merkt das es nur Haufen dumme amerikanisches unternehmen ist das bei denen das Navikartensystem sowas von veraltet ist das die Lieferanten die packete immer an die falsche Adresse ausgeliefert wird obwohl man denen es immer wieder sagen tut das ihre Karten veraltet ist aktualisieren die es nicht oder steigen auf Google map um und verschwinden von Here map, hat sich es bis heute nichts geändert Dummes Amazon Dummes Unternehmen.","Man merkt das es nur Haufen dumme amerikanisches unternehmen ist das bei denen das Navikartensystem sowas von veraltet ist das die Lieferanten die packete immer an die falsche Adresse ausgeliefert wird obwohl man denen es immer wieder sagen tut das ihre Karten veraltet ist aktualisieren die es nicht oder steigen auf Google map um und verschwinden von Here map, hat sich es bis heute nichts geändert Dummes Amazon Dummes Unternehmen.",stop das kapitalsystem,27.11.8,2026-07-22T16:07:29Z,False,itunes_rss_mostRecent,False,False
a3d200b2631f001547bbdeab44b53311ef71b584de60e86f62cf1fa2d8cab167,14332286815,348712880,Amazon,de,1,"Wo ist der Dark Mode, meine Augen tun weh..",Der Titel sagt alles.. Aua..,Der Titel sagt alles.. Aua..,Onkel Ferdo,27.11.8,2026-07-22T00:06:09Z,False,itunes_rss_mostRecent,False,False
bbdb82e7aa149d0ccd7bd789a50c4aa11448021087863e2e5fb8008124e29060,14330551481,348712880,Amazon,de,1,Nach dem update,Kann den Kauf nach dem Update nicht mehr abschließen,Kann den Kauf nach dem Update nicht mehr abschließen,Dieserunsinn,27.11.8,2026-07-21T14:27:03Z,False,itunes_rss_mostRecent,False,False
049fd7104562896a20c59e6423121591f2142e06c053293cf40514ce70fb1b7c,14330512107,348712880,Amazon,de,1,Einlösen von Gutscheinen,"Ich bin geschockt. Mein Vater wollte meine Gutschein (mit Erlaubnis) einlösen, was jedoch zu keiner Preisreduktion führte. Im Gegenteil es passierte nichts und jetzt wo ich ihn einlösen möchte, wird mir mitgeteilt, dass er eingelöst wurde. Wie kann das sein, wenn er bei der Bestellung durch meinen Vater nicht anerkannt wurde?!?!
Eine Frechheit","Ich bin geschockt. Mein Vater wollte meine Gutschein (mit Erlaubnis) einlösen, was jedoch zu keiner Preisreduktion führte. Im Gegenteil es passierte nichts und jetzt wo ich ihn einlösen möchte, wird mir mitgeteilt, dass er eingelöst wurde. Wie kann das sein, wenn er bei der Bestellung durch meinen Vater nicht anerkannt wurde?!?!
Eine Frechheit",NinaNic9999999,27.11.8,2026-07-21T14:16:05Z,False,itunes_rss_mostRecent,False,False
744f02ce583d45c1d974bbd69535140470f9e765b10d2175099e0ed6b93b3249,14330313126,348712880,Amazon,de,3,Übersicht  der erwarteten Lieferungen war vorher viel besser,Vorher war die Übersicht  aller bestellten Artikel auf einer Einstellung zu sehen . Jetzt muss ich jeden Artikel einzeln anklicken. Von  5 auf  3  Sterne,Vorher war die Übersicht  aller bestellten Artikel auf einer Einstellung zu sehen . Jetzt muss ich jeden Artikel einzeln anklicken. Von  5 auf  3  Sterne,TinasShila,27.11.8,2026-07-21T13:19:41Z,False,itunes_rss_mostRecent,False,False
b03653dbd12613c160898024bbc4badad92cf845e28864d0e91dacc9ac212e36,14329474741,348712880,Amazon,de,4,Review,Amazon is efficiently good,Amazon is efficiently good,sfe-qri,27.11.8,2026-07-21T08:22:22Z,False,itunes_rss_mostRecent,False,False
92e9a5cd047748fbe0b28cedfe7c0ad914b12ff72b5dbf0ba4176dd91e77f8e1,14329200967,348712880,Amazon,de,1,No customer support,No customer support option. Cost cutting to rock bottom,No customer support option. Cost cutting to rock bottom,pralay-ahluwalia,27.11.8,2026-07-21T06:25:14Z,False,itunes_rss_mostRecent,False,False
927e2713691d3dddf9969e00b4bce9015929d8d89f7566ab4821712a30c4cb21,14328268018,348712880,Amazon,de,1,Unzufrieden,Sie habe ohne Grund meine Konto gesperrt,Sie habe ohne Grund meine Konto gesperrt,Yygdz,27.11.8,2026-07-21T00:12:45Z,False,itunes_rss_mostRecent,False,False
95133133208d3773e6778d66ff121cc017f98c642e751251dd4984f205079b91,14326508573,348712880,Amazon,de,2,Liefertermin stimmt meistens nicht,"Seit neusten werden Liefertermine angezeigt, die von Amazon nicht eingehalten werden. Und so richtig Kontakt kann man über die App auch nicht mit Amazon aufnehmen.","Seit neusten werden Liefertermine angezeigt, die von Amazon nicht eingehalten werden. Und so richtig Kontakt kann man über die App auch nicht mit Amazon aufnehmen.",grohnert.,27.11.8,2026-07-20T14:19:46Z,False,itunes_rss_mostRecent,False,False
0f56093b6da1e5ddccc6b0a7d01cdf4c666fb578db30f609a57f6c1ab0fe4d4a,14324668951,348712880,Amazon,de,3,In der Nacht gehen die Augen gefühlt kaputt,"Es gibt keinen Dunkelmodus. Ich finde, man sollte es hinzufügen.","Es gibt keinen Dunkelmodus. Ich finde, man sollte es hinzufügen.",Atsu42,27.11.8,2026-07-20T02:29:30Z,False,itunes_rss_mostRecent,False,False
57520d2ed9c5027129673f22b5d96c8fa6d95b8847fcb58d5366ab9dfc5a6571,14323620396,348712880,Amazon,de,1,Setzen 6,2026 kein Darkmode und unübersichtlich wie kaum eine andere App,2026 kein Darkmode und unübersichtlich wie kaum eine andere App,DoctorEnergy,27.11.8,2026-07-19T19:41:20Z,False,itunes_rss_mostRecent,False,False
f9f585c1f79c6dfa5ab28327744b7b1565610c9152c62de8e2c1876a5ed225b3,14322330271,348712880,Amazon,de,1,Kindle funktioniert nicht.,"Ich versuche mehrmals den Kindle customer service irgendwie zu erreichen.

Über die Amazon App geht ea nicht und im Internet muss man sich anmelden, das dauert wieder ewig.

Wieso nicht einfach eine Email haben, die man ins Kindle reinschreibt - eine normale Email Adresse die man anschreiben kann?!?!

Wenn ich oben im Kindle Shop etwas suchen will geht es nie, es sei denn der Titel wird selber beendet von der Suchmaschine.

Will man sich dann eine Leseprobe runterladen klappt es auch nicht, egal wie lange man wartet. Und ja, dass Kindle ist mit den Wlan verbunden und ja, ich habe auch schon versucht es aus- und einzuschalten.","Ich versuche mehrmals den Kindle customer service irgendwie zu erreichen.

Über die Amazon App geht ea nicht und im Internet muss man sich anmelden, das dauert wieder ewig.

Wieso nicht einfach eine Email haben, die man ins Kindle reinschreibt - eine normale Email Adresse die man anschreiben kann?!?!

Wenn ich oben im Kindle Shop etwas suchen will geht es nie, es sei denn der Titel wird selber beendet von der Suchmaschine. 

Will man sich dann eine Leseprobe runterladen klappt es auch nicht, egal wie lange man wartet. Und ja, dass Kindle ist mit den Wlan verbunden und ja, ich habe auch schon versucht es aus- und einzuschalten.",ldr021,27.11.8,2026-07-19T13:16:03Z,False,itunes_rss_mostRecent,False,False
4e65126c8c18812ebbc6d6780d6ef0e781c7449370f65b634453c0ecd47e6600,14319122287,348712880,Amazon,de,1,Tastatur,"Die Tastatur klappt gefühlt die Hälfte der Zeit nicht aus, und das seit ewigkeiten und verschiedenen Updates, Armutszeugnis!","Die Tastatur klappt gefühlt die Hälfte der Zeit nicht aus, und das seit ewigkeiten und verschiedenen Updates, Armutszeugnis!",Xxxlomp,27.11.8,2026-07-18T17:18:22Z,False,itunes_rss_mostRecent,False,False
88964610134c4ac8819f4c3082b3bec5c8823c23e8f93b05f090c6f1cad8a9a7,14316790327,348712880,Amazon,de,1,Not good enough business clients,You can’t get your invoice by mail and changing your companies Adress is unbelievably difficult. No contact number. Chat sucks too (only multiple choice with options missing),You can’t get your invoice by mail and changing your companies Adress is unbelievably difficult. No contact number. Chat sucks too (only multiple choice with options missing),The equaliser 2025,27.11.8,2026-07-18T03:40:02Z,False,itunes_rss_mostRecent,False,False
46a6371570d2903cf07129b83fd0532f951f10f0e021f825960d1ba3e19f76fe,14314957619,348712880,Amazon,de,1,Interfejs,"Interfejs jest bardzo słaby już tyle lat, kiedy go zmienicie? Pleaaaas","Interfejs jest bardzo słaby już tyle lat, kiedy go zmienicie? Pleaaaas",VBY96,27.11.8,2026-07-17T16:38:52Z,False,itunes_rss_mostRecent,False,False
12c8a1b47e3acbc72ef661dab72fc49a07dc31092782706b5a59dfcc456a7295,14313883909,348712880,Amazon,de,1,Disappointed by extreme price gouging and poor stock availability,"It is unbelievable 🤬 that a platform as massive as Amazon cannot secure enough inventory for seasonal items. As soon as demand rises, stock disappears and is immediately replaced by scalpers selling the exact same products at 3x to 5x the original price. 😤 By allowing these predatory ""Buying Options"" to dominate the site, Amazon is actively participating in price gouging. 🅱️🅾️🅾️
❗️They need to protect consumers and stop letting resellers exploit the market. ❗️
Trying to purchase an air conditioner on Amazon during the summer has become impossible. Standard inventory is completely out of stock, leaving only ""Buying Options"" from third-party sellers charging 3 to 5 times the retail price. Amazon frequently allows this price gouging to happen whenever demand for a product rises. As a major platform, Amazon needs better inventory forecasting and stricter controls to prevent scalpers from exploiting customers.","It is unbelievable 🤬 that a platform as massive as Amazon cannot secure enough inventory for seasonal items. As soon as demand rises, stock disappears and is immediately replaced by scalpers selling the exact same products at 3x to 5x the original price. 😤 By allowing these predatory ""Buying Options"" to dominate the site, Amazon is actively participating in price gouging. 🅱️🅾️🅾️
❗️They need to protect consumers and stop letting resellers exploit the market. ❗️
Trying to purchase an air conditioner on Amazon during the summer has become impossible. Standard inventory is completely out of stock, leaving only ""Buying Options"" from third-party sellers charging 3 to 5 times the retail price. Amazon frequently allows this price gouging to happen whenever demand for a product rises. As a major platform, Amazon needs better inventory forecasting and stricter controls to prevent scalpers from exploiting customers.",BobbyAuslander,27.11.8,2026-07-17T11:27:29Z,False,itunes_rss_mostRecent,False,False
b5d99272180364bf9ce2c61041e2a8177ac824f29859e3e7e85a3618c0bdebd4,14313328873,348712880,Amazon,de,1,wird immer schlechter.,"1. Statusupdates der Paketdienste werden in der App falsch dargestellt, also sollte man immer in die App des Paketdienstes (DHL, DPD usw) schauen. 2. Da es keinen Kundenservice mehr gibt, sondern nur noch einen automatischen Chat, wo das Anliegen nicht verstanden wird und nur automatische Standardtexte als Antwort erhält, sollte man nicht versuchen, Amazon auf Fehler hinzuweisen. 3. Kontakt zum Verkäufer funktioniert inzwischen auch nur noch über einen automatisierten Chat, der verhindert, dass man eine Nachricht eintippen kann. 4. neuerdings bekommt man Pushnachrichten für Angebote. Zum einen habe ich die nicht bestellt (in den Kontoeinstellungen sind Angebotsbenachrichtigungen deaktiviert), zum anderen werden mir Produkte angeboten, die ich gerade gekauft habe. 5. der Punkt „Rechnung herunterladen“
im Bereich der eigenen Bestellungen zeigt zwar die Dokumente in der App an, bietet aber keine Möglichkeit, die Dateien herunterzuladen oder zu exportieren. 6. das Live Tracking für den Amazon Lieferdienst funktioniert überhaupt nicht. Nach einem Countdown bis „noch 6 Stopps“ kommt „noch einige Pakete“
und es dauert noch etliche Stunden","1. Statusupdates der Paketdienste werden in der App falsch dargestellt, also sollte man immer in die App des Paketdienstes (DHL, DPD usw) schauen. 2. Da es keinen Kundenservice mehr gibt, sondern nur noch einen automatischen Chat, wo das Anliegen nicht verstanden wird und nur automatische Standardtexte als Antwort erhält, sollte man nicht versuchen, Amazon auf Fehler hinzuweisen. 3. Kontakt zum Verkäufer funktioniert inzwischen auch nur noch über einen automatisierten Chat, der verhindert, dass man eine Nachricht eintippen kann. 4. neuerdings bekommt man Pushnachrichten für Angebote. Zum einen habe ich die nicht bestellt (in den Kontoeinstellungen sind Angebotsbenachrichtigungen deaktiviert), zum anderen werden mir Produkte angeboten, die ich gerade gekauft habe. 5. der Punkt „Rechnung herunterladen“
im Bereich der eigenen Bestellungen zeigt zwar die Dokumente in der App an, bietet aber keine Möglichkeit, die Dateien herunterzuladen oder zu exportieren. 6. das Live Tracking für den Amazon Lieferdienst funktioniert überhaupt nicht. Nach einem Countdown bis „noch 6 Stopps“ kommt „noch einige Pakete“
und es dauert noch etliche Stunden",krischan.media,27.11.8,2026-07-17T07:53:55Z,False,itunes_rss_mostRecent,False,False
a26a680e5b7a892088b99578a1a796566f0b2c51fded33024fb452c1916335af,14312955735,348712880,Amazon,de,5,Rechnungsübersicht verwirrt,"49€ versandfrei?
Vor corona, war es 19€.
Regierung 3% Inflation?
Das sind 250% !!!

Rechnung übersicht kompliziert vom Vormonat und aktuelle Monat vermischt","49€ versandfrei?
Vor corona, war es 19€.
Regierung 3% Inflation?
Das sind 250% !!!


Rechnung übersicht kompliziert vom Vormonat und aktuelle Monat vermischt",Jens Wieland,27.11.8,2026-07-17T05:18:54Z,False,itunes_rss_mostRecent,False,False
01ad72c05c9e571cb962517574cc41782468290840cfc6510979e515380723db,14309218784,348712880,Amazon,de,2,Fragwürdig wenn man Prime hat.,Es ist nicht nachvollziehbar warum man die Lieferung am nächsten Tag anklicken muss wenn damit geworben wird. Das ist irreführend und kaum sichtbar wenn man mal schnell eine Bestellung auf dem Mobiltelefon machen will.,Es ist nicht nachvollziehbar warum man die Lieferung am nächsten Tag anklicken muss wenn damit geworben wird. Das ist irreführend und kaum sichtbar wenn man mal schnell eine Bestellung auf dem Mobiltelefon machen will.,Jan Zaagkuile,27.11.8,2026-07-16T07:31:24Z,False,itunes_rss_mostRecent,False,False
8566349c6bbbaef4627cc89ff6ce4ea24c0b4d58326d951ea268d97ae5aefe83,14305450883,348712880,Amazon,de,1,Vorsicht Betrug,Jedes Mal egal bei wem ich bestelle habe extreme Probleme sie klauen mein Geld und sperren das Konto sodass sie mir mein Geld klauen es reicht jetzt ich erster eine Anzeige!!!,Jedes Mal egal bei wem ich bestelle habe extreme Probleme sie klauen mein Geld und sperren das Konto sodass sie mir mein Geld klauen es reicht jetzt ich erster eine Anzeige!!!,Pepsi20ist0lecker,27.11.8,2026-07-15T09:27:41Z,False,itunes_rss_mostRecent,False,False
d21ce258fd3216c4df6a1134eb59713d3a52e5a49a0ecebd090ac49cf99c49cb,14303015537,348712880,Amazon,de,1,Intransparentes Abbuchen von Beträgen,"Mir wurden mehrere Beträge vom Konto abgebucht, zu denen es keine Bestellungen gab.
Die Referenz-Daten bei der Bank sind immer kryptisch ohne Bezug auf gekaufte Produkte","Mir wurden mehrere Beträge vom Konto abgebucht, zu denen es keine Bestellungen gab.
Die Referenz-Daten bei der Bank sind immer kryptisch ohne Bezug auf gekaufte Produkte",flashcube58,27.11.8,2026-07-14T17:51:37Z,False,itunes_rss_mostRecent,False,False
d32ee626ab0bcbbfe66b3d2711b2d9acabe4c57ea1d31f48b7d090bd7d2dfa13,14301568628,348712880,Amazon,de,2,Agressive amazon delivery drivers,Your delivery drivers are aggressive,Your delivery drivers are aggressive,betul109,27.11.8,2026-07-14T10:34:12Z,False,itunes_rss_mostRecent,False,False
f11296116d26dbcbee92bd5bac5d66afee1a8c862516e4bbc28f9f61c7695635,14299716716,348712880,Amazon,de,1,Nur enttäuscht,Auf Amazon selber findet man Ramsch wie auf Temu nur teuerer. Qualitätsprodukte bestellt aber 3 verschiedene mit anderer Artikelnummer und vom anderen Hersteller bekommen. Das wichtigste kam zuletzt. Und genau hier kam nicht das erwartete. App Ansicht flüssig und zuverlässig aber ich will mich nun beschweren und finde nix passendes dazu. Kunde vor den Karren geworfen. Nach 2 Jahren Amazon Pause wieder bestellt und wieder enttäuscht. Prime wird bei Ablauf gekündigt und dann bin ich wieder für ein paar Jahre weg.,Auf Amazon selber findet man Ramsch wie auf Temu nur teuerer. Qualitätsprodukte bestellt aber 3 verschiedene mit anderer Artikelnummer und vom anderen Hersteller bekommen. Das wichtigste kam zuletzt. Und genau hier kam nicht das erwartete. App Ansicht flüssig und zuverlässig aber ich will mich nun beschweren und finde nix passendes dazu. Kunde vor den Karren geworfen. Nach 2 Jahren Amazon Pause wieder bestellt und wieder enttäuscht. Prime wird bei Ablauf gekündigt und dann bin ich wieder für ein paar Jahre weg.,Jywufnsuejv,27.11.8,2026-07-13T22:04:17Z,False,itunes_rss_mostRecent,False,False
cdff72554a514297fe833aa056adcd1f1ffe8de10a97efe3d88da46feb322af3,14299327773,348712880,Amazon,de,4,Dark Modus,"Wann gibt es endlich mal einen Darkmodus? Abends auf eurer Webseite was zu suchen, ist Folter für die Augen.","Wann gibt es endlich mal einen Darkmodus? Abends auf eurer Webseite was zu suchen, ist Folter für die Augen.",PacificSmoker,27.11.8,2026-07-13T19:43:29Z,False,itunes_rss_mostRecent,False,False
4fa05f2e56aac755a425b0cb3f89c27465bba202160c6b8c607c3f60a32024c6,14298539587,348712880,Amazon,de,5,Top,Ich liebe Amazon,Ich liebe Amazon,Betuuuuuel,27.11.8,2026-07-13T15:36:53Z,False,itunes_rss_mostRecent,False,False
cc588b50bc322d60168c1171f2c3ba2ffbe92140f8e3f3bf53c07c2480ada66d,14296369107,348712880,Amazon,de,1,Pünktlichkeit 🙄,Ich bezahle extra Versand und es kommt 4 Tage später zu ich will mein Geld zurück von extra Versand,Ich bezahle extra Versand und es kommt 4 Tage später zu ich will mein Geld zurück von extra Versand,Du floh fing,27.11.8,2026-07-13T02:23:37Z,False,itunes_rss_mostRecent,False,False
bd1b16bc635dce4dd8349f2912b1110186b053251ee931e4e6ad5f1d7d320292,14295276712,348712880,Amazon,de,2,LIEFERUNG HAT NICHT MAL EINEN OFFIZIELLEN DATUM,Hab für ein Freund ein Geschenk bestellt als erstes wurde es verschoben danach wieder und wieder bis es gar kein offizielles datum mehr hat jetzt habe ich ungefähr 2 wochen gewartet,Hab für ein Freund ein Geschenk bestellt als erstes wurde es verschoben danach wieder und wieder bis es gar kein offizielles datum mehr hat jetzt habe ich ungefähr 2 wochen gewartet,Delna45,27.11.8,2026-07-12T19:23:59Z,False,itunes_rss_mostRecent,False,False
85181a87c9b9231f1c98115fbdd8980246a2be44d3985c48fbc849c7e08b249d,14295241918,348712880,Amazon,de,3,Verifizierung,"Bitte nicht über WhatsApp verifizieren, es kann nicht vorausgesetzt das jeder WhatsApp hat oder nutzt.","Bitte nicht über WhatsApp verifizieren, es kann nicht vorausgesetzt das jeder WhatsApp hat oder nutzt.",OpaBernd,27.11.8,2026-07-12T19:11:59Z,False,itunes_rss_mostRecent,False,False
46a5536bb83275e385634a702852b5e0dbe562406d436e9355f51329b099b960,14294485585,348712880,Amazon,de,2,Hat kein Dark Mode,Kein Dark Mode,Kein Dark Mode,Kasyim,27.11.8,2026-07-12T15:13:42Z,False,itunes_rss_mostRecent,False,False
2d0d0eeee5504d00f5e60a5d22007d25056e013378908aa5fa2aca5dcaf219c4,14294353657,348712880,Amazon,de,5,Stöbern Stöbern,Bin schon lange Kunde 👌 ich komme an Amazon nicht vorbei ob bestellen oder wenn ich mal eine Rückgabe habe Kundenzufriedenheit vom allerbesten 👏👏👏,Bin schon lange Kunde 👌 ich komme an Amazon nicht vorbei ob bestellen oder wenn ich mal eine Rückgabe habe Kundenzufriedenheit vom allerbesten 👏👏👏,De Wanderer,27.11.8,2026-07-12T14:35:32Z,False,itunes_rss_mostRecent,False,False
c66b69303efe800ab77f3e7ad1fe9adbba51b6ff74a71aa49ceb95e7387f4182,14293532163,348712880,Amazon,de,3,"War früher besser, Filterfunktion taugt nichts","Filterfunktion in der Amazon App kann man getrost vergessen. Das was man als Filter eingestellt wird garantiert nicht angezeigt. Zuerst wwird einem Seitenlang Waren angezeigt, die es auch bei Temu gibt und nicht mit dem gesuchten Eigenschaften zu tun haben. Zielführender ist da schon die Suche über google. Das ist sehr Schade. Die Suche und Suchfilter in der Amamzo. app war früher deutlich besser.","Filterfunktion in der Amazon App kann man getrost vergessen. Das was man als Filter eingestellt wird garantiert nicht angezeigt. Zuerst wwird einem Seitenlang Waren angezeigt, die es auch bei Temu gibt und nicht mit dem gesuchten Eigenschaften zu tun haben. Zielführender ist da schon die Suche über google. Das ist sehr Schade. Die Suche und Suchfilter in der Amamzo. app war früher deutlich besser.",Struti2,27.11.8,2026-07-12T10:01:14Z,False,itunes_rss_mostRecent,False,False
b9515c5ab35fd245903527b59b5790ff83d07b7f194c9d4a1936b4150871a69d,14291125984,348712880,Amazon,de,2,meistens okay - aber prime öfters verkehrt,"wenn ich ein Produkt bestelle mit der Zeile : Lieferung am selben Tag abends und dann kommt es doch nicht ist es nicht besonders integer !
Auch viele andere Sendungen als Prime gelabelt glänzen durch Verspätungen…","wenn ich ein Produkt bestelle mit der Zeile : Lieferung am selben Tag abends und dann kommt es doch nicht ist es nicht besonders integer !
Auch viele andere Sendungen als Prime gelabelt glänzen durch Verspätungen…",Lleuwin,27.11.8,2026-07-11T18:22:35Z,False,itunes_rss_mostRecent,False,False
cc6d7f8e04ff663b5751f5a4fce7b6ad63849f091793679fdf3990d5073b8cdf,14290825006,348712880,Amazon,de,1,Betrüger Firma,"Mit Amazon habe ich in der letzten Zeit immer wieder Probleme.
Die aktuelle war meine letzte Bestellung.
Heute müsste ich mein neues Handy bekommen, bekomme ich in dem Paket ein Kopfhörer, Kundenservice unerreichbar!!!
Chat funktioniert nicht ist ein Witz!","Mit Amazon habe ich in der letzten Zeit immer wieder Probleme.
Die aktuelle war meine letzte Bestellung.
Heute müsste ich mein neues Handy bekommen, bekomme ich in dem Paket ein Kopfhörer, Kundenservice unerreichbar!!!
Chat funktioniert nicht ist ein Witz!",Kunde…..,27.11.8,2026-07-11T16:46:10Z,False,itunes_rss_mostRecent,False,False
36a68ebba6d61e677043d58d41384f86392578f2c2f76994adec345b55c65b2a,14289582237,348712880,Amazon,de,4,App verbesseungswürdig,"Leider wahr, was ein anderer Nutzer schreibt; nach manchen Dingen im Kundenkonto sucht man sich einen Wolf.
Rechnung ansehen/runterladen geht nur im Browser; warum?
Wollt Ihr, dass Monatsrechnungen pünktlich bezahlt werden? Dann solltet Ihr das Finden der Rechnung in der App einfacher machen.","Leider wahr, was ein anderer Nutzer schreibt; nach manchen Dingen im Kundenkonto sucht man sich einen Wolf.
Rechnung ansehen/runterladen geht nur im Browser; warum?
Wollt Ihr, dass Monatsrechnungen pünktlich bezahlt werden? Dann solltet Ihr das Finden der Rechnung in der App einfacher machen.",SGchenOG,27.11.8,2026-07-11T10:18:35Z,False,itunes_rss_mostRecent,False,False
07f0474fd7225b8f2b4e0c633ae6d5fb62cb319a779bf1b52e7231d56df4b903,14286089642,348712880,Amazon,de,3,Warum kann ich keine e Bücher kaufen.,"Was mich sehr ärgert ist das dieser App am iPhone, das kaufen von e Bücher nicht unterstütz, obwohl ich mit gleicher App aus dem Androide Handy  bestellen kann. Mach ich da selber was falsch oder was ist der Hacken? Ich finde es sehr frustrierend.","Was mich sehr ärgert ist das dieser App am iPhone, das kaufen von e Bücher nicht unterstütz, obwohl ich mit gleicher App aus dem Androide Handy  bestellen kann. Mach ich da selber was falsch oder was ist der Hacken? Ich finde es sehr frustrierend.",sthvkioxde,27.11.8,2026-07-10T13:20:46Z,False,itunes_rss_mostRecent,False,False
d6f5c4d13102c21cb4755a3cc5451d2cb665b5462b3b5f6f886459819396040b,14285319653,348712880,Amazon,de,1,Amazon Changed,Return policies got much worse.,Return policies got much worse.,Nickname6361718,27.11.8,2026-07-10T08:56:25Z,False,itunes_rss_mostRecent,False,False
142b16792a8ac5f5266c14afe552794b3f91955fd127f706f643b39d6838589d,14285076875,348712880,Amazon,de,2,Viele Probleme,"Leider habe ich nur Probleme mit Amazon. Beim erstellen meines Prime Accounts Probleme mit der Zahlung, dann falsche Beiträge von meinem Bankkonto abgebucht (aktuell über 100€) und jetzt in der App ist mein Konto wieder nicht verifiziert, ergo keine Bestellung geht raus.
Der Chat mit dem Support funktioniert seit Wochen nicht und die Rückruf Funktion auch nicht.
Musste hierzu den Account meiner Frau nutzen, dort ging alles…
Der Aufbau der App ist nicht sonderlich toll, muss lange suchen um zb den Kundendienst zu erreichen.","Leider habe ich nur Probleme mit Amazon. Beim erstellen meines Prime Accounts Probleme mit der Zahlung, dann falsche Beiträge von meinem Bankkonto abgebucht (aktuell über 100€) und jetzt in der App ist mein Konto wieder nicht verifiziert, ergo keine Bestellung geht raus. 
Der Chat mit dem Support funktioniert seit Wochen nicht und die Rückruf Funktion auch nicht. 
Musste hierzu den Account meiner Frau nutzen, dort ging alles… 
Der Aufbau der App ist nicht sonderlich toll, muss lange suchen um zb den Kundendienst zu erreichen.",sowasvongeheim,27.11.8,2026-07-10T07:13:43Z,False,itunes_rss_mostRecent,False,False
348564a6f4613a9069f66c451fc045ba6cbc1a9a44a9c9c9cb23719f2c43b7a6,14284752912,348712880,Amazon,de,3,Rechnung ausdrucken,Leider lässt sich auf dem I-Pad die Monatsabrechnung an der hierfür vorgesehenen Stell nicht ausdrucken. Beim Anklicken tut sich also: nichts!!,Leider lässt sich auf dem I-Pad die Monatsabrechnung an der hierfür vorgesehenen Stell nicht ausdrucken. Beim Anklicken tut sich also: nichts!!,Hans-J. Fogra,27.11.8,2026-07-10T04:53:52Z,False,itunes_rss_mostRecent,False,False
9bb35d317acf09c0ed7cb59294e05ad5066c921c7783a5cddeb72a540785e89a,14283142398,348712880,Amazon,de,2,Dunkel Modus fehlt,"Für Menschen mit einer sehr starken Sehbehinderung sind weiße Hintergründe. Eine völlige Katastrophe..
Die App braucht einen Dark Mode/Dunkel Modus bitte ergänzen wäre sehr  hilfreich","Für Menschen mit einer sehr starken Sehbehinderung sind weiße Hintergründe. Eine völlige Katastrophe..
Die App braucht einen Dark Mode/Dunkel Modus bitte ergänzen wäre sehr  hilfreich",blindpeapleneeds more respect,27.11.8,2026-07-09T18:51:16Z,False,itunes_rss_mostRecent,False,False
94c1312ea512d16b00bda4396ae6f5629d6c524b2b68f03a949153b2e2e6e1fe,14281768910,348712880,Amazon,de,1,Überwiegend China-Schrott,"Unfassbar wie unterirdisch schlecht Amazon geworden ist. Vor allem bei Kleidung gibt es fast nur noch Kunstfaserschrott aus China. Da kann man ja gleich bei Te** kaufen. Sendungsverfolgung ist ebenfalls unterirdisch schlecht. Wenn der/die Fahrer tatsächlich so fahren muss man sich wundern, dass überhaupt mal was beim Kunden ankommt","Unfassbar wie unterirdisch schlecht Amazon geworden ist. Vor allem bei Kleidung gibt es fast nur noch Kunstfaserschrott aus China. Da kann man ja gleich bei Te** kaufen. Sendungsverfolgung ist ebenfalls unterirdisch schlecht. Wenn der/die Fahrer tatsächlich so fahren muss man sich wundern, dass überhaupt mal was beim Kunden ankommt",Shampoo67,27.11.2,2026-07-09T12:05:10Z,False,itunes_rss_mostRecent,False,False
1834000b89bc0c37e6f82c53d05503de0ad61b8420931c4627395e671c1cdd88,14280980408,348712880,Amazon,de,4,Rechnung Downloaden und Speichern,"Leider ist es immer noch nicht möglich eine Rechnung über die App herunterzuladen und zu speichern. Einsehen kann ich die Rechnungen aber nicht in einem Ordner auf dem iPhone speichern. Die Funktion geht nur über den WEB Browser!
Bitte App anpassen!","Leider ist es immer noch nicht möglich eine Rechnung über die App herunterzuladen und zu speichern. Einsehen kann ich die Rechnungen aber nicht in einem Ordner auf dem iPhone speichern. Die Funktion geht nur über den WEB Browser!
Bitte App anpassen!",Arys123,27.11.2,2026-07-09T07:00:02Z,False,itunes_rss_mostRecent,False,False
8e1a2c03c4337cc2eaab514628480e613773fad142c328035c96b2a4500f5556,14279446587,348712880,Amazon,de,4,Hals nicht voll bekommen,Eine Unverschämtheit einem so ein Abo unterzujubeln zu wollen.  Das nimmt ja chinesische Verhältnisse an. Mit eurer Werbung macht ihr auch alles nach. Was für ein Armutszeugnis. Seit ihr so fantasielos!! Und ob das so legal ist?? Mit der Prime Mitgliedschaft habt ihr es auch so gemacht. Einfach Werbung eingeführt oder ich soll mehr bezahlen. Frechheit!! So viel wie ich weiß gab es da schon sammel klagen die wie ich weiß auch rechtens war/ist. Ich sollte aus trotz alles bei Amazon kündigen für dieses verhalten. Und ich überlege mir das auch noch. Wenn das nochmal vorkommt dann ist Amazon definitiv Geschichte!! Kriegt bezos den Hals nicht voll !! Mastschwein oder wie!?,Eine Unverschämtheit einem so ein Abo unterzujubeln zu wollen.  Das nimmt ja chinesische Verhältnisse an. Mit eurer Werbung macht ihr auch alles nach. Was für ein Armutszeugnis. Seit ihr so fantasielos!! Und ob das so legal ist?? Mit der Prime Mitgliedschaft habt ihr es auch so gemacht. Einfach Werbung eingeführt oder ich soll mehr bezahlen. Frechheit!! So viel wie ich weiß gab es da schon sammel klagen die wie ich weiß auch rechtens war/ist. Ich sollte aus trotz alles bei Amazon kündigen für dieses verhalten. Und ich überlege mir das auch noch. Wenn das nochmal vorkommt dann ist Amazon definitiv Geschichte!! Kriegt bezos den Hals nicht voll !! Mastschwein oder wie!?,Pi75,27.11.2,2026-07-08T20:55:27Z,False,itunes_rss_mostRecent,False,False
fe1ad8a0d9ccbc29170c823934ade014abf2076d7a2388b268e5d9b9d851f7a4,14278503731,348712880,Amazon,de,1,Was is da los,"Amazon war mal gut, mittlerweile nur noch teuer und Chaos bei Lieferung und Rücksendung!
Der Grund warum ich meinen Account nun endgültig gelöscht habe, war eine Bestellung die mit 7 Monaten Lieferzeit angegeben wurde! Ich dachte erst das wäre ein Fehler aber die Bestellung kam tatsächlich nicht. Einfach nur lächerlich … Tschüss Herr Bezos, auf nimmer Wiedersehen","Amazon war mal gut, mittlerweile nur noch teuer und Chaos bei Lieferung und Rücksendung! 
Der Grund warum ich meinen Account nun endgültig gelöscht habe, war eine Bestellung die mit 7 Monaten Lieferzeit angegeben wurde! Ich dachte erst das wäre ein Fehler aber die Bestellung kam tatsächlich nicht. Einfach nur lächerlich … Tschüss Herr Bezos, auf nimmer Wiedersehen",Sympathy4 the😈,27.11.2,2026-07-08T15:45:46Z,False,itunes_rss_mostRecent,False,False
a1c90358768c7f55f133b265b6aee67013c02976734ddd4af43ec72abe63b16d,14277660696,348712880,Amazon,de,1,Es war übersichtlicher,Nach dem letzten Update wurden die Menüs angepasst. Man findet absolut nichts mehr und man muss umständlich suchen .,Nach dem letzten Update wurden die Menüs angepasst. Man findet absolut nichts mehr und man muss umständlich suchen .,XxTheWizardxX,27.11.2,2026-07-08T11:35:10Z,False,itunes_rss_mostRecent,False,False
682bb204ae9c65cc3b41e2477be78fc18d88ca0393492a2ac35188b2bce449af,14277256346,348712880,Amazon,de,4,Kundenservice nicht gewünscht aber super nette Mitarbeiter,"Die App wurde so umgestellt, dass man einen nur noch schwer einen Mitarbeiter erreichen kann deswegen wurde es soweit es geht nach 10 Seiten versteckt.
Aber da die Mitarbeiterin super nett war, kann ich keine schlechte Bewertung geben xD","Die App wurde so umgestellt, dass man einen nur noch schwer einen Mitarbeiter erreichen kann deswegen wurde es soweit es geht nach 10 Seiten versteckt.
Aber da die Mitarbeiterin super nett war, kann ich keine schlechte Bewertung geben xD",TemuB0y,27.11.2,2026-07-08T08:59:54Z,False,itunes_rss_mostRecent,False,False
1be6c2362f50042dc3c21304b61e7e140c7230b9214ae3524b9103da54360478,14274679197,348712880,Amazon,de,1,Bug with address,I am ordering only from the app and today I found out that all my orders were placed to my old address. It’s so tricky that you started hiding this info on the checkout!!! I even didn’t realize that I ordered to the old address,I am ordering only from the app and today I found out that all my orders were placed to my old address. It’s so tricky that you started hiding this info on the checkout!!! I even didn’t realize that I ordered to the old address,M.kats,27.11.2,2026-07-07T16:36:48Z,False,itunes_rss_mostRecent,False,False
b82e464123b4e9e1a776109c3d721131238acb8a11519c9721754e9a2913358e,14274462771,348712880,Amazon,de,5,I love Amazon worldwide❤️,Love it,Love it,deep-blue-sea,27.11.2,2026-07-07T15:34:48Z,False,itunes_rss_mostRecent,False,False
9fb6c9276cc7341b5f8ff4d16ebc11b63b0afdecedde6240c5a31fc2991b3dae,14274082184,348712880,Amazon,de,5,Amazon Rezension,Beste online shop,Beste online shop,Niko_tw09,27.11.2,2026-07-07T13:47:39Z,False,itunes_rss_mostRecent,False,False
51c6667045b8057e908e453f0e3d1431c96e19b6470092a793649929afa7ca33,14273834547,348712880,Amazon,de,1,Gebrauchte Produkte,"Produkte, welche als neu deklariert sind, kommen teilweise gebraucht an. Gerade bei Hygieneprodukten ist so etwas inakzeptabel!","Produkte, welche als neu deklariert sind, kommen teilweise gebraucht an. Gerade bei Hygieneprodukten ist so etwas inakzeptabel!",JGAL 980,27.11.2,2026-07-07T12:34:12Z,False,itunes_rss_mostRecent,False,False
b2e2d7dab253d5d271dc79dfa2ff9f2919b1a5fd3fffd2d738d3398e0a5a3539,14273254004,348712880,Amazon,de,1,Kundenservice,Um mit dem Kundenservice Kontakt aufnehmen muss man vorher im Internet recherchieren wo man diesen erreichen kann.,Um mit dem Kundenservice Kontakt aufnehmen muss man vorher im Internet recherchieren wo man diesen erreichen kann.,Idnaaaaa,27.11.2,2026-07-07T09:04:25Z,False,itunes_rss_mostRecent,False,False
9803e7811eb5b6808e692b9dae57958f90425029ed54630a4ce875f2ec6fb625,14272561228,348712880,Amazon,de,2,Schlecht organisiert,"Habe mir Dünger und Erde bestellt, kam an und der Dünger war offen, somit die Erde hinüber.
Der Dünger wurde mir erstattet und laut Mitarbeiter, wird mir die Erde auch erstattet.
Habe sie zurückgeschickt und obwohl in der App alles registriert ist als Rückgabe, schickt mir Amazon Zahlungsaufforderungen und will den ganzen Betrag auser den Dünger. Kundenservice hat heute zu, erreichbarkeit über email wartet man 2 Tage also ne ich bin raus","Habe mir Dünger und Erde bestellt, kam an und der Dünger war offen, somit die Erde hinüber.
Der Dünger wurde mir erstattet und laut Mitarbeiter, wird mir die Erde auch erstattet.
Habe sie zurückgeschickt und obwohl in der App alles registriert ist als Rückgabe, schickt mir Amazon Zahlungsaufforderungen und will den ganzen Betrag auser den Dünger. Kundenservice hat heute zu, erreichbarkeit über email wartet man 2 Tage also ne ich bin raus",gkekebwbsbykckcid,27.11.2,2026-07-07T04:02:53Z,False,itunes_rss_mostRecent,False,False
aac5bba5ad2466a66b06e53b2fa1a2c4c4a68aa370a6bf16f3e127626bec939b,14271049789,348712880,Amazon,de,2,Only for cheap stuff,If you buy anything > 300 eur you better go find other options,If you buy anything > 300 eur you better go find other options,someveryuniqename,27.11.2,2026-07-06T18:42:40Z,False,itunes_rss_mostRecent,False,False
3d45d51b03f65d51b55aade5c48d7490f55f012f5aafdd8bb3a0cb62b167eae5,14269988386,348712880,Amazon,de,1,Error error error,"How can you make an app that makes it absolutely impossible to buy something? You need 4 hours to send me a digital code for a game and you can’t even update my payment method after I gave you my payment details five times? And I can’t cancel the order because suddenly an error occurs you tried to fix the past hours. And besides, why do you need my payment method changed when I brought something with a gift card that had enough money on it. And why was PayPal never a considered option? I just wanted to play tomodachi life and now I need to wait 4 hours to receive the code to the game I purchased? Wow, bravo.","How can you make an app that makes it absolutely impossible to buy something? You need 4 hours to send me a digital code for a game and you can’t even update my payment method after I gave you my payment details five times? And I can’t cancel the order because suddenly an error occurs you tried to fix the past hours. And besides, why do you need my payment method changed when I brought something with a gift card that had enough money on it. And why was PayPal never a considered option? I just wanted to play tomodachi life and now I need to wait 4 hours to receive the code to the game I purchased? Wow, bravo.",97-5(2:7,27.11.2,2026-07-06T13:30:07Z,False,itunes_rss_mostRecent,False,False
9f28c444cf63e65759d37e3be18380d3795456a053bd0f311c7597b85f3e0187,14269842055,348712880,Amazon,de,1,Einfach nur schlecht,App funktioniert nicht,App funktioniert nicht,Brauch keinen Spitznamen,27.11.2,2026-07-06T12:45:51Z,False,itunes_rss_mostRecent,False,False
9654d3f35575b9f4d5248a59bb174316905fa2f589b0d48b100ae86bb78245a4,14269444956,348712880,Amazon,de,1,Handy wird extrem heiß!,Akku entleert sich extrem schnell und mein Handy wird kochend heiß,Akku entleert sich extrem schnell und mein Handy wird kochend heiß,Loddassa,27.11.2,2026-07-06T10:28:57Z,False,itunes_rss_mostRecent,False,False
8759ca90d6dc1e001ad59cb882ffed7312a5c3a4f60cb732c4f76b4bc73e26da,14269143699,348712880,Amazon,de,2,Zu viele Fake Verkäufer,"Amazon ist ansich nh gute Plattform fürs kaufen aber es sind viel zu viele Fake Verkäufer im Umlauf die nichts raus schicken und mit gefälschten Bewertungen ködern. Dagegen wird nichts getan oder kann nicht getan werden
Musst ihr selbst wissen und immer aufpassen","Amazon ist ansich nh gute Plattform fürs kaufen aber es sind viel zu viele Fake Verkäufer im Umlauf die nichts raus schicken und mit gefälschten Bewertungen ködern. Dagegen wird nichts getan oder kann nicht getan werden 
Musst ihr selbst wissen und immer aufpassen",DerDxde,27.11.2,2026-07-06T08:25:45Z,False,itunes_rss_mostRecent,False,False
b28ac1b8ab683eebdbc0781c8f9c5e9515c3d56a3acd4f6cb9482fba96807d0e,14267886322,348712880,Amazon,de,2,"""Wir glauben…""","Push Nachricht: „Wir glauben das Dir Make Up gefallen könnte, basierend auf Deinem letzten Kauf."" Ernsthaft? Nach all den Jahren der Datensammlung über mich?","Push Nachricht: „Wir glauben das Dir Make Up gefallen könnte, basierend auf Deinem letzten Kauf."" Ernsthaft? Nach all den Jahren der Datensammlung über mich?",Helghy23,27.11.2,2026-07-05T23:44:46Z,False,itunes_rss_mostRecent,False,False
6af78b97d6ec781e8636db5b8cd748db65a70a8d4418b17471ef5da44ca9fa60,14267660380,348712880,Amazon,de,1,Autoplay Videos,"Seit dem letzten Update werden in den Suchergebnissen für Bücher automatisch Videos abgespielt. Das verschlechtert die Nutzererfahrung erheblich. Ich möchte Bücher anhand von Cover, Titel und Beschreibung suchen und nicht durch Autoplay-Videos abgelenkt werden. Bitte bieten Sie eine Option an, Autoplay vollständig zu deaktivieren oder entfernen Sie die Videos aus den Suchergebnissen.","Seit dem letzten Update werden in den Suchergebnissen für Bücher automatisch Videos abgespielt. Das verschlechtert die Nutzererfahrung erheblich. Ich möchte Bücher anhand von Cover, Titel und Beschreibung suchen und nicht durch Autoplay-Videos abgelenkt werden. Bitte bieten Sie eine Option an, Autoplay vollständig zu deaktivieren oder entfernen Sie die Videos aus den Suchergebnissen.",sfurckgbkvkit,27.11.2,2026-07-05T22:16:39Z,False,itunes_rss_mostRecent,False,False
e353e4f6fc682b357b379aa4bc069e068672a59ac2644998d5f35f8ee9aa1421,14265637238,348712880,Amazon,de,1,Zahlungsart,Leider klappt hier seit der Mitgliedschaft gar nichts mehr . Sehr unzufrieden und direkt wieder gekündigt.,Leider klappt hier seit der Mitgliedschaft gar nichts mehr . Sehr unzufrieden und direkt wieder gekündigt.,Tkley,27.11.2,2026-07-05T11:32:38Z,False,itunes_rss_mostRecent,False,False
fd44ce003621c17edacde93d9086a65bf7e9c31d1999da5db9ecef5926d38f0b,14263563561,348712880,Amazon,de,1,Akku Killer,Irgendwas betrübt sich da garnicht. Handy wird bei Verwendung glühend heiß! iphone 15pro max. Inakzeptabel App wird gelöscht.,Irgendwas betrübt sich da garnicht. Handy wird bei Verwendung glühend heiß! iphone 15pro max. Inakzeptabel App wird gelöscht.,BiKre,27.11.2,2026-07-04T21:23:31Z,False,itunes_rss_mostRecent,False,False
061333df1c34e4bbbbf10b9d1779585378024d25518d184b143236a84d3a11cf,14262809758,348712880,Amazon,de,1,Einfach nur bescheiden,"Wie nervig ist das denn, das Telefon wird nicht erkannt, jedes Mal ein Code, das wird dann auch nicht angezeigt, angeblich wird eine WhatsApp gesendet obwohl man keine WhatsApp benutzt und wenn ich den Code per SMS will heißt es zu viele ODPs heute versuchen Sie es morgen!!! Was für eine Frechheit! Was funktioniert mit eurer App nicht! Unfassbar ärgerlich.","Wie nervig ist das denn, das Telefon wird nicht erkannt, jedes Mal ein Code, das wird dann auch nicht angezeigt, angeblich wird eine WhatsApp gesendet obwohl man keine WhatsApp benutzt und wenn ich den Code per SMS will heißt es zu viele ODPs heute versuchen Sie es morgen!!! Was für eine Frechheit! Was funktioniert mit eurer App nicht! Unfassbar ärgerlich.",Beny36,27.11.2,2026-07-04T17:00:19Z,False,itunes_rss_mostRecent,False,False
c5c85e697e6e63af44ef57fe277d2a83b2062679838dbddf91c4e6e845f0a923,14262573110,348712880,Amazon,de,4,"Prima,aber…","An sich ist Amazon sehr gut,aber mich stört es das man nicht von der Qualität her filtern kann.ich finde das jetzt nicht so schlimm , aber es wäre cool wenn das noch hinzugefügt werden würde.","An sich ist Amazon sehr gut,aber mich stört es das man nicht von der Qualität her filtern kann.ich finde das jetzt nicht so schlimm , aber es wäre cool wenn das noch hinzugefügt werden würde.",PixelStar707,27.11.2,2026-07-04T15:49:45Z,False,itunes_rss_mostRecent,False,False
f1d7018c15aa63bb91893b1113b2c6a5b13c0c95534a32bc0184e142cc31219a,14262007662,348712880,Amazon,de,1,Katastrophal,"Sie sind ein Online-Shop, nicht NASA! Unzählige Protokolle, zusätzliche Sicherheitsvorkehrungen, die ich, der Kontoinhaber, kaum überwinden kann! 🤬🤬🤬","Sie sind ein Online-Shop, nicht NASA! Unzählige Protokolle, zusätzliche Sicherheitsvorkehrungen, die ich, der Kontoinhaber, kaum überwinden kann! 🤬🤬🤬",RaulL84,27.11.2,2026-07-04T13:07:47Z,False,itunes_rss_mostRecent,False,False
3f9da5adca58e7ffefbb9f3bb253e8d972f43a450caa0c6e144a75d3ed64852d,14259746280,348712880,Amazon,de,2,Nur eingeschränkte Amazon Nutzung,"Ich finde es schade, dass man Rechnungen sich zwar anzeigen lassen kann, aber dann nicht abspeichern kann. Dazu muss ich mich im Browser anmelden. Ich frage mich, für was ich dieses App überhaupt nutzen soll. Es gibt auch weitere Funktionen, bei denen zwingend der Browser notwendig ist. Schade, dass dieses App solche Einschränkungen hat.","Ich finde es schade, dass man Rechnungen sich zwar anzeigen lassen kann, aber dann nicht abspeichern kann. Dazu muss ich mich im Browser anmelden. Ich frage mich, für was ich dieses App überhaupt nutzen soll. Es gibt auch weitere Funktionen, bei denen zwingend der Browser notwendig ist. Schade, dass dieses App solche Einschränkungen hat.",Martin Niemann,27.11.2,2026-07-03T22:47:27Z,False,itunes_rss_mostRecent,False,False
256026746e9af930e75671e4d30f871fe8dfac8f549592f3d3286b86be2ec483,14258612404,348712880,Amazon,de,1,"Langsam, Abstürze, Fehler","Seit den letzten 3 Updates wurde die App kaputt programmiert. Ist so nicht mehr zu gebrauchen. Und das mit einem iPhone 17 Pro Max. Beim Suchen vom Produkten wartet man ewig. Die App stürzt zwei bis dreimal ab, bevor man ein Ergebnis erhält. Fühle mich an die Anfänge des Internets erinnert. Da hilft auch kein 100 Mbits Internetanschluss.","Seit den letzten 3 Updates wurde die App kaputt programmiert. Ist so nicht mehr zu gebrauchen. Und das mit einem iPhone 17 Pro Max. Beim Suchen vom Produkten wartet man ewig. Die App stürzt zwei bis dreimal ab, bevor man ein Ergebnis erhält. Fühle mich an die Anfänge des Internets erinnert. Da hilft auch kein 100 Mbits Internetanschluss.",toskatella,27.11.2,2026-07-03T16:27:03Z,False,itunes_rss_mostRecent,False,False
b38f53f853fd0696680ab942758459bae33c3d222214b59be3124c9f47d7f1dd,14258438136,348712880,Amazon,de,1,....,....,....,Jkilo Yaase,27.11.2,2026-07-03T15:38:46Z,False,itunes_rss_mostRecent,True,False
2c06b841f6f21df61b68f48025a2fade2a37c2b03aa85803aa1dd6f4fd6d2029,14257555774,348712880,Amazon,de,1,Search always freezes,Latest iOS. Buying is a pain as with every other search none of the buttons are clickable and the only thing you can do is navigate away and search again.,Latest iOS. Buying is a pain as with every other search none of the buttons are clickable and the only thing you can do is navigate away and search again.,AndroidIsMuchBetter,27.11.2,2026-07-03T11:28:15Z,False,itunes_rss_mostRecent,False,False
a55913e67231386c1f5fd04b89d5b90b36b0f4ff4a801db9b46d7e4bbf0e44bf,14256431846,348712880,Amazon,de,1,Ich war mal sehr zufrieden…,"Ich war mal sehr zufrieden mit Amazon. Inzwischen habe ich aber nur noch Ärger mit denen. Entweder kommt die Ware nicht an, die Ware ist beschädigt, oder aus irgendwelchen Gründen heißt es auf einmal die Zahlung wird abgelehnt obwohl nichts los ist. Nimmt man dann Kontakt zu deren Support auf auf die teils auch noch frech und unverschämt. Was mich daran jetzt richtig ärgert ist das ich die letzten bestellten Sachen jetzt woanders suchen muss","Ich war mal sehr zufrieden mit Amazon. Inzwischen habe ich aber nur noch Ärger mit denen. Entweder kommt die Ware nicht an, die Ware ist beschädigt, oder aus irgendwelchen Gründen heißt es auf einmal die Zahlung wird abgelehnt obwohl nichts los ist. Nimmt man dann Kontakt zu deren Support auf auf die teils auch noch frech und unverschämt. Was mich daran jetzt richtig ärgert ist das ich die letzten bestellten Sachen jetzt woanders suchen muss",Weghat,27.11.2,2026-07-03T04:07:58Z,False,itunes_rss_mostRecent,False,False
2bfd1eb1bd9a41d3d102f22cd879f3b37ffa5e35a10c8f27f3c0d7479c1e4e3d,14255174529,348712880,Amazon,de,1,App stürzt andauern ab,"Die App stürzt seit geraumer Zeit andauernd ab. Sobald man mal 5-10 Minuten in der App ist, fängt es an zu ruckeln, Artikel Bilder werden nicht komplett geladen und die App stürzt ab.
So kenne ich Amazon ganz und gar nicht.
Ich nutze ein iPhone 16 Plus - am Handy kann es also nicht liegen. Maximal ist iOS dran schuld, was mich seit einigen Jahren auch nicht wundern würde.","Die App stürzt seit geraumer Zeit andauernd ab. Sobald man mal 5-10 Minuten in der App ist, fängt es an zu ruckeln, Artikel Bilder werden nicht komplett geladen und die App stürzt ab.
So kenne ich Amazon ganz und gar nicht. 
Ich nutze ein iPhone 16 Plus - am Handy kann es also nicht liegen. Maximal ist iOS dran schuld, was mich seit einigen Jahren auch nicht wundern würde.",Kaan9427,27.11.2,2026-07-02T20:24:54Z,False,itunes_rss_mostRecent,False,False
7dea90164ab0739868db48ef413e5235ca3f4351f606681d4a613d9127d60fa6,14255002936,348712880,Amazon,de,4,N26,Ich finde es blöd das es keine Möglichkeit gibt die N26 Bank auszuwählen,Ich finde es blöd das es keine Möglichkeit gibt die N26 Bank auszuwählen,Al3xpro22,27.11.2,2026-07-02T19:27:56Z,False,itunes_rss_mostRecent,False,False
cc578f767c1630b502b1f783d3a67f2bf6e288483020e8f8a25001b14ff3f809,14254987664,348712880,Amazon,de,1,Ständige Stornierung,Diese App geht nicht,Diese App geht nicht,Nasibosi,27.11.2,2026-07-02T19:23:00Z,False,itunes_rss_mostRecent,False,False
9f13583274cb13e21092f65bc647189da86871c334ca73c1bc9e67f2a8123cf3,14254518539,348712880,Amazon,de,2,Wichtige Feature fehlen,"Rechnungen oder andere PDF Dateien lassen sich bis heute nicht über ""Teilen"" oder speichern unter auf dem mobilen Gerät (ipad und iphone) herunterladen und im zentralen File App abspeichern","Rechnungen oder andere PDF Dateien lassen sich bis heute nicht über ""Teilen"" oder speichern unter auf dem mobilen Gerät (ipad und iphone) herunterladen und im zentralen File App abspeichern",ASCDE,27.11.2,2026-07-02T16:59:10Z,False,itunes_rss_mostRecent,False,False
e4e1e69c444b58777a535c8075949c4967200973f23793206dd3b12fdeb95ee6,14254447785,348712880,Amazon,de,1,"War mal top, aber jetzt…","Früher konnte man leicht kontaktieren, der Bot konnte was. Der ist jetzt absichtlich verdummt und man dreht sich im Kreis. Da hat sich Amazon was von DHL angeschaut. Sich systematisch abschotten und den Kunden im Stich lassen. Trifft natürlich auch auf die Webseite zu. Online Kauf im Verbund Amazon und DHL lässt mich jetzt vom Onlinekauf bei Amazon wegkommen. Temu hat einen guten Bot, Amazon will wissentlich nichts Funktionierendes","Früher konnte man leicht kontaktieren, der Bot konnte was. Der ist jetzt absichtlich verdummt und man dreht sich im Kreis. Da hat sich Amazon was von DHL angeschaut. Sich systematisch abschotten und den Kunden im Stich lassen. Trifft natürlich auch auf die Webseite zu. Online Kauf im Verbund Amazon und DHL lässt mich jetzt vom Onlinekauf bei Amazon wegkommen. Temu hat einen guten Bot, Amazon will wissentlich nichts Funktionierendes",Trialer67,27.11.2,2026-07-02T16:39:00Z,False,itunes_rss_mostRecent,False,False
c3f7e8ba1c5473ede1d46237b7f44ce7801953c3174292f09ff0d16be218d707,14253717501,348712880,Amazon,de,5,Es gibt hier fast alles,"Ich bin körperlich leider eingeschränkt und finde hier alles was man so braucht oder auch nicht
Ohne das Haus zu verlassen","Ich bin körperlich leider eingeschränkt und finde hier alles was man so braucht oder auch nicht
Ohne das Haus zu verlassen",Voschelino,27.11.2,2026-07-02T13:22:59Z,False,itunes_rss_mostRecent,False,False
d8da3c4ca8f61898ffb53534b9eb7f5cb4ad17d6fef7a29968a59189fce299bc,14253036419,348712880,Amazon,de,3,"Gute App, aber Versprechen werden nicht eingehalten und unpraktische Bedienung","Die Amazon App ist grundsätzlich übersichtlich und das Einkaufen funktioniert problemlos. Allerdings gibt es einige deutliche Schwächen, die den Gesamteindruck verschlechtern.

Zum einen wird mit Lieferando-Vorteilen für Prime-Mitglieder geworben, die in der Praxis bei mir nicht funktionieren. Es erscheint immer wieder ein Fehler, sodass die Vorteile nicht nutzbar sind. Das wirkt irreführend und sollte dringend behoben werden.

Zum anderen ist es unpraktisch gelöst, dass man gekaufte Produkte nicht einfach erneut öffnen kann, wenn man eine Rezension schreiben möchte. Man muss den Artikel oft umständlich wieder suchen, statt ihn direkt über die Bestellübersicht anzuklicken und aufzurufen.

Fazit: Solide App für den Einkauf, aber bei Zusatzfunktionen und Benutzerfreundlichkeit gibt es noch deutlichen Verbesserungsbedarf.","Die Amazon App ist grundsätzlich übersichtlich und das Einkaufen funktioniert problemlos. Allerdings gibt es einige deutliche Schwächen, die den Gesamteindruck verschlechtern.

Zum einen wird mit Lieferando-Vorteilen für Prime-Mitglieder geworben, die in der Praxis bei mir nicht funktionieren. Es erscheint immer wieder ein Fehler, sodass die Vorteile nicht nutzbar sind. Das wirkt irreführend und sollte dringend behoben werden.

Zum anderen ist es unpraktisch gelöst, dass man gekaufte Produkte nicht einfach erneut öffnen kann, wenn man eine Rezension schreiben möchte. Man muss den Artikel oft umständlich wieder suchen, statt ihn direkt über die Bestellübersicht anzuklicken und aufzurufen.

Fazit: Solide App für den Einkauf, aber bei Zusatzfunktionen und Benutzerfreundlichkeit gibt es noch deutlichen Verbesserungsbedarf.",Nafets M,27.11.2,2026-07-02T09:47:12Z,False,itunes_rss_mostRecent,False,False
84d2cedb4eff36d2ccf6741346ee4c35616eace8b01731b8d1baefb520d1bf6d,14252676970,348712880,Amazon,de,3,"Abstürze,Hänger iPad,Samsung Android","Nach einer Weile kommt es beim Einkaufsmenü „Einkaufskorb“ zu komplett Einfrieren des Bildschirms oder Abstürzen der ganzen App.
Es funktioniert anstandslos im Web (Crome). Betroffen ist Android und MacOS","Nach einer Weile kommt es beim Einkaufsmenü „Einkaufskorb“ zu komplett Einfrieren des Bildschirms oder Abstürzen der ganzen App.
Es funktioniert anstandslos im Web (Crome). Betroffen ist Android und MacOS",x4via63,27.11.2,2026-07-02T07:23:56Z,False,itunes_rss_mostRecent,False,False
86a504b18183d20b8c2cf9ea48dd3ef5aaf484c5649fa8b81b9fb4fd7115b176,14251075359,348712880,Amazon,de,1,Проблемы с доставкой,"казался имбой но почему то теперь мне приходится возвращать деньги через каждую посылку , то просто не приедет то нето кароч фигня какая-то а не доставка, а так магаз норм но цены на доставку дорого","казался имбой но почему то теперь мне приходится возвращать деньги через каждую посылку , то просто не приедет то нето кароч фигня какая-то а не доставка, а так магаз норм но цены на доставку дорого",Перпидатор,27.11.2,2026-07-01T21:16:27Z,False,itunes_rss_mostRecent,False,False
1ef75708f3adbff72f20fab91bc57b15e4fa6efa60b9ad4c17ac39c5fdee2716,14250012963,348712880,Amazon,de,4,Amazon KI,"Hi,
Ich finde diese App im großen und Ganzen toll aber was mich stört ist die Amazon AI ich möchte etwas bestellen und sie sagt das ich es schon bestellt habe aber ich hab’s nicht mal bestellt!
Und wenn man seine Alexa fragt ob sie diesen Gegenstand bestellen soll sagt sie: leider kann ich keine Verbindung mit dem Server herstellen!
Ich finde die Alexa gut.
Aber Apple bekommt das viel besser mit ihren Home Pod besser hin als ihr ich habe jetzt mal die ki rausgenommen.
Ich kann mit meinem Home pod gleich bei Amazon einkaufen und es wird nicht gesagt das sie keine Verbindung mit dem Server herstellen kann.
Und dann ist die Ki nicht so schlau wie sie mal war ich weiß ihr wart mal die besten mit eurer KI.
Aber jetzt!!! Es soll was sich tun!!!

ICZ WILL NICHT DAS DIE CHINESEN BESSER WERDEN!!!!!!!!!
IHR MÜST HANDELN!!!!!!
IHR WIST DOCH DAS IHR JEDES JAHR MILLION VERLUST MACHT !!!!!!!!

Apple bekommt das besser hin!
Bitte Like","Hi,
Ich finde diese App im großen und Ganzen toll aber was mich stört ist die Amazon AI ich möchte etwas bestellen und sie sagt das ich es schon bestellt habe aber ich hab’s nicht mal bestellt!
Und wenn man seine Alexa fragt ob sie diesen Gegenstand bestellen soll sagt sie: leider kann ich keine Verbindung mit dem Server herstellen!
Ich finde die Alexa gut.
Aber Apple bekommt das viel besser mit ihren Home Pod besser hin als ihr ich habe jetzt mal die ki rausgenommen.
Ich kann mit meinem Home pod gleich bei Amazon einkaufen und es wird nicht gesagt das sie keine Verbindung mit dem Server herstellen kann.
Und dann ist die Ki nicht so schlau wie sie mal war ich weiß ihr wart mal die besten mit eurer KI.
Aber jetzt!!! Es soll was sich tun!!! 

ICZ WILL NICHT DAS DIE CHINESEN BESSER WERDEN!!!!!!!!!
IHR MÜST HANDELN!!!!!!
IHR WIST DOCH DAS IHR JEDES JAHR MILLION VERLUST MACHT !!!!!!!! 

Apple bekommt das besser hin!
Bitte Like",Apple ist besser als Samsung!,27.11.2,2026-07-01T15:48:03Z,False,itunes_rss_mostRecent,False,False
be0b7867cb8c9b25895debf3446ddbe559048d4b6da7778ec41fa699c1531ecb,14249778969,348712880,Amazon,de,1,Kundenservice,"Schlechter Kundenservice reagieren weder auf Emails, live Chat geht nicht. Probleme die seit 1,5 Jahren bestehen werden nicht behoben weil keine Rückmeldung kommt. Kann Amazon seit 4 Jahren nicht nutzen","Schlechter Kundenservice reagieren weder auf Emails, live Chat geht nicht. Probleme die seit 1,5 Jahren bestehen werden nicht behoben weil keine Rückmeldung kommt. Kann Amazon seit 4 Jahren nicht nutzen",.carina.,27.11.2,2026-07-01T14:45:41Z,False,itunes_rss_mostRecent,False,False
f4198657604bea598bdbcb54e3498f86601af8b55f770eea08fe816eb47fd8c3,14249287500,348712880,Amazon,de,1,App is too stupid to recognize billig information,Meanwhile Amazon billing the normal account as usual cause money does not stink,Meanwhile Amazon billing the normal account as usual cause money does not stink,Enz195,27.11.2,2026-07-01T12:31:14Z,False,itunes_rss_mostRecent,False,False
5ce81f8b6a800745deec2a20a257a509cf15f7d0c1f73b7e2c4c550ec73dd7ca,14248580325,348712880,Amazon,de,1,Broken Authentication Recovery Flow,Oder auch noch „cognitive load overload“ bis zu „dark pattern adjacency“ mit WhatsApp. Wer zur Hölle baut so ein Nebel? Das ist nur mit GPT oder Claude oder chinesischen Modellen zu lösen. Und sicher nicht mit Alexa,Oder auch noch „cognitive load overload“ bis zu „dark pattern adjacency“ mit WhatsApp. Wer zur Hölle baut so ein Nebel? Das ist nur mit GPT oder Claude oder chinesischen Modellen zu lösen. Und sicher nicht mit Alexa,Ursl99,27.11.2,2026-07-01T08:26:55Z,False,itunes_rss_mostRecent,False,False
6b6dfdd0408243daf72f948e2eaca8b9eebb047a1a1f49ef52c53b6d4489f6dd,14248496024,348712880,Amazon,de,1,Verschlimmbessert,Seit dem letzten Update nur noch sehr „sperrig“ zu verwenden. Wie kann man nur…?! Wie kann man eine App nur so verhunzen? Nichts findet man mehr so ohne Weiteres. Sparabo usw. …,Seit dem letzten Update nur noch sehr „sperrig“ zu verwenden. Wie kann man nur…?! Wie kann man eine App nur so verhunzen? Nichts findet man mehr so ohne Weiteres. Sparabo usw. …,Montagro,27.11.2,2026-07-01T07:53:29Z,False,itunes_rss_mostRecent,False,False
417f5057dd70ea21795528e93358fc3f47e1fcba94a2d7ac3c6e5ec948ef0010,14247397203,348712880,Amazon,de,1,Angeblicher Lieferengpass trotz verfügbarer Ware,"Ich habe am 18.06.2026 mehrere Artikel für 1 Cent bestellt und diese Bestellungen wurden vom Verkäufer angeblich wegen Lieferengpässen storniert. Die Artikel waren zu dem Zeitpunkt, wo der Verkäufer mir geschrieben hat, in allen Größen zu einem deutlich höheren Preis verfügbar.","Ich habe am 18.06.2026 mehrere Artikel für 1 Cent bestellt und diese Bestellungen wurden vom Verkäufer angeblich wegen Lieferengpässen storniert. Die Artikel waren zu dem Zeitpunkt, wo der Verkäufer mir geschrieben hat, in allen Größen zu einem deutlich höheren Preis verfügbar.",B.K29,27.11.2,2026-07-01T01:04:00Z,False,itunes_rss_mostRecent,False,False
ea08ac857409a4e1f19621d88c1ff7584ca26a8eec31253f2081cf1f1c6ba73e,14246355024,348712880,Amazon,de,2,Monatsabrechnung,"Die app ist grundsätzlich nicht schlecht.
Ärgerlich ist seit kurzem die Liste der Monatsabrechnung.
Sie ist sehr unübersichtlich was die Artikel die ich bestellt habe angeht.
Es ist nur die Bestellnummer und der Preis ersichtlich,
Ich muss jede Bestellnummer öffnen um zu sehen um welchen Artikel es sich
handelt. bei mehreren Bestellungen im Monat ist das sehr zeitaufwendig.","Die app ist grundsätzlich nicht schlecht.
Ärgerlich ist seit kurzem die Liste der Monatsabrechnung.
Sie ist sehr unübersichtlich was die Artikel die ich bestellt habe angeht.
Es ist nur die Bestellnummer und der Preis ersichtlich,
Ich muss jede Bestellnummer öffnen um zu sehen um welchen Artikel es sich
handelt. bei mehreren Bestellungen im Monat ist das sehr zeitaufwendig.",cäsar 08,27.11.2,2026-06-30T19:03:40Z,False,itunes_rss_mostRecent,False,False
19cae0df4c21ca91dfdf6a9d8219e0bf1ae684135e0d2072ab586ae09fafd5c8,14246342546,348712880,Amazon,de,5,App freeze,"iPhone 16 pro Max, iOS 26.5, App freeze und schaltet sich aus nach maximale 20 Minuten scrollen und das Handy ist extrem heiß.","iPhone 16 pro Max, iOS 26.5, App freeze und schaltet sich aus nach maximale 20 Minuten scrollen und das Handy ist extrem heiß.",Buble8991,27.11.2,2026-06-30T18:59:56Z,False,itunes_rss_mostRecent,False,False
a416f940460bfcdc1b6e0418bcef4d345e7df9ab21608975dc139650fcb73635,14244104918,348712880,Amazon,de,1,Eigentlich eine Frechheit!,"Schade dass man die App nur zum nutzen von Amazon verwenden kann, und nicht wirklich seine Abo‘s verwalten kann!
Eigentlich eine Frechheit!","Schade dass man die App nur zum nutzen von Amazon verwenden kann, und nicht wirklich seine Abo‘s verwalten kann!
Eigentlich eine Frechheit!",Semdra,27.11.2,2026-06-30T07:49:33Z,False,itunes_rss_mostRecent,False,False
688d47388cf59a28dc8f957b7ab5ce4b5366dbd030f02c8256631a221ccac461,14243827849,348712880,Amazon,de,1,Kaufen vs. Service,"Kaufen geht mit einem Klick, aber wenn ich beispielsweise mein Audible Abo kündigen möchte muss ich ewig in irgendwelchen Untermenüs suchen","Kaufen geht mit einem Klick, aber wenn ich beispielsweise mein Audible Abo kündigen möchte muss ich ewig in irgendwelchen Untermenüs suchen",TausBo,27.11.2,2026-06-30T05:52:58Z,False,itunes_rss_mostRecent,False,False
b96f9215dfebc8ab3a49f5bc3a2388a434c2fbcc9e1dcfe63a4ba3fb37a03c64,14243811473,348712880,Amazon,de,1,Smartphone wird heiß und….,"…der Stromverbrauch schnellt in die Höhe.
Das ist nicht gut!","…der Stromverbrauch schnellt in die Höhe.
Das ist nicht gut!",rohdjdbyvdje,27.11.2,2026-06-30T05:46:10Z,False,itunes_rss_mostRecent,False,False
b1f382b3a6714b5b5820378db29cf9b307318f2b05ad971c61fb5b42a939df44,14242289909,348712880,Amazon,de,1,Einfach nur noch fassungslos!,"Bestellte Pakete werden von die Zusteller einfach auf d öffentliche Strasse lieblos hingeschmissen, obwohl man zuhause ist. Das Paket ist weg und mein Geld auch! Amazon verlangt das man bei die Polizei eine Anzeige macht, wegen die verlorene Pakete. Ich soll damit Ärger haben, das die Zusteller nicht in der Lage sind ordnungsgemäß die Pakete wie bei DHL zuzustellen!?? Für mich ist es ein NO GO!  Ich bin seit ca. 20 Jahren Kunden bei Amazon, aber solchen Unverschämtheit habe ich noch nie erlebt!","Bestellte Pakete werden von die Zusteller einfach auf d öffentliche Strasse lieblos hingeschmissen, obwohl man zuhause ist. Das Paket ist weg und mein Geld auch! Amazon verlangt das man bei die Polizei eine Anzeige macht, wegen die verlorene Pakete. Ich soll damit Ärger haben, das die Zusteller nicht in der Lage sind ordnungsgemäß die Pakete wie bei DHL zuzustellen!?? Für mich ist es ein NO GO!  Ich bin seit ca. 20 Jahren Kunden bei Amazon, aber solchen Unverschämtheit habe ich noch nie erlebt!",Mikkrkrk,27.11.2,2026-06-29T20:07:08Z,False,itunes_rss_mostRecent,False,False
5198bc07a1a10e87448c2f4f11531612f435c6f4490d05757162f59ab274dc9d,14242218943,348712880,Amazon,de,1,Schlecht,Ich weiß nicht was los ist aber ist der letzte Dreck geworden.,Ich weiß nicht was los ist aber ist der letzte Dreck geworden.,Fokfkrkkrkrk,27.11.2,2026-06-29T19:43:22Z,False,itunes_rss_mostRecent,False,False
5960bb446dad4f4f1435a46c1540e6870466612685b87de06a8905eb5f1a7dda,14241832699,348712880,Amazon,de,1,Enttäuschender Service auf ganzer Linie,"Ich nutze Amazon erst seit ca. 2-3 Monaten und bin leider schon mehrfach enttäuscht worden. Pakete kommen verspätet an oder werden nicht einmal am angekündigten Tag verschickt. Dadurch kann man sich auf die angegebenen Liefertermine kaum verlassen.

Besonders ärgerlich ist die Zustellung. Obwohl ich nachweislich zu Hause war, wurde mehrfach angegeben, dass niemand angetroffen wurde. Es hat jedoch weder jemand geklingelt noch wurde ein echter Zustellversuch unternommen. Stattdessen musste ich meine Bestellung in einer Packstation oder einem Paketshop abholen.

Noch frustrierender ist allerdings der Kundenservice. Es ist unnötig kompliziert, überhaupt einen Ansprechpartner zu erreichen. Statt einer einfachen Möglichkeit, sein Problem zu schildern, wird man durch verschiedene Menüs und automatisierte Antworten geleitet. Selbst wenn man schließlich Kontakt aufnimmt, erhält man oft nur Standardantworten, ohne dass das eigentliche Problem wirklich gelöst wird. Als Kunde fühlt man sich damit eher abgefertigt als unterstützt.

Für ein Unternehmen dieser Größe hätte ich deutlich mehr Zuverlässigkeit und einen besseren Service erwartet.","Ich nutze Amazon erst seit ca. 2-3 Monaten und bin leider schon mehrfach enttäuscht worden. Pakete kommen verspätet an oder werden nicht einmal am angekündigten Tag verschickt. Dadurch kann man sich auf die angegebenen Liefertermine kaum verlassen.

Besonders ärgerlich ist die Zustellung. Obwohl ich nachweislich zu Hause war, wurde mehrfach angegeben, dass niemand angetroffen wurde. Es hat jedoch weder jemand geklingelt noch wurde ein echter Zustellversuch unternommen. Stattdessen musste ich meine Bestellung in einer Packstation oder einem Paketshop abholen.

Noch frustrierender ist allerdings der Kundenservice. Es ist unnötig kompliziert, überhaupt einen Ansprechpartner zu erreichen. Statt einer einfachen Möglichkeit, sein Problem zu schildern, wird man durch verschiedene Menüs und automatisierte Antworten geleitet. Selbst wenn man schließlich Kontakt aufnimmt, erhält man oft nur Standardantworten, ohne dass das eigentliche Problem wirklich gelöst wird. Als Kunde fühlt man sich damit eher abgefertigt als unterstützt.

Für ein Unternehmen dieser Größe hätte ich deutlich mehr Zuverlässigkeit und einen besseren Service erwartet.",D3nn1s-,27.11.2,2026-06-29T17:40:37Z,False,itunes_rss_mostRecent,False,False
fb2638d8655b9dd3734d73a9d361b76f392052ef2bda6b81795d9c5e6ffb19d0,14235932210,348712880,Amazon,de,4,Gute App aber eine Sache wäre Deluxe,"Die App ist super aufgebaut und alles läuft reibungslos.
Einen Riesen Wunsch hätte ich aber und vielleicht auch viele andere User.

Bei der Bestellung schon anzeigen, welcher Lieferant die Ware liefert.
Denn DPD ist einfach nur eine Zumutung und ich würde Produkt lieber nicht bestellen, sofern der Lieferant DPD ist.
Ware kommt nie pünktlich oder wird einfach nicht geliefert. So muss das Paket selbst irgendwo abholen.","Die App ist super aufgebaut und alles läuft reibungslos.
Einen Riesen Wunsch hätte ich aber und vielleicht auch viele andere User.

Bei der Bestellung schon anzeigen, welcher Lieferant die Ware liefert. 
Denn DPD ist einfach nur eine Zumutung und ich würde Produkt lieber nicht bestellen, sofern der Lieferant DPD ist.
Ware kommt nie pünktlich oder wird einfach nicht geliefert. So muss das Paket selbst irgendwo abholen.",Himschte,27.11.2,2026-06-28T07:53:31Z,False,itunes_rss_mostRecent,False,False
2aa2bbbbe102bb62536b8c5ce249715dd830fe641ec3baa0f5279099add67372,14235846837,348712880,Amazon,de,1,👎,"Die App stürzt ständig ab.
iPhone 17 pro Max wird bei benutzen der App, nach kurzer zeit heiß, gar nicht gut!","Die App stürzt ständig ab. 
iPhone 17 pro Max wird bei benutzen der App, nach kurzer zeit heiß, gar nicht gut!",Spio78,27.11.2,2026-06-28T07:19:46Z,False,itunes_rss_mostRecent,False,False
1c20a99e4340a7ad9babe07d2673914935fe618a90bcbe186449651b8be1bf2e,14233950466,348712880,Amazon,de,1,Datenkrake,"Was soll das? Seit fast 23 Jahren bin ich Kunde und soll mich jetzt mit meinen Ausweisdaten für ü18 verifizieren. Geht’s noch!? Wird Zeit nur noch die nationalen Onlineshops zu unterstützen.
Außerdem gibt es meist nur noch Chinaschrott zu günstigen Preisen und das in Mengen, nichts vernünftiges mehr zu finden, schlimmer als ebay. Suchen und finden ist die Höhle bei den schlechten Produktbeschreibungen. Und falls die Beschreibung einigermaßen passt, kommt meist auch etwas anderes an. Selbst wenn man zweimal das Gleiche bestellt, ist das noch lange nicht identisch. Die Rezession sind völlig unzuverlässig, entweder gekauft oder auch für ganz andere Artikel. Ehrlich gesagt sind spezialisierte Onlineshops (ist natürlich aufwendiger) oder auch ebay (kommt auf den Artikel an) inzwischen besser.
Und auch die Lieferzeiten mit Prime (dafür zahlt man noch extra) sind schlecht geworden, inzwischen ist ja jeder Minishop schneller.
Und bei Amazon selbst lässt sich Lieferung, Verpackung und Service schon seit Jahren nicht mehr bewerten, warum wohl!? Und dann die vielen Phantasierabatte zum Prime-Day, da fühlt man sich irgendwie …!
Na ja, wie vieles, eben stark nachlassend!","Was soll das? Seit fast 23 Jahren bin ich Kunde und soll mich jetzt mit meinen Ausweisdaten für ü18 verifizieren. Geht’s noch!? Wird Zeit nur noch die nationalen Onlineshops zu unterstützen.
Außerdem gibt es meist nur noch Chinaschrott zu günstigen Preisen und das in Mengen, nichts vernünftiges mehr zu finden, schlimmer als ebay. Suchen und finden ist die Höhle bei den schlechten Produktbeschreibungen. Und falls die Beschreibung einigermaßen passt, kommt meist auch etwas anderes an. Selbst wenn man zweimal das Gleiche bestellt, ist das noch lange nicht identisch. Die Rezession sind völlig unzuverlässig, entweder gekauft oder auch für ganz andere Artikel. Ehrlich gesagt sind spezialisierte Onlineshops (ist natürlich aufwendiger) oder auch ebay (kommt auf den Artikel an) inzwischen besser.
Und auch die Lieferzeiten mit Prime (dafür zahlt man noch extra) sind schlecht geworden, inzwischen ist ja jeder Minishop schneller.
Und bei Amazon selbst lässt sich Lieferung, Verpackung und Service schon seit Jahren nicht mehr bewerten, warum wohl!? Und dann die vielen Phantasierabatte zum Prime-Day, da fühlt man sich irgendwie …!
Na ja, wie vieles, eben stark nachlassend!",Verirrnix,27.11.2,2026-06-27T19:15:22Z,False,itunes_rss_mostRecent,False,False
9e8ddfb890b67fa6bcf9ba3f10e642c99f440cd9f59bea7a4f5b16eb2fc5af1d,14233773016,348712880,Amazon,de,2,Ohne Worte,Hab Amazon seit Jahren nie ne Rechnung verpasst kann trotzdem keine monatsabrechnung machen danke für nichts. Habs heute mal probiert wieder Jupp Konto wurde gesichert email darüber kam später hab erstmal verzweifelt den Support gesucht. Jetzt ist meine Bankverbindung entfernt Aber wenigstens seh ich meine stornierten Bestellungen wieder achja bei Otto geht monatsabrechnung seit Anfang an… ein Tag später festgestellt das meine fire tv sticks auch eingeschränkt wurden danke dafür mit email und Telefon Nummer bestätigen dann gezwungenermaßen Passwort ändern um email zu erhalten das nach meiner Anfrage das Passwort zurücksetzen erfolgreich war???,Hab Amazon seit Jahren nie ne Rechnung verpasst kann trotzdem keine monatsabrechnung machen danke für nichts. Habs heute mal probiert wieder Jupp Konto wurde gesichert email darüber kam später hab erstmal verzweifelt den Support gesucht. Jetzt ist meine Bankverbindung entfernt Aber wenigstens seh ich meine stornierten Bestellungen wieder achja bei Otto geht monatsabrechnung seit Anfang an… ein Tag später festgestellt das meine fire tv sticks auch eingeschränkt wurden danke dafür mit email und Telefon Nummer bestätigen dann gezwungenermaßen Passwort ändern um email zu erhalten das nach meiner Anfrage das Passwort zurücksetzen erfolgreich war???,tauline7,27.11.2,2026-06-27T18:15:33Z,False,itunes_rss_mostRecent,False,False
0f4e301c333faa5dccd3f34a486a1c30b4d74ee19b12448c77304bee912674b8,14232647330,348712880,Amazon,de,1,Catastrophic,Once your account is suspendet you have no chance to get any kind of usefull support.,Once your account is suspendet you have no chance to get any kind of usefull support.,mnkljöäüpiiuzttttwwadfvvhfyxch,27.11.2,2026-06-27T12:43:30Z,False,itunes_rss_mostRecent,False,False
931666bf2d5a7d57a48dd4af4f514836d026fbd0daf172a682a202d3c6a87fa7,14232185379,348712880,Amazon,de,1,Abgründiger Verein,"Nicht einen Tag gute Erfahrungen mit dem Laden hier gemacht. Mitarbeiter die kein deutsch sprechen werden eingestellt. Pakete werden an Nachbarn übergeben ohne Benachrichtigungen. Mitarbeiter am Callcenter legen auf, wenn die gestresst sind und noch viel mehr.","Nicht einen Tag gute Erfahrungen mit dem Laden hier gemacht. Mitarbeiter die kein deutsch sprechen werden eingestellt. Pakete werden an Nachbarn übergeben ohne Benachrichtigungen. Mitarbeiter am Callcenter legen auf, wenn die gestresst sind und noch viel mehr.",Ananin.a,27.11.2,2026-06-27T10:03:19Z,False,itunes_rss_mostRecent,False,False
e8e18d7531da5291b2367542649eb1316908e71fa7eea760c292541965366841,14230389997,348712880,Amazon,de,1,Scam about €10 purchase discount,There is promotion on amazon.com about first time purchase through app. I tried and it doesn't work out. It seems that this discount is designed in such a way that it wouldn't be valid anymore if the users didn't meticulously follow every step.,There is promotion on amazon.com about first time purchase through app. I tried and it doesn't work out. It seems that this discount is designed in such a way that it wouldn't be valid anymore if the users didn't meticulously follow every step.,Scam on discount,27.11.2,2026-06-26T22:35:52Z,False,itunes_rss_mostRecent,False,False
fa7484279f9636cdc4edf1b701647bb5e4c7e133a0768f8cda7c100bcc0395ba,14230008601,348712880,Amazon,de,1,Schlechter Kundenservice,Da braucht man einmal Hilfe schildert im Chat sein Problem bekommt genau eine Antwort „liegt bestimmt am iPhone“ keine Reaktion auf nachfragen keinerlei Hilfe Stellung nichts Danke für nichts,Da braucht man einmal Hilfe schildert im Chat sein Problem bekommt genau eine Antwort „liegt bestimmt am iPhone“ keine Reaktion auf nachfragen keinerlei Hilfe Stellung nichts Danke für nichts,g BBC viv,27.11.2,2026-06-26T20:14:03Z,False,itunes_rss_mostRecent,False,False
ef6245c487bb9a327126913ebc713b47af158e67396b26b7defaefd79e327c2f,14228973576,348712880,Amazon,de,1,Schwierige Kommunikation,"Einen Mitarbeiter zu erreichen durch Ki Assistent ist sehr schwierig auch für Prime Kunden, KI versteht nicht und man kann auch keinen Text schreiben.","Einen Mitarbeiter zu erreichen durch Ki Assistent ist sehr schwierig auch für Prime Kunden, KI versteht nicht und man kann auch keinen Text schreiben.",a.hoss1212#,27.11.2,2026-06-26T14:56:10Z,False,itunes_rss_mostRecent,False,False
6892918616e2ad81cfe5737800e141fb7ad6e9cb5a555c85edf704f178a58775,14228891055,348712880,Amazon,de,1,Inkompetenz,"Schlechtester Kunden Service
Muss seit einer Woche auf ein Parker warten mit Prime Bestellung und es verspätest sich noch mal um eine Woche.
Dann wird es nicht mehr benötigt","Schlechtester Kunden Service 
Muss seit einer Woche auf ein Parker warten mit Prime Bestellung und es verspätest sich noch mal um eine Woche. 
Dann wird es nicht mehr benötigt",Banane96,27.11.2,2026-06-26T14:33:55Z,False,itunes_rss_mostRecent,False,False
d11e35639811c234858c198464efd8dd5fd5d0c0e84e4167f9cfcc5cd3f382bf,14227893135,348712880,Amazon,de,3,Filter in der Suche,"wenn man Filter setzt hat das meistens einen guten Grund,
Warum wird das in der App nicht entsprechend sortiert?  Wenn ich eine Sitzbank in 180 suche brauche ich keine in 120!","wenn man Filter setzt hat das meistens einen guten Grund,
Warum wird das in der App nicht entsprechend sortiert?  Wenn ich eine Sitzbank in 180 suche brauche ich keine in 120!",Bigburtso,27.11.2,2026-06-26T09:23:00Z,False,itunes_rss_mostRecent,False,False
76cde10c5d16655d5fc15314cf267ed8b15d6f969e6d65fb1f2e2c1fcf562691,14227561347,348712880,Amazon,de,2,Probleme nein danke?!,"Beim Bestellen gibt es soweit keine Probleme, das funktioniert zügig. Bei der Bestellung wurde bereits eine neue Zahlungsart angegeben. Trotzdem wurde versucht vom alten Konto einzuziehen, warum das alles, wenn man bereits alles eingegeben hat. Auch mit einer vorsorglich Guthabenbuchung wurde ignoriert. Einen Service od. Support zu erreichen, war so gut wie nicht möglich. Durch die Menüführung wurde man schön in Kreis geführt, der letztendlich nicht zum Erfolg führte, da erneut gefordert wurde, obwohl ausreichend Guthaben präventiv eingezahlt wurde!","Beim Bestellen gibt es soweit keine Probleme, das funktioniert zügig. Bei der Bestellung wurde bereits eine neue Zahlungsart angegeben. Trotzdem wurde versucht vom alten Konto einzuziehen, warum das alles, wenn man bereits alles eingegeben hat. Auch mit einer vorsorglich Guthabenbuchung wurde ignoriert. Einen Service od. Support zu erreichen, war so gut wie nicht möglich. Durch die Menüführung wurde man schön in Kreis geführt, der letztendlich nicht zum Erfolg führte, da erneut gefordert wurde, obwohl ausreichend Guthaben präventiv eingezahlt wurde!",WDietmar,27.11.2,2026-06-26T07:02:28Z,False,itunes_rss_mostRecent,False,False
c44cece79fd6e361b162422b0845438a5099000dfcc35a0662b87120fb93c275,14226056606,348712880,Amazon,de,1,"Ich bekomme alle e-Mails auf Englisch für Sprache, obwohl ich alles auf Deutsch umgestellt habe","Ich bekomme alle E-Mails auf Englisch. Das ist nicht toll. Ich möchte alles auf Deutsch bitte erhalten. Ich habe auch alle Einstellungen auf Deutsch geändert und war auch von Anfang an so angemeldet. Das ist echt schade, dass alles auf Englisch kommt. Ich würde gern alles auf Deutsch erhalten wollen auf meine E-Mail-Adresse.","Ich bekomme alle E-Mails auf Englisch. Das ist nicht toll. Ich möchte alles auf Deutsch bitte erhalten. Ich habe auch alle Einstellungen auf Deutsch geändert und war auch von Anfang an so angemeldet. Das ist echt schade, dass alles auf Englisch kommt. Ich würde gern alles auf Deutsch erhalten wollen auf meine E-Mail-Adresse.",veysel545454,27.11.2,2026-06-25T20:59:00Z,False,itunes_rss_mostRecent,False,False
9cf77494e92a595f2f7e7fe0d6b1b0ab9dc12ba97db1779c366550bbcd14db2b,14226051199,348712880,Amazon,de,1,Vorsicht: iPhone überhitzt bei Nutzung der Amazon-App,"Mein iPhone wird bereits nach sehr kurzer Nutzung der Amazon-App extrem heiß, obwohl ich WLAN nutze und kein VPN aktiviert ist.

Dieses Verhalten ist auffällig und wirkt nicht normal. Für mich ist das ein ernstes Problem, da eine App ein Gerät nicht so stark erhitzen sollte.

Amazon sollte dieses Problem dringend prüfen und beheben.","Mein iPhone wird bereits nach sehr kurzer Nutzung der Amazon-App extrem heiß, obwohl ich WLAN nutze und kein VPN aktiviert ist.

Dieses Verhalten ist auffällig und wirkt nicht normal. Für mich ist das ein ernstes Problem, da eine App ein Gerät nicht so stark erhitzen sollte.

Amazon sollte dieses Problem dringend prüfen und beheben.",JustMe25 R,27.11.2,2026-06-25T20:57:00Z,False,itunes_rss_mostRecent,False,False
f256be197a38699fb918f39692697a9149f7cf6e9342605bb220212e587b0bbf,14225054861,348712880,Amazon,de,3,Bewertung,Eigentlich gut aber mein warenkorb wird immer gehlert,Eigentlich gut aber mein warenkorb wird immer gehlert,𝔼𝕚,27.11.2,2026-06-25T15:33:56Z,False,itunes_rss_mostRecent,False,False
5dcda11c330f2d007965518b5400071f48894df43309d4ef68ced7779cf3ec01,14224529228,348712880,Amazon,de,2,Werbung bis der Arzt kommt,"Leider wird das Shopping-Vergnügen inzwischen massiv beeinträchtigt. Statt schnell die gesuchten Produkte zu finden, verbringt man gefühlt mehr Zeit damit, sich durch Werbung und gesponserte Angebote zu klicken.

Hinzu kommt, dass Rezensionen oft gar nicht mehr zu den jeweiligen Produkten passen. Das wirkt schlecht automatisiert und wenig vertrauenswürdig. Auch das frühere Versprechen einer Lieferung innerhalb von 24 Stunden für Prime-Kunden vermisse ich mittlerweile sehr.

Wenn eine Prime Week veranstaltet wird, frage ich mich außerdem, warum das Auswirkungen auf die Lieferzeiten anderer Bestellungen haben muss. Sorry, aber das fühlt sich inzwischen nur noch nach Profitgier an.","Leider wird das Shopping-Vergnügen inzwischen massiv beeinträchtigt. Statt schnell die gesuchten Produkte zu finden, verbringt man gefühlt mehr Zeit damit, sich durch Werbung und gesponserte Angebote zu klicken.

Hinzu kommt, dass Rezensionen oft gar nicht mehr zu den jeweiligen Produkten passen. Das wirkt schlecht automatisiert und wenig vertrauenswürdig. Auch das frühere Versprechen einer Lieferung innerhalb von 24 Stunden für Prime-Kunden vermisse ich mittlerweile sehr.

Wenn eine Prime Week veranstaltet wird, frage ich mich außerdem, warum das Auswirkungen auf die Lieferzeiten anderer Bestellungen haben muss. Sorry, aber das fühlt sich inzwischen nur noch nach Profitgier an.",Qwrhhfi,27.11.2,2026-06-25T13:03:46Z,False,itunes_rss_mostRecent,False,False
97725b213a253ca8d1362290c4e7116bceb1668ddb4e8e0a8dc1772c7e5a1986,14223543218,348712880,Amazon,de,1,Unlogischer Aufbau,"Die App ist vielleicht in der Logik der Entwickler klar, für den Nutzer ist die Führung des Menüs aber wie ein Irrgarten!
Eigentlich gar kein Stern.","Die App ist vielleicht in der Logik der Entwickler klar, für den Nutzer ist die Führung des Menüs aber wie ein Irrgarten!
Eigentlich gar kein Stern.",MAX VON THUMBY,27.11.2,2026-06-25T06:50:32Z,False,itunes_rss_mostRecent,False,False
7506e12015a92a2a89666c8a8b6b5b9535abf0881d4d8157274144db6d3be9d4,14223435611,348712880,Amazon,de,2,"Zum Kaufen alles parat, aber Rechnungen findet man schwer",Um zu bestellen ist die App einigermaßen akzeptabel wenn auch die Ergebnisse der Suchanfragen oft sehr ungenau sind auch man sehr detailgenaue Angaben macht! Noch schlechter findet man jedoch seine Rechnungen! Alles sehr umständlich und ungenau!,Um zu bestellen ist die App einigermaßen akzeptabel wenn auch die Ergebnisse der Suchanfragen oft sehr ungenau sind auch man sehr detailgenaue Angaben macht! Noch schlechter findet man jedoch seine Rechnungen! Alles sehr umständlich und ungenau!,hohuecks,27.11.2,2026-06-25T06:02:08Z,False,itunes_rss_mostRecent,False,False
fde0f0c1a311f43c6acf96efd933cc8a2c87514ed580a86de2a673acc86b4773,14222611879,348712880,Amazon,de,1,Mein Mann,"Der schlechteste Kundenservice, den ich je erlebt habe. Mein Paket ist verloren gegangen und trotzdem wurde meine Rückerstattung storniert. Anstatt mir zu helfen, hat Amazon mir sogar einen Warnhinweis geschickt, als hätte ich etwas falsch gemacht. Ehrliche Kunden werden hier schlecht behandelt. Niemand übernimmt Verantwortung für das verlorene Paket. Das ist völlig inakzeptabel und sehr enttäuschend. Nach dieser Erfahrung werde ich mir gut überlegen, ob ich jemals wieder bei Amazon bestelle. Absolut keine Empfehlung.","Der schlechteste Kundenservice, den ich je erlebt habe. Mein Paket ist verloren gegangen und trotzdem wurde meine Rückerstattung storniert. Anstatt mir zu helfen, hat Amazon mir sogar einen Warnhinweis geschickt, als hätte ich etwas falsch gemacht. Ehrliche Kunden werden hier schlecht behandelt. Niemand übernimmt Verantwortung für das verlorene Paket. Das ist völlig inakzeptabel und sehr enttäuschend. Nach dieser Erfahrung werde ich mir gut überlegen, ob ich jemals wieder bei Amazon bestelle. Absolut keine Empfehlung.","Mein Mann 86324,,)",27.11.2,2026-06-25T00:28:37Z,False,itunes_rss_mostRecent,False,False
8db08745d540f480249a490301e0d4502db12dea48c3917356bb2fcce36919b7,14222207955,348712880,Amazon,de,3,App-Optimierung ist nicht gut,"Die App ist gut strukturiert aber mein iPhone wird viel zu schnell viel zu heiß. Amazon verbraucht mehr als Grafikaufwendige Spiele und mein Akku wurde erst vor einem Monat ausgetauscht, sprich 100% Batteriekapazität, also muss die App dringend optimiert werden.

Zudem kriegt die App durch die ganzen Updates immer wieder neue UI‘s die mit jedem Update verwirrender werden","Die App ist gut strukturiert aber mein iPhone wird viel zu schnell viel zu heiß. Amazon verbraucht mehr als Grafikaufwendige Spiele und mein Akku wurde erst vor einem Monat ausgetauscht, sprich 100% Batteriekapazität, also muss die App dringend optimiert werden. 

Zudem kriegt die App durch die ganzen Updates immer wieder neue UI‘s die mit jedem Update verwirrender werden",Apfelseft,27.11.2,2026-06-24T21:51:37Z,False,itunes_rss_mostRecent,False,False
7bbc23937b3fe609de5ec55d96796dd688e2adc343ba6db73327612b1caf0f23,14220257531,348712880,Amazon,de,1,0 stern am liebsten,"Seit Jahren versuche ich, über diese App Bestellungen aufzugeben, aber ständig werden sie ohne nachvollziehbaren Grund storniert. Das größte Problem: Man erhält keine klare Erklärung, warum die Bestellung abgelehnt oder storniert wurde.
Die App ist unnötig kompliziert aufgebaut, viele Abläufe sind unübersichtlich und frustrierend. Als Kunde möchte man wissen, was schiefgelaufen ist und wie man das Problem lösen kann stattdessen bleibt man im Dunkeln.
Für mich eine sehr enttäuschende Erfahrung. Nach so vielen erfolglosen Versuchen habe ich das Vertrauen in diese App verloren.","Seit Jahren versuche ich, über diese App Bestellungen aufzugeben, aber ständig werden sie ohne nachvollziehbaren Grund storniert. Das größte Problem: Man erhält keine klare Erklärung, warum die Bestellung abgelehnt oder storniert wurde.
Die App ist unnötig kompliziert aufgebaut, viele Abläufe sind unübersichtlich und frustrierend. Als Kunde möchte man wissen, was schiefgelaufen ist und wie man das Problem lösen kann stattdessen bleibt man im Dunkeln.
Für mich eine sehr enttäuschende Erfahrung. Nach so vielen erfolglosen Versuchen habe ich das Vertrauen in diese App verloren.",Niboy9869,27.11.2,2026-06-24T11:35:41Z,False,itunes_rss_mostRecent,False,False
94c121c27d9b4bc11a6983c0dd7ba9dd624517cdc661917f2a97a3c785138771,14220006133,348712880,Amazon,de,1,iPhone wird heiß,"Bei 5Minuten Nutzung wird das iPhone schon heiß. Bitte nachbessern, das war vorher nicht!","Bei 5Minuten Nutzung wird das iPhone schon heiß. Bitte nachbessern, das war vorher nicht!",iHubi75,27.11.2,2026-06-24T10:02:24Z,False,itunes_rss_mostRecent,False,False
9e05a9daceb86b0bf3f513f4f168ab4a7e7f618b7d1a6374fb04a742d6eb2dd8,14219961997,348712880,Amazon,de,5,Funktioniert perfekt für alles was es soll!,"Vielen Dank an eure gute Arbeit Liebe Programmierer.

Ich nutze die App seit Jahren und jetzt durch die Integration von durch KI Zusammenfassungen der Rezessionen habt ihr mich überzeugt auch mal eure App zu bewerten!

Danke für die gute Arbeit. Die App funktioniert seit Anfang an wunderbar und ihr schafft es immer noch neue Innovationen zu finden… obwohl wir hier nur von einem “Online Shop” reden und keinem Spiel, Dienstprogramm oder sonstigen","Vielen Dank an eure gute Arbeit Liebe Programmierer. 

Ich nutze die App seit Jahren und jetzt durch die Integration von durch KI Zusammenfassungen der Rezessionen habt ihr mich überzeugt auch mal eure App zu bewerten! 

Danke für die gute Arbeit. Die App funktioniert seit Anfang an wunderbar und ihr schafft es immer noch neue Innovationen zu finden… obwohl wir hier nur von einem “Online Shop” reden und keinem Spiel, Dienstprogramm oder sonstigen",Cipher01088,27.11.2,2026-06-24T09:44:30Z,False,itunes_rss_mostRecent,False,False
f3666e6405afd58183a520984bca8d2fa852513dda363a093a95b323ce3e71ca,14219937742,348712880,Amazon,de,1,Drucken,Warum kann ich keine Rechnungen drucken oder einfach weiter leiten zum speichern das ist für Selbstständige dringend notwendig diese funktionieren!!!,Warum kann ich keine Rechnungen drucken oder einfach weiter leiten zum speichern das ist für Selbstständige dringend notwendig diese funktionieren!!!,mjmjmjmjmmjmj,27.11.2,2026-06-24T09:34:20Z,False,itunes_rss_mostRecent,False,False
84364c33166574bdd9aea8935acb49c5225c0bb0b64760c02dbbf079cd54966f,14218069175,348712880,Amazon,de,2,Preise unklar,"Irreführende Preisangaben, die sich beim Kaufprozess plötzlich verändern. Das ist wenig kundenfreundlich.","Irreführende Preisangaben, die sich beim Kaufprozess plötzlich verändern. Das ist wenig kundenfreundlich.",Abiem82,27.11.2,2026-06-23T20:37:51Z,False,itunes_rss_mostRecent,False,False
f3c0859eed41e6907b7e90a2e0b5b3fdd2cb894ed8f4ee60716bbab9edf17724,14218050493,348712880,Amazon,de,5,Das DarkIcon ist da!!!,"Endlich ist es da das DarkIcon. Nachdem ich die App über ein Jahr deinstalliert hatte und ihr jetzt nochmal eine Chance gegeben habe, ist es da.

Danke fürs zuhören!!!","Endlich ist es da das DarkIcon. Nachdem ich die App über ein Jahr deinstalliert hatte und ihr jetzt nochmal eine Chance gegeben habe, ist es da. 

Danke fürs zuhören!!!",ViRéview,27.11.2,2026-06-23T20:31:09Z,False,itunes_rss_mostRecent,False,False
d6afe98dfaa06d628d1d7ede0228302e47919a32f47c0a2f61d128ebe67774b2,14217205390,348712880,Amazon,de,2,Falsches Alter,Ich kann bei Amazon kein Prime shipping-Mitglied werden weil Amazon mich jedesmal als studierender oder junger erwachsener (18-24 Jahre) einstufen will.,Ich kann bei Amazon kein Prime shipping-Mitglied werden weil Amazon mich jedesmal als studierender oder junger erwachsener (18-24 Jahre) einstufen will.,Nadesk,27.11.2,2026-06-23T15:56:02Z,False,itunes_rss_mostRecent,False,False
0b50ecdd697cd0e723bdc0b217fe68482e284f7682c46e646c57963ad953013c,14217190320,348712880,Amazon,de,1,Komplizierter Support,"Früher war es viel einfacher und schneller Probleme und Unklarheiten zu klären. Inzwischen ist das ganze mit einem hohen Suchaufwand verbunden.

Amazon wird unseriös","Früher war es viel einfacher und schneller Probleme und Unklarheiten zu klären. Inzwischen ist das ganze mit einem hohen Suchaufwand verbunden.

Amazon wird unseriös",Fairplayer#1,27.11.2,2026-06-23T15:51:34Z,False,itunes_rss_mostRecent,False,False
9ba67f9357f521ee2e576336edcac7e9bdf30e3edb4ee690a2424e092e6ad09f,14216352615,348712880,Amazon,de,1,Keine Rechnungen abrufbar,Auf dem Smartphone kann man zwar eine Rechnung öffnen wenn man auf runterladen drückt aber nicht runterladen. Auf dem Tablett funktioniert der Rechnungen link überhaupt nicht. Im browser wurde ich ausgesperrt weil „aus Sicherheitsgründen „ mein Passwort resetet werden musste. Es wirkt als ob Amazon den Qualitätsstandard von Microsoft übernommen hat.,Auf dem Smartphone kann man zwar eine Rechnung öffnen wenn man auf runterladen drückt aber nicht runterladen. Auf dem Tablett funktioniert der Rechnungen link überhaupt nicht. Im browser wurde ich ausgesperrt weil „aus Sicherheitsgründen „ mein Passwort resetet werden musste. Es wirkt als ob Amazon den Qualitätsstandard von Microsoft übernommen hat.,dklsps87,27.11.2,2026-06-23T11:32:47Z,False,itunes_rss_mostRecent,False,False
9f34944fa75336521703e2709d86eed6464e0363eac1bf48b7d166214f9eb22e,14216047101,348712880,Amazon,de,1,Neue Version der App 👎,Ich finde die neue Version ist eine volle Katastrophe. Wo ich früher mit einem Klick hin kam muß ich jetzt scrollen und paarmal klicken.,Ich finde die neue Version ist eine volle Katastrophe. Wo ich früher mit einem Klick hin kam muß ich jetzt scrollen und paarmal klicken.,71Buffalo,27.11.2,2026-06-23T09:30:29Z,False,itunes_rss_mostRecent,False,False
a1838ce3ce9cff18087e1f382e441d1ead3c2d0fc93b13d9607ae7913d9cd745,14214336592,348712880,Amazon,de,1,Unübersichtlich,Die User Experience ist einfach nur grauenvoll. Schonmal versucht zur Mailbox zu kommen?,Die User Experience ist einfach nur grauenvoll. Schonmal versucht zur Mailbox zu kommen?,Veritasium,27.11.2,2026-06-22T21:15:52Z,False,itunes_rss_mostRecent,False,False
26a258e1ed6c21cfbb8dacb63869270805c047f2eac056570435c08cb597630c,14214210298,348712880,Amazon,de,1,Schlecht,"Unglaublich als einer der größten Konzerne der Welt, nach all den Jahren der Entwicklung, so eine zugemüllte, unübersichtliche und un-intuitive App zu haben.

Man wird bombardiert mit allem, aber findet nicht wonach man sucht.","Unglaublich als einer der größten Konzerne der Welt, nach all den Jahren der Entwicklung, so eine zugemüllte, unübersichtliche und un-intuitive App zu haben. 

Man wird bombardiert mit allem, aber findet nicht wonach man sucht.",CocoChanela7899,27.11.2,2026-06-22T20:30:34Z,False,itunes_rss_mostRecent,False,False
1eab5879aa875a4a7db67cc29ce2c51332ac2058a4180e1d2d060a35fb09a9ee,14213210712,348712880,Amazon,de,1,App löscht Bestellungen und Account,"Ich habe schon mehrmals versucht mir etwas zu bestellen, aber jedes Mal löst sich die Bestellung in Luft auf. Genau dann, als ich den Support kontaktieren wollte, wurde mein Account gelöscht.","Ich habe schon mehrmals versucht mir etwas zu bestellen, aber jedes Mal löst sich die Bestellung in Luft auf. Genau dann, als ich den Support kontaktieren wollte, wurde mein Account gelöscht.",Theblackdragon5,27.11.2,2026-06-22T15:12:10Z,False,itunes_rss_mostRecent,False,False
a8561d474c2d3ed7d0f01a25cc5cb054b76feb5dab78912fcd3c5bfffbcfbf4c,14211908015,348712880,Amazon,de,1,Endlosschleife bei Rückgabe,"Ich lande in einer Endlosschleife, wenn ich einen Artikel zurück geben möchte. Angeblich soll ich dann in den Chat mit Mitarbeitern weiter geleitet werden. Aber das führt immer wieder an die gleiche Stelle…","Ich lande in einer Endlosschleife, wenn ich einen Artikel zurück geben möchte. Angeblich soll ich dann in den Chat mit Mitarbeitern weiter geleitet werden. Aber das führt immer wieder an die gleiche Stelle…",FröhlicherNutzer,27.11.2,2026-06-22T07:15:00Z,False,itunes_rss_mostRecent,False,False
cc79f4b9e65884ce640129b40d01ee3f04b160f7695d2bd19627c73cc8a4f62a,14210049209,348712880,Amazon,de,3,Dunkelmodus fehlt,"Mir fehlt seit vielen Jahren die Möglichkeit, die App in den Dunkelmodus zu schalten und Rechnungen per App drucken zu können. Es könnte auch das Menü, wie zB dass man den Kundendienst erreicht, besser gestaltet sein. Bei meinen Problemen war der Sachverhalt bis jetzt immer so kompliziert, dass mir der KI-Kundenservice überhaupt nichts gebracht hat und bis man mal einen Menschen an die Tasten bekommt muss man sich 100x durch irgendwelche vorgefertigten Fragen klicken, die eh nichts bringen! Starker Nachholbedarf!","Mir fehlt seit vielen Jahren die Möglichkeit, die App in den Dunkelmodus zu schalten und Rechnungen per App drucken zu können. Es könnte auch das Menü, wie zB dass man den Kundendienst erreicht, besser gestaltet sein. Bei meinen Problemen war der Sachverhalt bis jetzt immer so kompliziert, dass mir der KI-Kundenservice überhaupt nichts gebracht hat und bis man mal einen Menschen an die Tasten bekommt muss man sich 100x durch irgendwelche vorgefertigten Fragen klicken, die eh nichts bringen! Starker Nachholbedarf!",Bäurin,27.11.2,2026-06-21T18:24:47Z,False,itunes_rss_mostRecent,False,False
f1c799b1466509a0571e70ba169874f7fc0d2d1124e531cb761586e1b8af80aa,14209261386,348712880,Amazon,de,4,Rechnung drucken,"Mit meinem iPhone 13 kann ich eine Rechnung öffnen/sehen. Aber drucken ist leider nicht möglich.
Es fehlen die Bedienelemente (…) oder ähnlich.

Auf meinem iPad Pro 11“ wir die Rechnung sogar nur in Hieroglyphen/Zeichen kaputt angezeigt.

Find ich einfach schade.","Mit meinem iPhone 13 kann ich eine Rechnung öffnen/sehen. Aber drucken ist leider nicht möglich. 
Es fehlen die Bedienelemente (…) oder ähnlich. 

Auf meinem iPad Pro 11“ wir die Rechnung sogar nur in Hieroglyphen/Zeichen kaputt angezeigt. 

Find ich einfach schade.",Zz105,27.11.2,2026-06-21T14:24:08Z,False,itunes_rss_mostRecent,False,False
f9b28233a8ea6c7609c15fde83b88f96642aa41ece3af96e12c795fa5719808e,14208336368,348712880,Amazon,de,1,Werbung Werbung Werbung ale 5 min 5 min Werbung,Nsjusuus,Nsjusuus,Hishdugjkfvsukfkf,27.11.2,2026-06-21T08:49:27Z,False,itunes_rss_mostRecent,False,False
4508918e9bf143a5c8f4d85a27c1c325abe846f13b6fa57ccebe2f558e7618dd,14208242179,348712880,Amazon,de,1,Macht derzeit keinen Spaß,"Derzeit nicht zu gebrauchen, immer wieder andere Infos werden angezeigt und plötzlich ist alles in Englisch.","Derzeit nicht zu gebrauchen, immer wieder andere Infos werden angezeigt und plötzlich ist alles in Englisch.",dama1987,27.11.2,2026-06-21T08:09:19Z,False,itunes_rss_mostRecent,False,False
eb18ff086dcc80d295e3ccda821527c050d82ef9fd091a059c286d95c028ce4e,14208176640,348712880,Amazon,de,1,Amazon App,Ich bezahle eure App nicht immer wird man aufgefordert es zzu bezahlen. Nein nicht was ihr euren Händlern an tut hört auf einen damit zu nerven,Ich bezahle eure App nicht immer wird man aufgefordert es zzu bezahlen. Nein nicht was ihr euren Händlern an tut hört auf einen damit zu nerven,bitte echt jetzt,27.11.2,2026-06-21T07:41:00Z,False,itunes_rss_mostRecent,False,False
6cc7d8ce849272dbe8862ae3b1a1d1d961c4e570235e55056cd641bd6e45ea22,14206497207,348712880,Amazon,de,1,App gelöscht wegen Warenkorb-Vibration und zu viel Werbung,"★☆☆☆☆

Mit jedem Update wirkt die Amazon-App überladener.

Es gibt immer mehr Werbung, Empfehlungen und gesponserte Inhalte, während gleichzeitig einfache Funktionen unnötig kompliziert werden.

Der Punkt, an dem ich die App gelöscht habe, war die haptische Rückmeldung beim Hinzufügen von Artikeln zum Warenkorb. Mein iPhone vibriert jedes Mal, wenn ich einen Artikel hinzufüge, und Amazon bietet keine Möglichkeit, genau diese Funktion separat abzuschalten.

Ich möchte selbst entscheiden, welche haptischen Rückmeldungen mein Gerät verwendet und welche nicht.

Statt den Nutzern mehr Kontrolle zu geben, werden immer mehr Funktionen aufgezwungen.

Sobald die Warenkorb-Vibration optional wird und die App wieder weniger aufdringlich gestaltet ist, installiere ich sie gerne erneut. Bis dahin nutze ich die Website oder kaufe bei anderen Anbietern.","★☆☆☆☆

Mit jedem Update wirkt die Amazon-App überladener.

Es gibt immer mehr Werbung, Empfehlungen und gesponserte Inhalte, während gleichzeitig einfache Funktionen unnötig kompliziert werden.

Der Punkt, an dem ich die App gelöscht habe, war die haptische Rückmeldung beim Hinzufügen von Artikeln zum Warenkorb. Mein iPhone vibriert jedes Mal, wenn ich einen Artikel hinzufüge, und Amazon bietet keine Möglichkeit, genau diese Funktion separat abzuschalten.

Ich möchte selbst entscheiden, welche haptischen Rückmeldungen mein Gerät verwendet und welche nicht.

Statt den Nutzern mehr Kontrolle zu geben, werden immer mehr Funktionen aufgezwungen.

Sobald die Warenkorb-Vibration optional wird und die App wieder weniger aufdringlich gestaltet ist, installiere ich sie gerne erneut. Bis dahin nutze ich die Website oder kaufe bei anderen Anbietern.",Maeve Hastings,27.11.2,2026-06-20T20:05:37Z,False,itunes_rss_mostRecent,False,False
21ad923290e84d203ccaa82e9c6e7b8a0c76b76c5e84bae265eb31d8cb8e7121,14205737772,348712880,Amazon,de,1,Lieferung,"Ich würde auch wenn es das geben würde 0 Sterne geben !!!! Es stehen hier überall Namen an den Haustüren und immer wieder müssen wir hier Pakete suchen !!! Weil die Amazon Fahrer nicht in der Lage sind Namen zu lesen oder gar nach zu fragen obwohl es feste Ablage Orte gibt und erst heute , der Fahrer hier auf de. Hof gefahren ist ! Und noch nicht mal ausgestiegen ist ! Wäre ich nicht zufällig auf dem Hof gewesen wäre das Paket wieder nicht zugestellt worden !!! Und habe der Fahrerin gesagt sie muss aussteigen und fragen es ist immer jemand hier ! Und die beste Antwort war !!! Ich nicht verstehen …. Leute stellt Leute ein die lesen und sich auch verständigen können ! Dann funktioniert auch die Zulieferung!!!","Ich würde auch wenn es das geben würde 0 Sterne geben !!!! Es stehen hier überall Namen an den Haustüren und immer wieder müssen wir hier Pakete suchen !!! Weil die Amazon Fahrer nicht in der Lage sind Namen zu lesen oder gar nach zu fragen obwohl es feste Ablage Orte gibt und erst heute , der Fahrer hier auf de. Hof gefahren ist ! Und noch nicht mal ausgestiegen ist ! Wäre ich nicht zufällig auf dem Hof gewesen wäre das Paket wieder nicht zugestellt worden !!! Und habe der Fahrerin gesagt sie muss aussteigen und fragen es ist immer jemand hier ! Und die beste Antwort war !!! Ich nicht verstehen …. Leute stellt Leute ein die lesen und sich auch verständigen können ! Dann funktioniert auch die Zulieferung!!!",Otti076,27.11.2,2026-06-20T15:55:56Z,False,itunes_rss_mostRecent,False,False
28885570eb3c382fb88aad459d993d349add3e55f9dd8d84c5b46a3573b9b8cf,14204725353,348712880,Amazon,de,3,Unübersichtlich,Diese App wird mit jedem Update unübersichtlicher..,Diese App wird mit jedem Update unübersichtlicher..,Mrs.Knuspi,27.11.2,2026-06-20T10:30:55Z,False,itunes_rss_mostRecent,False,False
bbec953724f3f40d1a32b794a57ab4c15c8a1e37950458093d3262bc813cc11e,14204551945,348712880,Amazon,de,1,Nur noch Werbung!!!,"Auf meinem Echo Show wird mir immer wieder Werbung gezeigt, obwohl ich alles abgewählt habe!
Habe ich jetzt vom Netz genommen und werde ihn wegschmeißen.
Prime werde ich wohl auch kündigen! Prime Video ist genauso schlecht. Werbung und trotzdem noch dazubezahlen!! Wenn Amazon so seine zahlenden Kunden vertreiben möchte, bitte!!!","Auf meinem Echo Show wird mir immer wieder Werbung gezeigt, obwohl ich alles abgewählt habe!
Habe ich jetzt vom Netz genommen und werde ihn wegschmeißen.
Prime werde ich wohl auch kündigen! Prime Video ist genauso schlecht. Werbung und trotzdem noch dazubezahlen!! Wenn Amazon so seine zahlenden Kunden vertreiben möchte, bitte!!!",dr ui,27.11.2,2026-06-20T09:19:19Z,False,itunes_rss_mostRecent,False,False
79b0b6127966817e5a6060bc885582135dbbe32f95f6556f6c799437752ff30f,14198251295,348712880,Amazon,de,1,Сервіс лайно,"Не рекомендую дану платформу для замовлення товарів. В ній працюють розумово відсталі люди, які будуть лише вибачатись і висловлювати свій жаль, замість того щоб відправити правильне замовлення. Для того щоб отримати повернення коштів треба теж ще пограти з ними в ігри напиши в чат нашому менеджеру. Але щоб перейти до чат з менеджером ще портретно відповідати на безглузді повідомлення їхнього безглуздого чат бота.","Не рекомендую дану платформу для замовлення товарів. В ній працюють розумово відсталі люди, які будуть лише вибачатись і висловлювати свій жаль, замість того щоб відправити правильне замовлення. Для того щоб отримати повернення коштів треба теж ще пограти з ними в ігри напиши в чат нашому менеджеру. Але щоб перейти до чат з менеджером ще портретно відповідати на безглузді повідомлення їхнього безглуздого чат бота.",AndruhaUho,27.11.2,2026-06-18T17:54:13Z,False,itunes_rss_mostRecent,False,False
911babfeb04e79f031016ecb0e25fce941e9efd7cd2220434cc17129bea99ca5,14197807443,348712880,Amazon,de,3,Message Center,"Falls jemand verzweifelt das Message Center sucht entweder über suche eingeben oder Stöbern-> Mein Bereich-> Mein Konto-> Message Center.
Ist total dämlich versteckt und nichtmal die von Amazon selbst können es richtig erklären wo sich das Message Center befindet","Falls jemand verzweifelt das Message Center sucht entweder über suche eingeben oder Stöbern-> Mein Bereich-> Mein Konto-> Message Center.
Ist total dämlich versteckt und nichtmal die von Amazon selbst können es richtig erklären wo sich das Message Center befindet",RoryEmroy,27.11.2,2026-06-18T15:40:15Z,False,itunes_rss_mostRecent,False,False
e8f726a76b02a43bbf269055a13a7d13bd9cdf949412aed62337f15d8edbbc3e,14196633161,348712880,Amazon,de,1,poor service,"Delivery of their items was the worst. They gave it to a neighbor and didnt inform me right on time which neighbor got it. I got the item too late and wanted to return it, asked for pre-paid QR code several times but they wont give me. Now the return postage which I paid 15€ for is not delivered yet by DHL and both Amazon and seller is BEING THE MOST DIFFICULT to refund me since the DHL is f*ng up their delivery. Very bad experience.","Delivery of their items was the worst. They gave it to a neighbor and didnt inform me right on time which neighbor got it. I got the item too late and wanted to return it, asked for pre-paid QR code several times but they wont give me. Now the return postage which I paid 15€ for is not delivered yet by DHL and both Amazon and seller is BEING THE MOST DIFFICULT to refund me since the DHL is f*ng up their delivery. Very bad experience.",SCAMMED BY BOOKING.COM,27.11.2,2026-06-18T09:12:30Z,False,itunes_rss_mostRecent,False,False
4bb16d40fa27f4a2e70a93635da37a13b33147f3429b470c6a239dea89255fd1,14195563317,348712880,Amazon,de,1,War mal gut,"Nicht mehr zuverlässig wenn man Prime hat, wird nicht mehr am nächsten Tag geliefert, aber man zahlt dafür. Ciao ciao.","Nicht mehr zuverlässig wenn man Prime hat, wird nicht mehr am nächsten Tag geliefert, aber man zahlt dafür. Ciao ciao.",Flipsi☀️,27.11.2,2026-06-18T01:18:58Z,False,itunes_rss_mostRecent,False,False
6a1d2f7a3e3f54a832d7ad233550c76395dc05575ac6f9e34404c08fe789ee1c,14194183649,348712880,Amazon,de,1,schwachsinnige Fragen beim Rücksenden,"Schwachsinnige Fragen beim Rücksenden:

""Sind alle Original-Etiketten, -Labels und -Zubehörteile noch angebracht/enthalten? (Wählen Sie „Ja“, falls nicht zutreffend)...""","Schwachsinnige Fragen beim Rücksenden:

""Sind alle Original-Etiketten, -Labels und -Zubehörteile noch angebracht/enthalten? (Wählen Sie „Ja“, falls nicht zutreffend)...""",tangobuster,27.11.2,2026-06-17T17:06:42Z,False,itunes_rss_mostRecent,False,False
f684c173444705fd100ad0fc9d909962f4cc1216d37d2ce2c4472c91acba64ef,14193316514,348712880,Amazon,de,1,Kundenservice leider nur noch ein Witz,"Früher war Amazon für mich das Vorbild für guten Kundenservice. Leider habe ich inzwischen eine völlig andere Erfahrung gemacht.

Ich habe mittlerweile 9-mal mit dem Amazon-Kundenservice gesprochen, weil ich ein Problem mit einem defekten Ersatzgerät klären möchte. Jedes Mal musste ich den gesamten Sachverhalt erneut erklären. Mehrere Mitarbeiter versicherten mir ausdrücklich, dass sie sich persönlich um den Fall kümmern würden und ich mir keine Sorgen machen müsse. Mir wurde mehrfach zugesichert, dass alles in die Wege geleitet sei und ich zeitnah eine Lösung erhalten würde.

Das Ergebnis: Nichts ist passiert.

Keine Rückmeldung, keine Lösung, keine Nachverfolgung. Stattdessen musste ich immer wieder erneut Kontakt aufnehmen und feststellen, dass die vorherigen Zusagen offenbar folgenlos geblieben sind. Als Kunde fühlt man sich hingehalten und nicht ernst genommen.

Besonders enttäuschend ist, dass es sich nicht um eine komplizierte oder unberechtigte Forderung handelt, sondern um einen Defekt an einem bereits gelieferten Ersatzgerät. Trotzdem scheint niemand in der Lage oder bereit zu sein, den Fall tatsächlich zu bearbeiten.

Mein Fazit: Der Kundenservice von Amazon ist leider extrem schlecht geworden. Was Amazon früher ausgezeichnet hat – schnelle, unkomplizierte und kundenorientierte Hilfe – vermisse ich heute vollständig. Nach 9 Kontakten ohne Ergebnis bleibt bei mir vor allem Frust und Enttäuschung zurück.","Früher war Amazon für mich das Vorbild für guten Kundenservice. Leider habe ich inzwischen eine völlig andere Erfahrung gemacht.

Ich habe mittlerweile 9-mal mit dem Amazon-Kundenservice gesprochen, weil ich ein Problem mit einem defekten Ersatzgerät klären möchte. Jedes Mal musste ich den gesamten Sachverhalt erneut erklären. Mehrere Mitarbeiter versicherten mir ausdrücklich, dass sie sich persönlich um den Fall kümmern würden und ich mir keine Sorgen machen müsse. Mir wurde mehrfach zugesichert, dass alles in die Wege geleitet sei und ich zeitnah eine Lösung erhalten würde.

Das Ergebnis: Nichts ist passiert.

Keine Rückmeldung, keine Lösung, keine Nachverfolgung. Stattdessen musste ich immer wieder erneut Kontakt aufnehmen und feststellen, dass die vorherigen Zusagen offenbar folgenlos geblieben sind. Als Kunde fühlt man sich hingehalten und nicht ernst genommen.

Besonders enttäuschend ist, dass es sich nicht um eine komplizierte oder unberechtigte Forderung handelt, sondern um einen Defekt an einem bereits gelieferten Ersatzgerät. Trotzdem scheint niemand in der Lage oder bereit zu sein, den Fall tatsächlich zu bearbeiten.

Mein Fazit: Der Kundenservice von Amazon ist leider extrem schlecht geworden. Was Amazon früher ausgezeichnet hat – schnelle, unkomplizierte und kundenorientierte Hilfe – vermisse ich heute vollständig. Nach 9 Kontakten ohne Ergebnis bleibt bei mir vor allem Frust und Enttäuschung zurück.",Phil123848274,27.11.2,2026-06-17T12:52:13Z,False,itunes_rss_mostRecent,False,False
1e1ad915e54f9f240370cddae4da03c097d64d37819a8dab77506222f5a3776b,14192671579,348712880,Amazon,de,1,obsoleto,"Amazon has evolved so much in the digital era, yet all of its platforms feel obsoleto and work like a nightmare. Just because I changed countries and no longer had access to a phone number, I had to create new accounts because their support is terrible.

On top of that, if you browse a product, it logs you out of your account and sends you to a different system where that product exists because it’s not available here.

It works terribly and feels incredibly stupid, and even in this digital age, it doesn’t seem to evolve at all.","Amazon has evolved so much in the digital era, yet all of its platforms feel obsoleto and work like a nightmare. Just because I changed countries and no longer had access to a phone number, I had to create new accounts because their support is terrible.

On top of that, if you browse a product, it logs you out of your account and sends you to a different system where that product exists because it’s not available here.

It works terribly and feels incredibly stupid, and even in this digital age, it doesn’t seem to evolve at all.",Stevenhank17,27.11.2,2026-06-17T08:53:12Z,False,itunes_rss_mostRecent,False,False
077decbb39f364aad6ef2644d395225c587bcba8475f78569d17f9d66759faa3,14186989560,348712880,Amazon,de,5,Rundum perfekt – Meine Lieblings-Shopping-App!,"Ich nutze die App schon sehr lange und bin absolut begeistert. Die Benutzeroberfläche ist super übersichtlich gestaltet, läuft komplett flüssig und die Suche findet sofort genau das, was man braucht. Der gesamte Einkauf und der Bezahlvorgang sind mit wenigen Klicks sicher und kinderleicht erledigt. Besonders toll ist auch die zuverlässige Sendungsverfolgung, mit der man das Paket immer im Blick hat. Für mich die beste und komfortabelste Art einzukaufen – absolut empfehlenswert und verdiente fünf Sterne!","Ich nutze die App schon sehr lange und bin absolut begeistert. Die Benutzeroberfläche ist super übersichtlich gestaltet, läuft komplett flüssig und die Suche findet sofort genau das, was man braucht. Der gesamte Einkauf und der Bezahlvorgang sind mit wenigen Klicks sicher und kinderleicht erledigt. Besonders toll ist auch die zuverlässige Sendungsverfolgung, mit der man das Paket immer im Blick hat. Für mich die beste und komfortabelste Art einzukaufen – absolut empfehlenswert und verdiente fünf Sterne!",Cansi222,27.11.0,2026-06-15T20:29:09Z,False,itunes_rss_mostRecent,False,False
c8a8907dde661bb83988f7fca36769308156aa918f1afe9a81995f776b1a88b4,14186583439,348712880,Amazon,de,1,Schlecht,Wurde nur die Hälfte mitgeliefert Danke für nichts mir fehlen die selbst klebende Gardinen Halterung,Wurde nur die Hälfte mitgeliefert Danke für nichts mir fehlen die selbst klebende Gardinen Halterung,Nisi fickt euch,27.11.0,2026-06-15T18:15:25Z,False,itunes_rss_mostRecent,False,False
ec83d82979b279251826e13ea859bbd50a9ba744ef14475a63538b368338d2c3,14185941308,348712880,Amazon,de,2,Immer noch kein Rechnungsdruck möglich,"Ich bemängele seit 2023 das ich die Rechnungen nicht über die App drucken kann, wann wird das behoben? Geld wollt ich ja auch überwiesen bekommen.","Ich bemängele seit 2023 das ich die Rechnungen nicht über die App drucken kann, wann wird das behoben? Geld wollt ich ja auch überwiesen bekommen.",Obachttt,27.11.0,2026-06-15T15:03:22Z,False,itunes_rss_mostRecent,False,False
5cf6e60b04a87587f1614813b77246f7d234303be7d5e860bb3c60fff8efc42f,14185846970,348712880,Amazon,de,1,Horrible,Constantly log you out and cancel your orders,Constantly log you out and cancel your orders,JoshBlewUp,27.11.0,2026-06-15T14:35:53Z,False,itunes_rss_mostRecent,False,False
da2716681f757e4f50aeaba4337734f7b9afec6af9bfe91c88757ad3ef2d0cc7,14185348302,348712880,Amazon,de,1,Miserabler Zustellungsservice,"Ich war über viele Jahre hinweg sehr begeistert und auch Prime Kunde. Doch wegen der Zusteller bzw. des Zustellservices habe ich inzwischen alles bei Amazon gekündigt und meinen Account gelöscht. Falls man Probleme hat, ist niemand zuständig und klickt sich stundenlang durch verschiedene Seiten um letztendlich wieder zum Anfang zu gelangen. Was mich am meisten enttäuscht und auch geärgert hat, war die Zustellung. Denn trotz hinterlegter Abstelletlaubnis (witterungsgeschützer Carport) wurde die Sendungen einfach auf die Straße gelegt und das bei Regen oder Schnee. Ich habe mich deshalb mehrfach schriftlich beschwert ohne dass solch eine unzulängliche Zustellung unterbunden werden konnte.
Leute wenn ihr nicht in der Lage seid, eine Sendung wunschgerecht zuzustellen,  diesezügliche Beschwerden  entgegenzunehmen, dann ist bei euch im System irgend etwas falsch. Bei der Konkurrenz klappt das viel viel besser. Bevor die Frage aufkommt, ja das Carport ist eine um exakt zwei Meter weitere Wegstrecke - offensichtlich zu weit für den Amazon Prime Zusteller.","Ich war über viele Jahre hinweg sehr begeistert und auch Prime Kunde. Doch wegen der Zusteller bzw. des Zustellservices habe ich inzwischen alles bei Amazon gekündigt und meinen Account gelöscht. Falls man Probleme hat, ist niemand zuständig und klickt sich stundenlang durch verschiedene Seiten um letztendlich wieder zum Anfang zu gelangen. Was mich am meisten enttäuscht und auch geärgert hat, war die Zustellung. Denn trotz hinterlegter Abstelletlaubnis (witterungsgeschützer Carport) wurde die Sendungen einfach auf die Straße gelegt und das bei Regen oder Schnee. Ich habe mich deshalb mehrfach schriftlich beschwert ohne dass solch eine unzulängliche Zustellung unterbunden werden konnte. 
Leute wenn ihr nicht in der Lage seid, eine Sendung wunschgerecht zuzustellen,  diesezügliche Beschwerden  entgegenzunehmen, dann ist bei euch im System irgend etwas falsch. Bei der Konkurrenz klappt das viel viel besser. Bevor die Frage aufkommt, ja das Carport ist eine um exakt zwei Meter weitere Wegstrecke - offensichtlich zu weit für den Amazon Prime Zusteller.",Sindbad 04,27.11.0,2026-06-15T12:02:33Z,False,itunes_rss_mostRecent,False,False
692fa0d054d1d05335411dad4b69191a6dc618a112f53299e68fc7df77df270c,14185071579,348712880,Amazon,de,1,"Mehr Werbung, mehr China, weniger Komfort","Eine Karre Asche läuft besser als diese App

Update:
Mehr Abstürze als je zuvor, noch mehr Schrott aus China - Finger weg von Amazon!","Eine Karre Asche läuft besser als diese App

Update:
Mehr Abstürze als je zuvor, noch mehr Schrott aus China - Finger weg von Amazon!",DonRiva,27.11.0,2026-06-15T10:20:39Z,False,itunes_rss_mostRecent,False,False
6a78aa349d45c91444dd58cf683622ac287edb155190fbe119882bf9c4dd0419,14183648067,348712880,Amazon,de,5,ب,ذ,ذ,homayon korbani,27.11.0,2026-06-14T23:54:05Z,False,itunes_rss_mostRecent,True,False
6a928bd256ba2c6a74b28923500089520d6a0b5f0b0d33161ba87f1c187afe90,14182999505,348712880,Amazon,de,1,KI-Müll,"UI wurde modifziert, um Platz für KI-Müll zu schaffen, schon findet man nichts mehr wieder.","UI wurde modifziert, um Platz für KI-Müll zu schaffen, schon findet man nichts mehr wieder.",Singulativ,27.11.0,2026-06-14T19:49:26Z,False,itunes_rss_mostRecent,False,False
0130fa78c06a71f6abc7f32c79af69ca038a37675ae376650b84f90585274a1e,14182660807,348712880,Amazon,de,1,Filme die verletzende Inhalte veröffentlicht,"Amazon darf als Verkauf-platform keine Filme veröffentlichen, die Religion oder ethnische Menschengruppe oder Herkunft unterstellt oder beleidigt. Der Druck muss hoch genug sein damit die englisch verstehen können und aufhören","Amazon darf als Verkauf-platform keine Filme veröffentlichen, die Religion oder ethnische Menschengruppe oder Herkunft unterstellt oder beleidigt. Der Druck muss hoch genug sein damit die englisch verstehen können und aufhören",KaraAbbas,27.11.0,2026-06-14T18:00:32Z,False,itunes_rss_mostRecent,False,False
2c3754fac4edd91a36c6ecdbb9551b09b9ca2cd473375cc8f637f9e21d8cecd2,14182196957,348712880,Amazon,de,1,Versandkostenfrei ab 49 €,"Für mich persönlich hat dieser App also Amazon die Attraktivität verloren seit die Versandkosten so gestiegen sind.
Meine Interesse bei Amazon zu kaufen ist sehr gering  geworden, schließlich gibt’s genug andere Anbieter, die entweder versandkostenfrei die Ware zuschicken oder mit weniger mindestens Bestellung. Was mich am meisten ärgert ist, dass die Mindestbestellung so extrem angehoben worden ist, um die Leute dazu zu zwingen, Prime zu abonnieren. Ich auf jeden Fall nicht!","Für mich persönlich hat dieser App also Amazon die Attraktivität verloren seit die Versandkosten so gestiegen sind.
Meine Interesse bei Amazon zu kaufen ist sehr gering  geworden, schließlich gibt’s genug andere Anbieter, die entweder versandkostenfrei die Ware zuschicken oder mit weniger mindestens Bestellung. Was mich am meisten ärgert ist, dass die Mindestbestellung so extrem angehoben worden ist, um die Leute dazu zu zwingen, Prime zu abonnieren. Ich auf jeden Fall nicht!",NichtsovielWerbung,27.11.0,2026-06-14T15:39:59Z,False,itunes_rss_mostRecent,False,False
5995e1d8987ecebd0230bcd2d31328641f754a20049e86059339f2a9ad547e18,14181927078,348712880,Amazon,de,4,Etwas unübersichtlich,"Leider kann man einige Dinge, wie z.B. die Spar-Abos nicht mehr so gut finden und bearbeiten","Leider kann man einige Dinge, wie z.B. die Spar-Abos nicht mehr so gut finden und bearbeiten",Marmönchen,27.11.0,2026-06-14T14:20:28Z,False,itunes_rss_mostRecent,False,False
968316af0152e3bab4117eb9cc344ffaca8c55af8f9a0a01a0bc45b3894ed963,14179412025,348712880,Amazon,de,1,Schlecht,Seit letzten Update ständig ausgeloggt muss jedes Mal anmelden es nervig,Seit letzten Update ständig ausgeloggt muss jedes Mal anmelden es nervig,Hal0o00,27.11.0,2026-06-13T21:50:00Z,False,itunes_rss_mostRecent,False,False
325b7909194f67788b70f9d4d00251c9c9a4ab891594b0a6110abccfec138aa0,14179157810,348712880,Amazon,de,1,Нет русского или украинского языка,Нет русского или украинского языка,Нет русского или украинского языка,Justikkkkk,27.11.0,2026-06-13T20:15:56Z,False,itunes_rss_mostRecent,False,False
7a7a8b6a2cf8c533ec6d668447e6a67ed4f58d66e3bbac2d5efcae8597bc8f04,14178520030,348712880,Amazon,de,1,Kein Kundenservice mehr,Seit dem neuen Update kann ich nicht mehr den Kundenservice anrufen und Garantieansprüche kann man nicht mehr geltend machen ...,Seit dem neuen Update kann ich nicht mehr den Kundenservice anrufen und Garantieansprüche kann man nicht mehr geltend machen ...,Hoho Joshi,27.11.0,2026-06-13T16:46:09Z,False,itunes_rss_mostRecent,False,False
2f51cadb938c3495998c0d04df09722720df55b8e3f8c57dcbe917ab4b6dd1ba,14178414291,348712880,Amazon,de,1,Die neue App ist schrecklich.,"Die neue Übersicht ist schrecklich… nichts findet man mehr… alles Unübersichtlich… brauche ewig bis ich meine Sparabos, Bestellungen und alles relevante finde.","Die neue Übersicht ist schrecklich… nichts findet man mehr… alles Unübersichtlich… brauche ewig bis ich meine Sparabos, Bestellungen und alles relevante finde.",Chris85406,27.11.0,2026-06-13T16:13:59Z,False,itunes_rss_mostRecent,False,False
46abb5b9cfe5af256512e3fd1729881ca886c78070a3fe0f45edb8dbba2e21f5,14178313788,348712880,Amazon,de,1,Schlechte Lieferung,Ich bestelle Sachen mit Amazon Prime und es kommt trotzdem 3 Tage später als gedacht.,Ich bestelle Sachen mit Amazon Prime und es kommt trotzdem 3 Tage später als gedacht.,Malliley,27.11.0,2026-06-13T15:44:14Z,False,itunes_rss_mostRecent,False,False
6c26ab95a4a8603bf66aee1db7eabc25266f5da400486f896ad1c37c207686a2,14177615287,348712880,Amazon,de,1,Message Center,"Seit einiger Zeit landen die Einmalcodes zum Teil nur noch im Message Center und sind weder per Mail noch in der Bestellübersicht zu finden. Das ist nicht nur extrem unpraktisch, auch das Message Center ist irgendwo in den Kontoeinstellungen versteckt..","Seit einiger Zeit landen die Einmalcodes zum Teil nur noch im Message Center und sind weder per Mail noch in der Bestellübersicht zu finden. Das ist nicht nur extrem unpraktisch, auch das Message Center ist irgendwo in den Kontoeinstellungen versteckt..",Chriserismm,27.11.0,2026-06-13T12:14:40Z,False,itunes_rss_mostRecent,False,False
89958c823d3ce986f0e0c8a82934484d2429a51479e8895348014edb9b1c3cf5,14174863972,348712880,Amazon,de,3,Gut aber auch nicht gut,"Ich hab in dieser app schon paar mal bestelt aber 2 dinge haben mich sehr generft in dieser app 1. Ich hab ein kauf abgebrochen und hab dann mein account verloren , weil ich plötzlich verdächtick wahr für ürgend ein grund 2. ich hab mir was bestelt und es ist immer noch nicht angekommen obwohl es schon eigentlich seit 9.6 kommen sollte es wurde dann auf den 12.6 verschoben und es ist heute der 12.6 hab nichts bekommen","Ich hab in dieser app schon paar mal bestelt aber 2 dinge haben mich sehr generft in dieser app 1. Ich hab ein kauf abgebrochen und hab dann mein account verloren , weil ich plötzlich verdächtick wahr für ürgend ein grund 2. ich hab mir was bestelt und es ist immer noch nicht angekommen obwohl es schon eigentlich seit 9.6 kommen sollte es wurde dann auf den 12.6 verschoben und es ist heute der 12.6 hab nichts bekommen",(:lol;),27.11.0,2026-06-12T18:20:40Z,False,itunes_rss_mostRecent,False,False
8e63cfbb3b299bc565185ca36e8935cd7f2e89df94302c751194f243242293fa,14173122958,348712880,Amazon,de,1,Endlos Schleife,"Sollte mal eine Reklamation nicht genau nach Schema gehen landet man in einer endlos Schleife von Amazon zum Verkäufer usw, speziell bei Artikel aus China direkt ist es fast unmöglich etwas zu erreichen. Auch die Rücksendunge AGBs sind oft nicht ersichtlich und nur nach langer Recherche möglich.","Sollte mal eine Reklamation nicht genau nach Schema gehen landet man in einer endlos Schleife von Amazon zum Verkäufer usw, speziell bei Artikel aus China direkt ist es fast unmöglich etwas zu erreichen. Auch die Rücksendunge AGBs sind oft nicht ersichtlich und nur nach langer Recherche möglich.",iinno,27.11.0,2026-06-12T09:15:15Z,False,itunes_rss_mostRecent,False,False
f992c2851e32814bc3f9d72f0bfb8d82927d29a5288d181acff2be6cc47a0eb8,14173090683,348712880,Amazon,de,2,Monatsrechnung unauffindbar,"Wenn ich meine Monatsabrechnung suchen muss, wurde die APP wohl eher verschlechtert, als verbessert.","Wenn ich meine Monatsabrechnung suchen muss, wurde die APP wohl eher verschlechtert, als verbessert.",Krissi2401,27.11.0,2026-06-12T09:01:11Z,False,itunes_rss_mostRecent,False,False
77dbd715a1f234c0927f7c503c3cf3e94d9f88903abe1808ae45797879605f51,14171436647,348712880,Amazon,de,1,"Unübersichtlich und bewusste, schwer zu findende Optionen","Neben der Arbeitsbedingungen und den Steuerfragen ist auch die App zu kritisieren. Die „Spar-Abos“ lassen sich nicht beenden (und wenn doch ist diese Option wirklich gut versteckt), Bestellungen, wo eine Einheit zuviel bestellt wurde (wie auch immer das passieren konnte, wenn man nur 1 Einheit hinzugefügt hat), kann man nicht ändern, Bestellungen werden einfach so ohne Information oder Grund um einen ganzen Monat (bei drei Tagen Lieferzeit) verschoben und den Kundenservice findet man auch nicht mehr, dafür aber eine völlig überflüssige KI, die einem nicht helfen kann. Gehört enteignet.","Neben der Arbeitsbedingungen und den Steuerfragen ist auch die App zu kritisieren. Die „Spar-Abos“ lassen sich nicht beenden (und wenn doch ist diese Option wirklich gut versteckt), Bestellungen, wo eine Einheit zuviel bestellt wurde (wie auch immer das passieren konnte, wenn man nur 1 Einheit hinzugefügt hat), kann man nicht ändern, Bestellungen werden einfach so ohne Information oder Grund um einen ganzen Monat (bei drei Tagen Lieferzeit) verschoben und den Kundenservice findet man auch nicht mehr, dafür aber eine völlig überflüssige KI, die einem nicht helfen kann. Gehört enteignet.",resu0101010101010101,27.11.0,2026-06-11T21:13:56Z,False,itunes_rss_mostRecent,False,False
7f5ebc5e13260bbff1d3053c0917a142ea0befa2366224d3d5dd83fdf390cffb,14169854467,348712880,Amazon,de,1,Nichts anklickbar,Iphone 13 mini. Trotz updates. Ich kann keine artikel anklicken und öffnen nachdem ich eine suche mache,Iphone 13 mini. Trotz updates. Ich kann keine artikel anklicken und öffnen nachdem ich eine suche mache,Kenzaby,27.11.0,2026-06-11T13:12:18Z,False,itunes_rss_mostRecent,False,False
f1f0236d1c5235044291f8d0b29cc4e8a20c731b8e6da4660d70c5e38f551722,14167895912,348712880,Amazon,de,1,Eine der hässlichsten Shopping App die es gibt,"Die Hauptseite ist die für mich mit Abstand die langweiligste und hässlichste von allen Apps die ich kenne. Das schlimmste ist das einem bei jeder Suchanfrage, auch bei Marken Artikeln, erstmal der ganze China Ramsch angezeigt wird. Ausserdem werden dort Plagiate verkauft!","Die Hauptseite ist die für mich mit Abstand die langweiligste und hässlichste von allen Apps die ich kenne. Das schlimmste ist das einem bei jeder Suchanfrage, auch bei Marken Artikeln, erstmal der ganze China Ramsch angezeigt wird. Ausserdem werden dort Plagiate verkauft!",PixelPioneer101010,27.11.0,2026-06-10T23:40:42Z,False,itunes_rss_mostRecent,False,False
2f00af2f3e24df9c9ff3d771fe60ee2b2e5eec4982b0c2f69f31db380c9ccdb2,14166175323,348712880,Amazon,de,1,Absolut unterirdisch,"Euer chatbot, ich will das dämliche Produkt reklamieren und kein Müll Dialog führen um dann wieder auf die landingpage zukommen. Ihr werdet auch nur schlechter.","Euer chatbot, ich will das dämliche Produkt reklamieren und kein Müll Dialog führen um dann wieder auf die landingpage zukommen. Ihr werdet auch nur schlechter.",Ruckysfor,27.11.0,2026-06-10T14:04:15Z,False,itunes_rss_mostRecent,False,False
2683a73a27aa6ecf9ea0f2fe5738401a2c83bcba9df3bbe1fce2cd16fe557d07,14162493652,348712880,Amazon,de,1,Keine Zahlung Möglich ! nervt nur noch,"seit Neuestem ist wieder das Zahlen ohne Dauerhaftes Hinterleger von Zahlungsdaten NICHT MEHR MÖGLICH,

die App wird immer Nutzer unfreundlicher

jetzt Nervt ein Bildschirm verkleinerer namens Rufus 🤮🤮

es ist nichtmal abstellbar was unerwünscht ist

mal abgesehen von der verdrängung/unterdrückung kleiner Händler.

Haubsache Prime Schrott steht oben 🤮🤮

wenn ich nach Preis oder anderes sortiere ERWARTE ICH DAS NACH DEM WIEDER ÖFFNEN DER APP IN MEINEN ZULETZT GEWÄHLTEN EINSTELLUNGEN ❓","seit Neuestem ist wieder das Zahlen ohne Dauerhaftes Hinterleger von Zahlungsdaten NICHT MEHR MÖGLICH,

die App wird immer Nutzer unfreundlicher

jetzt Nervt ein Bildschirm verkleinerer namens Rufus 🤮🤮

es ist nichtmal abstellbar was unerwünscht ist 

mal abgesehen von der verdrängung/unterdrückung kleiner Händler. 

Haubsache Prime Schrott steht oben 🤮🤮

wenn ich nach Preis oder anderes sortiere ERWARTE ICH DAS NACH DEM WIEDER ÖFFNEN DER APP IN MEINEN ZULETZT GEWÄHLTEN EINSTELLUNGEN ❓",theo20r,27.11.0,2026-06-09T14:54:09Z,False,itunes_rss_mostRecent,False,False
5392acaeb9c8962c4349ab61a078cc4574b67d75f3be7ef42e4f2d55a7b1c57e,14162350782,348712880,Amazon,de,3,Gute App aber nicht zeitgemäß,"Es ist eine super App keine Frage, aber ich finde sie immernoch sehr unübersichtlich und vor allem das es keinen darkmode dafür gibt ist schon ein negativ Punkt","Es ist eine super App keine Frage, aber ich finde sie immernoch sehr unübersichtlich und vor allem das es keinen darkmode dafür gibt ist schon ein negativ Punkt",Fuchsilini,27.11.0,2026-06-09T14:12:10Z,False,itunes_rss_mostRecent,False,False
391a3ca1455c5b29e218f9562128b503ee663520ff04ffb4cb6117305a855547,14162349340,348712880,Amazon,de,1,Kundenservice nicht mehr zu erreichen per Chat,"Ich finde es unmöglich, dass sie es den Verbraucher so schwer macht den Chat für den Kundenservice zu finden. Früher war das total einfach jetzt kommt man da überhaupt nicht mehr hin. Macht das wieder für den Kunden einfacher? Dann gibt’s auch wieder mehr Sterne.","Ich finde es unmöglich, dass sie es den Verbraucher so schwer macht den Chat für den Kundenservice zu finden. Früher war das total einfach jetzt kommt man da überhaupt nicht mehr hin. Macht das wieder für den Kunden einfacher? Dann gibt’s auch wieder mehr Sterne.",JHLSLB,27.11.0,2026-06-09T14:11:45Z,False,itunes_rss_mostRecent,False,False
550c71217cb20f0faf31e5dc59ff49aa8c8a62a6f2685160b705e50e11384071,14162216799,348712880,Amazon,de,1,Richtig schlecht,Mein Konto wurde einfach so gesperrt unverschämt,Mein Konto wurde einfach so gesperrt unverschämt,Elaine_lro,27.11.0,2026-06-09T13:32:24Z,False,itunes_rss_mostRecent,False,False
52a675724d000127880ad71f370fa38731857aeadaf861a1ddb9d3955bb9def7,14159398680,348712880,Amazon,de,5,Excelente,"Me encanta , todo lo compro en Amazon, rápido y fácil","Me encanta , todo lo compro en Amazon, rápido y fácil",Colomaleman,27.11.0,2026-06-08T18:51:19Z,False,itunes_rss_mostRecent,False,False
eb4a0c21f3a94868f1c9acd06ecf345d9fbc4bcc1795368d3b20fddd7687ca4e,14159250122,348712880,Amazon,de,2,Schade,Seid dem letzten Update ist es extrem schwierig geworden seine Rechnungen einzusehen. Schade das es immer schlechter statt besser und einfacher wird. Die Übersichtlichkeit und das einfache Händling haben sehr gelitten.,Seid dem letzten Update ist es extrem schwierig geworden seine Rechnungen einzusehen. Schade das es immer schlechter statt besser und einfacher wird. Die Übersichtlichkeit und das einfache Händling haben sehr gelitten.,MLSM74,27.11.0,2026-06-08T18:02:33Z,False,itunes_rss_mostRecent,False,False
ff41f2707545e7aae6773686778090bbeca8cf2e668c90a6f29fa05914f222b6,14152339059,348712880,Amazon,de,1,Schlecht einfach schlecht,Ich muss mich immer wieder nachdem ich rausgegangen bin von der app und wieder rein gehe neu anmelden dann brauch ich ein code der nie geschickt wird und dann wenn ich auf sms verifiziere drauf gehe steht da zu viele verifizierungen geschickt obwohl ich nicht eine bekomm habe,Ich muss mich immer wieder nachdem ich rausgegangen bin von der app und wieder rein gehe neu anmelden dann brauch ich ein code der nie geschickt wird und dann wenn ich auf sms verifiziere drauf gehe steht da zu viele verifizierungen geschickt obwohl ich nicht eine bekomm habe,Faistffc,27.11.0,2026-06-06T22:29:00Z,False,itunes_rss_mostRecent,False,False
235b4e8ecd3a3494ec83bc3a812860df6190a39e3826f9868882fbb89cf436ce,14151523312,348712880,Amazon,de,1,Unmöglich,Keinerlei Interesse an Klärung der Probleme. Dauernd wird man genötigt zu zahlen obwohl man nichts bekommen hat. Keine Möglichkeit Kontakt aufzunehmen und wenn dann wird das nur zur Kenntnis genommen aber nichts passiert. War jahrelang Kunde. Nie Probleme und plötzlich ein unmögliches verhalten seitens Amazon,Keinerlei Interesse an Klärung der Probleme. Dauernd wird man genötigt zu zahlen obwohl man nichts bekommen hat. Keine Möglichkeit Kontakt aufzunehmen und wenn dann wird das nur zur Kenntnis genommen aber nichts passiert. War jahrelang Kunde. Nie Probleme und plötzlich ein unmögliches verhalten seitens Amazon,Timba1204,27.11.0,2026-06-06T17:33:25Z,False,itunes_rss_mostRecent,False,False
43a73d5ee050b006e4e04dc47f0891363be0b02c1e55eeecb9d74a18749d013a,14151518880,348712880,Amazon,de,1,Der Teufel,Total unübersichtlich und schlichtweg unglaublich böse. Ich hoffe Jeff bezos stirbt einen qualvollen tot und dass sein gestohlenes emporium mit ihm im der Hölle verbrennen,Total unübersichtlich und schlichtweg unglaublich böse. Ich hoffe Jeff bezos stirbt einen qualvollen tot und dass sein gestohlenes emporium mit ihm im der Hölle verbrennen,Idkandidcandwtf,27.11.0,2026-06-06T17:32:02Z,False,itunes_rss_mostRecent,False,False
34ad08fcad29deb4293bedd554442d54f6d6a4357a7dccbbda1cd899b787d0b3,14151104061,348712880,Amazon,de,2,Bedienung umgestellt,"Warum muss die Bedieneroberfläche umgestellt werden? Früher habe ich auf diese drei Linien gedrückt und konnte meine Bestellungen gehe. Jetzt drücke ich die Linien, dann muss ich runter scrollen, dann in mein Bereich drücken und dann erst meine Bestellungen. Ich finde absolut sch… das sollte wieder geändert werden","Warum muss die Bedieneroberfläche umgestellt werden? Früher habe ich auf diese drei Linien gedrückt und konnte meine Bestellungen gehe. Jetzt drücke ich die Linien, dann muss ich runter scrollen, dann in mein Bereich drücken und dann erst meine Bestellungen. Ich finde absolut sch… das sollte wieder geändert werden",Musti80..,27.11.0,2026-06-06T15:26:15Z,False,itunes_rss_mostRecent,False,False
91491f804aeabe1ef2bf98f617a96ba162e8aa5c6c3d747a1ef44e48d77436c3,14149813372,348712880,Amazon,de,1,Amazon wird schlechter mit dem kundenservice,Seit wochen kann man dem Kundenservice Livechat nicht mehr benutzen man bekommt immer eine fehlermeldung und dem Email support kannste vergessen die antworten da erst 20 jahre drauf bis du eine rückmeldung per mail bekommst musst du ca 50 mal mit emails voll spamen  fixt doch einfach dem live chat,Seit wochen kann man dem Kundenservice Livechat nicht mehr benutzen man bekommt immer eine fehlermeldung und dem Email support kannste vergessen die antworten da erst 20 jahre drauf bis du eine rückmeldung per mail bekommst musst du ca 50 mal mit emails voll spamen  fixt doch einfach dem live chat,king💸,27.11.0,2026-06-06T08:01:15Z,False,itunes_rss_mostRecent,False,False
72583db03d853992b5fc1725bfae26bc0bf8f58368c3a7537bcea3971fcf0256,14149579560,348712880,Amazon,de,1,Unbrauchbar,"Im Prinzip eine bunt blinkende Drückerkolonne und ein Dark Pattern-Museum. Einkaufen möchte man damit nicht. Regelmäßige Versandzeiten von einer Woche und mehr (Versand durch Amazon) machen es dann nur noch einfacher, sich wieder anderen Händlern zu widmen.","Im Prinzip eine bunt blinkende Drückerkolonne und ein Dark Pattern-Museum. Einkaufen möchte man damit nicht. Regelmäßige Versandzeiten von einer Woche und mehr (Versand durch Amazon) machen es dann nur noch einfacher, sich wieder anderen Händlern zu widmen.",PukDieFliege,27.11.0,2026-06-06T06:20:35Z,False,itunes_rss_mostRecent,False,False
6cf3058e249a0677a194bc9c1362c8d0bc5dcb9b67cf0915a42e7c7e74f2e894,14149478269,348712880,Amazon,de,5,Super,Danke,Danke,Pupuidos,27.11.0,2026-06-06T05:35:22Z,False,itunes_rss_mostRecent,False,False
762becf94840fd9ba4eb5ca8dc11b875cb95e946c3013faec50cf4307ab7eb9f,14149283120,348712880,Amazon,de,1,Dark Design!,"verleitet die Nutzer dazu, völlig unvorbereitet auf den Abonnement-Button zu klicken.","verleitet die Nutzer dazu, völlig unvorbereitet auf den Abonnement-Button zu klicken.",doujianNummer1,27.11.0,2026-06-06T04:08:34Z,False,itunes_rss_mostRecent,False,False
e50d76f09c4559583c60eaddf98ed91a3bc06dc71a55193e2f5f714f88bba76e,14148019120,348712880,Amazon,de,1,Progressiv schlechter,"Früher hat man für wirklich gute Preise einkaufen können dort, aber heutzutage ist vieles Schrott aus China, besonders Elektronik, und der Rest hat in fast allen Fällen eine sehr schlechte Qualität. Lieber von den Händlern direkt kaufen","Früher hat man für wirklich gute Preise einkaufen können dort, aber heutzutage ist vieles Schrott aus China, besonders Elektronik, und der Rest hat in fast allen Fällen eine sehr schlechte Qualität. Lieber von den Händlern direkt kaufen",Mx554,27.11.0,2026-06-05T19:53:07Z,False,itunes_rss_mostRecent,False,False
238a8aa3f32dc9c5144f4d71a61a5790578021d8aa2e75ca02cc4b934d3f4c26,14147686449,348712880,Amazon,de,1,Kritisch,Amazon selbst ruft dazu auf Produkt zu bewerten und die Erfahrung zu beschreiben. Ich würde es nicht noch mal tun. Je nach Belieben werden alle Bewertungen eines (sehr alten) Kontos gelöscht.,Amazon selbst ruft dazu auf Produkt zu bewerten und die Erfahrung zu beschreiben. Ich würde es nicht noch mal tun. Je nach Belieben werden alle Bewertungen eines (sehr alten) Kontos gelöscht.,Snoke12,27.11.0,2026-06-05T18:00:28Z,False,itunes_rss_mostRecent,False,False
379bd5cf24c32f7a8fa4762d3f23ec6f61e65b2e694bba823a283655ec9231c2,14147430545,348712880,Amazon,de,1,Rückschritt durch neues „Update“,"Warum muss ich drei mal klicken um in meine Bestellungen-Liste zu gelangen?

Wichtig für mich sind:

1. Meine Bestellungen
2. Meine Listen
3. Meine Einstellungen

Dann könnt ihr auflisten was immer ihr für „wichtig“ haltet.

Und in die ersten drei will ich direkt einsteigen.

Ich will nicht in

Prime
Geschenke und Gutes tun
Angebote
Spotlight stores
Lebensmittel &Getränke
…

Das kaufe ich alles bei mir Vorort… 🤦🏻‍♂️

Das nervt nur…","Warum muss ich drei mal klicken um in meine Bestellungen-Liste zu gelangen?

Wichtig für mich sind:

1. Meine Bestellungen
2. Meine Listen
3. Meine Einstellungen

Dann könnt ihr auflisten was immer ihr für „wichtig“ haltet.

Und in die ersten drei will ich direkt einsteigen.

Ich will nicht in

Prime
Geschenke und Gutes tun
Angebote
Spotlight stores
Lebensmittel &Getränke
…

Das kaufe ich alles bei mir Vorort… 🤦🏻‍♂️

Das nervt nur…",SpackoG,27.11.0,2026-06-05T16:40:25Z,False,itunes_rss_mostRecent,False,False
2c52051591b23289a4e80efb0b29f1b1de49e4a6da6776c68e1960cea41d0842,14145928178,348712880,Amazon,de,2,Es wird echt bodenlos…,"Ich fand amazon mal
praktisch. Mittlerweile ist es meistens nur noch erbärmlich. Bei der Angebotsauswahl muss man zT ewig recherchieren bis was anständiges zu finden ist. Davon gibt es dann kaum was. Die Preise sind immer seltener gut (Mal abgesehen von diesen Tonnen an Schrott die da völlig ungestraft diesen Planeten verseuchen)Und wenn doch, ist es anscheinend meeeeega kompliziert das dann zu versenden. Wenn es so weitergeht, wird es wieder einfacher sein, das Zeug selbst herzustellen 🙄","Ich fand amazon mal
praktisch. Mittlerweile ist es meistens nur noch erbärmlich. Bei der Angebotsauswahl muss man zT ewig recherchieren bis was anständiges zu finden ist. Davon gibt es dann kaum was. Die Preise sind immer seltener gut (Mal abgesehen von diesen Tonnen an Schrott die da völlig ungestraft diesen Planeten verseuchen)Und wenn doch, ist es anscheinend meeeeega kompliziert das dann zu versenden. Wenn es so weitergeht, wird es wieder einfacher sein, das Zeug selbst herzustellen 🙄",Afg0085,27.11.0,2026-06-05T08:23:04Z,False,itunes_rss_mostRecent,False,False
6c1ad4caa590caf896f7ebae76e0ced926be886dd075c5572f9ec1f696ee61b0,14144431129,348712880,Amazon,de,1,Haul,Wenn man auf den Button Haul tippt kann man nichts suchen sondern es erscheint eine Beschreibung was Haul ist. Wenn man wieder zurück zur Hauptseite geht und nach unten scrollt kommen Button wo auf Haul Angebote hingewiesen wird. Geht man darauf erscheinen Angebote mit katastrophaler Darstellung. Nach etwas suchen geht schon gar nicht. Leider gar nicht zu empfehlen.,Wenn man auf den Button Haul tippt kann man nichts suchen sondern es erscheint eine Beschreibung was Haul ist. Wenn man wieder zurück zur Hauptseite geht und nach unten scrollt kommen Button wo auf Haul Angebote hingewiesen wird. Geht man darauf erscheinen Angebote mit katastrophaler Darstellung. Nach etwas suchen geht schon gar nicht. Leider gar nicht zu empfehlen.,Hunumali,27.11.0,2026-06-04T21:30:53Z,False,itunes_rss_mostRecent,False,False
03c340c0d640d95771c37462713366b654fa212facdd4ceec84f3f5690c0a4e1,14143537555,348712880,Amazon,de,1,Unübersichtlich,"Jetzt hatte man sich gerade an das neue Design / die neue Anordnung gewöhnt und wusste wo man hin musste um zu finden, was man wollte und jetzt is schon wieder alles anders.
Es wird bei jedem Update immer noch unübersichtlicher 🫠","Jetzt hatte man sich gerade an das neue Design / die neue Anordnung gewöhnt und wusste wo man hin musste um zu finden, was man wollte und jetzt is schon wieder alles anders.
Es wird bei jedem Update immer noch unübersichtlicher 🫠",nad1181,27.11.0,2026-06-04T16:27:03Z,False,itunes_rss_mostRecent,False,False
a223ff10a5d5e1f12186ae8565553f492116311ec3e0b0c7a3903c7331ad2d39,14142705209,348712880,Amazon,de,1,Heiß,"Seit diversen iOS Versionen, auch schon vor iOS 26, wird mein Gerät extrem heiß bei der Benutzung der App. Getestet mit dem 15 Pro Max und dem 16 Pro. Man kann zusehen, wie der Akku entlädt und nach wenigen Minuten kann ich das Handy nicht mehr guten Gewissens weiter belasten.

Online gibt es zig ähnliche Beiträge zu dieser Beobachtung. Bitte überprüft das.","Seit diversen iOS Versionen, auch schon vor iOS 26, wird mein Gerät extrem heiß bei der Benutzung der App. Getestet mit dem 15 Pro Max und dem 16 Pro. Man kann zusehen, wie der Akku entlädt und nach wenigen Minuten kann ich das Handy nicht mehr guten Gewissens weiter belasten. 

Online gibt es zig ähnliche Beiträge zu dieser Beobachtung. Bitte überprüft das.",imagine.owls,27.11.0,2026-06-04T12:16:47Z,False,itunes_rss_mostRecent,False,False
073712c128afd12af747f9293c134023e9edd85df92e72c2e80254f322e32023,14142603218,348712880,Amazon,de,1,Grundlos wird die Bestellung storniert,"Grundlos wird die Bestellung storniert, da Lastschrift grundlos abgelehnt wird","Grundlos wird die Bestellung storniert, da Lastschrift grundlos abgelehnt wird",ffflllooorrriiiaaannn,27.11.0,2026-06-04T11:42:21Z,False,itunes_rss_mostRecent,False,False
778bde3d92c4573c5c7d0557655a22eff641403e6cf0b882619e2da916ec5790,14142192239,348712880,Amazon,de,1,Abstürze und weise Blöcke,"Immer wieder stürzt die App ab und ständige Weise Blöcke , bei den Weisen Blöcke ist das so schlimm das man nichts anschauen kann . Jedes Mal die App schließen wieder öffnen und Artikel wieder lange suchen , wenn man den Artikel überhaupt wieder findet.","Immer wieder stürzt die App ab und ständige Weise Blöcke , bei den Weisen Blöcke ist das so schlimm das man nichts anschauen kann . Jedes Mal die App schließen wieder öffnen und Artikel wieder lange suchen , wenn man den Artikel überhaupt wieder findet.",Drogo 666,27.11.0,2026-06-04T08:57:45Z,False,itunes_rss_mostRecent,False,False
26c2a9c2918ee955d3734dad118c4014c877bd8070ad5ec6943cdc9bec12ada6,14140530266,348712880,Amazon,de,1,Richtig schlecht.,Man sieht absolut nicht ob ein Artikel Gebrauch oder neu angeboten wird!,Man sieht absolut nicht ob ein Artikel Gebrauch oder neu angeboten wird!,Christoph_E,27.11.0,2026-06-03T21:03:07Z,False,itunes_rss_mostRecent,False,False
48974ffc3d54bd67050450cf8f9ea51eb84dd06921d03ba1a2f0194b49c3108c,14138820762,348712880,Amazon,de,3,Problem Lösung,Sehr schlechter Kundendienst,Sehr schlechter Kundendienst,wolf ulrich,27.11.0,2026-06-03T12:00:28Z,False,itunes_rss_mostRecent,False,False
0fa61f0b4a823b3686607cc5f9ed80c416fb876ebcc799262076405ac79a567d,14137916848,348712880,Amazon,de,1,Kaum noch ein Unterschied zu AliExpress,"Ich habe bis vor kurzem fünf Sterne vergeben. Mittlerweile bin ich absolut genervt. die App ist komplett überladen. Wichtige Informationen erhalte ich erst über den dritten oder vierten Klick. Die App ist mittlerweile voll mit Gamification scheint so auszusehen wie die chinesischen Schrotthändler Apps. Wenn Amazon diese Entwicklung weiter verfolgt, werde ich komplett darauf verzichten. Für mich war Amazon bisher ein vertrauenswürdiger Premium Market Place. Das scheint sich momentan zu ändern.","Ich habe bis vor kurzem fünf Sterne vergeben. Mittlerweile bin ich absolut genervt. die App ist komplett überladen. Wichtige Informationen erhalte ich erst über den dritten oder vierten Klick. Die App ist mittlerweile voll mit Gamification scheint so auszusehen wie die chinesischen Schrotthändler Apps. Wenn Amazon diese Entwicklung weiter verfolgt, werde ich komplett darauf verzichten. Für mich war Amazon bisher ein vertrauenswürdiger Premium Market Place. Das scheint sich momentan zu ändern.",Arthur W,27.11.0,2026-06-03T05:36:47Z,False,itunes_rss_mostRecent,False,False
e19713888ef0b53bf71054b09ad6eac6cca6f2dd597c591ef217767422b4a130,14136516753,348712880,Amazon,de,1,Zieht den Akku leer,"Diese App wird immer schlimmer. Super unübersichtlich, ständig wird das User Interface angepasst und weiter verschlechtert. Dazu zieht sie seit neuestem den Akku spürbar leer. Das iPhone wird teils richtig warm und man kann zusehen wie die Prozente des Akkus fallen. Das passiert wenn man die App Entwicklung einer KI überlässt…","Diese App wird immer schlimmer. Super unübersichtlich, ständig wird das User Interface angepasst und weiter verschlechtert. Dazu zieht sie seit neuestem den Akku spürbar leer. Das iPhone wird teils richtig warm und man kann zusehen wie die Prozente des Akkus fallen. Das passiert wenn man die App Entwicklung einer KI überlässt…",Gabe1tothe3,27.11.0,2026-06-02T20:14:16Z,False,itunes_rss_mostRecent,False,False
19e30d5656eb109f93cd02a87c9d1e658ba43bcfaf7fe965edf760e36772699d,14136490405,348712880,Amazon,de,1,Nein danke,"Ich bin jetzt schon viele Jahre Kundin bei Amazon, weil man nicht alles in meiner näheren Umgebung bekommt und hierüber oft einfacher ist. Vor längeren Zeiten wurde mein Konto aus nicht definierbaren Gründen gesperrt, woraufhin ich mir ein neues Kundenkonto zugelegt hatte. Jetzt treten dieselben Probleme wieder auf. Ich kann nicht auf Monatsrechnung kaufen, wenn es mal dringend nötig ist. Und am Wochenende hieß es auch wieder: „Kundenkonto gesperrt. Bestellung storniert.“ Sorry, aber so macht man sich keine Kunden. Und es nervt einfach nur noch. Behalte jetzt nur noch meine Listen dort und werde zukünftig woanders kaufen. Gibt ja zum Glück noch andere Onlineshops, die nicht so mit ihren Kunden umgehen!","Ich bin jetzt schon viele Jahre Kundin bei Amazon, weil man nicht alles in meiner näheren Umgebung bekommt und hierüber oft einfacher ist. Vor längeren Zeiten wurde mein Konto aus nicht definierbaren Gründen gesperrt, woraufhin ich mir ein neues Kundenkonto zugelegt hatte. Jetzt treten dieselben Probleme wieder auf. Ich kann nicht auf Monatsrechnung kaufen, wenn es mal dringend nötig ist. Und am Wochenende hieß es auch wieder: „Kundenkonto gesperrt. Bestellung storniert.“ Sorry, aber so macht man sich keine Kunden. Und es nervt einfach nur noch. Behalte jetzt nur noch meine Listen dort und werde zukünftig woanders kaufen. Gibt ja zum Glück noch andere Onlineshops, die nicht so mit ihren Kunden umgehen!",fraeulein.K,27.11.0,2026-06-02T20:05:03Z,False,itunes_rss_mostRecent,False,False
d42ceb235ee8676cffdd90d4e15c5439d5ff0c17835728ebf921159931b2fb08,14136323209,348712880,Amazon,de,1,Kein Service,Ware sollte am 1. 06. da sein und war angeblich auf dem Weg zur Amazon Packstation und wir haben jetzt den 2. 06. und es gibt keine Reaktion. Das ist Megaschlecht!,Ware sollte am 1. 06. da sein und war angeblich auf dem Weg zur Amazon Packstation und wir haben jetzt den 2. 06. und es gibt keine Reaktion. Das ist Megaschlecht!,google_thebadboy,27.11.0,2026-06-02T19:08:21Z,False,itunes_rss_mostRecent,False,False
bfc3ec00f9551a92f92aca0f58b62a229944ab72f3de202782414f2a5bd9d1ce,14136274435,348712880,Amazon,de,1,Schlechter Service,"Der Versand ist hier inzwischen so unterirdisch dass man nichts mehr bestellen kann. Wer sich nicht zu Prime nötigen lässt, wird hier ganz klar benachteiligt. Waren aus China treffen schneller ein!","Der Versand ist hier inzwischen so unterirdisch dass man nichts mehr bestellen kann. Wer sich nicht zu Prime nötigen lässt, wird hier ganz klar benachteiligt. Waren aus China treffen schneller ein!",Kamikaze721001,27.11.0,2026-06-02T18:52:24Z,False,itunes_rss_mostRecent,False,False
c9c638a4d5bd4aab88126f3d30266e06ebf3f5cea3616649e7a78cbb1bd8ee3c,14134905383,348712880,Amazon,de,1,Total fehlerhaft,"Bestellungen werden kommentarlos teils direkt nach Aufgabe storniert und erstattet. Chat Support funktioniert über Tage hinweg gar nicht, genauso die Rückruffunktion. Grauenhaft","Bestellungen werden kommentarlos teils direkt nach Aufgabe storniert und erstattet. Chat Support funktioniert über Tage hinweg gar nicht, genauso die Rückruffunktion. Grauenhaft",Epicxlx,27.11.0,2026-06-02T11:56:05Z,False,itunes_rss_mostRecent,False,False
9592483e37c3f478ac796f53e278ef342cf8ec894d0fc25f82e4ee4c9da8d5ae,14134440982,348712880,Amazon,de,1,Delivery fraud,In most of the order delivery agent mark as customer not available at home and he didn’t call us single time and cancelled the delivery.,In most of the order delivery agent mark as customer not available at home and he didn’t call us single time and cancelled the delivery.,DevShah01,27.11.0,2026-06-02T08:54:41Z,False,itunes_rss_mostRecent,False,False
5a6360bad6b9937caec5cdab039db684fb5c5e459b1f97e123370d01f89c8638,14132590656,348712880,Amazon,de,1,Komplett Überladen,Ich finde nichts. Viel zu viele Funktionen die ich nie nutze.,Ich finde nichts. Viel zu viele Funktionen die ich nie nutze.,Jens88T,27.11.0,2026-06-01T20:22:57Z,False,itunes_rss_mostRecent,False,False
b88e272963ffd65e3663620c33e97faa3efea3a81150d0d0503dcade3f598b35,14131044199,348712880,Amazon,de,1,Lieferfrist total daneben!,"Der Kundendienst ist schlecht, nur falsche Aussagen!","Der Kundendienst ist schlecht, nur falsche Aussagen!",Pold20,27.10.0,2026-06-01T12:37:55Z,False,itunes_rss_mostRecent,False,False
7a533549fa1d281de11e8ec9c8bc8ea4518773a6be02baa38fd4acc6ff2d5fd5,14130264657,348712880,Amazon,de,1,Please,BEI GOTT KÖNNT IHR BITTE AUFHÖREN DIE UX JEDEN MONAT ZU ÄNDERN,BEI GOTT KÖNNT IHR BITTE AUFHÖREN DIE UX JEDEN MONAT ZU ÄNDERN,TheAyse,27.10.0,2026-06-01T07:32:41Z,False,itunes_rss_mostRecent,False,False
6e5c1122bc6cbf08506990e335e0afd19c73dc741ef801a25eb93542d98228e0,14128309094,348712880,Amazon,de,1,Lieferversprechen werden nicht mehr eingehalten,"Ich bin seit etwa 12 Jahren Amazon-Kunde und war mit dem Service über viele Jahre sehr zufrieden. Leider habe ich in letzter Zeit den Eindruck, dass die Servicequalität nachgelassen hat. Insbesondere die Lieferzeiten haben sich trotz bestehender Prime-Mitgliedschaft spürbar verlängert. Dadurch stellt sich für mich zunehmend die Frage nach dem Mehrwert von Prime.

Besonders auffällig ist ein aktuelles Problem bei den Lieferterminen: Während auf der Produktseite beispielsweise eine Zustellung für Dienstag angezeigt wird, erscheint nach dem Kauf in der Bestellübersicht häufig ein um einen Tag späterer Liefertermin. Zudem wird aus einem zunächst konkret genannten Lieferdatum nach der Bestellung oft nur noch eine „voraussichtliche Zustellung“.

Ich hoffe, dass es sich hierbei lediglich um einen technischen Fehler handelt, der zeitnah behoben wird. Sollte dieses Vorgehen jedoch systematisch sein, halte ich es für problematisch, da die tatsächlich kommunizierten Liefertermine von den Angaben vor dem Kauf abweichen. Transparente und verlässliche Lieferinformationen sind für Kunden von großer Bedeutung und bilden eine wichtige Grundlage für nachhaltiges Vertrauen in den Service und das Unternehmen!","Ich bin seit etwa 12 Jahren Amazon-Kunde und war mit dem Service über viele Jahre sehr zufrieden. Leider habe ich in letzter Zeit den Eindruck, dass die Servicequalität nachgelassen hat. Insbesondere die Lieferzeiten haben sich trotz bestehender Prime-Mitgliedschaft spürbar verlängert. Dadurch stellt sich für mich zunehmend die Frage nach dem Mehrwert von Prime.

Besonders auffällig ist ein aktuelles Problem bei den Lieferterminen: Während auf der Produktseite beispielsweise eine Zustellung für Dienstag angezeigt wird, erscheint nach dem Kauf in der Bestellübersicht häufig ein um einen Tag späterer Liefertermin. Zudem wird aus einem zunächst konkret genannten Lieferdatum nach der Bestellung oft nur noch eine „voraussichtliche Zustellung“.

Ich hoffe, dass es sich hierbei lediglich um einen technischen Fehler handelt, der zeitnah behoben wird. Sollte dieses Vorgehen jedoch systematisch sein, halte ich es für problematisch, da die tatsächlich kommunizierten Liefertermine von den Angaben vor dem Kauf abweichen. Transparente und verlässliche Lieferinformationen sind für Kunden von großer Bedeutung und bilden eine wichtige Grundlage für nachhaltiges Vertrauen in den Service und das Unternehmen!",EstrellaJacky,27.10.0,2026-05-31T18:37:56Z,False,itunes_rss_mostRecent,False,False
6211cff4b3a915e38f2a2cb345c72d6bf8aa1ccde640f000abb91a53921b7a4d,14127520312,348712880,Amazon,de,1,App Sperre,"Sobald man ein kleines im Text angebotenes Video anklickt heißt es „Bitte haben Sie etwas Geduld“
Das dauert dann stundenlang und man kann der App keine Befehle geben!! Jedesmal muß ich die App neu laden!?!?","Sobald man ein kleines im Text angebotenes Video anklickt heißt es „Bitte haben Sie etwas Geduld“
Das dauert dann stundenlang und man kann der App keine Befehle geben!! Jedesmal muß ich die App neu laden!?!?",A.V.44,27.10.0,2026-05-31T14:40:53Z,False,itunes_rss_mostRecent,False,False
7589f51638495f6facdcacdf3ad6c62891c4106c1e61a80153f97af09ca1d920,14127239354,348712880,Amazon,de,1,My verification in Amazone was horrible,I verified barely in amazon and it took more than a month and after that they kept my account on hold I can’t login to my account and my gift card balance is there this is not preventing fraud anymore this is fraud it self release my account I’m not gonna buy anything from Amazone anymore you ppl are keeping our money as long as you want because of unreasonable excuses like i have my signature on my ID but you say your team didn’t see it this is disgusting app,I verified barely in amazon and it took more than a month and after that they kept my account on hold I can’t login to my account and my gift card balance is there this is not preventing fraud anymore this is fraud it self release my account I’m not gonna buy anything from Amazone anymore you ppl are keeping our money as long as you want because of unreasonable excuses like i have my signature on my ID but you say your team didn’t see it this is disgusting app,Kasra2006,27.10.0,2026-05-31T13:18:21Z,False,itunes_rss_mostRecent,False,False
710873ce38b37217cb9d0488bda8b4ea804a93d24e8ee81c96c94f6dffd30dc1,14126575993,348712880,Amazon,de,3,Suche? Suche!,Ich suche einen Gürtel a 5cm Breite und bekomme zig unpassende Ergebnisse. Keine Ausnahme sondern Regel. Echt frustrierend.,Ich suche einen Gürtel a 5cm Breite und bekomme zig unpassende Ergebnisse. Keine Ausnahme sondern Regel. Echt frustrierend.,X@(gR99,27.10.0,2026-05-31T09:14:28Z,False,itunes_rss_mostRecent,False,False
b77744fa35c2d47fc487f1f017ecf262d0124ef39eacc48d60df096a9b79fb4f,14126467327,348712880,Amazon,de,1,Vorsichtig bei Rückgabe,"früher war das sehr gut bei Amazon zu kaufen, wenn man Probleme hatte kein Problem mit der Rücksendung. Jetzt streuben Sie sich. es ist schwer den Kundendienst irgendwo in zu erreichen. Es ist fast nicht mehr möglich zurückzusenden.
Da geh ich lieber zu Joybuy","früher war das sehr gut bei Amazon zu kaufen, wenn man Probleme hatte kein Problem mit der Rücksendung. Jetzt streuben Sie sich. es ist schwer den Kundendienst irgendwo in zu erreichen. Es ist fast nicht mehr möglich zurückzusenden.
Da geh ich lieber zu Joybuy",Mrsavoxx,27.10.0,2026-05-31T08:29:09Z,False,itunes_rss_mostRecent,False,False
26cf1c36dca03f18261103a6a224ba443b8113e7e352e269b102e20dcd6ac447,14125444762,348712880,Amazon,de,2,Unübersichtlich,"Die Navigation durch die App ist sehr schwierig geworden. Wichtige Funktionen sind versteckt, weniger relevante dafür begegnen einem ständig. Das einzige was gut funktioniert ist die Werbung.","Die Navigation durch die App ist sehr schwierig geworden. Wichtige Funktionen sind versteckt, weniger relevante dafür begegnen einem ständig. Das einzige was gut funktioniert ist die Werbung.",SkyWalker .,27.10.0,2026-05-31T01:13:58Z,False,itunes_rss_mostRecent,False,False
a50e9174a686083d681be8e39847ab69691673c14942ad52be7c7b305f6cdd59,14125180755,348712880,Amazon,de,1,Schlecht,Schlecht,Schlecht,L e i d e r,27.10.0,2026-05-30T23:27:37Z,False,itunes_rss_mostRecent,False,False
476f983ffc6481620dedcc291d7b16180f9f5734dd1390cda2a426491d08e124,14125163080,348712880,Amazon,de,1,Bewertung,Also Amazon ist nicht schlecht aber seit wann gibt es den Mitarbeiter das Recht fremde Menschen zu fotografieren und dann bei Amazon rein zu stellen,Also Amazon ist nicht schlecht aber seit wann gibt es den Mitarbeiter das Recht fremde Menschen zu fotografieren und dann bei Amazon rein zu stellen,i love 187❤️,27.10.0,2026-05-30T23:20:21Z,False,itunes_rss_mostRecent,False,False
dee6e8c0bd727e6321a545b8b50d2524354bb1f6e2cf325d3020c9e6856f8290,14124549903,348712880,Amazon,de,1,Dumme Anwendung,"Für Gewährleistungsfall soll ich laut dem sinnlosen Guide auf „Meine Bestellungen“ und dann ein Problem mit dem Produkt melden, das geht aber überhaupt nicht weil dort kein Feld ist um das auszuwählen.
Schmutz","Für Gewährleistungsfall soll ich laut dem sinnlosen Guide auf „Meine Bestellungen“ und dann ein Problem mit dem Produkt melden, das geht aber überhaupt nicht weil dort kein Feld ist um das auszuwählen.
Schmutz",DoubleUJan,27.10.0,2026-05-30T19:24:11Z,False,itunes_rss_mostRecent,False,False
060e569e4aa716e3f285171719ad71cdcff9d84dc1adda7c4edbed844c7ce1cf,14124108831,348712880,Amazon,de,1,Abzocke,"Mein Konto wurde gesperrt nach dem ich ein Abo, das ich nicht abgeschlossen habe und nicht kündigen konnte nicht bezahlt habe. Jetzt werde ich gezwungen den Betrag zu zahlen der offen ist um mein Konto zu entsperren. 3 mal den Support angefragt. 3 mal wurde gesagt das wird entsperrt. 3 mal falsche Versprechungen.","Mein Konto wurde gesperrt nach dem ich ein Abo, das ich nicht abgeschlossen habe und nicht kündigen konnte nicht bezahlt habe. Jetzt werde ich gezwungen den Betrag zu zahlen der offen ist um mein Konto zu entsperren. 3 mal den Support angefragt. 3 mal wurde gesagt das wird entsperrt. 3 mal falsche Versprechungen.",CB6802_1,27.10.0,2026-05-30T17:00:31Z,False,itunes_rss_mostRecent,False,False
4eaa961f022d86a22b6e9c50cac8de5d09ef0f0e90889cc5d618a2eb9675f20e,14123420449,348712880,Amazon,de,3,Lieferzusagen ungenügend,"Leider werden die von Amazon zugesicherten Lieferzeiten immer weniger eingehalten! Das betrifft Bestellungen „Verkauf und Versand von Amazon“.
Andere Versender (bei Bestellung über Amazon) sind oft zuverlässiger oder liefern nicht selten sogar früher als angegeben!
Etliche Artikel werden teilweise mehrere Tage später geliefert als versprochen….trotz PRIME👎🏻
Aktuell wurde eine Lieferung für Samstag zugesagt, jetzt erhalte ich sie nicht gleich am Montag, sondern erst Dienstag….wenn es denn tatsächlich passiert.
Wofür braucht man dann noch Prime? Für die werbefinanzierten Filmchen…sicher nicht.
Höffentlich bessert sich das bald…sonst war’s das mal wieder mit dem Primeabo ‼️‼️‼️","Leider werden die von Amazon zugesicherten Lieferzeiten immer weniger eingehalten! Das betrifft Bestellungen „Verkauf und Versand von Amazon“.
Andere Versender (bei Bestellung über Amazon) sind oft zuverlässiger oder liefern nicht selten sogar früher als angegeben!
Etliche Artikel werden teilweise mehrere Tage später geliefert als versprochen….trotz PRIME👎🏻
Aktuell wurde eine Lieferung für Samstag zugesagt, jetzt erhalte ich sie nicht gleich am Montag, sondern erst Dienstag….wenn es denn tatsächlich passiert.
Wofür braucht man dann noch Prime? Für die werbefinanzierten Filmchen…sicher nicht.
Höffentlich bessert sich das bald…sonst war’s das mal wieder mit dem Primeabo ‼️‼️‼️",Sabbeldunur,27.10.0,2026-05-30T13:44:05Z,False,itunes_rss_mostRecent,False,False
468cc2b6e7b817cd72464c85d710eb9cb997a60af24fefc3154486e36a772740,14122711643,348712880,Amazon,de,1,"Ganz ok, Aber!",Verstehe nur nicht warum bei iOS das speichern der Rechnung auf dem Handy verhindert wird. Das nervt nur noch!!!,Verstehe nur nicht warum bei iOS das speichern der Rechnung auf dem Handy verhindert wird. Das nervt nur noch!!!,Hustensaft175,27.10.0,2026-05-30T09:37:04Z,False,itunes_rss_mostRecent,False,False
3088135c914aed24636027ec921283f7558e7e6cc7a5baceba5f10af3dd52bc9,14122386701,348712880,Amazon,de,1,Nie wieder,"Also das ist wirklich eine Frechheir wenn man sich dort ein Iphone bestellen will, erst wird die Zahlungsmethode nicht akzeptiert und dann wird das Konto 3 mal gesperrt wegen ,,ungewöhnlichen Bestellaktivitöten“.","Also das ist wirklich eine Frechheir wenn man sich dort ein Iphone bestellen will, erst wird die Zahlungsmethode nicht akzeptiert und dann wird das Konto 3 mal gesperrt wegen ,,ungewöhnlichen Bestellaktivitöten“.",nicht gut die app,27.10.0,2026-05-30T07:19:33Z,False,itunes_rss_mostRecent,False,False
e302fee5a6d4d83e0b8b7a32433b401b70c44fec17630380e4cabff517239a0d,14121909544,348712880,Amazon,de,5,Ich liebe dich Amazon,Wunderbar ☺️,Wunderbar ☺️,Bolyasnyy,27.10.0,2026-05-30T03:47:50Z,False,itunes_rss_mostRecent,False,False
fb4cc24faaf9325018af040f3b9fa5dc35e6ae2dd7d4c916d2e475ded9d9782e,14119423549,348712880,Amazon,de,2,Amazon allgemein,"Es ist so das Amazon
Lieferung ankündigt und dann doch erst 1 Tag später liefert das ist bis jetzt in den nicht mal 2 Monaten wo ich dort Kunde bin 2 x vorgekommen
Dann der rückversand und Erstattung sehr sehr lange Bearbeitungszeit dann steht rückabwickling verzögert
Weil die nicht in die puschen kommen dann fällt den mal ein das die noch ein Ausweis benötigen also ich finde mein Fazit sehr schlecht gerade was retouren und Rücküberweisung betrifft da schläft Amazon noch andere große namen hafte Unternehmen schaffen das auch innerhalb einer Woche inkl rückversand und Erstattung
Definitiv bedarf es in diesen fällen noch Bedarf
Habe ein ähnliche. Shop gefunden ich bin da mit allem zufriedener","Es ist so das Amazon 
Lieferung ankündigt und dann doch erst 1 Tag später liefert das ist bis jetzt in den nicht mal 2 Monaten wo ich dort Kunde bin 2 x vorgekommen 
Dann der rückversand und Erstattung sehr sehr lange Bearbeitungszeit dann steht rückabwickling verzögert 
Weil die nicht in die puschen kommen dann fällt den mal ein das die noch ein Ausweis benötigen also ich finde mein Fazit sehr schlecht gerade was retouren und Rücküberweisung betrifft da schläft Amazon noch andere große namen hafte Unternehmen schaffen das auch innerhalb einer Woche inkl rückversand und Erstattung 
Definitiv bedarf es in diesen fällen noch Bedarf 
Habe ein ähnliche. Shop gefunden ich bin da mit allem zufriedener",SaschaRa80,27.10.0,2026-05-29T13:17:21Z,False,itunes_rss_mostRecent,False,False
3d8c0cd8e8cf52a7e555ca5a8e9b7fd835390e6d2659a6f7182c20f69d04335c,14118470635,348712880,Amazon,de,1,Schlechter geworden,Menüführung ist ganz merkwürdig geworden. Vor einigen Wochen war es noch anders. Gefällt mir gar nicht mehr. - wie diese billig china Shops auf einmal,Menüführung ist ganz merkwürdig geworden. Vor einigen Wochen war es noch anders. Gefällt mir gar nicht mehr. - wie diese billig china Shops auf einmal,Moje188888546,27.10.0,2026-05-29T07:08:28Z,False,itunes_rss_mostRecent,False,False
f2a0e0815f0a784b3ac0e224d6efe4af059cc856b5f4fc70d231d7fc8df9f1d6,14117238466,348712880,Amazon,de,1,Hesabıma giremiyorum,Hesabıma normal giriş yapmak istedikçe paralı sıfırlama kodu atıyorlar mailime kodu giriyorum ama güvenlik nedeni ile tam hesap ismi istiyor hatırlamıyorum onu. Başka yönlendirdiği yerde yok çok saçma,Hesabıma normal giriş yapmak istedikçe paralı sıfırlama kodu atıyorlar mailime kodu giriyorum ama güvenlik nedeni ile tam hesap ismi istiyor hatırlamıyorum onu. Başka yönlendirdiği yerde yok çok saçma,Kedilikalemlik,27.10.0,2026-05-28T22:16:18Z,False,itunes_rss_mostRecent,False,False
f49ab3da022ce42db42bd543cceacf26f0d0d53ebf6bb0d2c4650bdd0b8ccb27,14115114780,348712880,Amazon,de,1,Ich möchte nicht mit Du angesprochen werden,Bitte ändern Sie die Anrede auf ein professionelles Sie,Bitte ändern Sie die Anrede auf ein professionelles Sie,gkbadbad,27.10.0,2026-05-28T10:35:03Z,False,itunes_rss_mostRecent,False,False
2ddd88f5f8d67ce922476a0c1006b79b5580fa5df19f1f867e86155e09ae0c7f,14113174746,348712880,Amazon,de,2,Schlechter Kundenservice,"Der Kundenservice über KI ist sehr schlecht, als das noch mit echten Personen gemacht wurde, war es deutlich besser. Wenn eine Lieferung unvollständig ist, kann man nun mur noch alles zurückschicken, statt den Artikel nachgeliefert zu bekommen.","Der Kundenservice über KI ist sehr schlecht, als das noch mit echten Personen gemacht wurde, war es deutlich besser. Wenn eine Lieferung unvollständig ist, kann man nun mur noch alles zurückschicken, statt den Artikel nachgeliefert zu bekommen.",Friedo190799,27.10.0,2026-05-27T20:40:37Z,False,itunes_rss_mostRecent,False,False
596e1ae1505e455dc4bbc1d6467fafe3e72bd6d389114cbe526a9eec14e2d46e,14113137348,348712880,Amazon,de,1,Unübersichtlich und dreck mittlerweile,Wird immer nur voller und unübersichtlicher alles. Zweiter Zugang für Frau erstellen unmöglich und man wird nur noch mit billigem Dreck beworfen,Wird immer nur voller und unübersichtlicher alles. Zweiter Zugang für Frau erstellen unmöglich und man wird nur noch mit billigem Dreck beworfen,Redshot_ip,27.10.0,2026-05-27T20:26:35Z,False,itunes_rss_mostRecent,False,False
810e419a88fd9f693eefd70071ed7e939debe26555188b9ad7a972c6f544b2a3,14112281206,348712880,Amazon,de,4,Lieferansage?,"Nutze die App schon seit Jahren und bin eigentlich recht zufrieden damit. Das Einzige, was mich mich stört ist die Ansage auf der Karte „Du bist der nächste Halt!“ leider ist dem überhaupt nicht so. Der Fahrer fährt erst noch 17 andere Stellen an und macht dann irgendwo im Grünen große Pause. Da fühlt man sich echt veralbert. Dann lasst doch lieber solche Ansagen,   vor allem, wenn bei der Ansage, das Fahrzeug schon in der Nähe gehalten hat.","Nutze die App schon seit Jahren und bin eigentlich recht zufrieden damit. Das Einzige, was mich mich stört ist die Ansage auf der Karte „Du bist der nächste Halt!“ leider ist dem überhaupt nicht so. Der Fahrer fährt erst noch 17 andere Stellen an und macht dann irgendwo im Grünen große Pause. Da fühlt man sich echt veralbert. Dann lasst doch lieber solche Ansagen,   vor allem, wenn bei der Ansage, das Fahrzeug schon in der Nähe gehalten hat.",steini53,27.10.0,2026-05-27T15:35:26Z,False,itunes_rss_mostRecent,False,False
89680f0ee8767f69f9478aef5dd2540a612d74d51dc279391f6cc63a23429d7d,14111941786,348712880,Amazon,de,1,Sperrung,"Mein Konto wurde gesperrt , weil ich DDR5 ram bestellte und das verdächtig ist darauf hin wurde der Ram Storniert.","Mein Konto wurde gesperrt , weil ich DDR5 ram bestellte und das verdächtig ist darauf hin wurde der Ram Storniert.",Jiel11,27.10.0,2026-05-27T13:52:04Z,False,itunes_rss_mostRecent,False,False
92c362f5dd9f0d47d7cd49ead7fcb0990556dafebf67a11bb894a4525290764f,14111283901,348712880,Amazon,de,1,Betrug,"Ich habe mein Account schon seit 4 Jahren, aber man hat mich heute Morgen aus dem Account geworfen, und es lässt mich nicht wieder einloggen.

Mein Guthaben ist weg. Die Bestellung die ich gestern Abend erst bestätigt habe ist weg.
Mein Wunschliste ist weg.

Keine Vorwarnung, keine Email und auch keine SMS.

Habe beim Hilfe Center angerufen und mir wurde gesagt ich soll das Produkt nochmal bestellen… 1 im Preis von 2 ist ja auch toll!","Ich habe mein Account schon seit 4 Jahren, aber man hat mich heute Morgen aus dem Account geworfen, und es lässt mich nicht wieder einloggen. 

Mein Guthaben ist weg. Die Bestellung die ich gestern Abend erst bestätigt habe ist weg.
Mein Wunschliste ist weg.

Keine Vorwarnung, keine Email und auch keine SMS.

Habe beim Hilfe Center angerufen und mir wurde gesagt ich soll das Produkt nochmal bestellen… 1 im Preis von 2 ist ja auch toll!",ehhdkxhckamhdis,27.10.0,2026-05-27T10:03:26Z,False,itunes_rss_mostRecent,False,False
6cdf5dda5d228410d036a9972e9c4662d7d5421ece8ad79e37561b738ab63b82,14111137063,348712880,Amazon,de,1,Notifications abused for advertising,Push notifications could be helpful to be informed about deliveries and such but Amazon is abusing the permission to send notifications to push unwanted advertising.,Push notifications could be helpful to be informed about deliveries and such but Amazon is abusing the permission to send notifications to push unwanted advertising.,Earl of Cockwood,27.10.0,2026-05-27T08:57:48Z,False,itunes_rss_mostRecent,False,False
47b5174edc04711d75ace8e4eca2fe8c19c447b29784d643922ad887d9ac417c,14110986385,348712880,Amazon,de,1,Nachrichtencenter schwer auffindbar,Nachrichtencenter zu tief versteckt. Ist es Absicht?,Nachrichtencenter zu tief versteckt. Ist es Absicht?,ElVitalo,27.10.0,2026-05-27T07:46:23Z,False,itunes_rss_mostRecent,False,False
bf0de8edaf81b812d89b14e4bd976f545e75312f4684cd2064b27b16bf8697f5,14109239737,348712880,Amazon,de,2,Kundenservice war mal,"Der neue Kundenservice ist eine Katastrophe! Kein vernünftiger Support, Hotline versteckt …Es war mal so gut aber den Mist mache ich nicht lange mit!","Der neue Kundenservice ist eine Katastrophe! Kein vernünftiger Support, Hotline versteckt …Es war mal so gut aber den Mist mache ich nicht lange mit!",Jan1976333,27.10.0,2026-05-26T19:24:29Z,False,itunes_rss_mostRecent,False,False
4c78540d8dec03b62d76050177f7b841afaeca45c9f7c613603814e504b014ca,14105069370,348712880,Amazon,de,1,Nur noch China,"Wenn ich Produkte aus China kaufen will, dann suche ich im TikTok Shop oder bei Temo, aber nicht die überteuerten Angebote bei Amazon. Wenn ich bei Amazon etwas bestelle dann hätte ich gerne unsere Kleinunternehmer angezeigt und Produkte die nach EU Standard vertrieben werden und dementsprechend Garantie haben und einem gewissen Qualitätsstandard entsprechen, so zumindest meine Hoffnung. Ich möchte kein Elektrokabel in meiner Wohnung haben, bei dem ich Angst haben muss, dass es mir in fünf Tagen die Bude abfackelt. Man kann noch nicht mal wählen ob man es regional kaufen will oder nicht. Mit dem Preis und einem kostenlosen Versand kann Amazon nicht mehr punkten. Setzt bitte auf Qualität!!!","Wenn ich Produkte aus China kaufen will, dann suche ich im TikTok Shop oder bei Temo, aber nicht die überteuerten Angebote bei Amazon. Wenn ich bei Amazon etwas bestelle dann hätte ich gerne unsere Kleinunternehmer angezeigt und Produkte die nach EU Standard vertrieben werden und dementsprechend Garantie haben und einem gewissen Qualitätsstandard entsprechen, so zumindest meine Hoffnung. Ich möchte kein Elektrokabel in meiner Wohnung haben, bei dem ich Angst haben muss, dass es mir in fünf Tagen die Bude abfackelt. Man kann noch nicht mal wählen ob man es regional kaufen will oder nicht. Mit dem Preis und einem kostenlosen Versand kann Amazon nicht mehr punkten. Setzt bitte auf Qualität!!!",PegasusTT77,27.10.0,2026-05-25T17:00:46Z,False,itunes_rss_mostRecent,False,False
49425d0cb4959945b02a4e4dd64ad5d4d051ab65eb35255eb1a477b0d24768c4,14102205997,348712880,Amazon,de,1,Disappointed,"Worst company ever, their workers have to piss on bottles to complete their “duties”. All the products I bought when I used it had fake pictures. Only some bedsheets I bought came according to the description and pictures.","Worst company ever, their workers have to piss on bottles to complete their “duties”. All the products I bought when I used it had fake pictures. Only some bedsheets I bought came according to the description and pictures.",Tuputamadreimbecil,27.10.0,2026-05-24T22:23:15Z,False,itunes_rss_mostRecent,False,False
a999246c5e692a061ead07ca2d39e8045c1207af8dc8b20b00c009a972e072be,14100812304,348712880,Amazon,de,1,Alles storniert ohne Grund,Bitte kauft dort nicht ein,Bitte kauft dort nicht ein,Safilini,27.10.0,2026-05-24T14:34:21Z,False,itunes_rss_mostRecent,False,False
b50140833456c4dd34d747ec4d16f4d84da9946e8ebd04885e409ac49d4531d1,14099035560,348712880,Amazon,de,2,App wegen Übergriffigkeit gelöscht,"Es ist für mich inakzeptabel, daß beim Anklicken eines Amazon-Links dieser automatisch in der Amazon-App geöffnet wird ohne mich zuvor zu fragen. Ich will nämlich grundsätzlich selbst entscheiden, ob der Link im Webbrowser (und wenn ja, im welchem der vier installierten) oder in der Amazon-App geöffnet wird. Selbstverständlich gilt das ebenso analog auch für alle anderen Apps. Da Amazon das ignoriert, zog ich nun die Konsequenz und deinstallierte bzw. löschte die App von allen Mobilgeräten. Ich erkenne ohnehin keinen wirklichen Mehrwert solcher Shopping-Apps für den Kunden, sehr wohl aber für die Händler (oft oder meist zum Nachteil des Kunden!). Das Einkaufen geht im Webbrowser mit Tabs und Tabgruppen erfahrungsgemäß ohnehin immer viel komfortabler.","Es ist für mich inakzeptabel, daß beim Anklicken eines Amazon-Links dieser automatisch in der Amazon-App geöffnet wird ohne mich zuvor zu fragen. Ich will nämlich grundsätzlich selbst entscheiden, ob der Link im Webbrowser (und wenn ja, im welchem der vier installierten) oder in der Amazon-App geöffnet wird. Selbstverständlich gilt das ebenso analog auch für alle anderen Apps. Da Amazon das ignoriert, zog ich nun die Konsequenz und deinstallierte bzw. löschte die App von allen Mobilgeräten. Ich erkenne ohnehin keinen wirklichen Mehrwert solcher Shopping-Apps für den Kunden, sehr wohl aber für die Händler (oft oder meist zum Nachteil des Kunden!). Das Einkaufen geht im Webbrowser mit Tabs und Tabgruppen erfahrungsgemäß ohnehin immer viel komfortabler.",WerWieWasWiesoWeshalbWarum,27.10.0,2026-05-24T02:47:49Z,False,itunes_rss_mostRecent,False,False
3dfe225a12ad476b42cc3aaea0c7cfa76414e6f333d8b6abe2e4f9065e7ff8eb,14097516742,348712880,Amazon,de,1,Unverschämt,Lieber mal bei der Konkurrenz stöbern. Oft günstiger.,Lieber mal bei der Konkurrenz stöbern. Oft günstiger.,Danny_Rod,27.10.0,2026-05-23T17:15:14Z,False,itunes_rss_mostRecent,False,False
a98ad7da4a40bea2a0f0f48f309c73e2c1797891bc399d64205c306ecbff8414,14096872061,348712880,Amazon,de,1,Immer neue Verwirrung stiften,"Man denkt sich immer wieder etwas Neues aus um die Kunden zu verwirren, wie z.B. ihr Spar Abo zu finden!","Man denkt sich immer wieder etwas Neues aus um die Kunden zu verwirren, wie z.B. ihr Spar Abo zu finden!",Hansdampf....,27.10.0,2026-05-23T14:03:18Z,False,itunes_rss_mostRecent,False,False
b4e1d46bcc0cbafabad6eab2c3229e834c6ac2e8701f99c5614f2ef244f20af1,14096636868,348712880,Amazon,de,1,Ungenügende Dienstleistung,"Bin jetzt wirklich ein langjähriger Kunde, die Amazon, Streams und Sparten werden inhaltlich immer langweiliger mit den selben Gesichter der Schauspieler in verschiedenen Rollen. Die Story ist nach 5 Minuten klar zu erkennen(gähn)

Aktuell kündige ich alle zusätzlichen Channels🤷‍♂️

Nicht gelieferte Bestellung:

Im Kundenportal werde ich systematisch in so genannten Hilfe Fragestellungen verwickelt und im Kreis geführt‼️

Eine Kundendienst- Rufnummer, die ich im Rahmen meiner Bestellung anrufen wollte, ist schlicht und ergreifend, nicht Existend🤮

Wenn das so weitergeht bleibt mir nur noch die Kündigung🤷‍♂️","Bin jetzt wirklich ein langjähriger Kunde, die Amazon, Streams und Sparten werden inhaltlich immer langweiliger mit den selben Gesichter der Schauspieler in verschiedenen Rollen. Die Story ist nach 5 Minuten klar zu erkennen(gähn) 

Aktuell kündige ich alle zusätzlichen Channels🤷‍♂️

Nicht gelieferte Bestellung:

Im Kundenportal werde ich systematisch in so genannten Hilfe Fragestellungen verwickelt und im Kreis geführt‼️

Eine Kundendienst- Rufnummer, die ich im Rahmen meiner Bestellung anrufen wollte, ist schlicht und ergreifend, nicht Existend🤮 

Wenn das so weitergeht bleibt mir nur noch die Kündigung🤷‍♂️",Gemini08 15,27.10.0,2026-05-23T12:52:20Z,False,itunes_rss_mostRecent,False,False
1fc0bb87f41e041b8cc68c1c82b5738fca35fbc6ca1ddb8dd208059e6fead724,14096337989,348712880,Amazon,de,5,Gut,Gut,Gut,Maga1484,27.10.0,2026-05-23T11:09:02Z,False,itunes_rss_mostRecent,False,False
f0267d015422e7a79c4112cd424d7850c0edc40cbd4903364143833c78d1b54f,14096286230,348712880,Amazon,de,1,Katastrophal!,"Das neue Design ist grauenvoll und wieso schließen sie mich aus meinem Konto aus, wieder anmelden geht nur per WhatsApp Nachricht die nicht kommt?
Großes Kino Amazon, absoluter Müll!","Das neue Design ist grauenvoll und wieso schließen sie mich aus meinem Konto aus, wieder anmelden geht nur per WhatsApp Nachricht die nicht kommt?
Großes Kino Amazon, absoluter Müll!",Fkay94,27.10.0,2026-05-23T10:48:43Z,False,itunes_rss_mostRecent,False,False
66b55c9920cd1b2cc53c5296fa57c20716e87c92744d481877e9e3607e46e95b,14093292354,348712880,Amazon,de,1,Kundenservice,"Kundenservice nicht mehr erreichbar oder so versteckt, dass man ihn nicht findet. Was macht Amazon denn da?","Kundenservice nicht mehr erreichbar oder so versteckt, dass man ihn nicht findet. Was macht Amazon denn da?",xjonasxx,27.10.0,2026-05-22T15:15:36Z,False,itunes_rss_mostRecent,False,False
c2e5d30b1de08cdcc3e828a76f877dcb917360625300874735aff51fc2e36a15,14089053305,348712880,Amazon,de,1,L,Just wanted to buy a Ps Card with an Amazon Card,Just wanted to buy a Ps Card with an Amazon Card,John💀Leon,27.10.0,2026-05-21T12:09:04Z,False,itunes_rss_mostRecent,False,False
e4d92e45ac3a4fe455f7be7336e735d3e7d815a9ed455e70205d3eefb78e2894,14088248441,348712880,Amazon,de,3,Neues Update,"Seit dem neuen Update
Ist die schriftgrösse zb. Abends wenn das iPhone automatisch auf Helligkeit umschaltet kleiner als eingestellt.
Muss dann in den Einstellungen des iPhones immer die Schriftgröße ändern
Äußerst nervig als langjähriger Nutzer","Seit dem neuen Update
Ist die schriftgrösse zb. Abends wenn das iPhone automatisch auf Helligkeit umschaltet kleiner als eingestellt. 
Muss dann in den Einstellungen des iPhones immer die Schriftgröße ändern 
Äußerst nervig als langjähriger Nutzer",Fonsel01,27.10.0,2026-05-21T06:06:17Z,False,itunes_rss_mostRecent,False,False
24ba4c31d5353b5f4567db267e8e085d43e188e0353d5e96e1fe07d7d96a51b2,14086597087,348712880,Amazon,de,1,Browserverlauf,"Warum kann man seit ein paar Tagen den Browserverlauf nicht mehr sehen? Egal auf welchem Gerät, ob in der App oder auf dem PC habe ich beim Browserverlauf nur eine weiße Seite. Kontaktmöglichkeit gibt es dazu auch nicht!","Warum kann man seit ein paar Tagen den Browserverlauf nicht mehr sehen? Egal auf welchem Gerät, ob in der App oder auf dem PC habe ich beim Browserverlauf nur eine weiße Seite. Kontaktmöglichkeit gibt es dazu auch nicht!",Hamburch1910,27.10.0,2026-05-20T18:32:31Z,False,itunes_rss_mostRecent,False,False
1f8869da27116f85b2c544625d12743d7bf096968bcf05f709149a9e8261c93f,14083837150,348712880,Amazon,de,1,"wo licht ist, da ist auch schatten","1. leider ist es zum beispiel nur schwer möglich international zu shoppen.

2.1. es kommt regelmäßig vor dass es heißt dass wir nicht zuhause anzutreffen sind.
2.2. dann wird es entweder beim nachbar abgegeben oder gar nicht, nur weil wir im 3. stock wohnen.

3. selbst als prime kunde erhält man viele Lieferungen verspätet 🚛💨","1. leider ist es zum beispiel nur schwer möglich international zu shoppen.

2.1. es kommt regelmäßig vor dass es heißt dass wir nicht zuhause anzutreffen sind.
2.2. dann wird es entweder beim nachbar abgegeben oder gar nicht, nur weil wir im 3. stock wohnen.

3. selbst als prime kunde erhält man viele Lieferungen verspätet 🚛💨",S@ncar,27.10.0,2026-05-20T00:24:16Z,False,itunes_rss_mostRecent,False,False
0e073c7bee1bc87bf70e3dea4feb72253675e0b0fbe1dfb0ece3b07d1174117d,14083400046,348712880,Amazon,de,1,Andauernde Abstürze,Seit dem letztem Update ist die App unstabil und so was von schlecht....,Seit dem letztem Update ist die App unstabil und so was von schlecht....,KojeKudE?!,27.10.0,2026-05-19T21:21:25Z,False,itunes_rss_mostRecent,False,False
db36e7a4a62e35982c3fafa612788ee495e855a1c28834871938aeffdf2d7b08,14083172620,348712880,Amazon,de,5,Liebe es hier Einzukaufen,"Ich liebe es, bei Amazon einzukaufen. Super Produkte toller Service. wenn man Probleme mit dem Produkten hat, findet Amazon immer eine schnelle Lösung. Bin sehr zu Frieden","Ich liebe es, bei Amazon einzukaufen. Super Produkte toller Service. wenn man Probleme mit dem Produkten hat, findet Amazon immer eine schnelle Lösung. Bin sehr zu Frieden",Sab&;)?!4567,27.10.0,2026-05-19T19:53:07Z,False,itunes_rss_mostRecent,False,False
3bf800123359d72a4e51f962db10ca5bad3c0707439c48f7bd33a6f17454043c,14082957365,348712880,Amazon,de,1,Nicht so gut wie früher,"Leider bin ich sehr enttäuscht. Innerhalb der 30 Tagen ab Kauf ist Amazon sehr kulant da sie eigentlich nur 14 Tage Rückgabe anbieten müssten. Aber innerhalb der Garantie bzw. gesetzlichen Gewährleistung wirds sehr schwierig und wir bewegen uns auf einem sehr schlechten Niveau. Urplötzlich heißt es, na ja wir müssen reparieren und ein austauschen sei nicht möglich. Witzig denn laut Paragraf 439 Nacherfüllung MÜSSEN sie ! Also sollte jeder aufpassen und seine Rechte kennen. Zur not muss man sie halt einklagen. Kennt Amazon ja inzwischen mit Prime und so.","Leider bin ich sehr enttäuscht. Innerhalb der 30 Tagen ab Kauf ist Amazon sehr kulant da sie eigentlich nur 14 Tage Rückgabe anbieten müssten. Aber innerhalb der Garantie bzw. gesetzlichen Gewährleistung wirds sehr schwierig und wir bewegen uns auf einem sehr schlechten Niveau. Urplötzlich heißt es, na ja wir müssen reparieren und ein austauschen sei nicht möglich. Witzig denn laut Paragraf 439 Nacherfüllung MÜSSEN sie ! Also sollte jeder aufpassen und seine Rechte kennen. Zur not muss man sie halt einklagen. Kennt Amazon ja inzwischen mit Prime und so.",Mike.1223,27.10.0,2026-05-19T18:34:55Z,False,itunes_rss_mostRecent,False,False
ef5dbd8ecd8941bee0cd21aaffeba2856ddaec8c30622fc0be02b73685e8efde,14081583933,348712880,Amazon,de,3,Unübersichtlich,"Ich bediene Amazon viel lieber über die Webseite. Dort hat man mehr Übersicht und mehr Funktionen. Allerdings geht der Browserverlauf seit letzter Woche weder in der App, noch auf der Webseite. Nervt total, bitte schnellstmöglich beheben.","Ich bediene Amazon viel lieber über die Webseite. Dort hat man mehr Übersicht und mehr Funktionen. Allerdings geht der Browserverlauf seit letzter Woche weder in der App, noch auf der Webseite. Nervt total, bitte schnellstmöglich beheben.",LaRubia777,27.10.0,2026-05-19T10:56:47Z,False,itunes_rss_mostRecent,False,False
32fa4ba5944e7c4ff68df2134a4ef53b50d35e0c2b234a69944faea03053cde5,14081136415,348712880,Amazon,de,1,Für Amazon-Standard enttäuschend,"Vorgaben nerven. Wieso werden immerzu die Kindlausgaben bei Büchern als erstes angezeigt? Kein Zurückblättern möglich! Unbedingt nachbessern.

Keine User-Ansicht in Rezensionen. Dadurch keine Kontrollmöglichkeit.","Vorgaben nerven. Wieso werden immerzu die Kindlausgaben bei Büchern als erstes angezeigt? Kein Zurückblättern möglich! Unbedingt nachbessern.

Keine User-Ansicht in Rezensionen. Dadurch keine Kontrollmöglichkeit.",Masen,27.10.0,2026-05-19T07:22:47Z,False,itunes_rss_mostRecent,False,False
751bac92e6485b8acf15fab8caa6e8041a64bc865c9c6f06008172acf896ad1e,14080878720,348712880,Amazon,de,1,Artikel verbergen????,"Wieso kann ich gekaufte Artikel nicht verbergen oder löschen? Es wird durchstehen prominent auf fast jeder Seite angezeigt, ob ich das nicht nochmal bestellen will oder mehr brauche. Ich will nicht, dass man es überhaupt sieht!!
Ich werde ab jetzt einfach woanders bestellen.","Wieso kann ich gekaufte Artikel nicht verbergen oder löschen? Es wird durchstehen prominent auf fast jeder Seite angezeigt, ob ich das nicht nochmal bestellen will oder mehr brauche. Ich will nicht, dass man es überhaupt sieht!!
Ich werde ab jetzt einfach woanders bestellen.",Nobody2300,27.10.0,2026-05-19T05:08:20Z,False,itunes_rss_mostRecent,False,False
c7ec116b49a24f47c947faa9dcf336c60c3e8c7f6eb2dd4557825f7eb0e2cb87,14079637784,348712880,Amazon,de,1,Abstürze über Abstürze,Beim Suchen nach Produkten Sturz wie permanent ab. Nur noch Fehlermeldungen oder komplette App Abstürze.,Beim Suchen nach Produkten Sturz wie permanent ab. Nur noch Fehlermeldungen oder komplette App Abstürze.,Celle1234,27.10.0,2026-05-18T20:11:01Z,False,itunes_rss_mostRecent,False,False
ddcd4e8f9b1b7edddbca46f3cda9f2ca1868764e81c630a1b9c93102e1e6a3e3,14078217541,348712880,Amazon,de,1,S,S,S,z5jj5zh5zh5zj,27.9.0,2026-05-18T12:19:27Z,False,itunes_rss_mostRecent,True,False
249b4c656dd18385f4e06e7263d7b34bc2fa847eb7d188fec82799d625e277b0,14076177419,348712880,Amazon,de,1,Letzte App für Einkäufe die ich beraten würde,"Meine Bestellung werden immer abgelehnt, obwohl ich direkt bezahlen möchte, habe schon öfters eingekauft, immer wieder das selbe Problem, einfach nur unmöglich, komplettes Nervenzusammenbruch wegen so einer Kleinigkeit","Meine Bestellung werden immer abgelehnt, obwohl ich direkt bezahlen möchte, habe schon öfters eingekauft, immer wieder das selbe Problem, einfach nur unmöglich, komplettes Nervenzusammenbruch wegen so einer Kleinigkeit",Boldinog,27.9.0,2026-05-17T21:00:35Z,False,itunes_rss_mostRecent,False,False
2290f8f1d020dec6892f97fb152e782dc0be038336b183841378ad9edea1e0b8,14075002593,348712880,Amazon,de,2,Im Warenkorb erwarte ich Anzeige der Gesamtsumme und Möglichkeiten für Lieferung,"Aber nur einzelne Artikel und bei weiter sofort Kreditkarte. Das ist intransparent, bitte verbessern.
Bitte unter
Konto alle Verträge bzw. Abos UND Kosten auf einen Blick anzeigen, danke! Zudem erbitte ich dringend Zugriff auf alle Rechnungen, auch bei mehr als einem Artikel pro Bestellung via App. Es ist unseriös für technische Geräte keine Papierrechnung mitzuschicken und dann auf eine Website zu verweisen. Sonst müsst ihr vorher darauf hinweisen, dass man als Kunde nur mit PC eine ordentliche Rechnung erhält.","Aber nur einzelne Artikel und bei weiter sofort Kreditkarte. Das ist intransparent, bitte verbessern. 
Bitte unter 
Konto alle Verträge bzw. Abos UND Kosten auf einen Blick anzeigen, danke! Zudem erbitte ich dringend Zugriff auf alle Rechnungen, auch bei mehr als einem Artikel pro Bestellung via App. Es ist unseriös für technische Geräte keine Papierrechnung mitzuschicken und dann auf eine Website zu verweisen. Sonst müsst ihr vorher darauf hinweisen, dass man als Kunde nur mit PC eine ordentliche Rechnung erhält.",MichelleP*,27.9.0,2026-05-17T14:38:34Z,False,itunes_rss_mostRecent,False,False
8f04cccd6579b3dba5a4a877d3da6a0eba3a63bcc405fc2c8c0323fef59588d1,14072249303,348712880,Amazon,de,1,Nach dem letzten Update unbrauchbar,"Nach dem letzten Update ist die App nicht mehr zu gebrauchen. Leerer Browserverlauf, nachdem man Fotos von Artikeln sich vergrößert hat zum anschauen, hängt sich die App komplett auf usw.","Nach dem letzten Update ist die App nicht mehr zu gebrauchen. Leerer Browserverlauf, nachdem man Fotos von Artikeln sich vergrößert hat zum anschauen, hängt sich die App komplett auf usw.",HH Karsten,27.9.0,2026-05-16T20:14:28Z,False,itunes_rss_mostRecent,False,False
cb9af3a958fdfb495fccd4ac34048b6997baf83102b3ee2759782351b9fe6c49,14071722147,348712880,Amazon,de,4,🤔,Seit einiger keine Zeit wird keine Karte zur Paketverfolgung mehr angezeigt. ???,Seit einiger keine Zeit wird keine Karte zur Paketverfolgung mehr angezeigt. ???,mph67,27.9.0,2026-05-16T17:12:25Z,False,itunes_rss_mostRecent,False,False
ad6b368aa85a5c8823137ea41ff9ae25b4d2e39d7824f13f6e624155681d00cc,14071384298,348712880,Amazon,de,1,SAID,"Very bad, and no one advised using Amazon, and the items do not match at all when buying. They are liars and frauds.","Very bad, and no one advised using Amazon, and the items do not match at all when buying. They are liars and frauds.",Said Alkawas,27.9.0,2026-05-16T15:29:27Z,False,itunes_rss_mostRecent,False,False
960fa07ab9b3ee202a8d783f5bbf626e004690abe92142fa817c185d01686591,14070644945,348712880,Amazon,de,5,Alles in einem,"Das Einkaufen, suchen sowie die Kommunikation über die App ist hervorragend. Auch der Kontakt mit dem Service ist einfach und intuitiv. Spezielle Angebot die meinen Interessen entsprechen, werden mir regelmäßig angezeigt und ich kann über die Einstellungen, Benachrichtigungen und meine persönliche Profilverwaltung, nach meinen Vorlieben einstellen.","Das Einkaufen, suchen sowie die Kommunikation über die App ist hervorragend. Auch der Kontakt mit dem Service ist einfach und intuitiv. Spezielle Angebot die meinen Interessen entsprechen, werden mir regelmäßig angezeigt und ich kann über die Einstellungen, Benachrichtigungen und meine persönliche Profilverwaltung, nach meinen Vorlieben einstellen.",Don tone123456789,27.9.0,2026-05-16T11:44:30Z,False,itunes_rss_mostRecent,False,False
b0cac26914cd20b05ecd3dd84e0e5dac99b32bc5d9165ce5dd14f7283fb6ee9f,14070535405,348712880,Amazon,de,1,"Schlechte App, einziges Ziel, möglichst andere Produkte zeigen und zum kaufen verleiten.","Diese App ist wirklich schlecht. Das einzige Ziel der App ist es zum Kauf zu verleiten. Bei einer eindeutigen Suche, zum Beispiel:
Huawei Watch Ultimate 2

Deutlicher kann man das Produkt gar nicht beschreiben, was auf Basis der Nennung der einzelnen Wörter nicht möglich ist, zumindest nicht logisch möglich ist, das Produkte von Garmin oder SAMSUNG gezeigt werden. Da man im Vorfeld nicht schildern kann, und auch keine Basis Einstellung für die Suche treffen kann, ist es absolut eine Frechheit, dass man, obwohl man exakt sucht, denn dennoch falsche Produkte angezeigt bekommt.

abgesehen davon ist es ein Graus, wie oft man sich in dieser App neu anmelden muss, und wie oft irgendwelche Menüpunkte umgebaut werden.","Diese App ist wirklich schlecht. Das einzige Ziel der App ist es zum Kauf zu verleiten. Bei einer eindeutigen Suche, zum Beispiel:
Huawei Watch Ultimate 2

Deutlicher kann man das Produkt gar nicht beschreiben, was auf Basis der Nennung der einzelnen Wörter nicht möglich ist, zumindest nicht logisch möglich ist, das Produkte von Garmin oder SAMSUNG gezeigt werden. Da man im Vorfeld nicht schildern kann, und auch keine Basis Einstellung für die Suche treffen kann, ist es absolut eine Frechheit, dass man, obwohl man exakt sucht, denn dennoch falsche Produkte angezeigt bekommt.

abgesehen davon ist es ein Graus, wie oft man sich in dieser App neu anmelden muss, und wie oft irgendwelche Menüpunkte umgebaut werden.",pasadehna,27.9.0,2026-05-16T11:04:51Z,False,itunes_rss_mostRecent,False,False
4837f46dc88170b43babe07d1e4d29a37800fbd66b643583029d75a3681ded41,14070193951,348712880,Amazon,de,1,Amazon Haul,"Nervigster Müll ever.
Ich komme mir vor wie bei Alibaba, temu oder irgendeinen anderen China Schrott Händler.
Warum bekomme ich diese Werbung, dieses Pop und nirgends eine Möglichkeit diesen Müll zu deaktivieren.","Nervigster Müll ever. 
Ich komme mir vor wie bei Alibaba, temu oder irgendeinen anderen China Schrott Händler. 
Warum bekomme ich diese Werbung, dieses Pop und nirgends eine Möglichkeit diesen Müll zu deaktivieren.",Ronnie Soak,27.9.0,2026-05-16T08:44:09Z,False,itunes_rss_mostRecent,False,False
10dafca1423a2a4ed8110e861078a532ccc192441c33afc4a8141a6f5eb66f6d,14068572458,348712880,Amazon,de,1,"Der Fahrer weigerte sich, mir die Bestellung auszuhändigen und der Kundendienst person es storniert","Nachdem ich auf die Ankunft der letzten Station gewartet hatte und mir das System signalisierte, dass ich als Nächstes an der Reihe sei, wartete ich vor dem Gebäude auf den Zusteller, um jegliche Komplikationen zu vermeiden. Ich beobachtete, wie der Fahrer immer wieder auf und ab fuhr und das Gebäude umrundete, ohne die richtige Zufahrtsstraße zu finden – wohlgemerkt handelte es sich dabei um eine Hauptstraße! Nach einer Stunde ließ er meinen Stopp einfach aus und setzte seine Tour fort. Ich folgte ihm, und als ich ihn schließlich eingeholt hatte, weigerte er sich, mir die Sendung auszuhändigen. Er sagte wörtlich: „Ja, Sie haben eine Bestellung, und ich habe sie bei mir. Ich könnte sie Ihnen jetzt geben, aber das werde ich nicht tun. Sie können Amazon anrufen, Beschwerde einlegen und tun, was immer Sie wollen – diese Bestellung bekommen Sie erst, wenn ich alle meine anderen Aufträge erledigt habe!“ Ich rief daraufhin bei Amazon an; der Fahrer stand direkt neben mir und konnte mein Gespräch mithören. Und natürlich hatten sie – wie so oft – keine sofortige Lösung parat, außer der Möglichkeit, eine Beschwerde einzureichen. Doch anstatt meine Bestellung zu erhalten, stornierte der „Schlaumeier“ am Telefon meine Sendung kurzerhand und forderte mich auf, eine neue Bestellung aufzugeben, die dann an einem anderen Tag zugestellt werden sollte.","Nachdem ich auf die Ankunft der letzten Station gewartet hatte und mir das System signalisierte, dass ich als Nächstes an der Reihe sei, wartete ich vor dem Gebäude auf den Zusteller, um jegliche Komplikationen zu vermeiden. Ich beobachtete, wie der Fahrer immer wieder auf und ab fuhr und das Gebäude umrundete, ohne die richtige Zufahrtsstraße zu finden – wohlgemerkt handelte es sich dabei um eine Hauptstraße! Nach einer Stunde ließ er meinen Stopp einfach aus und setzte seine Tour fort. Ich folgte ihm, und als ich ihn schließlich eingeholt hatte, weigerte er sich, mir die Sendung auszuhändigen. Er sagte wörtlich: „Ja, Sie haben eine Bestellung, und ich habe sie bei mir. Ich könnte sie Ihnen jetzt geben, aber das werde ich nicht tun. Sie können Amazon anrufen, Beschwerde einlegen und tun, was immer Sie wollen – diese Bestellung bekommen Sie erst, wenn ich alle meine anderen Aufträge erledigt habe!“ Ich rief daraufhin bei Amazon an; der Fahrer stand direkt neben mir und konnte mein Gespräch mithören. Und natürlich hatten sie – wie so oft – keine sofortige Lösung parat, außer der Möglichkeit, eine Beschwerde einzureichen. Doch anstatt meine Bestellung zu erhalten, stornierte der „Schlaumeier“ am Telefon meine Sendung kurzerhand und forderte mich auf, eine neue Bestellung aufzugeben, die dann an einem anderen Tag zugestellt werden sollte.",Haj-Hussein,27.9.0,2026-05-15T21:13:28Z,False,itunes_rss_mostRecent,False,False
549131b560676c951e680d9bfc93c74848e6150de35fc31e1d8a01e89a252c58,14066794530,348712880,Amazon,de,1,Zahlung Katastrophal,"Es wird versucht die Bestellung zu stornieren… Einen Tag später versandt.. Absolut lächerlich, hier kommt nichts aus einer Hand und die Preise sind mittlerweile höher als Regionale online Shops.","Es wird versucht die Bestellung zu stornieren… Einen Tag später versandt.. Absolut lächerlich, hier kommt nichts aus einer Hand und die Preise sind mittlerweile höher als Regionale online Shops.",MKerth,27.9.0,2026-05-15T11:24:35Z,False,itunes_rss_mostRecent,False,False
b6ded65023d1d48600708a9e41374d4cd6a5bd8209f1aad6379d38bbb97d564e,14060887779,348712880,Amazon,de,1,Prime Abo,"einfach nur eine Werbeschleuder bei Prime Video. Abo wird vor der nächtlichen Verlängerung gekündigt!
Viele Produkte sind teurer wie bei eBay oder anderen Händler!","einfach nur eine Werbeschleuder bei Prime Video. Abo wird vor der nächtlichen Verlängerung gekündigt!
Viele Produkte sind teurer wie bei eBay oder anderen Händler!",SKirsch,27.9.0,2026-05-13T19:00:41Z,False,itunes_rss_mostRecent,False,False
1c70dc18e63cdf1c0ccfc376caae3a6e081a007389ab5a7e312936c177895901,14060644605,348712880,Amazon,de,1,Eliminated due to Trump,Reduced spending by 90% now buying local due to trump admin.,Reduced spending by 90% now buying local due to trump admin.,Sas*86,27.9.0,2026-05-13T17:34:47Z,False,itunes_rss_mostRecent,False,False
3ee3d251d80452cb303349919f1955bac0d5defe566534f71eb8b34a39ed596a,14059530383,348712880,Amazon,de,1,Viel aufdringliche Werbung,Die Hauptseite der App schlägt ständig ungewollte Produkte vor und es gibt kaum Anpassungsmöglichkeiten diese Vorschläge zu blockieren. Selbst als Prime-Abonnent.,Die Hauptseite der App schlägt ständig ungewollte Produkte vor und es gibt kaum Anpassungsmöglichkeiten diese Vorschläge zu blockieren. Selbst als Prime-Abonnent.,FinnBoett,27.9.0,2026-05-13T11:35:38Z,False,itunes_rss_mostRecent,False,False
c2095622bba6275a5e02334b99e3ff6966cca272abd903c83ee2546141f80f75,14059150207,348712880,Amazon,de,1,Anmerkung,Sobald mal mein Konto gesperrt ist werden meine Bestellungen storniert und ich muss sie mühsam neu suchen . Dazu kommt dass Mann keine direkte Übersicht darüber hat ob es noch gesperrt ist oder nicht.,Sobald mal mein Konto gesperrt ist werden meine Bestellungen storniert und ich muss sie mühsam neu suchen . Dazu kommt dass Mann keine direkte Übersicht darüber hat ob es noch gesperrt ist oder nicht.,Rotes elixier,27.9.0,2026-05-13T08:53:58Z,False,itunes_rss_mostRecent,False,False
143cd79af875a094346de3bee273d49bb91cf77f36fc9bf4c9fbcaabae907a62,14057621434,348712880,Amazon,de,3,Kein Dark Mode,"Schade, leider hat die App keinen Dark Mode.","Schade, leider hat die App keinen Dark Mode.",T.Hobbes,27.9.0,2026-05-12T21:16:30Z,False,itunes_rss_mostRecent,False,False
9f2377e179366ac82e6ddef6b92f2bc4d584daabed1f1241eae0fcf64a5e60ee,14057148156,348712880,Amazon,de,1,Sinnlos,"Andere, teils weniger Funktionen als im Browser auf dem Smartphone. Nachrichten nicht auffindbar, schlechtes UI. Kein Mehrwert. Kommt weg","Andere, teils weniger Funktionen als im Browser auf dem Smartphone. Nachrichten nicht auffindbar, schlechtes UI. Kein Mehrwert. Kommt weg",Mettitheduve,27.9.0,2026-05-12T18:21:34Z,False,itunes_rss_mostRecent,False,False
5e12baae8c1f41dd01af3d3e663873218506caf2d5e8bfbb6b62c0476f75e437,14056938957,348712880,Amazon,de,1,Unbrauchbar,"So so. Amazon habt also Fehler behoben?
Der größte Fehler ist immer noch nicht behoben: DAS MAN DIE KI RUFUS NICHT DEAKTIVIEREN KANN!","So so. Amazon habt also Fehler behoben? 
Der größte Fehler ist immer noch nicht behoben: DAS MAN DIE KI RUFUS NICHT DEAKTIVIEREN KANN!",meckern nicht erlaubt,27.9.0,2026-05-12T17:10:27Z,False,itunes_rss_mostRecent,False,False
d5990b7083b0aecc96e9148c526b4c150a100ea3a47be8418c701171a3de7133,14056251152,348712880,Amazon,de,1,Wie Verbrecher geworden,Einfach Müll … Monopolisten geworden ich kaufe nichts mehr,Einfach Müll … Monopolisten geworden ich kaufe nichts mehr,bolid500,27.9.0,2026-05-12T13:34:09Z,False,itunes_rss_mostRecent,False,False
16315b6cda93cd88117ca0ef8c19b8e213d9b0bdab868611f5a9d7d9f585091d,14055498465,348712880,Amazon,de,1,Nach dem letzten Update nur noch Probleme,"Nach dem letzten Update nur noch Probleme. App stürzt dauernd ab. Kein Amazon Haul unter der Suchleiste mehr. Meine Benachrichtigungen von Amazon lassen sich teilweise nicht mehr löschen. App hängt sich auf. Und ganz schlimm ist, was hier auch schon einige anmerken, den Kundenservice erreicht man über tausend Ecken. Man muss sich gefühlt 1/2 Stunde durch irgendwelche Sachen kämpfen und dann hat man auch erst mal Rufus an der Backe, der einem eh nie helfen kann. Wenn Kunden Hilfe benötigen möchten sie nicht erst durch einen Schilderwald laufen. Ich habe in meinem Leben schon viele Kundenservice erlebt, aber ihr seid neben Otto mit Abstand der schlechteste. Ich bestelle relativ viel bei Amazon, aber ganz ehrlich, so macht das kein Spaß mehr. Kundenfreundlichkeit geht anders. Was ich allerdings positiv bewerte ist die Lieferzeit Angabe, die auch fast immer eingehalten wird. Aber das war es auch schon","Nach dem letzten Update nur noch Probleme. App stürzt dauernd ab. Kein Amazon Haul unter der Suchleiste mehr. Meine Benachrichtigungen von Amazon lassen sich teilweise nicht mehr löschen. App hängt sich auf. Und ganz schlimm ist, was hier auch schon einige anmerken, den Kundenservice erreicht man über tausend Ecken. Man muss sich gefühlt 1/2 Stunde durch irgendwelche Sachen kämpfen und dann hat man auch erst mal Rufus an der Backe, der einem eh nie helfen kann. Wenn Kunden Hilfe benötigen möchten sie nicht erst durch einen Schilderwald laufen. Ich habe in meinem Leben schon viele Kundenservice erlebt, aber ihr seid neben Otto mit Abstand der schlechteste. Ich bestelle relativ viel bei Amazon, aber ganz ehrlich, so macht das kein Spaß mehr. Kundenfreundlichkeit geht anders. Was ich allerdings positiv bewerte ist die Lieferzeit Angabe, die auch fast immer eingehalten wird. Aber das war es auch schon",Bastelwastelinn,27.9.0,2026-05-12T08:46:56Z,False,itunes_rss_mostRecent,False,False
6683cc5ec3372012006fd252cac6c3e62076437379c891ea74393e96e8db6612,14053220407,348712880,Amazon,de,1,"Sehr schlecht, wenn Kontakt benötigt wird","Die Beschreibung im Internet, wie Kontakt/Rückruf ermöglicht werden soll, stimmt bei der App nicht. Die Hinweise/Wege sind da nicht möglich.","Die Beschreibung im Internet, wie Kontakt/Rückruf ermöglicht werden soll, stimmt bei der App nicht. Die Hinweise/Wege sind da nicht möglich.",Linkerundrechter,27.9.0,2026-05-11T16:39:54Z,False,itunes_rss_mostRecent,False,False
0fc63be9fcbd7df31b8dbf97f3cd0dff3767deb5fa96ffd63d6c89b38775148b,14051823162,348712880,Amazon,de,1,Es war einmal,"ALSO ICH NUTZE ZWAR AMAZON AUCH SCHON LANGE !!!!! ABER AMAZON HAT SO VIEL UMGESTELLT UND ES IST DER SERVICE GROTTEN SCHLECHT GEWORDEN!!!!! AM TELEFON SIND VIELE KUNDENBERATER SO GESCHULT WORDEN UND WOLLEN DEN KUNDEN ALS BLÖD HINSTELLEN!!!!!!!! DAS GEHT GARNICHT!!!!!!! DER KUNDR IST KÖNIG UND NICHT DIE DUMME MELKKUH!!!!!!!
ABER AMAZON WIRD NICHTS DARAN ÄNDERN!!!!!!!!! ICH WERDE AB SOFORT NUR NOCH IN LÄDEN FAHREN UND DIREKT EINKAUFEN!!!!!! UND ICH WERDE ES AN VIELER MENET FREUNDE BERICHTEN DAMIT SIE NICHTS MEHR KAUFEN BEI AMAZON UND AUCH DAS DANN SO WRITER GEBEN AN DEREN FREUNDEN!!!!!!","ALSO ICH NUTZE ZWAR AMAZON AUCH SCHON LANGE !!!!! ABER AMAZON HAT SO VIEL UMGESTELLT UND ES IST DER SERVICE GROTTEN SCHLECHT GEWORDEN!!!!! AM TELEFON SIND VIELE KUNDENBERATER SO GESCHULT WORDEN UND WOLLEN DEN KUNDEN ALS BLÖD HINSTELLEN!!!!!!!! DAS GEHT GARNICHT!!!!!!! DER KUNDR IST KÖNIG UND NICHT DIE DUMME MELKKUH!!!!!!! 
ABER AMAZON WIRD NICHTS DARAN ÄNDERN!!!!!!!!! ICH WERDE AB SOFORT NUR NOCH IN LÄDEN FAHREN UND DIREKT EINKAUFEN!!!!!! UND ICH WERDE ES AN VIELER MENET FREUNDE BERICHTEN DAMIT SIE NICHTS MEHR KAUFEN BEI AMAZON UND AUCH DAS DANN SO WRITER GEBEN AN DEREN FREUNDEN!!!!!!",Ich nicht nein,27.9.0,2026-05-11T08:13:11Z,False,itunes_rss_mostRecent,False,False
0af6ac5b4836427820aa1094d1d2807f65a056b00d2d0814191af780fe58ed9b,14051783113,348712880,Amazon,de,1,Payback Punkte,"Leider werden mir seit 9.04.2026 keine Payback Punkte von Amazon trotz korrekter Bestellung/Eingabe gutgeschrieben. Muss diese bei Payback beantragt!!!! Das macht kein Spaß und das Punkte sammeln dann auch nicht mehr. Bin auch nicht die einzige, der es so geht und keiner kann mir sagen, woran es liegt😡
Bei Netto, dm, Temu , Otto usw funktioniert es ja auch, also wo ist das Problem!!!!","Leider werden mir seit 9.04.2026 keine Payback Punkte von Amazon trotz korrekter Bestellung/Eingabe gutgeschrieben. Muss diese bei Payback beantragt!!!! Das macht kein Spaß und das Punkte sammeln dann auch nicht mehr. Bin auch nicht die einzige, der es so geht und keiner kann mir sagen, woran es liegt😡
Bei Netto, dm, Temu , Otto usw funktioniert es ja auch, also wo ist das Problem!!!!",Isi“s,27.9.0,2026-05-11T07:53:00Z,False,itunes_rss_mostRecent,False,False
7e051cf649e0a2587fef6307941e2ca805b322914bbc165192d0cf23dc403bfc,14049712157,348712880,Amazon,de,5,Great shopping experience,Please add a Share / Export function for invoice PDF files in the viewer,Please add a Share / Export function for invoice PDF files in the viewer,Discotizer77,27.9.0,2026-05-10T17:10:43Z,False,itunes_rss_mostRecent,False,False
36a7452e5e2bc455a3084a56c2dd00219c6554f52a61ec8756eec63dcbf2b1e1,14046740601,348712880,Amazon,de,1,Unübersichtlich.,"Was für eine unübersichtliche App. Insbesondere in und um die Accounteinstellungen und Bestellungen.
Es ist wenig intuitiv und selbsterklärend und gestalterisch so wenig aufgeräumt, dass man nur wild rum klickt und mit Glück hofft den Weg gefunden zu haben.
Peinlich.","Was für eine unübersichtliche App. Insbesondere in und um die Accounteinstellungen und Bestellungen. 
Es ist wenig intuitiv und selbsterklärend und gestalterisch so wenig aufgeräumt, dass man nur wild rum klickt und mit Glück hofft den Weg gefunden zu haben.
Peinlich.",K.Dallas,27.9.0,2026-05-09T22:11:47Z,False,itunes_rss_mostRecent,False,False
71990faf6b47f1966b2a48256c5d3713cfd92779646950c0c50de07b8edd99c9,14041744290,348712880,Amazon,de,1,schwaches Sicherheitsmanagement,"Wiederholt wurden in meinem Account bereits abgeschlossene Bestellungen (vollständig bis 6 Monate zurück) von Amazon aus der Übersicht gelöscht – erneut aus der falschen Einschätzung heraus, mein Account sei kompromittiert. Trotz mehrfacher Rücksprache mit dem Support ließ sich das erneut nicht rückgängig machen. Nach dreißig Jahren als Kunde ziehe ich daraus die einzige mir logisch erscheinende Konsequenz.","Wiederholt wurden in meinem Account bereits abgeschlossene Bestellungen (vollständig bis 6 Monate zurück) von Amazon aus der Übersicht gelöscht – erneut aus der falschen Einschätzung heraus, mein Account sei kompromittiert. Trotz mehrfacher Rücksprache mit dem Support ließ sich das erneut nicht rückgängig machen. Nach dreißig Jahren als Kunde ziehe ich daraus die einzige mir logisch erscheinende Konsequenz.",trekkie2435,27.9.0,2026-05-08T14:27:02Z,False,itunes_rss_mostRecent,False,False
c8880b90decc4e495b9316631657e9d9a865e03925bc5f71d974f7939580dabe,14040779262,348712880,Amazon,de,2,Kundenservice,"es ist ein Trauerspiel wenn man den Kundenservice erreichen will! Es beginnt eine Rundreise über all hin , nur nicht zu zum Kunden Service !  Danke!!!","es ist ein Trauerspiel wenn man den Kundenservice erreichen will! Es beginnt eine Rundreise über all hin , nur nicht zu zum Kunden Service !  Danke!!!",Rosel 🌹🌹,27.9.0,2026-05-08T08:27:51Z,False,itunes_rss_mostRecent,False,False
c877bf577f694a1bfca02f5ed9bd71ce5723dda1fa94bdca65a6f68f11aa7488,14038846239,348712880,Amazon,de,1,Eine Beleidigung für jeden der sich online was bestellen will,"Es kann nicht sein das man sich was bestellt und man anschließend den Artikel alle 4 Wochen immer und immer wieder bekommt und das sogar auf Rechnung OBWOHL man nichts angekreuzt oder angeklickt hat

Eine Beleidigung und Frechheit

Deswegen Finger weg von solchen Apps wie Amazon

SCHLECHT, SCHLECHT, SCHLECHT","Es kann nicht sein das man sich was bestellt und man anschließend den Artikel alle 4 Wochen immer und immer wieder bekommt und das sogar auf Rechnung OBWOHL man nichts angekreuzt oder angeklickt hat 

Eine Beleidigung und Frechheit 

Deswegen Finger weg von solchen Apps wie Amazon 

SCHLECHT, SCHLECHT, SCHLECHT",DracaenaDraco,27.9.0,2026-05-07T18:03:00Z,False,itunes_rss_mostRecent,False,False
e99d0041b5d16915ef44c684d8fbf945aa5fbab2f564c4331916549d2b36b064,14038649958,348712880,Amazon,de,1,APP kein Internet,"Seid letzten Update ist die App außer Funktion, meldet kein Internet 🤣🤣🤣","Seid letzten Update ist die App außer Funktion, meldet kein Internet 🤣🤣🤣",Warum Nen Namen,27.9.0,2026-05-07T16:53:27Z,False,itunes_rss_mostRecent,False,False
3236f1ffcf2bd70afaab3d55f6fcf5b34e07d5c170e3b02c890945c6af1d0807,14037028930,348712880,Amazon,de,1,Wenn was auf dem Transport „weg“ kommt…….,"Nur Ärger, leere Versprechungen","Nur Ärger, leere Versprechungen",Walking Bond,27.9.0,2026-05-07T06:23:41Z,False,itunes_rss_mostRecent,False,False
bee98bc513eb4d831d3d32390ad59d5070347b75eef8501379a9719a68f1ab03,14036878640,348712880,Amazon,de,1,Lieferung immer seltener pünktlich und nur noch unseriöse Vine Rezessionen,"Lieferdatum wird immer seltener eingehalten. Oft mit Prime Lieferung für den nächsten Tag angeboten und bestellt, wird aber - auch nach weiter Überschreitung der Mindestbestellmenge - nach der Bestellung einfach wieder geändert auf ein späteres Darum. Immer häufiger gibt es „Lieferprobleme“ und soll dann  dann laut Benachrichtigung „eventuell“ in den nächsten Tagen geliefert werden - vielleicht auch nicht.

Noch störender finde ich aber mittlerweile das Rezessionsystem. Früher habe ich gerade Amazon aufgrund der transparenten Rezessionen anderer Nutzer geschätzt. Mittlerweile findet man bei vielen Produkten nur noch Bewertungen von kostenlosen Produktestern , die - und das liegt in der Natur der Sache - natürlich immer 5-sternig sind. Produktrezenssionen sind so vollkommen unbrauchbar geworden und Amazon für mich nur noch unseriös. Amazon genießt hier in Deutschland leider noch fast eine Monopolstellung, sobald es aber eine gute Konkurrenz gibt, wird mir der Wechsel nicht schwer fallen!","Lieferdatum wird immer seltener eingehalten. Oft mit Prime Lieferung für den nächsten Tag angeboten und bestellt, wird aber - auch nach weiter Überschreitung der Mindestbestellmenge - nach der Bestellung einfach wieder geändert auf ein späteres Darum. Immer häufiger gibt es „Lieferprobleme“ und soll dann  dann laut Benachrichtigung „eventuell“ in den nächsten Tagen geliefert werden - vielleicht auch nicht. 

Noch störender finde ich aber mittlerweile das Rezessionsystem. Früher habe ich gerade Amazon aufgrund der transparenten Rezessionen anderer Nutzer geschätzt. Mittlerweile findet man bei vielen Produkten nur noch Bewertungen von kostenlosen Produktestern , die - und das liegt in der Natur der Sache - natürlich immer 5-sternig sind. Produktrezenssionen sind so vollkommen unbrauchbar geworden und Amazon für mich nur noch unseriös. Amazon genießt hier in Deutschland leider noch fast eine Monopolstellung, sobald es aber eine gute Konkurrenz gibt, wird mir der Wechsel nicht schwer fallen!",vit47269,27.9.0,2026-05-07T05:04:30Z,False,itunes_rss_mostRecent,False,False
154ead644a7c4701a96f33e3a79c84eabf79ba0adc319d3b7f90c31c72d4d45b,14035834341,348712880,Amazon,de,1,App funktioniert nicht mehr ordentlich,"Leider seit den letzten Updates nicht mehr brauchbar.
Artikel kann man nicht mehr ansehen.
App hängt sich auf,
Oder man kommt nicht mehr zurück,
Oder weiße Blöcke überlagern alles,
Oder die App stürzt ab, dann kann man wieder von vorn anfangen,
Oder sie springt beim Scrollen wieder an den Anfang zurück
Und noch andere Spielchen.
Es ist einfach nur noch eine Katastrophe.
Haul Artikel kann man nicht in den Warenkorb legen
( ist anscheinend gar nicht vorgesehen).
Auch eine gezielte Suche ist nicht möglich, geschweige denn, wenn man über das Pluszeichen was in den Warenkorb gelegt hat ist kein Bestellbutton da.
Eine Schande was aus einer ehemals guten App geworden ist.
Probieren die Programmierer die App nicht?
Egal ob Amazon oder Haul beides nicht mehr nutzbar.","Leider seit den letzten Updates nicht mehr brauchbar.
Artikel kann man nicht mehr ansehen.
App hängt sich auf, 
Oder man kommt nicht mehr zurück,
Oder weiße Blöcke überlagern alles,
Oder die App stürzt ab, dann kann man wieder von vorn anfangen,
Oder sie springt beim Scrollen wieder an den Anfang zurück
Und noch andere Spielchen.
Es ist einfach nur noch eine Katastrophe.
Haul Artikel kann man nicht in den Warenkorb legen
( ist anscheinend gar nicht vorgesehen).
Auch eine gezielte Suche ist nicht möglich, geschweige denn, wenn man über das Pluszeichen was in den Warenkorb gelegt hat ist kein Bestellbutton da.
Eine Schande was aus einer ehemals guten App geworden ist.
Probieren die Programmierer die App nicht?
Egal ob Amazon oder Haul beides nicht mehr nutzbar.",Bärbl 987,27.9.0,2026-05-06T21:19:11Z,False,itunes_rss_mostRecent,False,False
40649206dba33c07a7936efaa9586d56e3f78865ca4229569da2f10c7f1da46b,14035418964,348712880,Amazon,de,2,Unübersichtlich,"Einstellungen unbrauchbar, man findet nichts","Einstellungen unbrauchbar, man findet nichts",Gummiwurst,27.9.0,2026-05-06T18:40:58Z,False,itunes_rss_mostRecent,False,False
308e6439f0236ac4724645deae59d8fbf1152e300c7108987c552dfea6f32638,14033263862,348712880,Amazon,de,1,Aggregator nothing more,"Amazon like any other similar platforms are mostly just aggregators, nothing special but overly expensive with no real benefits, give us a reason why to buy from you and not directly from the official websites which are noticeably cheaper….","Amazon like any other similar platforms are mostly just aggregators, nothing special but overly expensive with no real benefits, give us a reason why to buy from you and not directly from the official websites which are noticeably cheaper….",1837292972728282,27.9.0,2026-05-06T04:39:44Z,False,itunes_rss_mostRecent,False,False
ad53e28161a5962607f575ad28bc9c3bda2a8c93df4b6fc2b714f479f38770e2,14032132264,348712880,Amazon,de,1,App stürzt ab,Nach  aktualisieren ist die Seite down,Nach  aktualisieren ist die Seite down,fuchs 2018,27.9.0,2026-05-05T20:25:35Z,False,itunes_rss_mostRecent,False,False
b68dbdc3fb8344c53421cdf3ebf1b8a00c3c8632df3011ee4a079129adff4876,14028680606,348712880,Amazon,de,2,So sad!,"I will stop my Abo this year - after 13 Years , finally.
It got worse every year! We started with great service, good prices, super search … it’s been a great experience until 2016 when they started to disrupt their perfect offer.  Remember when you could get every film.. new movies where great.
So now they destroyed all the market competitors. Our City’s are empty’s - and mostly only Amazon is left. BUT - while we search the seller can scale the offen live. That is AWS and in Premium even an AI Agent does the job. Especially with those whom hire Amazon since years.

So this is the final now. No more! Go find someone also paying for maximum Dickheadrockets to putter space and stay their with Elon and Peter - having good hard leather fun like brownshirts used to.

Hey join me! Revolution will not be televised. We riot to stop that now. This people don’t respect us. Not as Klients, not for humanism not as employees… they think they owe our cash with so much greed - they don’t even try to hide their AWS POS scaling!

This has to stop now! Come on let’s quite all together… we are Pazifists. Send them to the Temugraveyard.","I will stop my Abo this year - after 13 Years , finally. 
It got worse every year! We started with great service, good prices, super search … it’s been a great experience until 2016 when they started to disrupt their perfect offer.  Remember when you could get every film.. new movies where great. 
So now they destroyed all the market competitors. Our City’s are empty’s - and mostly only Amazon is left. BUT - while we search the seller can scale the offen live. That is AWS and in Premium even an AI Agent does the job. Especially with those whom hire Amazon since years. 

So this is the final now. No more! Go find someone also paying for maximum Dickheadrockets to putter space and stay their with Elon and Peter - having good hard leather fun like brownshirts used to. 

Hey join me! Revolution will not be televised. We riot to stop that now. This people don’t respect us. Not as Klients, not for humanism not as employees… they think they owe our cash with so much greed - they don’t even try to hide their AWS POS scaling!

This has to stop now! Come on let’s quite all together… we are Pazifists. Send them to the Temugraveyard.",Videofunk,27.9.0,2026-05-04T20:58:30Z,False,itunes_rss_mostRecent,False,False
1cbeb8876118edd25bb571af417c3ceea1cc565749d7192f7f93d50810ac0cea,14028383953,348712880,Amazon,de,5,Kundenservice,Top Kundenservice! Jedes Mal aufs Neue überrascht wie schnell und unkompliziert das geht,Top Kundenservice! Jedes Mal aufs Neue überrascht wie schnell und unkompliziert das geht,Luca_CL_02,27.8.0,2026-05-04T19:03:03Z,False,itunes_rss_mostRecent,False,False
3699cb55b121f6c71e8439fa6b9e08b07d09299b8f0b2b40b3a9b45ee1e62be5,14025151365,348712880,Amazon,de,3,Put dark mode,"It’s 2026 not having a dark mode should be illegal, I burn my eyes at night every time","It’s 2026 not having a dark mode should be illegal, I burn my eyes at night every time",gbatgang,27.8.0,2026-05-03T21:07:05Z,False,itunes_rss_mostRecent,False,False
563b7f9a36cd61d5e1821bd8ed6016ca77511357d81f57928943031ce06086be,14024646953,348712880,Amazon,de,1,Update,Listen weg. Ich find nichts mehr. Bestellung weg. Bitte schnell beheben,Listen weg. Ich find nichts mehr. Bestellung weg. Bitte schnell beheben,Spielhund,27.8.0,2026-05-03T18:04:56Z,False,itunes_rss_mostRecent,False,False
43802ce9e2bc2f89df3bae1c6ecbb1ff459eed64a46c599c854d1b8233311e72,14023503131,348712880,Amazon,de,1,Amazon Haul,Neues Temu oder Wish. Kinderarbeit in china war zu freundlich deshalb muss das jetzt auch Amazon machen,Neues Temu oder Wish. Kinderarbeit in china war zu freundlich deshalb muss das jetzt auch Amazon machen,crowdsurferdude,27.8.0,2026-05-03T12:03:50Z,False,itunes_rss_mostRecent,False,False
ac18b4aab78dd45a6e21d661d2df0c93c6139258225911375924a43ea45c7f32,14014228715,348712880,Amazon,de,5,Man kann einfach nicht aufhören zu shoppen,"Ich hab die Amazon App jetzt schon ewig drauf und bin eigentlich echt zufrieden damit. Es läuft halt alles total flüssig und man findet direkt was man sucht ohne sich durch tausend Seiten quälen zu müssen. Gerade wenn es schnell gehen muss ist der Bestellvorgang unschlagbar weil man buchstäblich nur ein paar mal tippen muss.
Klar wirkt die Oberfläche erst mal ziemlich vollgestopft aber man blickt da nach kurzer Zeit eigentlich super durch. Ich finde diese ganzen Vorschläge sogar oft ganz hilfreich weil ich so schon oft auf Kram gestoßen bin den ich sonst gar nicht gefunden hätte. Es wirkt alles sehr durchdacht und auf Effizienz getrimmt.
Den Rechner mache ich für Amazon schon gar nicht mehr an weil das am Handy viel entspannter ist. Egal ob man gerade unterwegs ist oder nur mal kurz auf der Couch was nachgucken will das geht mobil einfach viel schneller von der Hand. Die Website brauche ich da im Grunde gar nicht mehr.
Was ich auch richtig gut finde ist dass man nicht von irgendwelchen Bannern oder Pop-ups genervt wird. Die Empfehlungen gehören ja irgendwie dazu und stören den Lesefluss überhaupt nicht. Für mich ist die App im Alltag eine echte Erleichterung weil sie einfach zuverlässig ihren Job macht und extrem unkompliziert ist.","Ich hab die Amazon App jetzt schon ewig drauf und bin eigentlich echt zufrieden damit. Es läuft halt alles total flüssig und man findet direkt was man sucht ohne sich durch tausend Seiten quälen zu müssen. Gerade wenn es schnell gehen muss ist der Bestellvorgang unschlagbar weil man buchstäblich nur ein paar mal tippen muss.
Klar wirkt die Oberfläche erst mal ziemlich vollgestopft aber man blickt da nach kurzer Zeit eigentlich super durch. Ich finde diese ganzen Vorschläge sogar oft ganz hilfreich weil ich so schon oft auf Kram gestoßen bin den ich sonst gar nicht gefunden hätte. Es wirkt alles sehr durchdacht und auf Effizienz getrimmt.
Den Rechner mache ich für Amazon schon gar nicht mehr an weil das am Handy viel entspannter ist. Egal ob man gerade unterwegs ist oder nur mal kurz auf der Couch was nachgucken will das geht mobil einfach viel schneller von der Hand. Die Website brauche ich da im Grunde gar nicht mehr.
Was ich auch richtig gut finde ist dass man nicht von irgendwelchen Bannern oder Pop-ups genervt wird. Die Empfehlungen gehören ja irgendwie dazu und stören den Lesefluss überhaupt nicht. Für mich ist die App im Alltag eine echte Erleichterung weil sie einfach zuverlässig ihren Job macht und extrem unkompliziert ist.",Cemre Demir.,,2026-04-30T22:20:29Z,True,web_ssr_helpful,False,False
eded1a38e11303106af567e02c6e53b6451def6a082dd34bac7ddb8ad9b90308,14014026401,348712880,Amazon,de,5,Sehr gute App kann man nur empfehlen,"Ich nutze die Amazon iOS App schon seit langer Zeit und bin insgesamt sehr zufrieden. Die Bedienung ist intuitiv, das Design übersichtlich und Bestellungen lassen sich schnell und unkompliziert aufgeben. Besonders praktisch finde ich die Möglichkeit, den Versandstatus in Echtzeit zu verfolgen. Gelegentlich dauert das Laden von Produktbildern etwas länger, aber das stört kaum. Alles in allem eine zuverlässige App, die Einkaufen unterwegs sehr angenehm macht. Klare Empfehlung!","Ich nutze die Amazon iOS App schon seit langer Zeit und bin insgesamt sehr zufrieden. Die Bedienung ist intuitiv, das Design übersichtlich und Bestellungen lassen sich schnell und unkompliziert aufgeben. Besonders praktisch finde ich die Möglichkeit, den Versandstatus in Echtzeit zu verfolgen. Gelegentlich dauert das Laden von Produktbildern etwas länger, aber das stört kaum. Alles in allem eine zuverlässige App, die Einkaufen unterwegs sehr angenehm macht. Klare Empfehlung!",Odilolsu,27.8.0,2026-04-30T20:56:05Z,True,itunes_rss_mostHelpful,False,False
a4b3494856d8ee732d981d5e0ff79d0b63a4291b572d54bd4038d7d2b7b1d2c9,14013914362,348712880,Amazon,de,5,Super App,"Ich finde die Amazon App ist die beste App seit der Geschichte des Internets. Vorher müsste man mühsam auf dem Handy auf der Website gehen, die sehr unübersichtlich auf dem Handy war. Nun kann man ganz einfach via App Dinge bestellen und auch seine kommenden Lieferungen verfolgen. Zudem lässt sich ganz einfach auch der Support anschreiben. Was ich ein wenig als negativ betrachte, ist, dass man Rechnungen nur aus der Website und nicht der App bekommt.","Ich finde die Amazon App ist die beste App seit der Geschichte des Internets. Vorher müsste man mühsam auf dem Handy auf der Website gehen, die sehr unübersichtlich auf dem Handy war. Nun kann man ganz einfach via App Dinge bestellen und auch seine kommenden Lieferungen verfolgen. Zudem lässt sich ganz einfach auch der Support anschreiben. Was ich ein wenig als negativ betrachte, ist, dass man Rechnungen nur aus der Website und nicht der App bekommt.",Carlottadenzigholyera,27.8.0,2026-04-30T20:10:51Z,True,itunes_rss_mostHelpful,False,False
97f50e3729b42397561429b44d6dd854e0d2b6d1bd09d0f4cf1b16f78430cc5d,14013798520,348712880,Amazon,de,5,Die beste Marketplace App,"Die Amazon App ist DIE Shopping App, die man braucht. Amazon bietet wirklich alles an, was man sich vorstellen kann. Dazu gibt es auch oft sehr gute Angebote für unterschiedliche Produkte. Registriert man sich außerdem als Prime-Kunde spart man sich den Versand und hat Zugriff auf weitere Dienste wie beispielsweise Prime Music oder Prime Video. Sehr vorteilhaft sind zudem die Spar-Abos, bei denen man bestimmte Produkte in Intervallen zugesandt bekommt und dabei auch noch ein bisschen sparen kann.","Die Amazon App ist DIE Shopping App, die man braucht. Amazon bietet wirklich alles an, was man sich vorstellen kann. Dazu gibt es auch oft sehr gute Angebote für unterschiedliche Produkte. Registriert man sich außerdem als Prime-Kunde spart man sich den Versand und hat Zugriff auf weitere Dienste wie beispielsweise Prime Music oder Prime Video. Sehr vorteilhaft sind zudem die Spar-Abos, bei denen man bestimmte Produkte in Intervallen zugesandt bekommt und dabei auch noch ein bisschen sparen kann.",Marc R. Anders,27.8.0,2026-04-30T19:25:24Z,True,itunes_rss_mostHelpful,False,False
c48b2122aac5bdb4121c152e5ea649a4ab30b0aac1606a627f382ace4301bd3e,14013433621,348712880,Amazon,de,5,Bewertung der Amazon App IOS,"Die Amazon App ist sehr einfach zu bedienen. Man kann schnell nach Produkten suchen und findet fast alles, was man braucht. Besonders gut ist, dass die App viele Vorschläge macht, die die zu den eigenen Interessen passen. Die Bestellung funktionieren einfach und sicher und der Kundensupport ist sehr gut. Der Versand und die Bestellungsnachverfolgung sind auch wirklich sehr schnell und zuverlässig.","Die Amazon App ist sehr einfach zu bedienen. Man kann schnell nach Produkten suchen und findet fast alles, was man braucht. Besonders gut ist, dass die App viele Vorschläge macht, die die zu den eigenen Interessen passen. Die Bestellung funktionieren einfach und sicher und der Kundensupport ist sehr gut. Der Versand und die Bestellungsnachverfolgung sind auch wirklich sehr schnell und zuverlässig.",Alpi123_,27.8.0,2026-04-30T17:11:18Z,True,itunes_rss_mostHelpful,False,False
1409390273bc8ca7ea85ffa1620c566e1bcde6824d9f071bb82410674a6ffa44,14012902672,348712880,Amazon,de,5,Der schnelle Einkaufs – Kanal,"Wer die App auf dem iPhone nutzt, weiß, dass sie vor allem eins ist: extrem effizient. Man hat in wenigen Sekunden bestellt, was man braucht, und die Verknüpfung mit dem eigenen Apple – Konto (Z. B. Für den Lookin via Face ID) macht die Nutzung sehr komfortabel. Gleichzeitig merkt man aber auch, dass die Anwendung im Laufe der Zeit extrem gewachsen ist und heute eher ein riesiges digitales Einkaufszentrum ist als ein einfaches Tool. Man muss sich manchmal durch viele Menüs navigieren, bis man genau das findet, was man sucht.","Wer die App auf dem iPhone nutzt, weiß, dass sie vor allem eins ist: extrem effizient. Man hat in wenigen Sekunden bestellt, was man braucht, und die Verknüpfung mit dem eigenen Apple – Konto (Z. B. Für den Lookin via Face ID) macht die Nutzung sehr komfortabel. Gleichzeitig merkt man aber auch, dass die Anwendung im Laufe der Zeit extrem gewachsen ist und heute eher ein riesiges digitales Einkaufszentrum ist als ein einfaches Tool. Man muss sich manchmal durch viele Menüs navigieren, bis man genau das findet, was man sucht.",Momo13-11,27.8.0,2026-04-30T14:15:45Z,True,itunes_rss_mostHelpful,False,False
e6dfbd1d070300ddf94aa7a7a0ed09c9a065e93cc84564323960f562d9f106fb,14012811798,348712880,Amazon,de,5,Der praktische Einkaufsbegleiter mit kleinen Ecken,"Egal, ob auf dem Weg zur Arbeit oder abends auf der Couch, die iOS – App von Amazon ist für viele von uns der Standard, wenn es darum geht, schnell etwas zu bestellen. Sie läuft auf dem iPhone oder iPad absolut flüssig und die Bedienung ist so intuitiv, dass man sich kaum angewöhnen muss. Die Suche funktioniert, wird schnell und auch die Lieferung im Blick zu behalten, dank der übersichtlichen Benutzeroberfläche kinderleicht. Es ist einfach ein solides Werkzeug, dass den Alltag bequemer macht, auch wenn man manchmal das Gefühl hat, dass sie vor lauter angeboten, fast überquillt.","Egal, ob auf dem Weg zur Arbeit oder abends auf der Couch, die iOS – App von Amazon ist für viele von uns der Standard, wenn es darum geht, schnell etwas zu bestellen. Sie läuft auf dem iPhone oder iPad absolut flüssig und die Bedienung ist so intuitiv, dass man sich kaum angewöhnen muss. Die Suche funktioniert, wird schnell und auch die Lieferung im Blick zu behalten, dank der übersichtlichen Benutzeroberfläche kinderleicht. Es ist einfach ein solides Werkzeug, dass den Alltag bequemer macht, auch wenn man manchmal das Gefühl hat, dass sie vor lauter angeboten, fast überquillt.",SoNo2,27.8.0,2026-04-30T13:46:38Z,True,itunes_rss_mostHelpful,False,False
8d7028af07ee8f12a0f2fa1d3f12cb5febedd15136613d4f6ac63c350613a394,14012587046,348712880,Amazon,de,5,Gute App,"Die App Anwendung von Amazon ist super einfach anwendbar, alles Wichtige findet man sehr schnell. Die angelegten Einkaufs- und Favoritenlisten sind problemlos zu benutzten. Ich hatte bisher mit dieser App noch nie Probleme. Bestellungen findet man auch schnell und sollte man wirklich mal Hilfe benötigen findet man in wenigen Klicks zum Support, dort wird einem entweder per Chat oder wenn es nötig ist auch per Anruf geholfen.","Die App Anwendung von Amazon ist super einfach anwendbar, alles Wichtige findet man sehr schnell. Die angelegten Einkaufs- und Favoritenlisten sind problemlos zu benutzten. Ich hatte bisher mit dieser App noch nie Probleme. Bestellungen findet man auch schnell und sollte man wirklich mal Hilfe benötigen findet man in wenigen Klicks zum Support, dort wird einem entweder per Chat oder wenn es nötig ist auch per Anruf geholfen.",maxyzz.,27.8.0,2026-04-30T12:32:11Z,True,itunes_rss_mostHelpful,False,False
0495945ba6318a4773851557990d7995a055d01e811a7299a3328d2864f5891e,14012578558,348712880,Amazon,de,5,Sehr praktische App für den Alltag,"Nutze die Amazon App schon seit Jahren und bin insgesamt echt zufrieden. Die Bedienung ist einfach und übersichtlich, man findet Produkte schnell und kann gut filtern. Bestellungen gehen super schnell und man hat alles im Blick, von Versand bis Lieferung. Auch Rückgaben sind ziemlich unkompliziert. Die App läuft meistens flüssig, nur ab und zu gibt’s kleine Hänger. Was ich etwas nervig finde, sind die vielen Vorschläge und Werbung. Trotzdem im Alltag echt praktisch und spart viel Zeit.","Nutze die Amazon App schon seit Jahren und bin insgesamt echt zufrieden. Die Bedienung ist einfach und übersichtlich, man findet Produkte schnell und kann gut filtern. Bestellungen gehen super schnell und man hat alles im Blick, von Versand bis Lieferung. Auch Rückgaben sind ziemlich unkompliziert. Die App läuft meistens flüssig, nur ab und zu gibt’s kleine Hänger. Was ich etwas nervig finde, sind die vielen Vorschläge und Werbung. Trotzdem im Alltag echt praktisch und spart viel Zeit.",Imcool.................,27.8.0,2026-04-30T12:29:13Z,True,itunes_rss_mostHelpful,False,False
a4d1d2fe5ecc17e3db777c0fd70992af0381cfbebdbc52700f74d017b3d366d6,13956767532,348712880,Amazon,de,5,Die beste All-in-One-Bestell-App,"Ich schreibe sehr selten Bewertungen, aber das hier ist so ein Fall. Amazon ist die beste universelle App für Bestellungen. Das günstige Prime-Abo amortisiert sich buchstäblich nach einer einzigen Bestellung, ganz zu schweigen davon, dass man neben Amazon Prime auch Zugang zu anderen Amazon-Diensten bekommt, zum Beispiel Musik oder Filme.
Ich weiß nicht wie es bei euch ist, aber ich lebe in Deutschland und hier gibt es Lieferung in 1-2 Tagen - sehr praktisch und schnell. Außerdem ist eine Rücksendung kinderleicht: kostenloses Rücksendeetikett, kostenlose Box für die Rücksendung an einem Paketshop. Einen einfacheren und bequemeren Rückgabeprozess habe ich nirgendwo gesehen.
Auch innerhalb des deutschen Amazon gibt es die Möglichkeit, jeden Artikel in Raten bis zu 1 Jahr zu kaufen, bei manchen Artikeln nur 5 oder 3 Monate. Aber das ist der eigentliche Punkt - Ratenzahlung ohne Zinsen und ohne Vertrag. Ich war wirklich schockiert, als ich das herausfand, denn ich war es gewohnt, dass man bei jeder Ratenzahlung tonnenweise Informationen ausfüllen muss: Einkommen, Kontoauszüge - hier braucht man nichts davon. Man kann einfach so ein iPhone kaufen, wenn man nur noch 100 Euro auf der Karte hat, muss dann aber im nächsten Monat zahlen. Der maximale Betrag, den ich gesehen habe, lag bei etwa 4000 Euro für ein neues MacBook Pro in der Topkonfiguration. Bei manchen Artikeln ist die Ratenzahlung nicht verfügbar, aber für den Großteil schon. Ein kleiner Hinweis: Euer Amazon-Konto muss mindestens ein Jahr alt sein und eine grundlegende Kaufhistorie vorweisen - das reicht, damit euch die vertragslose Ratenzahlung genehmigt wird.
Amazon ist die einzige App, die ich wirklich gerne nutze und von der ich immer wieder bestellen möchte. Besonders mit Prime. Und ja, ich bin kein Bot, der diese Bewertung schreibt - ich könnte problemlos sagen, dass Amazon Mist ist und ihr es niemals herunterladen sollt. Aber das wäre für mich persönlich gelogen.","Ich schreibe sehr selten Bewertungen, aber das hier ist so ein Fall. Amazon ist die beste universelle App für Bestellungen. Das günstige Prime-Abo amortisiert sich buchstäblich nach einer einzigen Bestellung, ganz zu schweigen davon, dass man neben Amazon Prime auch Zugang zu anderen Amazon-Diensten bekommt, zum Beispiel Musik oder Filme.
Ich weiß nicht wie es bei euch ist, aber ich lebe in Deutschland und hier gibt es Lieferung in 1-2 Tagen - sehr praktisch und schnell. Außerdem ist eine Rücksendung kinderleicht: kostenloses Rücksendeetikett, kostenlose Box für die Rücksendung an einem Paketshop. Einen einfacheren und bequemeren Rückgabeprozess habe ich nirgendwo gesehen.
Auch innerhalb des deutschen Amazon gibt es die Möglichkeit, jeden Artikel in Raten bis zu 1 Jahr zu kaufen, bei manchen Artikeln nur 5 oder 3 Monate. Aber das ist der eigentliche Punkt - Ratenzahlung ohne Zinsen und ohne Vertrag. Ich war wirklich schockiert, als ich das herausfand, denn ich war es gewohnt, dass man bei jeder Ratenzahlung tonnenweise Informationen ausfüllen muss: Einkommen, Kontoauszüge - hier braucht man nichts davon. Man kann einfach so ein iPhone kaufen, wenn man nur noch 100 Euro auf der Karte hat, muss dann aber im nächsten Monat zahlen. Der maximale Betrag, den ich gesehen habe, lag bei etwa 4000 Euro für ein neues MacBook Pro in der Topkonfiguration. Bei manchen Artikeln ist die Ratenzahlung nicht verfügbar, aber für den Großteil schon. Ein kleiner Hinweis: Euer Amazon-Konto muss mindestens ein Jahr alt sein und eine grundlegende Kaufhistorie vorweisen - das reicht, damit euch die vertragslose Ratenzahlung genehmigt wird.
Amazon ist die einzige App, die ich wirklich gerne nutze und von der ich immer wieder bestellen möchte. Besonders mit Prime. Und ja, ich bin kein Bot, der diese Bewertung schreibt - ich könnte problemlos sagen, dass Amazon Mist ist und ihr es niemals herunterladen sollt. Aber das wäre für mich persönlich gelogen.",kk-leman,,2026-04-14T11:59:30Z,True,web_ssr_helpful,False,False
135ed2322bc7d428cdbadad65d1a974202f2c3cc9536c615d8482dc3b6f66f8b,13954241569,348712880,Amazon,de,5,"Top App, Top Kundenservice","Die Kulanz, Kundenfreundlichkeit und einfache Bedienung der App  machen online Käufe für mich so sorgen los wie kaum ein anderer online Shop. Bei anderen musste ich gerade noch Wochen auf hunderte von Euro auf Rückerstattungen warten. Wenig Vertrauen gegenüber dem Kunden und lange Antwort Zeiten sowie unhöfliche Mitarbeiter. Hier genau das Gegenteil. Ich verfasse sonst nie Rezessionen aber hier muss ich sagen dass sie es verdient haben.","Die Kulanz, Kundenfreundlichkeit und einfache Bedienung der App  machen online Käufe für mich so sorgen los wie kaum ein anderer online Shop. Bei anderen musste ich gerade noch Wochen auf hunderte von Euro auf Rückerstattungen warten. Wenig Vertrauen gegenüber dem Kunden und lange Antwort Zeiten sowie unhöfliche Mitarbeiter. Hier genau das Gegenteil. Ich verfasse sonst nie Rezessionen aber hier muss ich sagen dass sie es verdient haben.",MH2082,27.7.0,2026-04-13T17:05:51Z,True,itunes_rss_mostHelpful,False,False
10ff386a1375bc624ac9aaa874339b061ac4b89ef65c089bd764ec66f78dcc2c,13940076355,348712880,Amazon,de,5,Beste App für Versandhandel,"Ich bin seit Jahren amazon- Kundin und kenne keine bessere App. Sie funktioniert immer und schnell und ich nutze auch intensiv den Warenkorb, den Wunschzettel und die Listen.
So kann ich schnell nachschauen: ""Wie hießen der Artikel noch mal?"" und kann ihn schnell nachbestellen.  Oder ich merke mir verschiedene Optionen für größere Anschaffungen vor und übeelege dann in Ruhe, welcher mir am besten gefällt. Bin sehr zufrieden.","Ich bin seit Jahren amazon- Kundin und kenne keine bessere App. Sie funktioniert immer und schnell und ich nutze auch intensiv den Warenkorb, den Wunschzettel und die Listen.
So kann ich schnell nachschauen: ""Wie hießen der Artikel noch mal?"" und kann ihn schnell nachbestellen.  Oder ich merke mir verschiedene Optionen für größere Anschaffungen vor und übeelege dann in Ruhe, welcher mir am besten gefällt. Bin sehr zufrieden.",Pacermädchen_1971,27.7.0,2026-04-09T17:44:07Z,True,itunes_rss_mostHelpful,False,False
86c9d3bde5b45e69e935c85ec39aa2d0239e1b36e608333a48da9955f78e13ec,13871749721,348712880,Amazon,de,4,Übersichtlich,"Die App an sich ist übersichtlich und einfach in der Verwendung. Aber leider hat Amazon vor einiger Zeit in der iOS App die Funktion deaktiviert, im Bestellvorgang die Rechnungsanschrift parallel zur Lieferanschrift zu ändern. Dies muss man nur vor jeder einzelnen Bestellung einzeln im Menü ändern, was sehr umständlich ist und anfällig dafür, dass man es vergisst. Dann kommt der Artikel zwar an die richtige Adresse, aber die Rechnung ist falsch ausgestellt und kann im Nachgang nicht oder nur umständlich geändert werden.","Die App an sich ist übersichtlich und einfach in der Verwendung. Aber leider hat Amazon vor einiger Zeit in der iOS App die Funktion deaktiviert, im Bestellvorgang die Rechnungsanschrift parallel zur Lieferanschrift zu ändern. Dies muss man nur vor jeder einzelnen Bestellung einzeln im Menü ändern, was sehr umständlich ist und anfällig dafür, dass man es vergisst. Dann kommt der Artikel zwar an die richtige Adresse, aber die Rechnung ist falsch ausgestellt und kann im Nachgang nicht oder nur umständlich geändert werden.",AH192,27.5.0,2026-03-21T14:43:07Z,True,itunes_rss_mostHelpful,False,False
d6226dcff6ca75c19336b35cc5426e7b8628779c6a373407158fc317023bc02b,13779621408,348712880,Amazon,de,3,Liefertermine irreführend,"Ich bin kein Prime-Kunde und habe die ganze Zeit trotzdem bei Amazon bestellt, weil die Liegerung mit 2-4 Tagen doch recht flott war. Es wird bei der Gratislieferung immer noch 2 Tage angegeben, aber in der Realität sieht es inzwischen anders aus: eine Woche ist das reelle Minimum. Da kann ich auch woanders bestellen und muss mir Amazon nicht antun. Durch eine solche Behandlung wechselt man nicht zum Prime-Kunden. Ich habe schon einige Bestellungen storniert und direkt übers Internet bestellt. Das war schneller und teilweise sogar günstiger als bei Amazon. Die App funktioniert, aber irreführende Angaben zu Lieferterminen und zusätzlich erkennt man oft nicht auf Anhieb, in welchem Land der Versender sitzt, das heißt, ich sehe nicht auf Anhieb, ob die Ware aus z.B. China geliefert wird. Mir ist das alles zu unübersichtlich und nicht wirklich verbraucherfreundlich.","Ich bin kein Prime-Kunde und habe die ganze Zeit trotzdem bei Amazon bestellt, weil die Liegerung mit 2-4 Tagen doch recht flott war. Es wird bei der Gratislieferung immer noch 2 Tage angegeben, aber in der Realität sieht es inzwischen anders aus: eine Woche ist das reelle Minimum. Da kann ich auch woanders bestellen und muss mir Amazon nicht antun. Durch eine solche Behandlung wechselt man nicht zum Prime-Kunden. Ich habe schon einige Bestellungen storniert und direkt übers Internet bestellt. Das war schneller und teilweise sogar günstiger als bei Amazon. Die App funktioniert, aber irreführende Angaben zu Lieferterminen und zusätzlich erkennt man oft nicht auf Anhieb, in welchem Land der Versender sitzt, das heißt, ich sehe nicht auf Anhieb, ob die Ware aus z.B. China geliefert wird. Mir ist das alles zu unübersichtlich und nicht wirklich verbraucherfreundlich.",ASchatz,27.3.0,2026-02-23T06:23:57Z,True,itunes_rss_mostHelpful,False,False
81bf5340cde7b7ce05be6238cb7f906e90115d42f5ab91c75df26c0a8ec73cb8,13551486028,348712880,Amazon,de,5,Bewertungen,"Ich kaufe regelmäßig über Amazon und bin insgesamt sehr zufrieden. Die Produktauswahl ist groß, die Preise sind meist fair und der Bestellvorgang ist einfach und übersichtlich. Die Lieferungen kamen bei mir bisher zuverlässig und oft schneller als angekündigt an.

Positiv hervorzuheben ist auch der Kundenservice: Rücksendungen und Erstattungen liefen bisher problemlos und unkompliziert ab.

Natürlich hängt die Erfahrung teilweise vom jeweiligen Händler ab, aber insgesamt habe ich überwiegend gute Erfahrungen gemacht. Für mich ist Amazon eine bequeme und zuverlässige Plattform zum Online-Einkauf.","Ich kaufe regelmäßig über Amazon und bin insgesamt sehr zufrieden. Die Produktauswahl ist groß, die Preise sind meist fair und der Bestellvorgang ist einfach und übersichtlich. Die Lieferungen kamen bei mir bisher zuverlässig und oft schneller als angekündigt an.

Positiv hervorzuheben ist auch der Kundenservice: Rücksendungen und Erstattungen liefen bisher problemlos und unkompliziert ab.

Natürlich hängt die Erfahrung teilweise vom jeweiligen Händler ab, aber insgesamt habe ich überwiegend gute Erfahrungen gemacht. Für mich ist Amazon eine bequeme und zuverlässige Plattform zum Online-Einkauf.",Moh_366,25.22.0,2025-12-24T23:08:32Z,True,itunes_rss_mostHelpful,False,False
32285902fc7dadb916ad7af187f67b6e0dd7a80cebad43ef48baab3b2686686f,13531630599,348712880,Amazon,de,3,Leider zunehmend schlechter,"Leider wird die App anscheinend zunehmend schlechter. Dies gilt zumindest für die Suchfunktion. Man gibt einen Artikel ganz konkret in die Suche ein (zum Beispiel iPad 12,9 Zoll der fünften Generation). Leider bekommt man dann eine völlig unpassende Hülle geliefert, die zumindest den Aufdruck iPad 12,9 Zoll fünfte Generation, beinhaltet aber in der Länge circa ein bis 2 cm zu lang ist.
Es wäre sehr wünschenswert, wenn die Suchfunktion zukünftig wieder passende Artikel anzeigt und nicht ständig irgendein gesponserten Kram, der im Zweifel überhaupt nicht zur Suche passt. Kleine Anmerkung bei oben genannter Suche wurde bewusst kein gesponserter Artikel gekauft.
Letzte Ergänzung: eine profilbezogene Speichermöglichkeit von zum Beispiel regelmäßig genutzten Filtermöglichkeiten wäre ebenso noch eine Ergänzung, die vielleicht zu einem Stern mehr führen könnte.","Leider wird die App anscheinend zunehmend schlechter. Dies gilt zumindest für die Suchfunktion. Man gibt einen Artikel ganz konkret in die Suche ein (zum Beispiel iPad 12,9 Zoll der fünften Generation). Leider bekommt man dann eine völlig unpassende Hülle geliefert, die zumindest den Aufdruck iPad 12,9 Zoll fünfte Generation, beinhaltet aber in der Länge circa ein bis 2 cm zu lang ist.
Es wäre sehr wünschenswert, wenn die Suchfunktion zukünftig wieder passende Artikel anzeigt und nicht ständig irgendein gesponserten Kram, der im Zweifel überhaupt nicht zur Suche passt. Kleine Anmerkung bei oben genannter Suche wurde bewusst kein gesponserter Artikel gekauft.
Letzte Ergänzung: eine profilbezogene Speichermöglichkeit von zum Beispiel regelmäßig genutzten Filtermöglichkeiten wäre ebenso noch eine Ergänzung, die vielleicht zu einem Stern mehr führen könnte.",Sascha_KR,25.22.0,2025-12-19T15:34:19Z,True,itunes_rss_mostHelpful,False,False
646ca9884ec7eb2188be7ce8b1db9de026fb434052e438c34ae690347da61de1,13466234691,348712880,Amazon,de,5,Gute Erfahrung,Amazon hat einen sehr große Auswahl von allem was man benötigt und vor allem für pc und die haben gute Preise so wie Qualität,Amazon hat einen sehr große Auswahl von allem was man benötigt und vor allem für pc und die haben gute Preise so wie Qualität,Siyar793@,25.20.4,2025-12-02T11:29:01Z,True,itunes_rss_mostHelpful,False,False
b2274ef223efb920f1d4fc784a3c65229e94653429bac28ac659d94302c5d407,13453749651,348712880,Amazon,de,1,Betrug und man kommt nicht raus,"Seit 4 Monaten kämpfe ich hier darum, dass eine angeblich offene Zahlung aus 2016 bezahlt ist, und vor allem auch schon verjährt. Den ständigen Ping-Pong, man möge sich an deren Zahlanbieter Riverty wenden, die bestätigen dann keine offene Zahlung vorliegt, man schickt das an amazon, bekommt man 2 Tage wieder eine Mail, dass das Konto auf Grund dieser ausstehenden Rechnung gesperrt sei. Selbst ein Einschreiben mit Kopie des schreibens, dass alles bezahlt ist hat nichts gebracht. An den Gutschein von 25 Euro, der auf dem Konto als Guthaben ist, kommt man nicht dran - weil Konto ja gesperrt. Hier überhaupt mal an den Kundenservice zu kommen, und dann jemanden zu erwischen, der auch versteht was man will, gleicht schon eher der Ziehung der Lottozahlen. Auch heute habe ich wieder eine Mail bekommen, dass mein Konto gesperrt sei. - Ich bin mittlerweile so weit auf mein Recht zu verzichten und die 25 Euro in den Wind zu schreiben. - Nie wieder amazon, da gibt es mittlerweile genug Alternativen. Zumal Amazon mittlerweile zu 80% nur noch aus Drittanbietern besteht, die selbst bei den anderen Alternativen kaufen um es auf amazon teurer zu verkaufen. - Konto gelöscht, 25 Euro verschenkt, NIE WIEDER AMAZON!!!","Seit 4 Monaten kämpfe ich hier darum, dass eine angeblich offene Zahlung aus 2016 bezahlt ist, und vor allem auch schon verjährt. Den ständigen Ping-Pong, man möge sich an deren Zahlanbieter Riverty wenden, die bestätigen dann keine offene Zahlung vorliegt, man schickt das an amazon, bekommt man 2 Tage wieder eine Mail, dass das Konto auf Grund dieser ausstehenden Rechnung gesperrt sei. Selbst ein Einschreiben mit Kopie des schreibens, dass alles bezahlt ist hat nichts gebracht. An den Gutschein von 25 Euro, der auf dem Konto als Guthaben ist, kommt man nicht dran - weil Konto ja gesperrt. Hier überhaupt mal an den Kundenservice zu kommen, und dann jemanden zu erwischen, der auch versteht was man will, gleicht schon eher der Ziehung der Lottozahlen. Auch heute habe ich wieder eine Mail bekommen, dass mein Konto gesperrt sei. - Ich bin mittlerweile so weit auf mein Recht zu verzichten und die 25 Euro in den Wind zu schreiben. - Nie wieder amazon, da gibt es mittlerweile genug Alternativen. Zumal Amazon mittlerweile zu 80% nur noch aus Drittanbietern besteht, die selbst bei den anderen Alternativen kaufen um es auf amazon teurer zu verkaufen. - Konto gelöscht, 25 Euro verschenkt, NIE WIEDER AMAZON!!!",MelaH1307,25.20.4,2025-11-29T06:53:35Z,True,itunes_rss_mostHelpful,False,False
ff824e4b388808eb9b48d6b059e8b7cb7fee76af11b13adb4d9f9e2212c0b060,13317273952,348712880,Amazon,de,5,"Etwas überfrachtet und es werden Produkte angezeigt, die man nicht sucht.","Die Werbung zwischen den Artikeln ist eher störend und sollte nicht angezeigt werden, zumal das Handy/Pad zusätzlich  noch wärmer wird und der Akku dadurch noch stärker belastet wird, als sowieso schon.

Die Preise steigen unaufhörlich und das häufig bei schlechter Qualität. Da solltet ihr so langsam ein wenig mehr aufpassen, viele Produkte sind im normalen Handel häufig wesentlich günstiger! Seit wann ist der Einkauf ab 39€ nicht mehr Versandkosten befreit, oft muss man mehr bestellen, obwohl dort steht, gratis Lieferung bei 39€!? Warum wird das nicht kommuniziert? Auch in der Zustellung ca. 4 Tage und die Zustellung als solches, ist noch viel Verbesserung möglich. Ständig wird man belästigt, die Arbeit der Zulieferer auszuführen und Pakete für das ganze Haus anzunehmen!? Rein rechtlich haftet man auch noch dafür, wenn was unstimmig ist, einfach mal erkundigen.","Die Werbung zwischen den Artikeln ist eher störend und sollte nicht angezeigt werden, zumal das Handy/Pad zusätzlich  noch wärmer wird und der Akku dadurch noch stärker belastet wird, als sowieso schon. 

Die Preise steigen unaufhörlich und das häufig bei schlechter Qualität. Da solltet ihr so langsam ein wenig mehr aufpassen, viele Produkte sind im normalen Handel häufig wesentlich günstiger! Seit wann ist der Einkauf ab 39€ nicht mehr Versandkosten befreit, oft muss man mehr bestellen, obwohl dort steht, gratis Lieferung bei 39€!? Warum wird das nicht kommuniziert? Auch in der Zustellung ca. 4 Tage und die Zustellung als solches, ist noch viel Verbesserung möglich. Ständig wird man belästigt, die Arbeit der Zulieferer auszuführen und Pakete für das ganze Haus anzunehmen!? Rein rechtlich haftet man auch noch dafür, wenn was unstimmig ist, einfach mal erkundigen.",€ Don €,,2025-10-26T16:06:54Z,True,web_ssr_helpful,False,False
e05ffec9f2c5987bcb13bae94ccbf6028df27206480a8f5483dd9e2edc7192cb,13116519659,348712880,Amazon,de,3,Ich ziehe zwei Sterne ab!,Es gibt vieles über Amazon zu bestellen. Fast immer werde hier fündig. Was mich  aber mittlerweile nervt sind die Lieferbedingungen! Erstens werden Lieferzeiten nicht eingehalten. Zeitfenster sind für den Käufer da um sich zu organisieren. Das klappt leider nur selten und es gibt keine Möglichkeit einen Wunschtermin zu vereinbaren. Das zweite ist die untragbare Zustand der Teillieferungen. Warum gibt es keine Option dies zu vereinbaren oder zu verhindern? Das ist extrem nervig !!! Das dritte was nervt: Wenn ich einen Artikel aus dem Drogeriebereich reklamieren möchte dann muss ich neuerdings mich an den Hersteller wenden?! Geht’s noch? Wenn ich bei meinem Budni um die Ecke etwas kaufe dann sagt mir die Verkäufer/in auch nicht schicken sie den Artikel nach China und reklamieren dort! Bin leider mit einigen Zuständen nicht mehr ganz einverstanden und mal so warum kann ich den Kundenservice eigentlich nicht mehr telefonisch erreichen? Für diese nicht mehr vorhandenen Services bin ich eigentlich nicht mehr bereit Prime zu bezahlen…,Es gibt vieles über Amazon zu bestellen. Fast immer werde hier fündig. Was mich  aber mittlerweile nervt sind die Lieferbedingungen! Erstens werden Lieferzeiten nicht eingehalten. Zeitfenster sind für den Käufer da um sich zu organisieren. Das klappt leider nur selten und es gibt keine Möglichkeit einen Wunschtermin zu vereinbaren. Das zweite ist die untragbare Zustand der Teillieferungen. Warum gibt es keine Option dies zu vereinbaren oder zu verhindern? Das ist extrem nervig !!! Das dritte was nervt: Wenn ich einen Artikel aus dem Drogeriebereich reklamieren möchte dann muss ich neuerdings mich an den Hersteller wenden?! Geht’s noch? Wenn ich bei meinem Budni um die Ecke etwas kaufe dann sagt mir die Verkäufer/in auch nicht schicken sie den Artikel nach China und reklamieren dort! Bin leider mit einigen Zuständen nicht mehr ganz einverstanden und mal so warum kann ich den Kundenservice eigentlich nicht mehr telefonisch erreichen? Für diese nicht mehr vorhandenen Services bin ich eigentlich nicht mehr bereit Prime zu bezahlen…,rayofhope858,25.17.0,2025-09-09T09:40:38Z,True,itunes_rss_mostHelpful,False,False
4c0261cac1d7b5d4fa754db6a8d2761bad07179347e70636c88b3e10d28a663e,13098167227,348712880,Amazon,de,1,Temu mittlerweile besser als Amazon,"Der Kundenservice von Amazon ist unterirdisch schlecht. Ich habe in der Vergangenheit immer sofort meine Waren bezahlt aber habe in den letzten 3 Monaten mal auf Monatsabrechnung bestellt. Leider habe ich vergessen die erste Monatsabrechnung zu überweisen und habe nur die letzten beiden überwiesen (also die erste versehentlich verpeilt) Und habe jetzt für diese offene Rechnung von eigentlich nur 15 €, Inkasso für knapp 24€ zahlen müssen, weil Amazon von mir keine richtige Adresse in der Monatsabrechnung hinterlegt hatte...die hätte man bei Umzug zusätzlich ändern müssen!!! Die Pakete sind selbstverständlich immer alle angekommen, aber das klappt nicht. Traurig, dass man bei Umzug 2x seine Adressdaten ändern muss. Das war’s für mich mit Amazon prime. Sobald der letzte Vorgang abgeschlossen ist, werde ich kündigen und die App löschen, es gibt auch bessere und andere Anbieter, bei denen man die gleiche Ware bestellen kann. Und Filme gucke ich über prime sowieso nie.
Und dann ist der Support auch noch großspurig und will einen belehren, anstatt Verständnis für die Situation zu zeigen. Und nur weil man anderthalb Monate zu spät eine Rechnung überweist, gleich Inkasso vorbei zu schicken ist lächerlich","Der Kundenservice von Amazon ist unterirdisch schlecht. Ich habe in der Vergangenheit immer sofort meine Waren bezahlt aber habe in den letzten 3 Monaten mal auf Monatsabrechnung bestellt. Leider habe ich vergessen die erste Monatsabrechnung zu überweisen und habe nur die letzten beiden überwiesen (also die erste versehentlich verpeilt) Und habe jetzt für diese offene Rechnung von eigentlich nur 15 €, Inkasso für knapp 24€ zahlen müssen, weil Amazon von mir keine richtige Adresse in der Monatsabrechnung hinterlegt hatte...die hätte man bei Umzug zusätzlich ändern müssen!!! Die Pakete sind selbstverständlich immer alle angekommen, aber das klappt nicht. Traurig, dass man bei Umzug 2x seine Adressdaten ändern muss. Das war’s für mich mit Amazon prime. Sobald der letzte Vorgang abgeschlossen ist, werde ich kündigen und die App löschen, es gibt auch bessere und andere Anbieter, bei denen man die gleiche Ware bestellen kann. Und Filme gucke ich über prime sowieso nie.
Und dann ist der Support auch noch großspurig und will einen belehren, anstatt Verständnis für die Situation zu zeigen. Und nur weil man anderthalb Monate zu spät eine Rechnung überweist, gleich Inkasso vorbei zu schicken ist lächerlich",Tyresa Sylva,25.17.0,2025-09-04T15:13:10Z,True,itunes_rss_mostHelpful,False,False
8ddabd89618d559b14ea73354a326c6d8fd06e000a427e0d2c9aa8433a8036ae,13091680865,348712880,Amazon,de,5,Übersichtlich & super praktisch im Alltag,"Ich nutze die Amazon App fast täglich und bin wirklich zufrieden. Alles ist übersichtlich aufgebaut, die Suche funktioniert schnell und ich finde Produkte meist innerhalb weniger Sekunden. Besonders praktisch finde ich die Wunschlisten und die Möglichkeit, Bestellungen direkt zu verfolgen – so weiß man immer genau, wo das Paket gerade ist.

Auch die Bezahlvorgänge laufen reibungslos, egal ob mit Karte, Gutschein oder Bankeinzug. Rücksendungen sind ebenfalls extrem unkompliziert über die App geregelt, was ich sehr schätze.

Für mich ist die App eine echte Erleichterung im Alltag – schneller als am PC, einfach vom Sofa oder unterwegs shoppen und alles im Blick haben.","Ich nutze die Amazon App fast täglich und bin wirklich zufrieden. Alles ist übersichtlich aufgebaut, die Suche funktioniert schnell und ich finde Produkte meist innerhalb weniger Sekunden. Besonders praktisch finde ich die Wunschlisten und die Möglichkeit, Bestellungen direkt zu verfolgen – so weiß man immer genau, wo das Paket gerade ist.

Auch die Bezahlvorgänge laufen reibungslos, egal ob mit Karte, Gutschein oder Bankeinzug. Rücksendungen sind ebenfalls extrem unkompliziert über die App geregelt, was ich sehr schätze.

Für mich ist die App eine echte Erleichterung im Alltag – schneller als am PC, einfach vom Sofa oder unterwegs shoppen und alles im Blick haben.",mimirkw,,2025-09-02T21:54:29Z,True,web_ssr_helpful,False,False
47dda083cf28ba89341334ac74eb65268120d81079122a6ab7113cc3e29e670a,13042703935,348712880,Amazon,de,1,Systemfehler werden nicht behoben - Amazon ist inkompetent.,"Seit nunmehr 3,5 Wochen kann ich aufgrund eines ""Systemfehlers"" keine Bestellungen mehr tätigen. Mehrere Anrufe beim Support konnten das Problem nicht lösen. Einzig, dass das Problem bei Amazon liegt, wurde mir bestätigt. Und der unglaublich tolle Tipp gegeben, 2-3 Bestellungen über einen Gutschein zu tätigen. Selbst das wurde versucht - natürlich hat's nichts gebracht.
Frage mich, wozu ich Geld für Prime und Music unlimeted bezahle, wenn diese Dienste aufgrund eines Amazonfehkers nicht zur Verfügung stehen? Da kann ich mein Geld genauso gut zum Fenster raus werfen. Es ist erstaunlich wie schlecht an der Problemlösung gearbeitet wird und wie inkompetent der Support ist. Habe mehrfach angerufen und angegeben, dass es Probleme mit der Bezahlmethode gibt - was schickt mir der Support für eine E-Mail - dass meine Bestellung bearbeitet wurde. Ah ja, alles klar.
Leute, ich weiß ja, dass ihr jeden einstellt, der seinen Namen klatschen kann. Aber im Deutschsprachigen Raum kann ich doch auch mal erwarten, nicht in Indien, Nordafrika oder Pakistan raus zu kommen, die weder mich verstehen, noch selber verständlich sind, da ihr Akzent so krass ist, dass es genauso gut Finnisch sein könnte, was die Leute da sprechen. Mal abgesehen von der echt schlechten Grammatik in den Support E-Mail. Seriös wirkt das nicht. Man sollte meinen, Amazon verfügt über genügend Geld, um seine E-Mails nicht via Google Übersetzer (stand 2006) übersetzen zu lassen.
Wir hätten in den letzten Wochen gern mehrere Dinge über Amazon bestellt - so eine Drohne oder eine Spiegelreflexkamera oder Tierzubehör. Alles locker im Wert von 800€. Das Geld will Amazon also nicht haben. Ok, dann wird eben wieder klassisch eingekauft. Schade, dass Amazon so Kundenunfreundlich ist und es nicht schafft, Probleme zu beheben.
Uns seid ihr als Kunden los!","Seit nunmehr 3,5 Wochen kann ich aufgrund eines ""Systemfehlers"" keine Bestellungen mehr tätigen. Mehrere Anrufe beim Support konnten das Problem nicht lösen. Einzig, dass das Problem bei Amazon liegt, wurde mir bestätigt. Und der unglaublich tolle Tipp gegeben, 2-3 Bestellungen über einen Gutschein zu tätigen. Selbst das wurde versucht - natürlich hat's nichts gebracht. 
Frage mich, wozu ich Geld für Prime und Music unlimeted bezahle, wenn diese Dienste aufgrund eines Amazonfehkers nicht zur Verfügung stehen? Da kann ich mein Geld genauso gut zum Fenster raus werfen. Es ist erstaunlich wie schlecht an der Problemlösung gearbeitet wird und wie inkompetent der Support ist. Habe mehrfach angerufen und angegeben, dass es Probleme mit der Bezahlmethode gibt - was schickt mir der Support für eine E-Mail - dass meine Bestellung bearbeitet wurde. Ah ja, alles klar. 
Leute, ich weiß ja, dass ihr jeden einstellt, der seinen Namen klatschen kann. Aber im Deutschsprachigen Raum kann ich doch auch mal erwarten, nicht in Indien, Nordafrika oder Pakistan raus zu kommen, die weder mich verstehen, noch selber verständlich sind, da ihr Akzent so krass ist, dass es genauso gut Finnisch sein könnte, was die Leute da sprechen. Mal abgesehen von der echt schlechten Grammatik in den Support E-Mail. Seriös wirkt das nicht. Man sollte meinen, Amazon verfügt über genügend Geld, um seine E-Mails nicht via Google Übersetzer (stand 2006) übersetzen zu lassen. 
Wir hätten in den letzten Wochen gern mehrere Dinge über Amazon bestellt - so eine Drohne oder eine Spiegelreflexkamera oder Tierzubehör. Alles locker im Wert von 800€. Das Geld will Amazon also nicht haben. Ok, dann wird eben wieder klassisch eingekauft. Schade, dass Amazon so Kundenunfreundlich ist und es nicht schafft, Probleme zu beheben. 
Uns seid ihr als Kunden los!",Luci Punkt,25.16.0,2025-08-21T10:31:32Z,True,itunes_rss_mostHelpful,False,False
33d8b6d49e3024bb4f1dbb4832ef049d4ef78395617d61cc74a36cc9ee47baec,13021735509,348712880,Amazon,de,5,"Spam Stornierungen, Spam Debitcard Ablehnungen!! Keine Chance zu reagieren","Kein Zugang mehr da die Mobilnummer sich geändert hat, Die Handynummer nicht behalten wurde und kein Zugriff auf die alte Nummer mehr möglich ist wegen eines Diebstahls. Dieser Stand ist bei mir seit 2023 unverändert… ich kriege Spam den ich nicht abschalten kann… ich nutze nie Amazon und kann nicht mal mein Acc löschen. Sehr nervig","Kein Zugang mehr da die Mobilnummer sich geändert hat, Die Handynummer nicht behalten wurde und kein Zugriff auf die alte Nummer mehr möglich ist wegen eines Diebstahls. Dieser Stand ist bei mir seit 2023 unverändert… ich kriege Spam den ich nicht abschalten kann… ich nutze nie Amazon und kann nicht mal mein Acc löschen. Sehr nervig",Auazon,25.13.0,2025-08-16T03:52:50Z,True,itunes_rss_mostHelpful,False,False
2e9c11543684936ffb5955a103caef00166701f14ac0bcdcc51e29381a4e9945,12770260880,348712880,Amazon,de,4,iPhone 16 pro wird heiß nach Sekunden,"Seit 1-2 Wochen wird das iPhone in Sekunden richtig heiß . War nie so. Alle Apps funktionieren normal nur bei Amazon wird es richtig heiß. Bitte beheben. Hab schon App gelöscht Handy zurück gesetzt usw. Immer das gleiche Problem.

Bitte um Rückmeldung.

Sonst ist alles okay läuft alles gut eigentlich.","Seit 1-2 Wochen wird das iPhone in Sekunden richtig heiß . War nie so. Alle Apps funktionieren normal nur bei Amazon wird es richtig heiß. Bitte beheben. Hab schon App gelöscht Handy zurück gesetzt usw. Immer das gleiche Problem. 

Bitte um Rückmeldung. 

Sonst ist alles okay läuft alles gut eigentlich.",Was soll ich schreiben man,25.12.0,2025-06-13T17:19:26Z,True,itunes_rss_mostHelpful,False,False
1312dc6f9ed92d9ae656ee5f01bd55a1ed5c221379b8144b6c020d24e614b403,12712307058,348712880,Amazon,de,5,Alles mögliche,"Immer zuverlässig, schnell, korrekte Abrechnung und preiswerte Angebote - ich kaufe gerne hier ein","Immer zuverlässig, schnell, korrekte Abrechnung und preiswerte Angebote - ich kaufe gerne hier ein",JaPotzBlitz,25.10.0,2025-05-29T16:44:34Z,True,itunes_rss_mostHelpful,False,False
a56c67c2fb81b7746af52cb0436fb98b6c691eec9925996a789d7af4243a5ecf,12598516169,348712880,Amazon,de,5,Bin zufrieden,"Bisher hab ich keine großen  Probleme mit Amazon gehabt. Kleinigkeiten gibt es überall und man sollte nicht alles auf die Goldwaage legen. Immerhin ist niemand perfekt und bei einem so großen Kundenstamm kann man es nicht jeden recht machen! Bei manchen Rezensionen, die ich hier lese, kann ich nur den Kopf schütteln. Da wird sich maßlos wegen Kleinigkeiten aufgeregt und nur 1 Stern da gelassen. Und bestellt wird trotzdem weiterhin 😅 das einzige, das mich glücklicher machen würde ist, wenn man seine Payback Karte mit dem Amazon Konto verknüpfen könnte und die Punkte dann automatisch gutgeschrieben werden. So wie es jetzt ist, dass man erst über die Payback App in die Amazon App gehen muss, finde ich bisschen umständlich. Vielleicht lässt sich das in naher Zukunft umsetzen.","Bisher hab ich keine großen  Probleme mit Amazon gehabt. Kleinigkeiten gibt es überall und man sollte nicht alles auf die Goldwaage legen. Immerhin ist niemand perfekt und bei einem so großen Kundenstamm kann man es nicht jeden recht machen! Bei manchen Rezensionen, die ich hier lese, kann ich nur den Kopf schütteln. Da wird sich maßlos wegen Kleinigkeiten aufgeregt und nur 1 Stern da gelassen. Und bestellt wird trotzdem weiterhin 😅 das einzige, das mich glücklicher machen würde ist, wenn man seine Payback Karte mit dem Amazon Konto verknüpfen könnte und die Punkte dann automatisch gutgeschrieben werden. So wie es jetzt ist, dass man erst über die Payback App in die Amazon App gehen muss, finde ich bisschen umständlich. Vielleicht lässt sich das in naher Zukunft umsetzen.",Lulu 1988,25.9.0,2025-04-29T08:32:30Z,True,itunes_rss_mostHelpful,False,False
22dcf641823df6d6da842548e7bbfe4cf73f56c9ea4451a8cce60eef8696fa96,12459910495,348712880,Amazon,de,2,Lässt stark | Filter sind schlecht,"Leider stürzt die App immer mal ab nach dem Probleme beim Laden der jeweiligen Seite aufgetreten sind. Entweder wird eine Seite, eines Artikels nur sehr langsam geladen oder es wird nur die Hälfte der Seite geladen. Auch ladeprobleme der Fotos vom jeweiligen Artikel sind bereits ein Vorkommnis. Für mich als Nutzer dieser App sehr nervend. Das bedeutet, App schöießen und neu öffnen bis eines oder mehrere der oben genannten Probleme wieder auftreten.

Zu den Filtern der Einkaufsliste:
Wenn man mehrere Einkaufsliste erstellt hat, in denen man Favoriten ablegen kann, wurde mir zuvor immer der zuletzt abgelegte Artikel an der ersten Stelle angezeigt. Seit längerem ist das nicht mehr so zuverlässig. Da werden meist Artikel angezeigt, die weit unten in der Liste stehen. Auch die Einstellung nach welchen Kriterien mir die Artikel angezeigt werden sollen, ändert nichts. Es scheint als wäre alles eher zufällig. Wenn nicht, sogar absichtlich? Wer weiß das schon so genau. Aber diese und weitere schmälern sehr deutlich die Lust diese App zu verwenden. Ich hoffe auf schnelle Besserung durch ein Update, ohne das neue Probleme durch ein Update entstehen. Wenn das soweit behoben wird, dann darf die App auch gerne eine bessere Bewertung erhalten. Bis dahin nur maximal 2 Sterne.","Leider stürzt die App immer mal ab nach dem Probleme beim Laden der jeweiligen Seite aufgetreten sind. Entweder wird eine Seite, eines Artikels nur sehr langsam geladen oder es wird nur die Hälfte der Seite geladen. Auch ladeprobleme der Fotos vom jeweiligen Artikel sind bereits ein Vorkommnis. Für mich als Nutzer dieser App sehr nervend. Das bedeutet, App schöießen und neu öffnen bis eines oder mehrere der oben genannten Probleme wieder auftreten. 

Zu den Filtern der Einkaufsliste: 
Wenn man mehrere Einkaufsliste erstellt hat, in denen man Favoriten ablegen kann, wurde mir zuvor immer der zuletzt abgelegte Artikel an der ersten Stelle angezeigt. Seit längerem ist das nicht mehr so zuverlässig. Da werden meist Artikel angezeigt, die weit unten in der Liste stehen. Auch die Einstellung nach welchen Kriterien mir die Artikel angezeigt werden sollen, ändert nichts. Es scheint als wäre alles eher zufällig. Wenn nicht, sogar absichtlich? Wer weiß das schon so genau. Aber diese und weitere schmälern sehr deutlich die Lust diese App zu verwenden. Ich hoffe auf schnelle Besserung durch ein Update, ohne das neue Probleme durch ein Update entstehen. Wenn das soweit behoben wird, dann darf die App auch gerne eine bessere Bewertung erhalten. Bis dahin nur maximal 2 Sterne.",Schreiber- xy,25.6.2,2025-03-24T19:18:40Z,True,itunes_rss_mostHelpful,False,False
24fcaba86f10e98135c2608aecd0fc20925b967d24f54f6165b94ece168a2d90,12449457291,348712880,Amazon,de,5,Herausragende Shopping App,"Die Amazon-App ist einfach klasse! Sie ist sehr benutzerfreundlich und ermöglicht es mir, schnell und unkompliziert durch die riesige Auswahl an Produkten zu stöbern. Die Suchfunktion funktioniert einwandfrei und ich finde immer genau das, was ich brauche. Besonders gefällt mir, dass ich meine Bestellungen jederzeit verfolgen und meine Lieferungen in Echtzeit einsehen kann. Auch die Zahlungsmethoden sind vielseitig und sicher. Die App läuft stabil und bietet ein tolles Einkaufserlebnis, sowohl im Alltag als auch für spontane Einkäufe.","Die Amazon-App ist einfach klasse! Sie ist sehr benutzerfreundlich und ermöglicht es mir, schnell und unkompliziert durch die riesige Auswahl an Produkten zu stöbern. Die Suchfunktion funktioniert einwandfrei und ich finde immer genau das, was ich brauche. Besonders gefällt mir, dass ich meine Bestellungen jederzeit verfolgen und meine Lieferungen in Echtzeit einsehen kann. Auch die Zahlungsmethoden sind vielseitig und sicher. Die App läuft stabil und bietet ein tolles Einkaufserlebnis, sowohl im Alltag als auch für spontane Einkäufe.",Burgi112,25.6.2,2025-03-22T07:10:40Z,True,itunes_rss_mostHelpful,False,False
1f85b7b0853732ed42737fc297a2678da6be5027bd5e2c46569a7e9fae36fe59,12416033252,348712880,Amazon,de,1,App bietet keine Möglichkeit menschlichen Support zu kontaktieren.,"Heute wurde eine Lieferung zugestellt. Der Amazon Ausfahrer hat nicht geklingelt. Das Paket war nicht vor der Wohnungstür, nicht vor der Haustür. Durch Zufall bin ich dann zu einem anderen Haus mit einer anderen Nummer gegangen. Dieses Haus hat nichts mit dem Haus zu tun wo ich wohne und dort lag das Paket rum. Das ist doch nicht euer ernst oder? Ich bin sauer und enttäuscht von Amazon. Wenn der Fahrer nicht mal Zahlen lesen kann dann sollte er zurück in die Grundschule.

Der Service von Amazon wird immer schlechter und das ist enttäuschend. Jetzt muss ich schon die halbe Nachbarschaft abklappern um mein Paket zu finden. Ist der Fahrer zu schüchtern das er einfach mal klingelt? Ich war zuhause. Der hat gefälligst zu klingeln und das Paket dort abzugeben wo der Empfänger wohnt, vielleicht noch bei einem Nachbarn IM SELBEN HAUS, aber nicht bei einem ganz anderen Haus.

Damit diese Rezensionen hier rechtmäßig stehen darf kritisiere ich die Amazon App mit der mangelnden Möglichkeit den Support zu kontaktieren. Es wird einem nur der AI Bot hingeworfen und ich muss eine der vorgeschlagenen Optionen auswählen. Ihr gebt hier keine Möglichkeit das ich mich erklären kann und scheinbar ist euch das Feedback auch egal. Der Service wird immer schlechter. Amazon ist enttäuschend.","Heute wurde eine Lieferung zugestellt. Der Amazon Ausfahrer hat nicht geklingelt. Das Paket war nicht vor der Wohnungstür, nicht vor der Haustür. Durch Zufall bin ich dann zu einem anderen Haus mit einer anderen Nummer gegangen. Dieses Haus hat nichts mit dem Haus zu tun wo ich wohne und dort lag das Paket rum. Das ist doch nicht euer ernst oder? Ich bin sauer und enttäuscht von Amazon. Wenn der Fahrer nicht mal Zahlen lesen kann dann sollte er zurück in die Grundschule. 

Der Service von Amazon wird immer schlechter und das ist enttäuschend. Jetzt muss ich schon die halbe Nachbarschaft abklappern um mein Paket zu finden. Ist der Fahrer zu schüchtern das er einfach mal klingelt? Ich war zuhause. Der hat gefälligst zu klingeln und das Paket dort abzugeben wo der Empfänger wohnt, vielleicht noch bei einem Nachbarn IM SELBEN HAUS, aber nicht bei einem ganz anderen Haus.

Damit diese Rezensionen hier rechtmäßig stehen darf kritisiere ich die Amazon App mit der mangelnden Möglichkeit den Support zu kontaktieren. Es wird einem nur der AI Bot hingeworfen und ich muss eine der vorgeschlagenen Optionen auswählen. Ihr gebt hier keine Möglichkeit das ich mich erklären kann und scheinbar ist euch das Feedback auch egal. Der Service wird immer schlechter. Amazon ist enttäuschend.",Bahamut1,25.5.0,2025-03-13T16:14:31Z,True,itunes_rss_mostHelpful,False,False
a92a86fec766a26bd16048122a454733c5dc7cf2576e60713f38f6a81acf8984,12320684563,348712880,Amazon,de,5,Übersichtlich,Tolle App alles schön übersichtlich gestaltet und verständlich ich kann es nur empfehlen 👍😊.,Tolle App alles schön übersichtlich gestaltet und verständlich ich kann es nur empfehlen 👍😊.,FCB_FAN82,25.3.0,2025-02-17T05:29:50Z,True,itunes_rss_mostHelpful,False,False
638514f535654584a11ae6fc42420231ad9e2f7157841a15686cdb664aff3534,12289162605,348712880,Amazon,de,1,Suchfunktion,"Seitdem die Suchfunktion geändert wurde ist sie unbrauchbar. Die Filterkategorien sind jetzt noch unnützer als vorher. Man kann nicht mehr nach Material sortieren und die Darstellung in der App lässt vermuten, dass das Update durch keinerlei Usertests oder gar mal einen prüfenden Blick eines Menschen gegangen ist. Links hat man eine schmale Auflisting der Filter, aber man kann sie nicht lesen da sie abgekürzt sind weil die Zeile zu schmal ist und die restichen 4/5 des Bildschirmes ist einfach weiß und leer. Anstatt die Such und Filterfunktion mit zum Beispiel der Möglichkeit einen Filter (oder gar mehrere) für zukünftige Suchen zu speichern oder zum Beispiel auch mal endlich die Funktion Suchbegriffe auszuschliessen, um zum Beispiel bei einer Polyesterallergie keine Kleidung mit dem Wort Polyester auf der Seite angezeigt zu bekommen, hat man sich entschlossen, die Filterkategorien zu reduzieren, die Anordnung zu ändern und so unbrauchbar zu machen. Seitdem shoppe ich nicht mehr so gerb und viel weniger auf Amazon, was gut für meinen Geldbeutel und die Gesellschaft ist, also gibt es einen Stern von mir. Ach ja und dieser unbrauchbare Rufus und seine Platzierung sind auch mega nervig! User experience tester kosten doch nicht die Welt! Use them!","Seitdem die Suchfunktion geändert wurde ist sie unbrauchbar. Die Filterkategorien sind jetzt noch unnützer als vorher. Man kann nicht mehr nach Material sortieren und die Darstellung in der App lässt vermuten, dass das Update durch keinerlei Usertests oder gar mal einen prüfenden Blick eines Menschen gegangen ist. Links hat man eine schmale Auflisting der Filter, aber man kann sie nicht lesen da sie abgekürzt sind weil die Zeile zu schmal ist und die restichen 4/5 des Bildschirmes ist einfach weiß und leer. Anstatt die Such und Filterfunktion mit zum Beispiel der Möglichkeit einen Filter (oder gar mehrere) für zukünftige Suchen zu speichern oder zum Beispiel auch mal endlich die Funktion Suchbegriffe auszuschliessen, um zum Beispiel bei einer Polyesterallergie keine Kleidung mit dem Wort Polyester auf der Seite angezeigt zu bekommen, hat man sich entschlossen, die Filterkategorien zu reduzieren, die Anordnung zu ändern und so unbrauchbar zu machen. Seitdem shoppe ich nicht mehr so gerb und viel weniger auf Amazon, was gut für meinen Geldbeutel und die Gesellschaft ist, also gibt es einen Stern von mir. Ach ja und dieser unbrauchbare Rufus und seine Platzierung sind auch mega nervig! User experience tester kosten doch nicht die Welt! Use them!",BadUserXperienceAppHater4Life!,25.3.0,2025-02-09T07:15:54Z,True,itunes_rss_mostHelpful,False,False
11e37dfc77ef52312abb30bbbc858ac9d8278bfa1474bcc983dc854bb0286d4c,12190412340,348712880,Amazon,de,5,Schwedische Beschreibung,"Die App läuft gut und zuverlässig, aber warum zeigt mir der App Store jedesmal die Beschreibung in Schwedisch? Nie auf dem IPhone gehabt….","Die App läuft gut und zuverlässig, aber warum zeigt mir der App Store jedesmal die Beschreibung in Schwedisch? Nie auf dem IPhone gehabt….",Treophil,25.1.2,2025-01-16T07:37:32Z,True,itunes_rss_mostHelpful,False,False
4c8bdf12081899f7b84fac54a41bf9d28c5ee78e6acb610555f8a818eb879ffb,12177035086,348712880,Amazon,de,5,Suchergebnisse sind eine Frechheit,"Leider ist die Produktsuche  in der App genauso wie über die Website eine glatte 6 .
Selbst wenn man einigermaßen genau eingibt, was man sucht, wird einem 90 % unpassendes Zeug angezeigt.
Da dies ja kaum an technischen Unvermögen der Entwickler liegt, ist es wohl  Absicht, um den Nutzern irgendwelche Produkte als Werbung unter zu jubeln.","Leider ist die Produktsuche  in der App genauso wie über die Website eine glatte 6 . 
Selbst wenn man einigermaßen genau eingibt, was man sucht, wird einem 90 % unpassendes Zeug angezeigt. 
Da dies ja kaum an technischen Unvermögen der Entwickler liegt, ist es wohl  Absicht, um den Nutzern irgendwelche Produkte als Werbung unter zu jubeln.",trovix 3467,25.1.0,2025-01-12T20:47:42Z,True,itunes_rss_mostHelpful,False,False
9572b45b263ddd87e87f44dd240c3e0c198a2a25cea09b70ca1f862ccf9ea870,12157486697,348712880,Amazon,de,5,Verbesserungspotenzial bei der Amazon-Suchfunktion,"Amazon ist grundsätzlich eine großartige Plattform mit einer riesigen Auswahl an Produkten, einfachem Bestellprozess und schneller Lieferung, besonders mit Prime. Allerdings könnte die Suchfunktion besser sein. Es ist manchmal mühsam, gezielt Produkte zu finden, und es fehlt die Möglichkeit, nach Lieferdatum zu sortieren. Eine solche Funktion würde die Nutzung deutlich komfortabler machen, besonders wenn man auf schnelle Lieferungen angewiesen ist.","Amazon ist grundsätzlich eine großartige Plattform mit einer riesigen Auswahl an Produkten, einfachem Bestellprozess und schneller Lieferung, besonders mit Prime. Allerdings könnte die Suchfunktion besser sein. Es ist manchmal mühsam, gezielt Produkte zu finden, und es fehlt die Möglichkeit, nach Lieferdatum zu sortieren. Eine solche Funktion würde die Nutzung deutlich komfortabler machen, besonders wenn man auf schnelle Lieferungen angewiesen ist.",Niclas207,25.1.0,2025-01-07T22:49:18Z,True,itunes_rss_mostHelpful,False,False
80bf1a533177f79f09ca945bd6e92d0a160a295d1458b3b1f66db6e3972b52f4,12063619908,348712880,Amazon,de,5,App nicht nutzbar nach Update,"Leider kann ich die App nach dem Update nicht mehr nutzen. Bis auf das erste Bild vom Produkt werden die restlichen Bilder nicht angezeigt. Es zeigt dauerhaft an „Bilder werden geladen“ Rezessionen die länger sind als das Standardfenster kann man nicht lesen. Größen kann man nicht auswählen. Werde mir die Produkte anderweitig bestellen. Bin schon sehr lange bei Amazon, aber so bringt mir das nichts.","Leider kann ich die App nach dem Update nicht mehr nutzen. Bis auf das erste Bild vom Produkt werden die restlichen Bilder nicht angezeigt. Es zeigt dauerhaft an „Bilder werden geladen“ Rezessionen die länger sind als das Standardfenster kann man nicht lesen. Größen kann man nicht auswählen. Werde mir die Produkte anderweitig bestellen. Bin schon sehr lange bei Amazon, aber so bringt mir das nichts.",Stopel82,23.23.0,2024-12-14T18:57:02Z,True,itunes_rss_mostHelpful,False,False
86056caeefeeabc6771ec891a55ed01f606113583f96e74f12e726f424a72856,12048714020,348712880,Amazon,de,3,Gut aber Support stark nachgelassen in Deutschland,"Ich bin mit Amazon sehr zufrieden, nur der Support nimmt mittlerweile stark ab. Früher war es deutlich besser, dort hat man gleich kompetente Mitarbeiter im Chat oder am Telefon gehabt. In meinem Fall hatte ich einen beschädigten Artikel zurücksenden wollen. Amazon hat dann geschrieben, jetzt Rücksendeetikett drucken. Soweit so gut, nur war dort kein Etikett vorhanden. Ich wollte in den Live Chat, habe aber keinen mehr gefunden. Lediglich unter Amazon auf der US-Seite sieht man den Chat oder Kontakt, der wohl aber nur dort ständig verfügbar ist. Es scheint so, als müsste in Deutschland erst etwas eskalieren, dass man heute an einem Mitarbeiter bei Amazon kommt, also erst wenn sich der Status der Bestellung ändert, wenn ich zum Beispiel den Verkäufer 2 Tage Zeit gegeben habe und immer noch nichts passiert. Soweit alles erstmal noch okay, früher war das aber deutlich einfacher, deshalb hier mal 2 Sterne abzug. Früher kurz den Chat angeschrieben und der Mitarbeiter hat mir dann alles erklärt. Ich bleibe dran, vielleicht gibt es bald ein Update.","Ich bin mit Amazon sehr zufrieden, nur der Support nimmt mittlerweile stark ab. Früher war es deutlich besser, dort hat man gleich kompetente Mitarbeiter im Chat oder am Telefon gehabt. In meinem Fall hatte ich einen beschädigten Artikel zurücksenden wollen. Amazon hat dann geschrieben, jetzt Rücksendeetikett drucken. Soweit so gut, nur war dort kein Etikett vorhanden. Ich wollte in den Live Chat, habe aber keinen mehr gefunden. Lediglich unter Amazon auf der US-Seite sieht man den Chat oder Kontakt, der wohl aber nur dort ständig verfügbar ist. Es scheint so, als müsste in Deutschland erst etwas eskalieren, dass man heute an einem Mitarbeiter bei Amazon kommt, also erst wenn sich der Status der Bestellung ändert, wenn ich zum Beispiel den Verkäufer 2 Tage Zeit gegeben habe und immer noch nichts passiert. Soweit alles erstmal noch okay, früher war das aber deutlich einfacher, deshalb hier mal 2 Sterne abzug. Früher kurz den Chat angeschrieben und der Mitarbeiter hat mir dann alles erklärt. Ich bleibe dran, vielleicht gibt es bald ein Update.",WakingUp90,23.23.0,2024-12-10T20:44:24Z,True,itunes_rss_mostHelpful,False,False
cda6a2bbeb0879ec8ecfd756a59c3a703126db521e6f8e0ac58a601ed6ac6ed5,11942899322,348712880,Amazon,de,1,"Mit Rufus 0 Sterne, vorher 5 Sterne","Für welche Akrobaten soll Rufus sein? Ich will nicht sprechen und auch keine unnötigen, dummen Fragen stellen und entsprechend nicht noch dümmere Antworten erhalten. Rufus verdirbt mir den Einkaufsspaß im Umgang mit der App, indem es mir Gewohnheiten in der Bedienung ins Schlechte verändert und zudem ungefragt auch noch Fensterfläche verbraucht. Amazon kann diesen Rufus-Unsinn entweder optional einschaltbar machen (Betonung liegt auf einschaltbar) oder ganz verbannen. Ich habe jetzt seit ein paar Tagen extrem schlechte Laune beim Bedienen der App und ärgere mich kolossal über etwas Störendes, Unnützes, Überflüssiges und nicht Abschaltbares mitten auf dem Screen. Und bei jedem Artikel taucht dann im unteren Bereich immer neu dieser dynamische Rufusbalken auf. Braucht man den auf dem Mond, auf dem Mars oder auf Alpha Centauri? Am liebsten hätte ich sehr ungeeignete Wörter benutzt, um meine tatsächliche Stimmung zu dieser Gottessegenveränderung dank Rufus zu beschreiben. Aber ich darf das leider nicht. Außerdem wurden auch Schrifgrade verkleinert und ich muss jetzt fast eine Lupe nehmen. Aber innerhalb der App kann man ja die Schriftgröße auch nicht anpassen. Wenn man schon ins Schlechte verändert, dann kann man wenigstens für die Nutzer Mehrwert schaffen, indem man Optionen anbietet. Aber hier wird jetzt befohlen, was man gut zu finden hat. Ich finde alle Verschlechterungen auch nicht gut.","Für welche Akrobaten soll Rufus sein? Ich will nicht sprechen und auch keine unnötigen, dummen Fragen stellen und entsprechend nicht noch dümmere Antworten erhalten. Rufus verdirbt mir den Einkaufsspaß im Umgang mit der App, indem es mir Gewohnheiten in der Bedienung ins Schlechte verändert und zudem ungefragt auch noch Fensterfläche verbraucht. Amazon kann diesen Rufus-Unsinn entweder optional einschaltbar machen (Betonung liegt auf einschaltbar) oder ganz verbannen. Ich habe jetzt seit ein paar Tagen extrem schlechte Laune beim Bedienen der App und ärgere mich kolossal über etwas Störendes, Unnützes, Überflüssiges und nicht Abschaltbares mitten auf dem Screen. Und bei jedem Artikel taucht dann im unteren Bereich immer neu dieser dynamische Rufusbalken auf. Braucht man den auf dem Mond, auf dem Mars oder auf Alpha Centauri? Am liebsten hätte ich sehr ungeeignete Wörter benutzt, um meine tatsächliche Stimmung zu dieser Gottessegenveränderung dank Rufus zu beschreiben. Aber ich darf das leider nicht. Außerdem wurden auch Schrifgrade verkleinert und ich muss jetzt fast eine Lupe nehmen. Aber innerhalb der App kann man ja die Schriftgröße auch nicht anpassen. Wenn man schon ins Schlechte verändert, dann kann man wenigstens für die Nutzer Mehrwert schaffen, indem man Optionen anbietet. Aber hier wird jetzt befohlen, was man gut zu finden hat. Ich finde alle Verschlechterungen auch nicht gut.",JoAn9876,23.22.0,2024-11-12T19:53:14Z,True,itunes_rss_mostHelpful,False,False
a1413812379ccb5425cee15040c8647697bd8373867a4aa5610bf0bb6d46ebdb,11872677203,348712880,Amazon,de,5,Mit Amazon ganz und gar zufrieden,"Nun bin ich schon seit einigen Jahren Amazon Prime Kunde und bin immer noch begeistert wir einfach und problemlos die gesamten Käufe abgewickelt werden. Selbst wenn einmal (sehr selten) Probleme auftraten, konnte ich mich immer auf den Kundendienst verlassen und die Probleme wurden schnell und freundlich behoben. Ich beziehe mich jetzt hierbei ausschließlich auf Artikel, die von Amazon verkauft und geliefert werden. Im Amazon Market-Place hatte ich durchaus schon Probleme mit so manchen Verkäufer gehabt. Da ist die Rückabwicklung oftmals mit kosten und Problemen behaftet. Aber selbst dann, wenn man überhaupt nicht mit dem Verkäufer klar kommt, dann hilft der Amazon- Käuferschutz. Ich für mich achte immer darauf, dass ich Produkte kaufe, die von Amazon verkauft und geliefert werden.","Nun bin ich schon seit einigen Jahren Amazon Prime Kunde und bin immer noch begeistert wir einfach und problemlos die gesamten Käufe abgewickelt werden. Selbst wenn einmal (sehr selten) Probleme auftraten, konnte ich mich immer auf den Kundendienst verlassen und die Probleme wurden schnell und freundlich behoben. Ich beziehe mich jetzt hierbei ausschließlich auf Artikel, die von Amazon verkauft und geliefert werden. Im Amazon Market-Place hatte ich durchaus schon Probleme mit so manchen Verkäufer gehabt. Da ist die Rückabwicklung oftmals mit kosten und Problemen behaftet. Aber selbst dann, wenn man überhaupt nicht mit dem Verkäufer klar kommt, dann hilft der Amazon- Käuferschutz. Ich für mich achte immer darauf, dass ich Produkte kaufe, die von Amazon verkauft und geliefert werden.",Eva Ramzi Ilia,23.21.0,2024-10-25T10:58:20Z,True,itunes_rss_mostHelpful,False,False
039532a7edd06160e0e1be0fa85459aa4341d09b3feb155a63325257b499bf6a,11851486934,348712880,Amazon,de,5,Rechnungsdruck/-weiterleiten,"Eine wirklich gute App, jedoch habe ich keine Möglichkeit gefunden, Rechnungen auszudrucken oder abzulegen bzw. weiterzuleiten. Lediglich die Anzeige ist möglich.

Auf dem iPad findet man gar keine Möglichkeit hierfür. Nicht mal für die Anzeige.

Ansonsten, sollte ich eventuell blind sein, nehme ich gern Hinweise entgegen :-)","Eine wirklich gute App, jedoch habe ich keine Möglichkeit gefunden, Rechnungen auszudrucken oder abzulegen bzw. weiterzuleiten. Lediglich die Anzeige ist möglich. 

Auf dem iPad findet man gar keine Möglichkeit hierfür. Nicht mal für die Anzeige. 

Ansonsten, sollte ich eventuell blind sein, nehme ich gern Hinweise entgegen :-)",Willi 343,23.18.0,2024-10-19T15:11:40Z,True,itunes_rss_mostHelpful,False,False
7ebd1b35bccd24094b44552564d67dd8ca7075265fd9193de73ba3eacb587b06,11845969937,348712880,Amazon,de,1,Keine Tracking,"Es war eigentlich möglich Sendungen die Amazon versendet zu tracken ( Swisship DE ) die wurde unterbunden so das man gezwungenermaßen die shopping app nutzen muss was zum kaufen anregen soll , absolutes NOGO !!!! seit dem gehen alle meine bestellungen zu Packstation .Dazu kommt das der Umgang mit der Ware katastrophal ist . Wer z.B abo lieferungen nutzt kennt das . von 10 lieferungen sind 9 absolut unzumutbar ( karton beschädigt usw...) glatte 1x bis dato wurde die Richtigen Versand karton verwendet ( Für Getränke / Dosen usw... ). Beschwerden telefonisch werden anscheinend ignoriert. da kann man denen noch so oft sagen ob es noch ganz richtig hackt. Packete werden für jeden sichtbar einfach vor die tür gelegt und empfänger briefkasten angegeben. 3 zustellungsveruche wie es heisst gab es noch nie . da die ich leg das Packet einfach ab methode und geb an Briefkasten zu gestellt gewählt wird .Was rechtlich unzulässig ist🤣 . P.S. wählt DHL packstation aus egal was dort steht an lieferzeit ist ein Fake wenn prime zustellung gewählt wird damit man denkt das nur Amazon logistics es in 24h zustellt , FALSCH ! auch wenn dort steht es dauert 3 werktage bis zu Ankunft ist es am nächsten tag da.  alles nur um den Kunden zu verarschen !!
dasselbe bei retouren wo der  shop es nicht zulässt angeblich, und wieder hängt man beim support um sein Recht einzuklagen ( 14 tage rückgabe immer!!! , ohne Ausnahmen! auch sogenannte hygiene / siegel artikel fallen darunter da es onlineverkauf ist !!!) das macht dieses Unternehmen so Unseriös 🤦","Es war eigentlich möglich Sendungen die Amazon versendet zu tracken ( Swisship DE ) die wurde unterbunden so das man gezwungenermaßen die shopping app nutzen muss was zum kaufen anregen soll , absolutes NOGO !!!! seit dem gehen alle meine bestellungen zu Packstation .Dazu kommt das der Umgang mit der Ware katastrophal ist . Wer z.B abo lieferungen nutzt kennt das . von 10 lieferungen sind 9 absolut unzumutbar ( karton beschädigt usw...) glatte 1x bis dato wurde die Richtigen Versand karton verwendet ( Für Getränke / Dosen usw... ). Beschwerden telefonisch werden anscheinend ignoriert. da kann man denen noch so oft sagen ob es noch ganz richtig hackt. Packete werden für jeden sichtbar einfach vor die tür gelegt und empfänger briefkasten angegeben. 3 zustellungsveruche wie es heisst gab es noch nie . da die ich leg das Packet einfach ab methode und geb an Briefkasten zu gestellt gewählt wird .Was rechtlich unzulässig ist🤣 . P.S. wählt DHL packstation aus egal was dort steht an lieferzeit ist ein Fake wenn prime zustellung gewählt wird damit man denkt das nur Amazon logistics es in 24h zustellt , FALSCH ! auch wenn dort steht es dauert 3 werktage bis zu Ankunft ist es am nächsten tag da.  alles nur um den Kunden zu verarschen !! 
dasselbe bei retouren wo der  shop es nicht zulässt angeblich, und wieder hängt man beim support um sein Recht einzuklagen ( 14 tage rückgabe immer!!! , ohne Ausnahmen! auch sogenannte hygiene / siegel artikel fallen darunter da es onlineverkauf ist !!!) das macht dieses Unternehmen so Unseriös 🤦",Strike2001,23.18.0,2024-10-18T03:33:09Z,True,itunes_rss_mostHelpful,False,False
8e0a3ea748bec4c6d34994d88f34763877972f50180e41f904fcaf0d298f974d,11759183822,348712880,Amazon,de,2,Amazon lässt stark nach,"Zur App: Seit Monaten Performance-Probleme. Immer wieder Abbrüche und White Screens, und das Handy (iPhone) heizt sich auf. Ständiges, automatisches neu laden der Seiten macht die Suche zur Tortur. Generell: Prime wird ständig teurer und die Inhalte schlechter. Für jeden uralten Film soll man bezahlen oder muss gar Channels buchen, in den 90% Schrott ist. Versand: Von wegen prime. Immer öfter muss man trotz Prime mehrere Tage auf eine Lieferung warten. Amazon hat auch seine Lieferanten nicht mehr im Griff. Entweder es wird gar nicht geklingelt und die Ware wird auf den Bürgersteig gelegt (!!!), oder es wird geklingelt, Fahrer sagt aber nichts und legt das Paket neben die Haustür. In der Stadt eine Katastrophe, weil so regelmäßig Pakete verloren gehen. Feedback wird auch ignoriert. Prime habe ich mittlerweile gekündigt und selbst im Standardprofil reißen die Ärgernisse nicht ab. Die App hat so viele Bugs, dass es keinen Spaß mehr macht nach irgendetwas zu suchen. Jede Seite lädt 5 Sekunden, bevor man die Bilder antippen und vergrößern kann. Scrollt man in der Produktbeschreibung waagerecht, hängt sich die App vollständig auf, etc. Das geht jetzt schon seit Monaten!! Ein klassisches Beispiel für die Trägheit, die sich einstellt, wenn eine Firma zu viel Geld verdient. Die Konkurrenz freut es. In wenigen Jahren dürfen wir gespannt sein, wer Amazon ablöst, denn so ist der Lauf der Dinge, sobald eine Firma anfängt arrogant und faul zu werden.","Zur App: Seit Monaten Performance-Probleme. Immer wieder Abbrüche und White Screens, und das Handy (iPhone) heizt sich auf. Ständiges, automatisches neu laden der Seiten macht die Suche zur Tortur. Generell: Prime wird ständig teurer und die Inhalte schlechter. Für jeden uralten Film soll man bezahlen oder muss gar Channels buchen, in den 90% Schrott ist. Versand: Von wegen prime. Immer öfter muss man trotz Prime mehrere Tage auf eine Lieferung warten. Amazon hat auch seine Lieferanten nicht mehr im Griff. Entweder es wird gar nicht geklingelt und die Ware wird auf den Bürgersteig gelegt (!!!), oder es wird geklingelt, Fahrer sagt aber nichts und legt das Paket neben die Haustür. In der Stadt eine Katastrophe, weil so regelmäßig Pakete verloren gehen. Feedback wird auch ignoriert. Prime habe ich mittlerweile gekündigt und selbst im Standardprofil reißen die Ärgernisse nicht ab. Die App hat so viele Bugs, dass es keinen Spaß mehr macht nach irgendetwas zu suchen. Jede Seite lädt 5 Sekunden, bevor man die Bilder antippen und vergrößern kann. Scrollt man in der Produktbeschreibung waagerecht, hängt sich die App vollständig auf, etc. Das geht jetzt schon seit Monaten!! Ein klassisches Beispiel für die Trägheit, die sich einstellt, wenn eine Firma zu viel Geld verdient. Die Konkurrenz freut es. In wenigen Jahren dürfen wir gespannt sein, wer Amazon ablöst, denn so ist der Lauf der Dinge, sobald eine Firma anfängt arrogant und faul zu werden.",FindMyIvy,23.18.0,2024-09-24T12:49:04Z,True,itunes_rss_mostHelpful,False,False
1d62f3b86a7278ea6436bf15129823243ec516bce5e17463ca17efea92a0979d,11728215025,348712880,Amazon,de,5,Sehr gute app,Sehr übersichtlich,Sehr übersichtlich,nellyyw05,23.18.0,2024-09-15T21:14:47Z,True,itunes_rss_mostHelpful,False,False
4e3167f2726329513d024c0f15117204dad92e7fa03364b2ca37cb58d228f0e3,11714249240,348712880,Amazon,de,5,In andere Liste verschieben umständlich,"Ich bin im Großen und Ganzen zufrieden. Allerdings arbeite ich viel mit Listen und vermisse hier sehr die Funktion mehrere Artikel GLEICHZEITIG in eine andere Liste verschieben zu können. Aktuell muss man jeden Artikel einzeln verschieben. Das ist mega umständlich und dauert extrem lang. Ein Button „Auswählen“, man wählt die entsprechenden Artikel aus, „Punktemenü“, verschieben in/löschen usw. Und schon wäre es eine wesentliche Erleichterung…Warum gibt es das nicht?!","Ich bin im Großen und Ganzen zufrieden. Allerdings arbeite ich viel mit Listen und vermisse hier sehr die Funktion mehrere Artikel GLEICHZEITIG in eine andere Liste verschieben zu können. Aktuell muss man jeden Artikel einzeln verschieben. Das ist mega umständlich und dauert extrem lang. Ein Button „Auswählen“, man wählt die entsprechenden Artikel aus, „Punktemenü“, verschieben in/löschen usw. Und schon wäre es eine wesentliche Erleichterung…Warum gibt es das nicht?!",kaddikathi,23.18.0,2024-09-11T23:19:00Z,True,itunes_rss_mostHelpful,False,False
c4f889e44297b62a0154862cdb7b045222bc3ad57d2970747d65e82d01209479,11708500285,348712880,Amazon,de,5,Großes Vorbild!,"Ja, das ist möglich! Das Einkaufen hier auf der Amazon-Plattform ist ein Erlebnis pur. Riesige Auswahl. Der gesamte Bestellverlauf funktioniert reibungslos bis hin zur Lieferung.
An dieser Stelle ein Lob an alle die daran mitwirken!
Für langfristige Kunden müsste die Bestellung auch für größere Beträge möglich gemacht werden, evtl. max. 3 Raten. Im Voraus überweisen. Der Hinweis:“ Wähle eine andere Zahlungsmöglichkeit“ hilft dabei nicht.
Nun, die 5 Sterne bleiben :-).","Ja, das ist möglich! Das Einkaufen hier auf der Amazon-Plattform ist ein Erlebnis pur. Riesige Auswahl. Der gesamte Bestellverlauf funktioniert reibungslos bis hin zur Lieferung.
An dieser Stelle ein Lob an alle die daran mitwirken!
Für langfristige Kunden müsste die Bestellung auch für größere Beträge möglich gemacht werden, evtl. max. 3 Raten. Im Voraus überweisen. Der Hinweis:“ Wähle eine andere Zahlungsmöglichkeit“ hilft dabei nicht.
Nun, die 5 Sterne bleiben :-).",Langlauf,23.18.0,2024-09-10T08:23:15Z,True,itunes_rss_mostHelpful,False,False
1ec6cf68ed1a835ea555f90fb7448db2b51b1110b9fec85bef66eab3233275b0,11694428755,348712880,Amazon,de,4,Amazon App im Bereich Bestellungen,"Ich finde die App supi und bin auch Dauerkunde. Probleme habe ich im Bereich „Bestellungen“.
Beim Durchsuchen meiner Bestellungen finde ich nur Filter, die zeitliche Optionen anzeigen, wie z.B. nach Jahr oder die letzten 30 Tage usw. Eine Filter um ins Archiv zu gelangen finde ich nicht. Ich kann zwar alle Bestellungen durchsuchen wenn ichden genauen Artikelname kenne. Aber den hat man nicht immer parat.
Des Weiteren wäre es supi, wenn ich auch in der Handy App bestellte Artikel ins Archiv und damit geschützt vor fremden Blicken verbergen könnte. Aber das geht leider nur vom PC aus.
Ein letzter Punkt ist mir heute aufgefallen: es gibt ein Menü in dem mit Bildern hinterlegte Button für den komplexen Aufruf von z.B. Daten, Premium usw. anwählbar sind. Hier gibt es auch ein Butten „Erneut bestellen“. Hier werden alle bisherigen Bestellung angezeigt. Finde ich gut. Leider auch Bestellungen, die ich aus gutem Grund im Archiv versteckt hatte. Gab da schon peinliche Momente, wenn einem anderen Personen gerade über die Schultet schauen. Da sollte es einen Extra Button geben, der nur archivierte Artikel abrufen kann.
Ansonsten weiter so!!","Ich finde die App supi und bin auch Dauerkunde. Probleme habe ich im Bereich „Bestellungen“.
Beim Durchsuchen meiner Bestellungen finde ich nur Filter, die zeitliche Optionen anzeigen, wie z.B. nach Jahr oder die letzten 30 Tage usw. Eine Filter um ins Archiv zu gelangen finde ich nicht. Ich kann zwar alle Bestellungen durchsuchen wenn ichden genauen Artikelname kenne. Aber den hat man nicht immer parat. 
Des Weiteren wäre es supi, wenn ich auch in der Handy App bestellte Artikel ins Archiv und damit geschützt vor fremden Blicken verbergen könnte. Aber das geht leider nur vom PC aus. 
Ein letzter Punkt ist mir heute aufgefallen: es gibt ein Menü in dem mit Bildern hinterlegte Button für den komplexen Aufruf von z.B. Daten, Premium usw. anwählbar sind. Hier gibt es auch ein Butten „Erneut bestellen“. Hier werden alle bisherigen Bestellung angezeigt. Finde ich gut. Leider auch Bestellungen, die ich aus gutem Grund im Archiv versteckt hatte. Gab da schon peinliche Momente, wenn einem anderen Personen gerade über die Schultet schauen. Da sollte es einen Extra Button geben, der nur archivierte Artikel abrufen kann. 
Ansonsten weiter so!!",Brain-Hamster,,2024-09-06T10:15:56Z,True,web_ssr_helpful,False,False
975bffe54dfaabf2446bf26494ce95f12ef0da423608cfde7fddb532a1ead0a1,11676357441,348712880,Amazon,de,5,Auf einmal ist die App auf englisch,"Ich habe schon alles mögliche versucht, um sie wieder auf Deutsch stellen zu können. Leider ohne Ergebnis. Die Anleitung auf Amazon DE bezieht sich auf ein veraltetes App Design.

Update: hab’s gefunden, auf das user Icon unten gehen, dann gibt’s oben rechts die Sprachauswahl, ich war wohl blind.","Ich habe schon alles mögliche versucht, um sie wieder auf Deutsch stellen zu können. Leider ohne Ergebnis. Die Anleitung auf Amazon DE bezieht sich auf ein veraltetes App Design. 

Update: hab’s gefunden, auf das user Icon unten gehen, dann gibt’s oben rechts die Sprachauswahl, ich war wohl blind.",Jgducjdgjgxgu,23.17.0,2024-09-01T08:36:14Z,True,itunes_rss_mostHelpful,False,False
a945542d39f2f3d5ffa6e85b01d2d02dfbcdf9b415aae55b96637128632331dc,11621123644,348712880,Amazon,de,4,2-Faktor-Authentifizierung klappt nicht,"Die Grundfunktion ""Einkaufen bei Amazon"" klappt hervorragend.
Was stört: Habe vor einigen Monaten die 2FA aktiviert. Ich wechsele oft zu Amazon anderer Länder und melde mich entsprechend oft neu an. Es wird zwar der Button ""auf diesem Gerät nicht mehr nach Codes fragen"" angeboten, dieser hat aber keine Funktion. Auf demselben Gerät muss ich jedesmal die Codes neu eingeben. Es ist dabei auch egal, ob ich Cookies akzeptiere oder nicht.","Die Grundfunktion ""Einkaufen bei Amazon"" klappt hervorragend. 
Was stört: Habe vor einigen Monaten die 2FA aktiviert. Ich wechsele oft zu Amazon anderer Länder und melde mich entsprechend oft neu an. Es wird zwar der Button ""auf diesem Gerät nicht mehr nach Codes fragen"" angeboten, dieser hat aber keine Funktion. Auf demselben Gerät muss ich jedesmal die Codes neu eingeben. Es ist dabei auch egal, ob ich Cookies akzeptiere oder nicht.",Ivb03,23.16.0,2024-08-17T15:58:40Z,True,itunes_rss_mostHelpful,False,False
d67d100fd713098cdce32dd32b9e5718651e1695674b82ea1213ea00b53664c3,11525995840,348712880,Amazon,de,5,"Umfangreiches Sortiment, Gute Produktdarstellung","Das sind die Amazon-Vorteile:
Eigentlich gibt es nichts, was es nicht gibt und die Produktbeschreibungen und Darstellungen sind umfangreich und verständlich erklärt.
Wenn ich. bei großer Produktauswahl, finde, was ich suche, dann ist das Ziel erreicht. Da störte der Unsinn wie „Abo“ kaum.
Manchmal zu viel drum herum um mein Produkt, wie: „Andere kauften auch“ oder „wird oft zusammen gekauft“ Aber damit kann man leben.","Das sind die Amazon-Vorteile:
Eigentlich gibt es nichts, was es nicht gibt und die Produktbeschreibungen und Darstellungen sind umfangreich und verständlich erklärt. 
Wenn ich. bei großer Produktauswahl, finde, was ich suche, dann ist das Ziel erreicht. Da störte der Unsinn wie „Abo“ kaum. 
Manchmal zu viel drum herum um mein Produkt, wie: „Andere kauften auch“ oder „wird oft zusammen gekauft“ Aber damit kann man leben.",Kalifargo,23.14.0,2024-07-23T15:08:07Z,True,itunes_rss_mostHelpful,False,False
e7dad1843fb59c91a570cd9ffd70f956fc317f4386b1734883626909add25d35,11525133041,348712880,Amazon,de,4,"Gutes Sortiment gute Übersicht sinnvolle Bewertungen, guter KäuferSchutz","Ganz ehrlich, seit über zehn Jahren sind wir sporadisch Kunde bei der Firma mit dem großen A und haben bisher abgesehen von einem leicht zerknautschtem Rucksack keine schlechte Erfahrung gemacht, im Gegenteil. Gutes Sortiment, oftmals preisgünstig (nicht immer price leader), sinnvoller und überzeugender Käuferschutz insbesondere bei Angeboten von Drittanbietern. Mittlerweile auch sehr gute Angebote für gebrauchte Güter, insbesondere Elektronik,Liefertermine werden eingehalten gute Benachrichtigungsfunktionen per E-Mail oder SMS mit OTP Passwörtern bei hochwertigen Gütern, die meisten Bewertungen geben ein gutes Bild ab über die vsl. Qualität des ins Auge genommenen Produkts, Hier gilt einfach das Gesetz der großen Zahl beziehungsweise zahlreicher Urteile. Deutlich weniger Promotion als früher, nach unseren Erfahrungen hat Amazon dieses Problem mittlerweile ähnlich gut im Griff wie Google (nicht immer, aber immer öfter). einzig das Kapitel Nachrichten sollte prominenter platziert sein, man muss immer sehr weit nach unten scrollen auf der Seite, was insbesondere bei Liefernachrichten lästig ist. Bitte besser lösen.","Ganz ehrlich, seit über zehn Jahren sind wir sporadisch Kunde bei der Firma mit dem großen A und haben bisher abgesehen von einem leicht zerknautschtem Rucksack keine schlechte Erfahrung gemacht, im Gegenteil. Gutes Sortiment, oftmals preisgünstig (nicht immer price leader), sinnvoller und überzeugender Käuferschutz insbesondere bei Angeboten von Drittanbietern. Mittlerweile auch sehr gute Angebote für gebrauchte Güter, insbesondere Elektronik,Liefertermine werden eingehalten gute Benachrichtigungsfunktionen per E-Mail oder SMS mit OTP Passwörtern bei hochwertigen Gütern, die meisten Bewertungen geben ein gutes Bild ab über die vsl. Qualität des ins Auge genommenen Produkts, Hier gilt einfach das Gesetz der großen Zahl beziehungsweise zahlreicher Urteile. Deutlich weniger Promotion als früher, nach unseren Erfahrungen hat Amazon dieses Problem mittlerweile ähnlich gut im Griff wie Google (nicht immer, aber immer öfter). einzig das Kapitel Nachrichten sollte prominenter platziert sein, man muss immer sehr weit nach unten scrollen auf der Seite, was insbesondere bei Liefernachrichten lästig ist. Bitte besser lösen.",CPGH,,2024-07-23T10:27:48Z,True,web_ssr_helpful,False,False
8f1087edbf815ad7e95c08d225df11ae0eb2a03b364c359c13b3768043e7853c,11432264300,348712880,Amazon,de,1,wenn möglich wäre würde ich -5 Sterne geben,"App extrem lahm,es dauert  Seher lange die nächste seite aufzumachen,10 Seiten gehen von 100% auf 60%_auf der App fehlt einiges an Angebote was in Browser gezeigt wird,das ist selbst auf Browser lahm das aber nicht wie auf der App,das liegt nicht am S'pone-hab auf andere -ihr gibt so viele Milliarden  an unbrauchbare Angebote oder Optionen,die kein Mensch braucht, vielleicht könnt ihr paar hunndert tausend in eine vernünftige überarbeite  Software für die App rein stecken,das wäre eine Revolution/Evolution-ihr hättet mehr Kunden in der App statt Brow App extrem lahm,es dauert  Seher lange die nächste seite aufzumachen,10 Seiten gehen von 100% auf 60%_auf der App fehlt einiges an Angebote was in Browser gezeigt wird,das ist selbst auf Browser lahm das aber nicht wie auf App,das liegt nicht am S'pone-ich hab andere Seite ausprobiert/Konkurrenz/ da gib diese Problem nicht-ihr gibt so viele Milliarden  an unbrauchbare Angebote oder Optionen,die kein Mensch braucht, vielleicht könnt ihr paar hunndert tausend in eine vernünftige überarbeite  Software für die App rein stecken,das wäre eine Revolution/Evolution-ihr hättet mehr ,Kunden in der App als im Browser, Böll könnt ihr mehr erreichen!","App extrem lahm,es dauert  Seher lange die nächste seite aufzumachen,10 Seiten gehen von 100% auf 60%_auf der App fehlt einiges an Angebote was in Browser gezeigt wird,das ist selbst auf Browser lahm das aber nicht wie auf der App,das liegt nicht am S'pone-hab auf andere -ihr gibt so viele Milliarden  an unbrauchbare Angebote oder Optionen,die kein Mensch braucht, vielleicht könnt ihr paar hunndert tausend in eine vernünftige überarbeite  Software für die App rein stecken,das wäre eine Revolution/Evolution-ihr hättet mehr Kunden in der App statt Brow App extrem lahm,es dauert  Seher lange die nächste seite aufzumachen,10 Seiten gehen von 100% auf 60%_auf der App fehlt einiges an Angebote was in Browser gezeigt wird,das ist selbst auf Browser lahm das aber nicht wie auf App,das liegt nicht am S'pone-ich hab andere Seite ausprobiert/Konkurrenz/ da gib diese Problem nicht-ihr gibt so viele Milliarden  an unbrauchbare Angebote oder Optionen,die kein Mensch braucht, vielleicht könnt ihr paar hunndert tausend in eine vernünftige überarbeite  Software für die App rein stecken,das wäre eine Revolution/Evolution-ihr hättet mehr ,Kunden in der App als im Browser, Böll könnt ihr mehr erreichen!",greekstarr,23.13.4,2024-06-28T09:48:55Z,True,itunes_rss_mostHelpful,False,False
ebfd0ce307a6018effec04692660098246e292b0056211d660eee5d0b8352e75,11424130049,348712880,Amazon,de,3,APP Start/Verlassen unterbricht das Audiosignal,"Mein Anliegen, welches ich feststellen muss ist: Das starten der APP, sowie das verlassen der APP führt zum kurzfristigen unterbrechen der Audioübertragung. Das sollten die Entwickler mal bitte angehen. Zumal ich nicht verstehe, als Laie, was hat die APP mit dem Audiosignal zu tun. Ansonsten, ich bin seit 2000 Kunde! Ich wurde noch nie gesperrt. Auch zahle ich per Bankeinzug und daher immer pünktlich. Was und Wie hier Einige schreiben gibt Rätsel über dessen Eignung auf. Z. B. das Wort „gespährt“. Dieses konnte ich im Duden nicht finden. Und wenn diese Menschen gesperrt sind, wird es sicher Gründe geben. Schlechte Schufa, Rücksendungen Rücklastschriften oder/und viele Änderungen am Konto innerhalb kurzer Zeit, lassen gern die Algorithmen anspringen und führen so evtl. zu einer Kontosperre. Mal darüber nachdenken, bevor hier schlechte Rechtschreibung und Grammatik in langen Texten zum schmunzeln führen.","Mein Anliegen, welches ich feststellen muss ist: Das starten der APP, sowie das verlassen der APP führt zum kurzfristigen unterbrechen der Audioübertragung. Das sollten die Entwickler mal bitte angehen. Zumal ich nicht verstehe, als Laie, was hat die APP mit dem Audiosignal zu tun. Ansonsten, ich bin seit 2000 Kunde! Ich wurde noch nie gesperrt. Auch zahle ich per Bankeinzug und daher immer pünktlich. Was und Wie hier Einige schreiben gibt Rätsel über dessen Eignung auf. Z. B. das Wort „gespährt“. Dieses konnte ich im Duden nicht finden. Und wenn diese Menschen gesperrt sind, wird es sicher Gründe geben. Schlechte Schufa, Rücksendungen Rücklastschriften oder/und viele Änderungen am Konto innerhalb kurzer Zeit, lassen gern die Algorithmen anspringen und führen so evtl. zu einer Kontosperre. Mal darüber nachdenken, bevor hier schlechte Rechtschreibung und Grammatik in langen Texten zum schmunzeln führen.",Caesar-71,23.13.4,2024-06-26T06:22:56Z,True,itunes_rss_mostHelpful,False,False
f339ea329ce535baca02094e9504f8effa0f8d3963c4646fbf8d1a03c10dae83,11420883045,348712880,Amazon,de,5,"Sehr gute App, nur ein kleiner Kritikpunkt","Ich bin mit der Amazon App sehr zufrieden. Schön wäre es, wenn es noch die Möglichkeit gäbe, die Rechnung zu einer Bestellung sich bei iOS nicht nur anzeigen lassen zu können, sondern auch drucken oder exportieren zu können.

Wie es aussieht, ist die Rechnung lediglich als Webframe eingebettet. Daher kann ich diese nicht ausdrucken oder per E-Mail weiterleiten und muss mich dazu immer am PC anmelden.","Ich bin mit der Amazon App sehr zufrieden. Schön wäre es, wenn es noch die Möglichkeit gäbe, die Rechnung zu einer Bestellung sich bei iOS nicht nur anzeigen lassen zu können, sondern auch drucken oder exportieren zu können. 

Wie es aussieht, ist die Rechnung lediglich als Webframe eingebettet. Daher kann ich diese nicht ausdrucken oder per E-Mail weiterleiten und muss mich dazu immer am PC anmelden.",jens0friedrich1,23.13.4,2024-06-25T10:33:18Z,True,itunes_rss_mostHelpful,False,False
684b0f6d481510e7880f2daa03fe6045faec76042ed6a370cc48ea12509f149d,11395229192,348712880,Amazon,de,4,Gut mit Potential,"Ich würde mir wünschen, dass man in der Bestellhistorie sofort sieht in welcher Größe man einen Artikel bestellt hat (wenn man auf Kundenservice geht sieht man es ja auch super, wenn gefragt wird zu welchem Artikel
man Support braucht steht auf einem
Blick die Größe dabei). Aktuell muss man den Artikel dann anklicken und sieht was man zuletzt gewählt hatte. Viel zu umständlich. Selbst auf der Rechnung ist die Größe nicht ausgewiesen.

Je nach Suche sind die angebotenen Filtermöglichkeiten unpassend. Da könnte auch nachgebessert werden. Hatte es schon bei der Suche nach Kleidern/Schuhen. Da möchte man nicht massig Artikel angezeigt bekommen, bei denen die gewünschte Größe gar nicht dabei ist. Wenn die Textsuche besser wäre, könnte man sich den Filterwunsch auch sparen. Aber auch da kommen mit dem Zusatz der Größe falsche Ergebnisse. Da haben andere Anbieter klar die Nase vorne.","Ich würde mir wünschen, dass man in der Bestellhistorie sofort sieht in welcher Größe man einen Artikel bestellt hat (wenn man auf Kundenservice geht sieht man es ja auch super, wenn gefragt wird zu welchem Artikel
man Support braucht steht auf einem
Blick die Größe dabei). Aktuell muss man den Artikel dann anklicken und sieht was man zuletzt gewählt hatte. Viel zu umständlich. Selbst auf der Rechnung ist die Größe nicht ausgewiesen. 

Je nach Suche sind die angebotenen Filtermöglichkeiten unpassend. Da könnte auch nachgebessert werden. Hatte es schon bei der Suche nach Kleidern/Schuhen. Da möchte man nicht massig Artikel angezeigt bekommen, bei denen die gewünschte Größe gar nicht dabei ist. Wenn die Textsuche besser wäre, könnte man sich den Filterwunsch auch sparen. Aber auch da kommen mit dem Zusatz der Größe falsche Ergebnisse. Da haben andere Anbieter klar die Nase vorne.",hollatheblackforestfairy,23.13.0,2024-06-18T13:41:25Z,True,itunes_rss_mostHelpful,False,False
1454725445828e67b6c85ececcec62f1b0f44c2b835918051a787ca5222f8c35,11330531515,348712880,Amazon,de,1,Schlechter Kundenservice,"Amazon hat sich über die Jahre bezüglich Kundenservice extrem verschlechtert. Früher wurde bei einem defekten Artikel der Betrag direkt erstattet wenn es innerhalb der Gewährleistung lag, egal ob von Amazon oder einem dritten Verkäufer verkauft. Mittlerweile bleibt der Kunde auf der Strecke. Habe ein paar Schuhe gekauft von einem dritten Verkäufer. Nach 10 Monaten lösen sich diese auf. Da sich der Verkäufer jedoch nicht meldet bekomme ich weder eine Erstattung oder Ersatz. Der Amazon-Kundenservice behauptet zuerst ich kann die A-Z-Garantie in Anspruch nehmen. Später wird mir mitgeteilt, dass der Kollege mich angelogen hat und man mir nicht weiterhelfen kann. Da der Artikel nicht direkt von Amazon verkauft wurde und der Händler nicht erreichbar ist, weigert sich Amazon die 2 Jahre Gewährleistung zu geben, obwohl dies in den Richtlinien steht. Amazon weigert sich somit gesetzlich Regeln einzuhalten auf Kosten des Kundens. Da man sich wohl nicht mehr auf 2 Jahre Gewährleistung bei Amazon verlassen kann ohne gerichtlich dagegen vorzugehen, werde ich in Zukunft meine Bestellungen anderswo tätigen. Ich rate jedem davon ab Bestellungen bei Amazon zu tätigen die nicht direkt von Amazon vertrieben werden, da sich Amazon nur um Profit interessiert und nicht um das Wohl der Kunden.","Amazon hat sich über die Jahre bezüglich Kundenservice extrem verschlechtert. Früher wurde bei einem defekten Artikel der Betrag direkt erstattet wenn es innerhalb der Gewährleistung lag, egal ob von Amazon oder einem dritten Verkäufer verkauft. Mittlerweile bleibt der Kunde auf der Strecke. Habe ein paar Schuhe gekauft von einem dritten Verkäufer. Nach 10 Monaten lösen sich diese auf. Da sich der Verkäufer jedoch nicht meldet bekomme ich weder eine Erstattung oder Ersatz. Der Amazon-Kundenservice behauptet zuerst ich kann die A-Z-Garantie in Anspruch nehmen. Später wird mir mitgeteilt, dass der Kollege mich angelogen hat und man mir nicht weiterhelfen kann. Da der Artikel nicht direkt von Amazon verkauft wurde und der Händler nicht erreichbar ist, weigert sich Amazon die 2 Jahre Gewährleistung zu geben, obwohl dies in den Richtlinien steht. Amazon weigert sich somit gesetzlich Regeln einzuhalten auf Kosten des Kundens. Da man sich wohl nicht mehr auf 2 Jahre Gewährleistung bei Amazon verlassen kann ohne gerichtlich dagegen vorzugehen, werde ich in Zukunft meine Bestellungen anderswo tätigen. Ich rate jedem davon ab Bestellungen bei Amazon zu tätigen die nicht direkt von Amazon vertrieben werden, da sich Amazon nur um Profit interessiert und nicht um das Wohl der Kunden.",Juls Fi.,23.11.2,2024-06-01T09:45:17Z,True,itunes_rss_mostHelpful,False,False
163f5b08be8a63d1ce216303bc7291619ab11d0df0f9a8d0bb72d984e70acd06,11308634864,348712880,Amazon,de,3,Ständig weißer Bildschirm / Packstationsadresse geht nicht mehr,"Seit bestimmt 2 Jahren habe ich das Problem, wenn ich etwas eingebe und suche, dann in den Ergebnissen scrolle, dass plötzlich der ganze Bildschirm weiß ist und alle Ergebnisse sind weg, wenn ich auf zurück klicke, komme ich immer zum Stadtbildschirm und muss erneut suchen. Das Ganze passiert auch, wenn ich einen Artikel öffne und runter scrolle um zu lesen, plötzlich alles weiß - Zurück Button und wieder direkt im Startbildschirm.

Seit 3-4 Tagen funktioniert auch die Adressauswahl für die DHL-Packstation nicht mehr. Die App sagt immer meine Adresse (samt Name und Postnummer) wird gestrichen, stattdessen geht meine Sendung jetzt an „DHL, Packstation 116, 38xxx Ort“ also Amazon, wenn ihr meint, dass das richtig ist, go for it, dass DHL die Sendung mir so zuordnen kann, wage ich zu bezweifeln. Ich werde euren Support nerven ohne Ende, wenn meine Primekundenlieferung nicht funktioniert 😅","Seit bestimmt 2 Jahren habe ich das Problem, wenn ich etwas eingebe und suche, dann in den Ergebnissen scrolle, dass plötzlich der ganze Bildschirm weiß ist und alle Ergebnisse sind weg, wenn ich auf zurück klicke, komme ich immer zum Stadtbildschirm und muss erneut suchen. Das Ganze passiert auch, wenn ich einen Artikel öffne und runter scrolle um zu lesen, plötzlich alles weiß - Zurück Button und wieder direkt im Startbildschirm.

Seit 3-4 Tagen funktioniert auch die Adressauswahl für die DHL-Packstation nicht mehr. Die App sagt immer meine Adresse (samt Name und Postnummer) wird gestrichen, stattdessen geht meine Sendung jetzt an „DHL, Packstation 116, 38xxx Ort“ also Amazon, wenn ihr meint, dass das richtig ist, go for it, dass DHL die Sendung mir so zuordnen kann, wage ich zu bezweifeln. Ich werde euren Support nerven ohne Ende, wenn meine Primekundenlieferung nicht funktioniert 😅",L..M..996,23.11.2,2024-05-26T09:49:21Z,True,itunes_rss_mostHelpful,False,False
825fb2e2e450334fd6b80c736dd46b8ed93d3507e0bbca3a7a4e9596a9f1e379,11257226861,348712880,Amazon,de,1,Einfach Schmutz,"Abzocke!! Vertraut mir und kauft niemals hier ein. 1 Punkt: Alles ist zu überteuert und kostet hier das 4 fache, als im normalen Laden. 2 Punkt: Ich habe mehrmals was bestellt und das Produkt ist nie angekommen, und ich habe meine Geld nicht zurück bekommen (Und ja ich habe die richtige Adresse usw. Angegeben) Ich habe hier mindestens 80€ mich abziehen lassen, und eigentlich sollte Ich die verklagen. 3 Punkt: Ich habe gerade mein Gehalt bekommen und auf mein Konto geguckt, und habe genug Geld drauf gehabt, und habe mehrmals versucht was zu bestellen, aber da Stande mehrmals das ich nicht genügend Geld auf meinem Konto habe. Nach mehreren versuchen es zu bestellen wurde mein Konto komplett gesperrt, obwohl da noch 20€ auf dem Konto waren wo ich jetzt natürlich kein Zugriff mehr habe. Laut Amazon haben sie mir eine email oder eine Textnachricht geschickt wo drin steht das sie mein Konto gesperrt haben, ist aber nirgends zu finden. Weil das ist die einzige möglich kein auf mein Konto wider zugreifen zu können. Ich werde noch verrückt, passiert das noch einmal ich verklage SIE!! Bitte fallt auf so ein Schwachsinn nicht rein. Auch wenn ihr keine Probleme bisher damit hattet, irgendwann werdet ihr noch über den Tisch gezogen.","Abzocke!! Vertraut mir und kauft niemals hier ein. 1 Punkt: Alles ist zu überteuert und kostet hier das 4 fache, als im normalen Laden. 2 Punkt: Ich habe mehrmals was bestellt und das Produkt ist nie angekommen, und ich habe meine Geld nicht zurück bekommen (Und ja ich habe die richtige Adresse usw. Angegeben) Ich habe hier mindestens 80€ mich abziehen lassen, und eigentlich sollte Ich die verklagen. 3 Punkt: Ich habe gerade mein Gehalt bekommen und auf mein Konto geguckt, und habe genug Geld drauf gehabt, und habe mehrmals versucht was zu bestellen, aber da Stande mehrmals das ich nicht genügend Geld auf meinem Konto habe. Nach mehreren versuchen es zu bestellen wurde mein Konto komplett gesperrt, obwohl da noch 20€ auf dem Konto waren wo ich jetzt natürlich kein Zugriff mehr habe. Laut Amazon haben sie mir eine email oder eine Textnachricht geschickt wo drin steht das sie mein Konto gesperrt haben, ist aber nirgends zu finden. Weil das ist die einzige möglich kein auf mein Konto wider zugreifen zu können. Ich werde noch verrückt, passiert das noch einmal ich verklage SIE!! Bitte fallt auf so ein Schwachsinn nicht rein. Auch wenn ihr keine Probleme bisher damit hattet, irgendwann werdet ihr noch über den Tisch gezogen.",bdidbdidbnykdodbyidb,23.9.0,2024-05-11T22:25:17Z,True,itunes_rss_mostHelpful,False,False
eee502de4463e52825ffecf5a3ce539bbb016a64354b63be7e4edde980881575,11254761698,348712880,Amazon,de,4,Kindle Bücher nicht über diese App,"Nun lasse ich mich doch mal zu einer Rezession hinreißen. Mit jedem Update der Amazon App wird ein besseres Kauferlebnis versprochen. Im Detail sehe ich da jedes Mal keinen Unterschied. Was ich aber schon seit Jahren vermisse ist, die Möglichkeit Kindle Bücher über diese App zu kaufen. Das ist bis heute immer noch nicht möglich. Warum kann ich nicht verstehen, da Amazon ja im Grunde genommen alles irgendwie miteinander verknüpft. Entweder muss man über einen Browser einkaufen oder halt über das Kindle Gerät selbst, da ist mir aber die Übertragungsgeschwindigkeit beziehungsweise der Aufbau der Shops zu langsam. Es wäre toll, wenn dies in naher Zeit mal möglich wäre.","Nun lasse ich mich doch mal zu einer Rezession hinreißen. Mit jedem Update der Amazon App wird ein besseres Kauferlebnis versprochen. Im Detail sehe ich da jedes Mal keinen Unterschied. Was ich aber schon seit Jahren vermisse ist, die Möglichkeit Kindle Bücher über diese App zu kaufen. Das ist bis heute immer noch nicht möglich. Warum kann ich nicht verstehen, da Amazon ja im Grunde genommen alles irgendwie miteinander verknüpft. Entweder muss man über einen Browser einkaufen oder halt über das Kindle Gerät selbst, da ist mir aber die Übertragungsgeschwindigkeit beziehungsweise der Aufbau der Shops zu langsam. Es wäre toll, wenn dies in naher Zeit mal möglich wäre.",algo1966,23.9.0,2024-05-11T07:16:15Z,True,itunes_rss_mostHelpful,False,False
506b36c124764ee24a962418a11988c9f4ff894d1d55cb6769ebbe3a480697f2,11153499393,348712880,Amazon,de,4,Ganz gut aber,"Wenn ich etwas suche und dann den Filter Preis aufsteigend aktiviere, zeigt Amazon mir billige Artikel, aber direkt danach kommt etwas noch billigeres und dann wieder teuer und dann wieder billiger, warum? Obwohl ich einen Filter aktiviert habe muss ich trotzdem selber nach dem billigsten Artikel suchen","Wenn ich etwas suche und dann den Filter Preis aufsteigend aktiviere, zeigt Amazon mir billige Artikel, aber direkt danach kommt etwas noch billigeres und dann wieder teuer und dann wieder billiger, warum? Obwohl ich einen Filter aktiviert habe muss ich trotzdem selber nach dem billigsten Artikel suchen",L.ylmzr,23.8.0,2024-04-13T14:13:13Z,True,itunes_rss_mostHelpful,False,False
8a4486b4ae1299c1dff754e02f2100499a5b453430a7cc1997bb6e17c3d0b7cf,11117089430,348712880,Amazon,de,3,An sich gut aber zu viele Fehler,"Viele Dinge in der App waren mal deutlich besser, schöner und vor allem übersichtlicher gestaltet.

Für mich aber der negative Punkt der die nur mittelmäßige Bewertung verursacht ist dass wenn man etwas sucht und am scrollen ist ständig die seit plötzlich weiß ist, man nichts mehr machen kann außer zurück zu klicken und die Suche erneut starten. Dann muss man allerdings auch wieder ganz oben anfangen. Dieses Problem tritt seit bestimmt 1-2 Jahren auf und wurde bis heute durch kein Update behoben. (Habe gerade in einer anderen Rezension gesehen es hat möglicherweise was mit horizontalem Scrollen zu tun was schnell unbeabsichtigt ist passiert. Sollte das der Fall sein und daran liegen bitte endlich bearbeiten. Es ist wirklich nervig)","Viele Dinge in der App waren mal deutlich besser, schöner und vor allem übersichtlicher gestaltet.

Für mich aber der negative Punkt der die nur mittelmäßige Bewertung verursacht ist dass wenn man etwas sucht und am scrollen ist ständig die seit plötzlich weiß ist, man nichts mehr machen kann außer zurück zu klicken und die Suche erneut starten. Dann muss man allerdings auch wieder ganz oben anfangen. Dieses Problem tritt seit bestimmt 1-2 Jahren auf und wurde bis heute durch kein Update behoben. (Habe gerade in einer anderen Rezension gesehen es hat möglicherweise was mit horizontalem Scrollen zu tun was schnell unbeabsichtigt ist passiert. Sollte das der Fall sein und daran liegen bitte endlich bearbeiten. Es ist wirklich nervig)",Beardscent,23.7.2,2024-04-03T14:17:15Z,True,itunes_rss_mostHelpful,False,False
a2098e3a99e2943146a938ce75e0b0e6288f052dd86f3f7b5cc1246cb9128b80,11115715127,348712880,Amazon,de,3,"Bestellen klappt, Rest geht so...","Die App ist hilfreich wenn man bei Amazon bestellen will, das klappt gut - allerdings wäre das aus meiner Sicht aber auch die Mindestanforderung. Holprig wird’s dann bei Empfehlungen zu den persönlichen Präferenzen. Das passt oft gar nicht. Selbst wenn man sich die Mühe macht, die unpassenden Artikel zu markieren, werden sie einem trotzdem immer wieder präsentiert, was schon recht lästig ist. Auch den Algorithmus zu den Benachrichtigungen zu Angeboten nutze ich eher nicht mehr. Markiert man z.B. Eine GoPro-Kamera, werden einem dann nahezu täglich Mitteilungen zu irgendwelchen China-Billignachbauten präsentiert. Auch die Anzeige von Spar-Abos funktioniert nach wie vor unzuverlässig, mal werden sie angezeigt und meist nicht. Schreibt man eine Rezension und entscheidet sich erst nach dem Tippen ein Bild einzufügen, sind danach alle Eingaben wieder weg. Da hilft es auch nichts, nach jeder xten Bewertung einen Flachwitz zu präsentieren…
Vielleicht kann auch mal jemand erklären, warum es nötig ist, beim Öffnen und Schließen der App jedes Mal die Musikwiedergabe kurz zu unterdrücken?","Die App ist hilfreich wenn man bei Amazon bestellen will, das klappt gut - allerdings wäre das aus meiner Sicht aber auch die Mindestanforderung. Holprig wird’s dann bei Empfehlungen zu den persönlichen Präferenzen. Das passt oft gar nicht. Selbst wenn man sich die Mühe macht, die unpassenden Artikel zu markieren, werden sie einem trotzdem immer wieder präsentiert, was schon recht lästig ist. Auch den Algorithmus zu den Benachrichtigungen zu Angeboten nutze ich eher nicht mehr. Markiert man z.B. Eine GoPro-Kamera, werden einem dann nahezu täglich Mitteilungen zu irgendwelchen China-Billignachbauten präsentiert. Auch die Anzeige von Spar-Abos funktioniert nach wie vor unzuverlässig, mal werden sie angezeigt und meist nicht. Schreibt man eine Rezension und entscheidet sich erst nach dem Tippen ein Bild einzufügen, sind danach alle Eingaben wieder weg. Da hilft es auch nichts, nach jeder xten Bewertung einen Flachwitz zu präsentieren…
Vielleicht kann auch mal jemand erklären, warum es nötig ist, beim Öffnen und Schließen der App jedes Mal die Musikwiedergabe kurz zu unterdrücken?",huklhrefvvjj,23.7.2,2024-04-03T05:04:04Z,True,itunes_rss_mostHelpful,False,False
cf9b091a233e3685ef1dcd11c62384deb3cb7b4163d8350280d62b6749562d49,11111214074,348712880,Amazon,de,4,Leider wird es immer schlechter….,"Amazon war mal richtig gut, egal ob es um die Produkte oder den Support ging, leider geht alles irgendwie den Bach runter….Die Möglichkeit den Support direkt zu kontaktieren wird immer schwieriger, immer mehr Chinaschrott auf dem Markt. Am Ende bin ich bis jetzt noch nie auf meinen Kosten sitzen geblieben, sollte das einmal passieren bin ich dort weg. Aber man merkt schon dass alles deutlich nachlässt. Auch die Kosten für Prime, jetzt „inklusive „ Werbung…
Ehrlich gesagt habe ich jetzt keine Skrupel mehr Artikel zurück zu senden, da war ich früher etwas zurückhaltender","Amazon war mal richtig gut, egal ob es um die Produkte oder den Support ging, leider geht alles irgendwie den Bach runter….Die Möglichkeit den Support direkt zu kontaktieren wird immer schwieriger, immer mehr Chinaschrott auf dem Markt. Am Ende bin ich bis jetzt noch nie auf meinen Kosten sitzen geblieben, sollte das einmal passieren bin ich dort weg. Aber man merkt schon dass alles deutlich nachlässt. Auch die Kosten für Prime, jetzt „inklusive „ Werbung…
Ehrlich gesagt habe ich jetzt keine Skrupel mehr Artikel zurück zu senden, da war ich früher etwas zurückhaltender",DerCarsten2405,23.7.2,2024-04-01T22:48:00Z,True,itunes_rss_mostHelpful,False,False
c9eff8a5ec63be4ddc8ba828805fde07ab6d0fe9963d800c3dcc85d3c1902f9c,11038120827,348712880,Amazon,de,5,Bis jetzt immer zufrieden,"Kaufe eigentlich immer alles über Amazon. Hatte vorgestern zum ersten mal ein „Problem“ gehabt mit einer Lieferung, die als „unzustellbar“ galt. Als ich dann den Kundendienst kontaktierte (der wirklich sehr freundlich und kompetent war), wurde meine Bestellung 2 Tage später doch geliefert. Es kommt bei uns alles immer gut und rechtzeitig an und mit dem Rücksenden/Rückerstatten hatten wir auch noch nie Probleme gehabt.","Kaufe eigentlich immer alles über Amazon. Hatte vorgestern zum ersten mal ein „Problem“ gehabt mit einer Lieferung, die als „unzustellbar“ galt. Als ich dann den Kundendienst kontaktierte (der wirklich sehr freundlich und kompetent war), wurde meine Bestellung 2 Tage später doch geliefert. Es kommt bei uns alles immer gut und rechtzeitig an und mit dem Rücksenden/Rückerstatten hatten wir auch noch nie Probleme gehabt.",Njusha777,23.6.0,2024-03-13T00:05:10Z,True,itunes_rss_mostHelpful,False,False
8225629a8b10423ef19cedc545070482fbaa2e2848b136ea99088767383c6227,10919212455,348712880,Amazon,de,1,Ist das Erpressung oder kann das Weg?,"Die einseitig diktierte Änderung in einem laufenden Vertrag ist unabhängig des Entgelts oder der Quantität von Werbung nicht tragbar und darüber hinaus auch  gefährlich. Werbung oder mehr bezahlen, das ist das Motto. Und das mitten in der Vertragslaufzeit. Das darf man nicht tolerieren und daher distanziere ich mich von dieser Vorgehensweise. Eine normale Preiserhöhung wäre nach der Laufzeit in Ordnung gewesen, aber einen Kunden dazu zwingen zu wollen, für Werbung bezahlen zu müssen oder aber mehr zahlen zu müssen als in der bisherigen Laufzeit, das ist dreist und das ist gefährlich. Sollte die Werbung nicht unentgeltlich abgestellt werden, werde ich kündigen und bis dahin distanziere ich mich von allem was solche Vertragsgebaren fördern könnte, ganz besonders Käufe. Ein positives hat es, die Werbung erinnert einen jedes Mal nervigst kein einziges Produkt mehr über Amazon zu bestellen und schon garnicht die beworbenen Produkte. Müsste den Leuten ja jetzt schon unangenehm sein eine „Ring“ Klingel zu haben. Unternehmen die auf dieses Pferd aufspringen, seien es Unternehmen von Amazon selbst oder fremde Unternehmen, beteiligen sich in direkter Weise an den in meinen Augen stattfindenden widerrechtlichen Handlungen.
Das ist keine Verurteilung sondern nur meine eigene persönliche Sichtweise wie mir das Ganze vorkommt, ein richtiges Urteil wird ja noch kommen und hoffentlich zu Ungunsten des Amazon Diktats ausfallen. Ich kann mich jedenfalls nicht an den Handlungen  beteiligen, indem ich noch irgendwas über Amazon bestelle.","Die einseitig diktierte Änderung in einem laufenden Vertrag ist unabhängig des Entgelts oder der Quantität von Werbung nicht tragbar und darüber hinaus auch  gefährlich. Werbung oder mehr bezahlen, das ist das Motto. Und das mitten in der Vertragslaufzeit. Das darf man nicht tolerieren und daher distanziere ich mich von dieser Vorgehensweise. Eine normale Preiserhöhung wäre nach der Laufzeit in Ordnung gewesen, aber einen Kunden dazu zwingen zu wollen, für Werbung bezahlen zu müssen oder aber mehr zahlen zu müssen als in der bisherigen Laufzeit, das ist dreist und das ist gefährlich. Sollte die Werbung nicht unentgeltlich abgestellt werden, werde ich kündigen und bis dahin distanziere ich mich von allem was solche Vertragsgebaren fördern könnte, ganz besonders Käufe. Ein positives hat es, die Werbung erinnert einen jedes Mal nervigst kein einziges Produkt mehr über Amazon zu bestellen und schon garnicht die beworbenen Produkte. Müsste den Leuten ja jetzt schon unangenehm sein eine „Ring“ Klingel zu haben. Unternehmen die auf dieses Pferd aufspringen, seien es Unternehmen von Amazon selbst oder fremde Unternehmen, beteiligen sich in direkter Weise an den in meinen Augen stattfindenden widerrechtlichen Handlungen. 
Das ist keine Verurteilung sondern nur meine eigene persönliche Sichtweise wie mir das Ganze vorkommt, ein richtiges Urteil wird ja noch kommen und hoffentlich zu Ungunsten des Amazon Diktats ausfallen. Ich kann mich jedenfalls nicht an den Handlungen  beteiligen, indem ich noch irgendwas über Amazon bestelle.",pabloenri,23.3.0,2024-02-09T10:24:18Z,True,itunes_rss_mostHelpful,False,False
2d34d65e6610ac7a0d52fd7d70f0654a2d5133038687557f419d1c6b4bd5f486,10890685397,348712880,Amazon,de,5,Sicherheit,"Amazon ist sehr kundenfreundlich und sicher. Produkte, die defekt sind, anders als erwartet oder gar nicht geliefert, werden anstandslos und stressfrei erstattet. Zudem ist der Versand schnell, die Lieferung unproblematisch und zuverlässig.","Amazon ist sehr kundenfreundlich und sicher. Produkte, die defekt sind, anders als erwartet oder gar nicht geliefert, werden anstandslos und stressfrei erstattet. Zudem ist der Versand schnell, die Lieferung unproblematisch und zuverlässig.",Susi Kleemann,23.3.0,2024-02-01T23:46:02Z,True,itunes_rss_mostHelpful,False,False
7c22ce30edf4ca35142d190b8826323c0a67ac0763634900bd3c41f9b6cf7a39,10852479395,348712880,Amazon,de,4,"Gut, aber grundlegende Funktionen fehlen","Die ab so im ganzen ist super und funktioniert auch einwandfrei. Leider sind mir in den letzten Tagen aufgefallen, das 2 Funktionen fehlen.
Funktion 1: man kann weder auf der iPhone App noch auf der iPad App sich Rechnungen anzeigen lassen. Dies fehlt unter der Bestellung.
Funktion 2: man kann aus der App heraus nichts drucken. Finde ich doof, wenn ein Verkäufer z.B. einem ein retourenschein zu schickt.
Vielleicht können diese Funktionen ja dazu kommen beim nächsten Update bzw zu mindest das runterladen des Dokuments","Die ab so im ganzen ist super und funktioniert auch einwandfrei. Leider sind mir in den letzten Tagen aufgefallen, das 2 Funktionen fehlen. 
Funktion 1: man kann weder auf der iPhone App noch auf der iPad App sich Rechnungen anzeigen lassen. Dies fehlt unter der Bestellung.
Funktion 2: man kann aus der App heraus nichts drucken. Finde ich doof, wenn ein Verkäufer z.B. einem ein retourenschein zu schickt. 
Vielleicht können diese Funktionen ja dazu kommen beim nächsten Update bzw zu mindest das runterladen des Dokuments",CorporalSheep,23.2.0,2024-01-22T20:03:11Z,True,itunes_rss_mostHelpful,False,False
cc3d881712b90a6f1d23047057c32c80f06657be0fc5ae55e4194613ede6f87f,10778478591,348712880,Amazon,de,4,Logout,"App und Amazon ist sehr gut 👍
Auch das Gutscheine automatisch verrechnet werden
Warum man den Logout Button versteckt verstehe ich zwar ( dann bekomme ich automatisch immer personalisiert e-Mail, aber wenn man z.B. ein Geschenk sucht , ist das sehr schlecht, wenn der beschenkte mitlesen kann , was man sich überlegt

Werde die App erst wieder nutzen, wenn wie bei anderen das Logout z.B. beim Account direkt möglich ist","App und Amazon ist sehr gut 👍 
Auch das Gutscheine automatisch verrechnet werden
Warum man den Logout Button versteckt verstehe ich zwar ( dann bekomme ich automatisch immer personalisiert e-Mail, aber wenn man z.B. ein Geschenk sucht , ist das sehr schlecht, wenn der beschenkte mitlesen kann , was man sich überlegt 

Werde die App erst wieder nutzen, wenn wie bei anderen das Logout z.B. beim Account direkt möglich ist",Georg1g,23.1.0,2024-01-03T10:51:27Z,True,itunes_rss_mostHelpful,False,False
185b1e464647e8f365e4cfd3990483ffc58118d7db7d7d4f603a110176480606,10734640732,348712880,Amazon,de,5,Alles englisch,Alles ist englisch,Alles ist englisch,"…,,,.,..",21.23.0,2023-12-23T09:56:51Z,True,itunes_rss_mostHelpful,False,False
6637e1878beee13e696ee917dca42aca7bd56674cde83469dab5199b07f9f7b5,10724500635,348712880,Amazon,de,5,Top Kundenservice,"Ich habe so ein tollen Kundenservice lange nicht mehr gesehen

Alles wird schnell weitergeleitet und man bekommt unkompliziert eine rückinfo Fall wurde schnell gelöst","Ich habe so ein tollen Kundenservice lange nicht mehr gesehen 

Alles wird schnell weitergeleitet und man bekommt unkompliziert eine rückinfo Fall wurde schnell gelöst",Bby 1988,21.23.0,2023-12-20T22:23:31Z,True,itunes_rss_mostHelpful,False,False
f948b376ebec716d7297ab228720d19257591c7ad9251aa78e7af4121c5a803b,10659887274,348712880,Amazon,de,5,Die Adresse für den Einkauf!,"Ich kaufe nun seit vielen Jahren regelmäßig bei Amazon. Es gibt nichts zu bemängeln. Der Service ist sehr gut, die Schnelligkeit der Lieferungen beeindruckend und die Qualität der Produkte ist auch sehr gut. Wenn es mal nicht das richtige Produkt war, ist es kein Problem es zu retournieren. Der Erstattungsbetrag ist dann ruckzuck auf dem Konto. Ich bin ein echter Fan von Amazon und kaufe im Zweifel immer dort, auch wenn es andere Möglichkeiten gibt, weil der Service entscheidend für mich ist! Weiter so Amazon!!","Ich kaufe nun seit vielen Jahren regelmäßig bei Amazon. Es gibt nichts zu bemängeln. Der Service ist sehr gut, die Schnelligkeit der Lieferungen beeindruckend und die Qualität der Produkte ist auch sehr gut. Wenn es mal nicht das richtige Produkt war, ist es kein Problem es zu retournieren. Der Erstattungsbetrag ist dann ruckzuck auf dem Konto. Ich bin ein echter Fan von Amazon und kaufe im Zweifel immer dort, auch wenn es andere Möglichkeiten gibt, weil der Service entscheidend für mich ist! Weiter so Amazon!!",Waldonis,21.23.0,2023-12-05T12:23:39Z,True,itunes_rss_mostHelpful,False,False
9baae4a9cf894e52d8ce4b6c8f56f62e6e8908d902b33e4e806a4666fe7e4d8f,10628537895,348712880,Amazon,de,2,Leider sehr enttäuscht,Habe etwas bestellt. 5 Minuten später kriegebich eine Nachricht. Ihr Konto wird vorübergehend gesperrt. Nach kurzem und langen Suchen wird beschrieben das ich mich doch neu anmelden könne um ein Formular auszufüllen um zur entsperrung zu kommen. Gemacht und hat nicht Funktioniert. Danach gelesen dass die Bearbeitung bis zu 4 Stunden dauern kann. Also gewartet. 5 Stunden später noch einmal versucht. Ohne Erfolg wieder die Meldung die mich zur Startseite weiter leitet. Noch mal versucht und wieder und wieder. Bis ich keine Lust mehr hatte. Das war am Freitag heute ist Sonntag. Eben wieder versucht und hat natürlich nicht geklappt. Meine 140€ will ich wieder oder die Produkte. Eins soll Dienstag ankommen. Wenn das nicht kommt weiß ich auch nicht weiter. Und ja habe in der App auf Kundenservice gedrückt. Aber Peng wieder anmelden. Was natürlich nicht funktioniert hat. Bin enttäuscht. Wenn meine Sachen ankommen gerne 5 Sterne aber das geht echt nicht klar das man in so einer Situation nicht einmal Hilfe bekommt. Habe überall geschaut YouTube. Google und in der App keine Hilfe leider.,Habe etwas bestellt. 5 Minuten später kriegebich eine Nachricht. Ihr Konto wird vorübergehend gesperrt. Nach kurzem und langen Suchen wird beschrieben das ich mich doch neu anmelden könne um ein Formular auszufüllen um zur entsperrung zu kommen. Gemacht und hat nicht Funktioniert. Danach gelesen dass die Bearbeitung bis zu 4 Stunden dauern kann. Also gewartet. 5 Stunden später noch einmal versucht. Ohne Erfolg wieder die Meldung die mich zur Startseite weiter leitet. Noch mal versucht und wieder und wieder. Bis ich keine Lust mehr hatte. Das war am Freitag heute ist Sonntag. Eben wieder versucht und hat natürlich nicht geklappt. Meine 140€ will ich wieder oder die Produkte. Eins soll Dienstag ankommen. Wenn das nicht kommt weiß ich auch nicht weiter. Und ja habe in der App auf Kundenservice gedrückt. Aber Peng wieder anmelden. Was natürlich nicht funktioniert hat. Bin enttäuscht. Wenn meine Sachen ankommen gerne 5 Sterne aber das geht echt nicht klar das man in so einer Situation nicht einmal Hilfe bekommt. Habe überall geschaut YouTube. Google und in der App keine Hilfe leider.,Der enttäuschte Kunde,21.22.0,2023-11-26T18:07:18Z,True,itunes_rss_mostHelpful,False,False
02aa686b9489016825a2d456a761741b310b32f5b329a6734b1397e730838880,10581114973,348712880,Amazon,de,5,Immer top,"ABER! leider kann man auch im Prime nicht mehr alle Garderobe kostenfrei retournieren. Noch komischer finde ich, er top, faire Rücknahmemöglichkeit, hervorragender Kundendienst (auch telefonisch), Schnelle und unkomplizierte Problemlösung  er top, faire Rücknahmemöglichkeit, hervorragender Kundendienst (auch telefonisch), Schnelle und unkomplizierte Problemlösung  dass einige Artikel direkt aus den USA kommen, diese, in meinem Fall, überhaupt nicht der Beschreibung entsprechen…die Rücksendung dieses Artikels war mit 39,90€ dann kein Vergnügen mehr. Also, Schade Amazon. Das ist dann nicht mehr Kundenfreundlich.","ABER! leider kann man auch im Prime nicht mehr alle Garderobe kostenfrei retournieren. Noch komischer finde ich, er top, faire Rücknahmemöglichkeit, hervorragender Kundendienst (auch telefonisch), Schnelle und unkomplizierte Problemlösung  er top, faire Rücknahmemöglichkeit, hervorragender Kundendienst (auch telefonisch), Schnelle und unkomplizierte Problemlösung  dass einige Artikel direkt aus den USA kommen, diese, in meinem Fall, überhaupt nicht der Beschreibung entsprechen…die Rücksendung dieses Artikels war mit 39,90€ dann kein Vergnügen mehr. Also, Schade Amazon. Das ist dann nicht mehr Kundenfreundlich.",Barca1705,21.22.0,2023-11-13T11:11:36Z,True,itunes_rss_mostHelpful,False,False
b6549514f0f52689609cbf45fa5d58fc98b07acbb72950d59de70e553512cb4f,10468131759,348712880,Amazon,de,1,nie wieder …,"Ich wollte mir eine Insta360 x3 bestellen. Ich habe wie üblich bestellt und wollte bezahlen, was mich dabei stutzig gemacht hat, es wurde auf einmal kein Paypal mehr angezeigt. Bankeinzug ist auch kein Problem für mich. ABER keine Minute sondern DIREKT wurde die Bestellung storniert. ABER eine Auskunft weshalb, wollte und konnte man mir nicht geben, ich soll mich bei meiner Bank melden. Gut, die konnten mir auch nichts dazu sagen, woher sollen die auch wissen was bei Amazon der Fehler ist😂 Naja, bei Kreditkarte genau das selbe. Das habe ich dann ganze 3 mal versucht bis mein Amazon Konto gesperrt wurde. Ich hab direkt auf der Seite vom Händler dann bestellt, ging alles mit paypal innerhalb von 3 min. Die 9€ Zahle ich gerne mehr. Dazu waren bei Amazon die verschiedenen „Kits“ ( Motorrad Kit, Fahrrad Kit etc.) alle einfach willkürlich anders benannt mit z.B. „Creator Kit“ so etwas gibt es beim Hersteller garnicht. Die Beschreibung bei Amazon hat auch nicht viel mehr her gegeben. Also nochmal für alle: Bestellt lieber bei den Herstellern, egal welches Produkt. Wenigstens funktioniert alles bei denen und ihr wisst das die Lieferanten etc. weniger ausgebeutet werden als bei Amazon. Nie wieder bestelle ich bei dem Saft laden, da verzichte ich lieber darauf das mein Paket „morgen“ da ist und warte 1 Tag mehr.","Ich wollte mir eine Insta360 x3 bestellen. Ich habe wie üblich bestellt und wollte bezahlen, was mich dabei stutzig gemacht hat, es wurde auf einmal kein Paypal mehr angezeigt. Bankeinzug ist auch kein Problem für mich. ABER keine Minute sondern DIREKT wurde die Bestellung storniert. ABER eine Auskunft weshalb, wollte und konnte man mir nicht geben, ich soll mich bei meiner Bank melden. Gut, die konnten mir auch nichts dazu sagen, woher sollen die auch wissen was bei Amazon der Fehler ist😂 Naja, bei Kreditkarte genau das selbe. Das habe ich dann ganze 3 mal versucht bis mein Amazon Konto gesperrt wurde. Ich hab direkt auf der Seite vom Händler dann bestellt, ging alles mit paypal innerhalb von 3 min. Die 9€ Zahle ich gerne mehr. Dazu waren bei Amazon die verschiedenen „Kits“ ( Motorrad Kit, Fahrrad Kit etc.) alle einfach willkürlich anders benannt mit z.B. „Creator Kit“ so etwas gibt es beim Hersteller garnicht. Die Beschreibung bei Amazon hat auch nicht viel mehr her gegeben. Also nochmal für alle: Bestellt lieber bei den Herstellern, egal welches Produkt. Wenigstens funktioniert alles bei denen und ihr wisst das die Lieferanten etc. weniger ausgebeutet werden als bei Amazon. Nie wieder bestelle ich bei dem Saft laden, da verzichte ich lieber darauf das mein Paket „morgen“ da ist und warte 1 Tag mehr.",mxrc.mk5,21.19.0,2023-10-13T04:42:25Z,True,itunes_rss_mostHelpful,False,False
876f6fc2ef8135dac4eee068fec9dda21b7cd11d6e1b864fe45eeda5f624402b,10466059529,348712880,Amazon,de,5,Mach ich selten,"Ich bewerte selten irgendwelche Plattformen, aber ich weiß einfach nicht wie Amazon und die Lieferanten das logistisch immer hinbekommen, heute bestellt und am nächsten oder übernächsten Tag schon geliefert!
Ich wollte kurzfristig eine Outdoor Biwak Tour machen und habe ca. 15 Gegenstände bestellt, innerhalb 2 Tagen war das komplette Equipment da!
Ihr Zauberer der Logistik!
Danke!","Ich bewerte selten irgendwelche Plattformen, aber ich weiß einfach nicht wie Amazon und die Lieferanten das logistisch immer hinbekommen, heute bestellt und am nächsten oder übernächsten Tag schon geliefert!
Ich wollte kurzfristig eine Outdoor Biwak Tour machen und habe ca. 15 Gegenstände bestellt, innerhalb 2 Tagen war das komplette Equipment da!
Ihr Zauberer der Logistik! 
Danke!",ggghokkk,21.19.0,2023-10-12T14:09:38Z,True,itunes_rss_mostHelpful,False,False
2b3628840a68fef52e255a0dccda68293768a5a970caacf017d232df803ab4ee,10444911338,348712880,Amazon,de,5,Ist ok aber…,Ich habe die App sehr oft und gerne benutzt aber… die ist sehr teuer. Ich habe Temu entdeckt und da ist es alles viel günstiger. Ich fande Amazon immer sehr geil aber jetzt… benutze ich Amazon nicht mehr so oft. Es gibt zwar mehr Auswahl wie bei Temu glaube ich. Aber bei Temu gibt es Angebote wenn man neu ist gibt man nur die Adresse ein. Und wenn man sich angemeldet hat konnte ich z.b ein Glücksrad drehen und konnte mir Gratis Sachen holen . Und ich konnte zwischen drei Geschenk Boxen auswählen. Ich hab die in der Mitte gewählt und konnte mir 4 Gratis Sachen holen. Aber früher fande ich Amazon richtig geil deshalb 5 Sterne. Ich kann Amazon aber trotzdem empfehlen!!!,Ich habe die App sehr oft und gerne benutzt aber… die ist sehr teuer. Ich habe Temu entdeckt und da ist es alles viel günstiger. Ich fande Amazon immer sehr geil aber jetzt… benutze ich Amazon nicht mehr so oft. Es gibt zwar mehr Auswahl wie bei Temu glaube ich. Aber bei Temu gibt es Angebote wenn man neu ist gibt man nur die Adresse ein. Und wenn man sich angemeldet hat konnte ich z.b ein Glücksrad drehen und konnte mir Gratis Sachen holen . Und ich konnte zwischen drei Geschenk Boxen auswählen. Ich hab die in der Mitte gewählt und konnte mir 4 Gratis Sachen holen. Aber früher fande ich Amazon richtig geil deshalb 5 Sterne. Ich kann Amazon aber trotzdem empfehlen!!!,1_Julis,21.19.0,2023-10-06T12:31:00Z,True,itunes_rss_mostHelpful,False,False
9dddf1ec58b8454ccb384e69c2482ed4486a48f63e8aab5d675fe7ec93faf334,10425789559,348712880,Amazon,de,5,"Ich bin zufrieden,- egal was andere sagen!","Insgesamt für mich als Kunde bin ich mit den Leistungen und dem Service zufrieden, sehr zufrieden! Durch den Service , den ich (und meine Familie) durch das PRIME SYSTEM erfahre , wie auch die problemlose Rücknahme, wenn ich wieder etwas voreilig bestellt hatte und nach der Lieferung bemerkte“das war wohl Quatsch, was Du da gemacht hast“, bin ich mir vor Schaden (ich meine sinnloses Geld ausgegeben) bewahrt worden. Das gibt mir Sicherheit. Ich bin zufrieden, als Kunde fühle ich mich gut behandelt.
Auch musste ich feststellen, das Preisvergleiche inclusive des dazugehörigen Service, mir hier immer wieder die bessere Lösung ergaben!
Teccoralf!","Insgesamt für mich als Kunde bin ich mit den Leistungen und dem Service zufrieden, sehr zufrieden! Durch den Service , den ich (und meine Familie) durch das PRIME SYSTEM erfahre , wie auch die problemlose Rücknahme, wenn ich wieder etwas voreilig bestellt hatte und nach der Lieferung bemerkte“das war wohl Quatsch, was Du da gemacht hast“, bin ich mir vor Schaden (ich meine sinnloses Geld ausgegeben) bewahrt worden. Das gibt mir Sicherheit. Ich bin zufrieden, als Kunde fühle ich mich gut behandelt.
Auch musste ich feststellen, das Preisvergleiche inclusive des dazugehörigen Service, mir hier immer wieder die bessere Lösung ergaben!
Teccoralf!",supertecco,21.18.0,2023-10-01T05:57:57Z,True,itunes_rss_mostHelpful,False,False
cb0277911dc9633decf1348d9ca42652f651d4ef477b4d43554cb1627fef1df9,10423334208,348712880,Amazon,de,3,"Auf den ersten Blick bequem, auf den zweiten unsicher","Die App macht auf den ersten Blick einen ganz guten Eindruck. Angenehm, die eigenen  Bestellungen so einfach einsehen zu können.
Auf den zweiten Blick habe ich viel Kritik. Es war äußerst schwierig, den Link zum abmelden zu finden. Noch schlimmer als auf der Webseite, wo er auch schon ganz unten beim Impressum versteckt ist. In der App ist er in den Einstellungen versteckt.
Es ist zwar nachvollziehbar, dass gewünscht ist, das man am Besten gar nicht mehr ausloggt, dass aber zugleich beim Kauf keine weitere Authentifizierung abgefragt wird, geht aus meiner Sicht gar nicht.
Ebenso widersinnig empfinde ich die Pseudo-Authentifizierungs-E-Mail, die man jedesmal beim Einloggen erhält. Erstens bemerkt man sie nicht, und was richtig daneben ist, ist dass man auch ohne den Code den gesamten Kaufvorgang trotzdem erfolgreich abschließen kann. Die Kaufbestätigung und die Versandbestätigung waren ganz schnell da. 🙄 Außerdem konnte ich den Bereich nicht finden, wo ich den Code hätte eingeben können. Wozu das Alles? Ehrlich gesagt - Frechheit.
Ich lösche die App wieder und kehre auf die Webseite zurück. Die ist auch beim Bezahlen sicherer. Die drei Sterne gab’s für die Übersichtlichkeit um Kaufbereich und den Listen.","Die App macht auf den ersten Blick einen ganz guten Eindruck. Angenehm, die eigenen  Bestellungen so einfach einsehen zu können. 
Auf den zweiten Blick habe ich viel Kritik. Es war äußerst schwierig, den Link zum abmelden zu finden. Noch schlimmer als auf der Webseite, wo er auch schon ganz unten beim Impressum versteckt ist. In der App ist er in den Einstellungen versteckt. 
Es ist zwar nachvollziehbar, dass gewünscht ist, das man am Besten gar nicht mehr ausloggt, dass aber zugleich beim Kauf keine weitere Authentifizierung abgefragt wird, geht aus meiner Sicht gar nicht. 
Ebenso widersinnig empfinde ich die Pseudo-Authentifizierungs-E-Mail, die man jedesmal beim Einloggen erhält. Erstens bemerkt man sie nicht, und was richtig daneben ist, ist dass man auch ohne den Code den gesamten Kaufvorgang trotzdem erfolgreich abschließen kann. Die Kaufbestätigung und die Versandbestätigung waren ganz schnell da. 🙄 Außerdem konnte ich den Bereich nicht finden, wo ich den Code hätte eingeben können. Wozu das Alles? Ehrlich gesagt - Frechheit. 
Ich lösche die App wieder und kehre auf die Webseite zurück. Die ist auch beim Bezahlen sicherer. Die drei Sterne gab’s für die Übersichtlichkeit um Kaufbereich und den Listen.",MsOogway,21.18.0,2023-09-30T13:53:42Z,True,itunes_rss_mostHelpful,False,False
b47ec185658f8255a50e553314b91adaa5a0e7cd511a27c3fad7451bb3dd8507,10308514115,348712880,Amazon,de,5,Danke für die schnelle Änderung!,"Das neue Layout und die schlechte Bewertungsübersicht sind völlig unbrauchbar. Bitte wieder ändern…

Update: Amazon hat zum Glück ziemlich schnell wieder die Bewertungsansicht geändert. Danke!","Das neue Layout und die schlechte Bewertungsübersicht sind völlig unbrauchbar. Bitte wieder ändern…

Update: Amazon hat zum Glück ziemlich schnell wieder die Bewertungsansicht geändert. Danke!",Kenciano,21.16.0,2023-08-28T13:51:50Z,True,itunes_rss_mostHelpful,False,False
267187f5d9221552548fa6804c2d7dde3a55813fc60449e058b2869d9729b1c1,10225183940,348712880,Amazon,de,1,Leider wird diese App immer nur verschlimmbessert,"Ich frage mich wirklich was diese App für Vorteile bieten soll im Vergleich zur Webseite. Die Darstellung in der App ist nicht nutzerfreundlicher fürs IPad. Im Gegenteil! Inzwischen kann man nicht mal mehr ordentlich was zur Wunschliste hinzufügen ( Listen werden irgendwie komisch halbdurchsichtig über dem Text angezeigt). Amazon Smile geht auch immer noch nicht. Ich habe mit inzwischen lieber die Webseite verlinkt, die funktioniert wenigstens. Was ich mir von so einer App wünsche würde, wäre z.B dass die Beschreibungen der Artikel größer angezeigt werden und eben nicht alles so klein wie auf der Webseite, so dass ich es auch Tablet angenehm lesen kann. Bei jedem Update hoffe ich, dass es jetzt besser wird, aber es wird immer schlimmer 🙈

Nachtrag: Auch nach Jahren immer noch nicht besser. Zwischendrin ging sie ja mal so einigermaßen, zur Zeit wieder Katastrophe. Ist es nicht Sinn einer App, die Anzeige an mobile Geräte anzupassen? Scheinbar hier nicht! Alles winzig klein. rechts total viel leerer Platz, rauszukommen nicht möglich.
Zudem funktioniert immer wieder das Hinzufügen zu Listen nicht.
Ich werde wieder auf Browser umsteigen und es in ein paar Jahren wieder versuchen. Nur traurig!","Ich frage mich wirklich was diese App für Vorteile bieten soll im Vergleich zur Webseite. Die Darstellung in der App ist nicht nutzerfreundlicher fürs IPad. Im Gegenteil! Inzwischen kann man nicht mal mehr ordentlich was zur Wunschliste hinzufügen ( Listen werden irgendwie komisch halbdurchsichtig über dem Text angezeigt). Amazon Smile geht auch immer noch nicht. Ich habe mit inzwischen lieber die Webseite verlinkt, die funktioniert wenigstens. Was ich mir von so einer App wünsche würde, wäre z.B dass die Beschreibungen der Artikel größer angezeigt werden und eben nicht alles so klein wie auf der Webseite, so dass ich es auch Tablet angenehm lesen kann. Bei jedem Update hoffe ich, dass es jetzt besser wird, aber es wird immer schlimmer 🙈

Nachtrag: Auch nach Jahren immer noch nicht besser. Zwischendrin ging sie ja mal so einigermaßen, zur Zeit wieder Katastrophe. Ist es nicht Sinn einer App, die Anzeige an mobile Geräte anzupassen? Scheinbar hier nicht! Alles winzig klein. rechts total viel leerer Platz, rauszukommen nicht möglich. 
Zudem funktioniert immer wieder das Hinzufügen zu Listen nicht.
Ich werde wieder auf Browser umsteigen und es in ein paar Jahren wieder versuchen. Nur traurig!",Fanny_33,21.14.0,2023-08-06T07:14:55Z,True,itunes_rss_mostHelpful,False,False
ab37a736ad328553dd3220f4906f9d4f03570aa677e1f0f663331c9326219ca2,9692182051,348712880,Amazon,de,3,Höhepunkt vorbei,"Amazon bietet mit der App eine gute Möglichkeit zum Stöbern und shoppen.
Die Filterfunktion finde ich leider undurchsichtig, nach welchen Kriterien Produkte angezeigt werden. Eher unbrauchbar, wenn Sachen angezeigt werden, die gar nicht den Suchkriterien entsprechen.
Viel schlimmer finde ich die Tatsache, dass mittlerweile so viel Chinamüll angeboten wird. Musste innerhalb von einem Monat 3 Reklamationen starten, weil ich richtigen Müll zugeschickt bekommen habe. Verschimmelt, gebrochen oder verbogen. Absolute Katastrophe! Ich muss wohl langsam mein Konsumverhalten überdenken und wieder lokal kaufen! Dann sieht man wenigstens die Qualität!","Amazon bietet mit der App eine gute Möglichkeit zum Stöbern und shoppen.
Die Filterfunktion finde ich leider undurchsichtig, nach welchen Kriterien Produkte angezeigt werden. Eher unbrauchbar, wenn Sachen angezeigt werden, die gar nicht den Suchkriterien entsprechen.
Viel schlimmer finde ich die Tatsache, dass mittlerweile so viel Chinamüll angeboten wird. Musste innerhalb von einem Monat 3 Reklamationen starten, weil ich richtigen Müll zugeschickt bekommen habe. Verschimmelt, gebrochen oder verbogen. Absolute Katastrophe! Ich muss wohl langsam mein Konsumverhalten überdenken und wieder lokal kaufen! Dann sieht man wenigstens die Qualität!",Bogomir2000,21.5.0,2023-03-08T14:06:39Z,True,itunes_rss_mostHelpful,False,False
ec28a71785073cdcaa7d12ea3c9b79f32e4dec63e58a2dfd5dccfb49b60d64a2,9650212090,348712880,Amazon,de,5,Übersichtlich und intuitiv,Die App ist übersichtlich gestaltet und mit den wichtigsten Features ausgestattet.,Die App ist übersichtlich gestaltet und mit den wichtigsten Features ausgestattet.,Jo K aus D,21.4.0,2023-02-24T11:40:30Z,True,itunes_rss_mostHelpful,False,False
3f13a9b918fb79234ab8fe83976abab1b9645628761b4c7e6bb97ec6992d1db3,9559364025,348712880,Amazon,de,3,Suchfunktion optimieren,"Sowohl in der App als auch auf der klassischen Website ist die Suchfunktion für meine Begriffe wirklich schlecht. Eine Eingrenzung auf bestimmte Kriterien wird in der Regel ignoriert und die Suchergebnisse hauen einfach viel zu grob raus, was das Sortiment hergibt. Das ist für User sehr frustrierend. Niemand hat Lust und Zeit, sich durch tausende von irrelevanten Produkten zu wühlen, um mit viel Glück dann irgendwo weiter hinten vielleicht doch das zu finden, was eigentlich gesucht ist. Häufig suche ich erst mal über Google, das deutlich exakter rausgibt, was man sucht, und gehe darüber wieder zurück auf Amazon. Wenn man Leder, Baumwolle oder bestimmte Größen/Formen eingibt, möchte man nicht durch zig Plastik- und Polyester-Produkte oder falsche Größen/Formen scrollen müssen. Auch die zusätzliche Filterfunktion hilft hier meist nur unzureichend weiter.","Sowohl in der App als auch auf der klassischen Website ist die Suchfunktion für meine Begriffe wirklich schlecht. Eine Eingrenzung auf bestimmte Kriterien wird in der Regel ignoriert und die Suchergebnisse hauen einfach viel zu grob raus, was das Sortiment hergibt. Das ist für User sehr frustrierend. Niemand hat Lust und Zeit, sich durch tausende von irrelevanten Produkten zu wühlen, um mit viel Glück dann irgendwo weiter hinten vielleicht doch das zu finden, was eigentlich gesucht ist. Häufig suche ich erst mal über Google, das deutlich exakter rausgibt, was man sucht, und gehe darüber wieder zurück auf Amazon. Wenn man Leder, Baumwolle oder bestimmte Größen/Formen eingibt, möchte man nicht durch zig Plastik- und Polyester-Produkte oder falsche Größen/Formen scrollen müssen. Auch die zusätzliche Filterfunktion hilft hier meist nur unzureichend weiter.",HeavyUserAmazon,21.2.0,2023-01-29T07:46:48Z,True,itunes_rss_mostHelpful,False,False
1daba49d829e1de1c776d5b783c1e3dafa1d38ab8e0e0cd361a78b5c3d45f316,9504277048,348712880,Amazon,de,5,Deutsche Sprache geht,"Hatte dasselbe Problem mit der Sprache, habe das Problem aber gelöst, weil es nicht reicht nur „ Deutsch & Deutschland“ einzugeben. Zusätzlich muss bei Sprache auch noch „Deutsch“ eingegeben werden!","Hatte dasselbe Problem mit der Sprache, habe das Problem aber gelöst, weil es nicht reicht nur „ Deutsch & Deutschland“ einzugeben. Zusätzlich muss bei Sprache auch noch „Deutsch“ eingegeben werden!",GWandl,21.1.0,2023-01-13T22:27:12Z,True,itunes_rss_mostHelpful,False,False
4ec81042bd85938aab36c73c93162f4a43e10f63605395e84752c75877825e5c,9428131137,348712880,Amazon,de,3,Man kann wenig kommentieren,"Irgendwo außer beim Produkt einen Kommentar hinterlassen. Es gibt nur vorgefertigte Antwort Möglichkeiten welche bei mir das Problem nicht treffen. Es ist sehr schwer die wahre Kritik überhaupt hinein zu interpretieren. Z.B. kann man nicht schreiben das der Lieferant fast weggefahren wäre wäre ich nicht sofort rausgestürmt. Das muss jetzt: „Der Lieferant hat sich nicht professionell verhalten“ heißen. Der Kundenservice war schnell verfügbar war aber schlecht verstehen wegen seinem Akzent. Dass kann man natürlich auch nicht auswählen oder irgendwo notieren. Somit werfe ich Amazon Rezessionen Fälschung vor, in Form von zu schlechtem Angebot dass man sich nicht richtig ausrücken kann. Ist um ehrlich zu sagen überall so Amazon hat diesen aktuellen Verblödungstrend nur mitgemacht weil es sich für Berühmtheiten so gehört. Davor kann man sich heutzutage nichtmal retten","Irgendwo außer beim Produkt einen Kommentar hinterlassen. Es gibt nur vorgefertigte Antwort Möglichkeiten welche bei mir das Problem nicht treffen. Es ist sehr schwer die wahre Kritik überhaupt hinein zu interpretieren. Z.B. kann man nicht schreiben das der Lieferant fast weggefahren wäre wäre ich nicht sofort rausgestürmt. Das muss jetzt: „Der Lieferant hat sich nicht professionell verhalten“ heißen. Der Kundenservice war schnell verfügbar war aber schlecht verstehen wegen seinem Akzent. Dass kann man natürlich auch nicht auswählen oder irgendwo notieren. Somit werfe ich Amazon Rezessionen Fälschung vor, in Form von zu schlechtem Angebot dass man sich nicht richtig ausrücken kann. Ist um ehrlich zu sagen überall so Amazon hat diesen aktuellen Verblödungstrend nur mitgemacht weil es sich für Berühmtheiten so gehört. Davor kann man sich heutzutage nichtmal retten",PeetMeet,19.22.2,2022-12-23T22:04:37Z,True,itunes_rss_mostHelpful,False,False
ffef8a80bc8773484c2173b69eac52094e2af7d959595985b489e5835d6c5c8c,9339219353,348712880,Amazon,de,2,Lieferung,"Eigentlich hatte ich mit Amazon nie ein Problem aber seit meiner Schwangerschaft bestelle ich etwas öfter Sachen die ich zum Beispiel für das Baby brauche. Über Dhl wird bei mir geliefert und es ist nun schon drei mal vorgekommen das meine Pakete nicht bei mir angekommen sind. Sie wurden verloren oder meinen Nachbarn übergeben die dann einfach mein Paket behalten haben und solche sachen. Wenn man aber im vorraus bezahlt erwartet man das man die dinge oder das Geld zurück erstattet bekommt wenn diese nicht auftauchen. Jedoch hat Amazon mir nie etwas zurück erstattet immer war es aus irgendwelchen gründen nicht möglich und mein Geld ist einfach futsch. Sowas wünsche ich keinem und ich hoffe ihr habt zuverlässige Paket Lieferanten. Ich werde allerdings mit hoher Wahrscheinlichkeit nicht mehr bei Amazon sachen bestellen die auf komischer weise den weg zu mir nicht finden da ich es leid bin, mein Geld dem Fenster raus zu schmeissen und mich das auch sehr wütend macht.","Eigentlich hatte ich mit Amazon nie ein Problem aber seit meiner Schwangerschaft bestelle ich etwas öfter Sachen die ich zum Beispiel für das Baby brauche. Über Dhl wird bei mir geliefert und es ist nun schon drei mal vorgekommen das meine Pakete nicht bei mir angekommen sind. Sie wurden verloren oder meinen Nachbarn übergeben die dann einfach mein Paket behalten haben und solche sachen. Wenn man aber im vorraus bezahlt erwartet man das man die dinge oder das Geld zurück erstattet bekommt wenn diese nicht auftauchen. Jedoch hat Amazon mir nie etwas zurück erstattet immer war es aus irgendwelchen gründen nicht möglich und mein Geld ist einfach futsch. Sowas wünsche ich keinem und ich hoffe ihr habt zuverlässige Paket Lieferanten. Ich werde allerdings mit hoher Wahrscheinlichkeit nicht mehr bei Amazon sachen bestellen die auf komischer weise den weg zu mir nicht finden da ich es leid bin, mein Geld dem Fenster raus zu schmeissen und mich das auch sehr wütend macht.",mmelekjj,19.22.0,2022-11-28T18:48:28Z,True,itunes_rss_mostHelpful,False,False
4b4c4682813cec166c9db99b4108609914860674dda46ead2075dffa5351fab7,9248513729,348712880,Amazon,de,1,ACHTUNG,"ACHTUNG! - Immer mehr positive Fake Bewertungen zu den Produkten! - Viele Artikel haben Bewertungen, die nicht den genannten Artikel bewerten, sondern ganz andere Artikel! - Amazon unternimmt nichts gegen Plagiate! Ich habe mehrere offensichtliche Fake Artikel von UGG gemeldet und Amazon entfernt diese nicht! - Es wird oft so dargestellt, dass der Versand bei Prime inklusive ist - vergleicht man jedoch den selben Artikel bei anderen Anbietern, ist offensichtlich dass die Versandkosten im Preis mit einberechnet wurden - das bedeutet, man bezahlt unbewusst die Versandkosten und dazu noch die monatliche Gebühr! Das grenzt meiner Meinung nach an Betrug! - die Bewertungen werden immer nur nach „Spitzenrezension“ sortiert. Sortiert man die Bewertungen jedoch nach Datum, sieht man sofort, wie schlecht der Artikel bewertet wurde. - Amazon empfiehlt bzw. markiert häufig Produkte mit „Amazons Choice“. Diese Produkte haben meistens so unterirdische Bewertungen, dass es so aussieht, als würde Amazon es gerne fördern, dass nur noch billige und schlechte China Produkte verkauft werden! - Viele chinesische Händler lagern inzwischen ihre Produkte in deutschen Lagern. Somit steht beim Herkunftsland Deutschland und nicht China - Problem ist, dass man trotzdem die billigste China Ware erhält, die einen extrem langen Transport bis zu uns hinter sich hat und dann für 1,50€ hier verkauft wird. Und da freuen sich die ganzen Tik Tok Schl****n, dass es so billig ist! - Ich war mal ein richtiger „Amazon-Fan“ und habe echt regelmäßig dort bestellt. Heutzutage habe ich natürlich Amazon Prime gekündigt. Ich interessiere mich nicht für den billigen China Markt und ich werde das auch nicht weiter unterstützen!","ACHTUNG! - Immer mehr positive Fake Bewertungen zu den Produkten! - Viele Artikel haben Bewertungen, die nicht den genannten Artikel bewerten, sondern ganz andere Artikel! - Amazon unternimmt nichts gegen Plagiate! Ich habe mehrere offensichtliche Fake Artikel von UGG gemeldet und Amazon entfernt diese nicht! - Es wird oft so dargestellt, dass der Versand bei Prime inklusive ist - vergleicht man jedoch den selben Artikel bei anderen Anbietern, ist offensichtlich dass die Versandkosten im Preis mit einberechnet wurden - das bedeutet, man bezahlt unbewusst die Versandkosten und dazu noch die monatliche Gebühr! Das grenzt meiner Meinung nach an Betrug! - die Bewertungen werden immer nur nach „Spitzenrezension“ sortiert. Sortiert man die Bewertungen jedoch nach Datum, sieht man sofort, wie schlecht der Artikel bewertet wurde. - Amazon empfiehlt bzw. markiert häufig Produkte mit „Amazons Choice“. Diese Produkte haben meistens so unterirdische Bewertungen, dass es so aussieht, als würde Amazon es gerne fördern, dass nur noch billige und schlechte China Produkte verkauft werden! - Viele chinesische Händler lagern inzwischen ihre Produkte in deutschen Lagern. Somit steht beim Herkunftsland Deutschland und nicht China - Problem ist, dass man trotzdem die billigste China Ware erhält, die einen extrem langen Transport bis zu uns hinter sich hat und dann für 1,50€ hier verkauft wird. Und da freuen sich die ganzen Tik Tok Schl****n, dass es so billig ist! - Ich war mal ein richtiger „Amazon-Fan“ und habe echt regelmäßig dort bestellt. Heutzutage habe ich natürlich Amazon Prime gekündigt. Ich interessiere mich nicht für den billigen China Markt und ich werde das auch nicht weiter unterstützen!",BlondePraline,19.21.0,2022-11-02T21:01:44Z,True,itunes_rss_mostHelpful,False,False
28236546d6db3bc086fa4afa8517249cceb5f344637c16176fd6960f06a0f7a4,9227538938,348712880,Amazon,de,3,Es ist immer 1992 in der App,"Die App ist in der Bedienung immer noch ziemlich kompliziert. Man gibt sich Mühe aber irgendwie kommt man von dem 1992er Image nicht weg. Dabei muss die App sehr viel Informationen bündeln und verwalten. Kein einfacher Job, gewiss, aber nach 30 Jahren Erkenntnisse und x Milliarden Investitionen müsste gerade diese App ein Paradebeispiel sein wie man shopping apps am besten gestaltet. Ist sie nicht. Ich benutze andere Shopping Apps und finde meinen Weg schneller und einfacher. Manchmal bestellt man bei Amazon etwas und findet nicht wieder zum Home Schirm. Das geht dann nur umständlich über den zurück Knopf oder Neustart. Auch die Spracheinstellungen geraten öfters durcheinander. Das liegt dann oft daran dass mein iPad zwar auf englisch konfiguriert ist, ich möchte aber Amazon auf deutsch benutzen. Alles etwas ungeschliffen. Aber Amazon liefert, zuverlässig und hat ein sehr großes Angebot. Ich bin zufrieden.","Die App ist in der Bedienung immer noch ziemlich kompliziert. Man gibt sich Mühe aber irgendwie kommt man von dem 1992er Image nicht weg. Dabei muss die App sehr viel Informationen bündeln und verwalten. Kein einfacher Job, gewiss, aber nach 30 Jahren Erkenntnisse und x Milliarden Investitionen müsste gerade diese App ein Paradebeispiel sein wie man shopping apps am besten gestaltet. Ist sie nicht. Ich benutze andere Shopping Apps und finde meinen Weg schneller und einfacher. Manchmal bestellt man bei Amazon etwas und findet nicht wieder zum Home Schirm. Das geht dann nur umständlich über den zurück Knopf oder Neustart. Auch die Spracheinstellungen geraten öfters durcheinander. Das liegt dann oft daran dass mein iPad zwar auf englisch konfiguriert ist, ich möchte aber Amazon auf deutsch benutzen. Alles etwas ungeschliffen. Aber Amazon liefert, zuverlässig und hat ein sehr großes Angebot. Ich bin zufrieden.",Dmindfuse,19.20.0,2022-10-27T15:49:55Z,True,itunes_rss_mostHelpful,False,False
a129c9cd02b2bbc6a46e8982687e5b874e65fa9b80da948f9495f8eb89fb268e,9087565651,348712880,Amazon,de,5,Betrug,Hab was bestellt warte immer noch darauf aber Amazon spielt mit mir hab bezahlt kann nicht Erstattung einfordern und hab meine Bestellung immer noch nicht bekommen und ich warte schon ein Monat länger als es kommen sollte. Amazon meint auch zu mir das Paket ist vielleicht verloren gegangen aber gibt mein Geld nicht mehr wieder. Passt auf beim bestellen nicht mal Amazon kann man mehr vertrauen. Amazon ihr sollt euch einfach schämen eure Kunden zu betrügen!!!,Hab was bestellt warte immer noch darauf aber Amazon spielt mit mir hab bezahlt kann nicht Erstattung einfordern und hab meine Bestellung immer noch nicht bekommen und ich warte schon ein Monat länger als es kommen sollte. Amazon meint auch zu mir das Paket ist vielleicht verloren gegangen aber gibt mein Geld nicht mehr wieder. Passt auf beim bestellen nicht mal Amazon kann man mehr vertrauen. Amazon ihr sollt euch einfach schämen eure Kunden zu betrügen!!!,cracky3333,19.17.0,2022-09-15T15:20:20Z,True,itunes_rss_mostHelpful,False,False
c7d43d0e221fb2c5d4acff535789c93ef2ffbc61271ec30b000ffa7068ab4a33,9060163902,348712880,Amazon,de,4,Grundsätzlich super,"Ich nutze die App schon seit vielen Jahren und hatte an sich kaum etwas zu beanstanden. In letzter Zeit stellte ich jedoch häufig fest, dass man beim browsen immer öfter eine weiße Seite angezeigt bekommt. Ob auf der Produkt Detail Seite oder in den Suchergebnissen. Passiert das, gibt es auch keinen zurück Button, der Suchpfad ist damit vollständig weg. Man kann nicht genau sagen, wann dies eintrifft, es scheint relativ willkürlich zu geschehen. Die Entwickler sollten sich das definitiv mal anschauen, denn es führt dazu das man genervt die App verlässt.","Ich nutze die App schon seit vielen Jahren und hatte an sich kaum etwas zu beanstanden. In letzter Zeit stellte ich jedoch häufig fest, dass man beim browsen immer öfter eine weiße Seite angezeigt bekommt. Ob auf der Produkt Detail Seite oder in den Suchergebnissen. Passiert das, gibt es auch keinen zurück Button, der Suchpfad ist damit vollständig weg. Man kann nicht genau sagen, wann dies eintrifft, es scheint relativ willkürlich zu geschehen. Die Entwickler sollten sich das definitiv mal anschauen, denn es führt dazu das man genervt die App verlässt.",Balimay,19.17.0,2022-09-07T05:54:56Z,True,itunes_rss_mostHelpful,False,False
d5f53648370b6fa53dbbda2a644b7c87f68a1185acb96affede1e3eadd8f756c,9037328999,348712880,Amazon,de,4,Fast gut am iPad-Air4,"Ich nutze die App am iPhone und iPad. Das iPad4 ist mit der Tastatur und Trackpad verbunden und immer wenn ich mit dem Mauszeiger in die unterste Zeile der App komme, dann springt dieser ganz nach links und die 4 Auswahl-/Anklickmöglichkeiten lassen sich nicht erreichen. Ein Wechsel via Maus auf 1. Startseite 2. Konto 3. Einkaufskorb 4. Menü ist nicht möglich, da der Mauszeiger wie gesagt in der untersten Zeile nicht steuerbar ist.
Schade das es keine Möglichkeit gibt, so etwas direkt an den Entwickler zu melden.","Ich nutze die App am iPhone und iPad. Das iPad4 ist mit der Tastatur und Trackpad verbunden und immer wenn ich mit dem Mauszeiger in die unterste Zeile der App komme, dann springt dieser ganz nach links und die 4 Auswahl-/Anklickmöglichkeiten lassen sich nicht erreichen. Ein Wechsel via Maus auf 1. Startseite 2. Konto 3. Einkaufskorb 4. Menü ist nicht möglich, da der Mauszeiger wie gesagt in der untersten Zeile nicht steuerbar ist.
Schade das es keine Möglichkeit gibt, so etwas direkt an den Entwickler zu melden.",JPSFS,19.16.0,2022-08-31T11:10:08Z,True,itunes_rss_mostHelpful,False,False
716872f215fe142fa8530982634d6f4db452857618f99d8c27c050ef45120fea,9003169370,348712880,Amazon,de,3,"In Ordnung, geht aber um einiges besser, viele Bugs","Bei Verwendung meines iPad Pro 12.9“ M1 in Verbindung mit einem Magic Keyboard, kommt man mit dem Cursor des Trackpads nicht in den unteren Menübereich (Home, Bestellungen, Konto etc.). Der Cursor springt einfach über die untere Leiste. Das gleiche Phänomen mit einer Maus und einem iPad Pro 11“. Mit dem Finger per Touch funktioniert es wie gewohnt. Die Deinstallation der App nebst Neustart des iPad und Neuinstallation hilft auch nicht. Da muss ziemlich sicher ein Bug in der App vorliegen.

Ansonsten kommen auch einige andere Bugs hoch, wie sporadische Fehlermeldungen nachdem man Artikel in den Warenkorb gelegt hat, oder Verbindungsabbrüche zum Internet, welche nach einem Tap auf Home teilweise wieder weg sind. Auch wird bei Anzeige eines Artikels oftmals das Seitenverhältnis im Hochformat merkwürdig minimiert bzw. fehlerhaft ausgerichtet. Im Querformat ist es in Ordnung. Sehr oft werden auch minimierte Produktvorschaubilder nach der Maximierung entweder nicht oder nur nach mehrmaligen Schließen und Öffnen korrekt angezeigt. Fazit: Mann kann die App verwenden, die Online-Plattform ist aber erheblich anwenderfreundlicher und nicht so Bug-behaftet.","Bei Verwendung meines iPad Pro 12.9“ M1 in Verbindung mit einem Magic Keyboard, kommt man mit dem Cursor des Trackpads nicht in den unteren Menübereich (Home, Bestellungen, Konto etc.). Der Cursor springt einfach über die untere Leiste. Das gleiche Phänomen mit einer Maus und einem iPad Pro 11“. Mit dem Finger per Touch funktioniert es wie gewohnt. Die Deinstallation der App nebst Neustart des iPad und Neuinstallation hilft auch nicht. Da muss ziemlich sicher ein Bug in der App vorliegen.

Ansonsten kommen auch einige andere Bugs hoch, wie sporadische Fehlermeldungen nachdem man Artikel in den Warenkorb gelegt hat, oder Verbindungsabbrüche zum Internet, welche nach einem Tap auf Home teilweise wieder weg sind. Auch wird bei Anzeige eines Artikels oftmals das Seitenverhältnis im Hochformat merkwürdig minimiert bzw. fehlerhaft ausgerichtet. Im Querformat ist es in Ordnung. Sehr oft werden auch minimierte Produktvorschaubilder nach der Maximierung entweder nicht oder nur nach mehrmaligen Schließen und Öffnen korrekt angezeigt. Fazit: Mann kann die App verwenden, die Online-Plattform ist aber erheblich anwenderfreundlicher und nicht so Bug-behaftet.",M.Axi,19.15.0,2022-08-21T23:33:55Z,True,itunes_rss_mostHelpful,False,False
a1a02683736b961f31c3f4b0b762956bd5750104ad34e05258a50125fc918a53,8977471581,348712880,Amazon,de,5,App wird immer unübersichtlicher,"Seit dem letzten Update ist mein Account scheinbar auf Englisch. Über die Weboberfläche konnte ich das jetzt ändern, aber die App ist noch immer auf Englisch. Ich habe nach langer Suche nun die Einstellung dafür gefunden…. Unter dem Reiter für Einstellungen, wo man das eigentlich vermuten würde, ist da nix zu finden.","Seit dem letzten Update ist mein Account scheinbar auf Englisch. Über die Weboberfläche konnte ich das jetzt ändern, aber die App ist noch immer auf Englisch. Ich habe nach langer Suche nun die Einstellung dafür gefunden…. Unter dem Reiter für Einstellungen, wo man das eigentlich vermuten würde, ist da nix zu finden.",Andi2016,19.15.0,2022-08-14T11:02:31Z,True,itunes_rss_mostHelpful,False,False
9c87cbce5fe6365f21060bd4838b891e9d83c64848d1ca5e535f770884ec8cca,8945305520,348712880,Amazon,de,3,Teilweise Deutsch & Teilweise Englisch,"Seit den letzten Updates ist meine App teils auf Deutsch aber auch manche abschnitte auf Englisch.

Hier sollte nachgebessert werden

Auch meine E-Mails von Amazon sind auf englisch und teils aber auch wieder auf deutsch","Seit den letzten Updates ist meine App teils auf Deutsch aber auch manche abschnitte auf Englisch.

Hier sollte nachgebessert werden

Auch meine E-Mails von Amazon sind auf englisch und teils aber auch wieder auf deutsch",Gagge1994,19.14.0,2022-08-04T20:36:08Z,True,itunes_rss_mostHelpful,False,False
44282d8d11f82073ac41e4bb9afdedca22aa23f76f84db9c0ff6275f719855f4,8880231887,348712880,Amazon,de,5,Nichts zu Beschweren,"Ich Benutzte Amazon jetzt schon seit mehreren Jahren, bisher gab es kaum Probleme: ich hatte ausersehen 2 airpods pro bestellt, wollte einen wieder stornieren, aber das hat nicht funktioniert. Im Endeffekt war es kein großes Problem, weil ich es wieder zurückschicken konnte.","Ich Benutzte Amazon jetzt schon seit mehreren Jahren, bisher gab es kaum Probleme: ich hatte ausersehen 2 airpods pro bestellt, wollte einen wieder stornieren, aber das hat nicht funktioniert. Im Endeffekt war es kein großes Problem, weil ich es wieder zurückschicken konnte.",10236273000,19.13.0,2022-07-16T15:24:41Z,True,itunes_rss_mostHelpful,False,False
636094ae1a5df3f3302094ee4da1d2e1f6219602ad75e757b6081c9a94e1dab8,8856773982,348712880,Amazon,de,5,Wie immer alles ganz schnell 👍,Wie immer alles ganz schnell 👍,Wie immer alles ganz schnell 👍,xxfreejackxx,19.13.0,2022-07-09T14:44:15Z,True,itunes_rss_mostHelpful,False,False
7ccb717b96d5d33ea8c3bbef236ec96a17088be6ce7853f5c8f1702bc9651bb2,8829284977,348712880,Amazon,de,5,Schnell und einfach aber auch hin und wieder etwas unübersichtlich,"Alles sehr einfach für schnelle Einkäufe.
Hin und wieder wird man mit Infos erschlagen und die eigentlichen Infos müssen erst gesucht werden. Auch die WerbeInfos sind manchmal recht viel.
Die Preise sind teilweise unschlagbar.
Auch was Retouren angeht. Das ist alles sehr gut organisiert auch mit Fremdanbieter.","Alles sehr einfach für schnelle Einkäufe. 
Hin und wieder wird man mit Infos erschlagen und die eigentlichen Infos müssen erst gesucht werden. Auch die WerbeInfos sind manchmal recht viel. 
Die Preise sind teilweise unschlagbar. 
Auch was Retouren angeht. Das ist alles sehr gut organisiert auch mit Fremdanbieter.",Linus184,19.13.0,2022-07-01T12:29:59Z,True,itunes_rss_mostHelpful,False,False
221d64b8864d47f335cf1af649ab6f09ab0859fbdc0c29291a7cd2e69c552306,8798982936,348712880,Amazon,de,5,Nicht behebbarer bug,"Hab leider seit einer Weile einen Bug, bei dem die Seite eines Artikels oft komplett weiss wird nach ein paar Sekunden. Muss dann immer zurück und die Seite neu aufrufen. Sehr nervig. Neuinstallation hat nichts gebracht.","Hab leider seit einer Weile einen Bug, bei dem die Seite eines Artikels oft komplett weiss wird nach ein paar Sekunden. Muss dann immer zurück und die Seite neu aufrufen. Sehr nervig. Neuinstallation hat nichts gebracht.",fridori,19.13.0,2022-06-22T12:24:22Z,True,itunes_rss_mostHelpful,False,False
abdedc0609cd48c3ae9b43fdaa5c272dbaa11d50e55043c91bfd82809d89fbae,8757413630,348712880,Amazon,de,5,Lieferdienst,"Insgesamt gut, allerdings ist es nervig, dass die Amazon-Fahrer offenbar nicht lesen können. Fast alle Pakete müssen beim Nachbarn abgeholt werden, obwohl die Namen an der Klingel und am Briefkasten stehen. Oftmals liegen die Pakete vor der Tür und in der Benachrichtigung steht: „Das Paket wurde einem Hausbewohner übergeben“. - Das ist glatt gelogen und bei den Nachbarn ist auf diese Weise auch schon das ein oder andere Paket weg gekommen. Amazon schickt dann zwar ein kostenloses neues Paket, aber unter Nachhaltigkeit verstehe ich etwas anderes. Von daher würde ich diesem Service keinen Stern geben. Mit DHL war das definitiv besser!","Insgesamt gut, allerdings ist es nervig, dass die Amazon-Fahrer offenbar nicht lesen können. Fast alle Pakete müssen beim Nachbarn abgeholt werden, obwohl die Namen an der Klingel und am Briefkasten stehen. Oftmals liegen die Pakete vor der Tür und in der Benachrichtigung steht: „Das Paket wurde einem Hausbewohner übergeben“. - Das ist glatt gelogen und bei den Nachbarn ist auf diese Weise auch schon das ein oder andere Paket weg gekommen. Amazon schickt dann zwar ein kostenloses neues Paket, aber unter Nachhaltigkeit verstehe ich etwas anderes. Von daher würde ich diesem Service keinen Stern geben. Mit DHL war das definitiv besser!",Schleppi65,19.12.2,2022-06-09T17:21:39Z,True,itunes_rss_mostHelpful,False,False
8a6d83b76c8a0d2a74875798af058a6d8435ca23b062488fa7c17c65f42e6c48,8717748479,348712880,Amazon,de,5,Alles gut außer einer Sache .,"Ich kann mich eigendlich nicht beschweren alles gut übersichtlich und die packte kommen schnell nur die eine Sache die mich stört ist der White Mode ich fühle mich wenn ich die App benutze als würde ich meine Taschenlampe 2 mm vor meinem Gesicht halten . Habe mich gefühlt als wäre ich in Csgo geflashbangt.

Lg","Ich kann mich eigendlich nicht beschweren alles gut übersichtlich und die packte kommen schnell nur die eine Sache die mich stört ist der White Mode ich fühle mich wenn ich die App benutze als würde ich meine Taschenlampe 2 mm vor meinem Gesicht halten . Habe mich gefühlt als wäre ich in Csgo geflashbangt.

Lg",Marcelnwk,19.11.0,2022-05-28T20:30:24Z,True,itunes_rss_mostHelpful,False,False
abc0eef7797238d58aa796a795d21273c5af6c462a8a9a76c8b44f1507c6b7a5,8693039421,348712880,Amazon,de,4,Gute App mit noch Luft nach oben,"Ich nutze sehr oft die App um mich zu informieren über Sachen die mich interessieren.
Man findet ziemlich leicht alles was man sucht.
Die Bedienung ist eigentlich sehr einfach könnte aber noch einen feinschliff vertragen aber das ist meckern auf hohem Niveau.
Was mich aber wirklich stört und ich gerne nutzen würde ist eine Anzeige eines Verlauf in der Home Ansicht super währe es wenn man ein Bereich im home Bildschirm nach seinen Bedürfnissen anpassen könnte.","Ich nutze sehr oft die App um mich zu informieren über Sachen die mich interessieren.
Man findet ziemlich leicht alles was man sucht.
Die Bedienung ist eigentlich sehr einfach könnte aber noch einen feinschliff vertragen aber das ist meckern auf hohem Niveau.
Was mich aber wirklich stört und ich gerne nutzen würde ist eine Anzeige eines Verlauf in der Home Ansicht super währe es wenn man ein Bereich im home Bildschirm nach seinen Bedürfnissen anpassen könnte.",Unimatrix1,19.10.0,2022-05-21T11:50:47Z,True,itunes_rss_mostHelpful,False,False
3f65f711635c930fe1d01ddbb044a56270dc567d882bd8cae1cecde4fea66768,8676198577,348712880,Amazon,de,5,Sehr Kundenfreundlich,"Produkte sind leicht zu finden, es gibt fast alles und ich habe verlässliche Rezensionen dir mir helfen ein Produkt auszusuchen. Zudem schnelle Lieferung, wenn nötig werden Rücksendungen schnell bearbeitet inkl Erstattung des Kaufpreises. Zusätzliche Services wie Amazon Prime Video etc sind super.","Produkte sind leicht zu finden, es gibt fast alles und ich habe verlässliche Rezensionen dir mir helfen ein Produkt auszusuchen. Zudem schnelle Lieferung, wenn nötig werden Rücksendungen schnell bearbeitet inkl Erstattung des Kaufpreises. Zusätzliche Services wie Amazon Prime Video etc sind super.",Mel44!2,19.10.0,2022-05-16T08:31:12Z,True,itunes_rss_mostHelpful,False,False
9ee8690d102362fa7895ea6ddb85158891cd49d40f8c2e99c37ef1ffa6ea656a,8674726624,348712880,Amazon,de,5,Lieferung immer schnell und pünktlich,Nichtgefallen,Nichtgefallen,Daewoo1949.,19.10.0,2022-05-15T20:19:32Z,True,itunes_rss_mostHelpful,False,False
0215c3cb4e7bd1227338a76177df10fb4c91fba5eaca5d1ff381d6221d598e79,8665901676,348712880,Amazon,de,5,Lieferung,Amazon ist eine gute und Preiswerte Einkaufsmöglichkeiten man muss nicht lange auf seine Bestellung warten . Wenn man Probleme hat wird auch gleich mit einander Kommuniziert und bleibt nicht alleine mit sein Problem.,Amazon ist eine gute und Preiswerte Einkaufsmöglichkeiten man muss nicht lange auf seine Bestellung warten . Wenn man Probleme hat wird auch gleich mit einander Kommuniziert und bleibt nicht alleine mit sein Problem.,🚗🌧🙆‍♀️,19.10.0,2022-05-13T08:45:41Z,True,itunes_rss_mostHelpful,False,False
8a5b3921b5724c31a1361fb049ba0e7a04cb56ee3e483cadce78da216e9d49fa,8647096364,348712880,Amazon,de,5,Material,Schnell und unkompliziertere,Schnell und unkompliziertere,Scanner ok,19.9.0,2022-05-07T17:06:50Z,True,itunes_rss_mostHelpful,False,False
49a9705988be4d80de6c5f2cd7d3b19d1656c686a182c6a66138657633cc04cb,8645355167,348712880,Amazon,de,5,Lieblingsshop,"Bei Amazon kommt fast immer alles pünktlich und ordentlich. Man findet immer was, selbst wenn man gar nichts wollte 😂
Einen Kritikpunkt habe ich aber. Ich hatte eine Katzenstreumatte bestellt in der Größe von 75 cm. Als diese kam, war ich richtig erschrocken 🙄, da diese in einem Karton in der Größe von 1,80 Meter geliefert wurde, obwohl die Matte bereits in einem passenden Karton verpackt war. Ich finde, dass muss nicht sein zumal es sich ja nicht um einen zerbrechlichen Artikel handelte.
Ansonsten bin ich aber sehr zufrieden und bestelle gerne bei Amazon","Bei Amazon kommt fast immer alles pünktlich und ordentlich. Man findet immer was, selbst wenn man gar nichts wollte 😂
Einen Kritikpunkt habe ich aber. Ich hatte eine Katzenstreumatte bestellt in der Größe von 75 cm. Als diese kam, war ich richtig erschrocken 🙄, da diese in einem Karton in der Größe von 1,80 Meter geliefert wurde, obwohl die Matte bereits in einem passenden Karton verpackt war. Ich finde, dass muss nicht sein zumal es sich ja nicht um einen zerbrechlichen Artikel handelte.
Ansonsten bin ich aber sehr zufrieden und bestelle gerne bei Amazon",Nettimä,19.9.0,2022-05-07T06:18:08Z,True,itunes_rss_mostHelpful,False,False
639af662f62e23fcbc6d8ed61a2b6507c56fc63d6b30bdfceab4282f1c97765f,8637416758,348712880,Amazon,de,5,Verbesserungsvorschlag,"Hallo Amazon, wäre es möglich dass man auch einen Link zu den Suchergebnissen teilen könnte? Meine Eltern und generel ältere Personen wissen nicht wie man das Suchfeld benutzt, besonders nicht auf einer Sprache welche sie nicht verstehen. Klingt komisch ist aber so. Einen Link kann ich nur für ein spezifisches Produkt schicken aber nicht für die Suchergebnissen. Für meine Eltern ist ein Link am einfachsten, den können sie clicken und dann die Ergebnisse durchsuchen.","Hallo Amazon, wäre es möglich dass man auch einen Link zu den Suchergebnissen teilen könnte? Meine Eltern und generel ältere Personen wissen nicht wie man das Suchfeld benutzt, besonders nicht auf einer Sprache welche sie nicht verstehen. Klingt komisch ist aber so. Einen Link kann ich nur für ein spezifisches Produkt schicken aber nicht für die Suchergebnissen. Für meine Eltern ist ein Link am einfachsten, den können sie clicken und dann die Ergebnisse durchsuchen.",TheiPhoneObserver,19.9.0,2022-05-04T20:22:49Z,True,itunes_rss_mostHelpful,False,False
fbc85531d14eae98dc1851933a12c21b4f2084f0c3d9a052e2147f5cbe2d1e8a,8633543213,348712880,Amazon,de,5,Falsche Sprache,"Seit dem letzten Update habe ich das Problem, dass die App auf Deutsch eingestellt ist, die Mails zur Bestätigung aber grundsätzlich in englischer Sprache ankommen.
Ich sehe keine Möglichkeit das zu ändern.
Alles andere funktioniert recht gut und ich komme mit der App gut zurecht.","Seit dem letzten Update habe ich das Problem, dass die App auf Deutsch eingestellt ist, die Mails zur Bestätigung aber grundsätzlich in englischer Sprache ankommen. 
Ich sehe keine Möglichkeit das zu ändern. 
Alles andere funktioniert recht gut und ich komme mit der App gut zurecht.",Flinti-63,19.9.0,2022-05-03T17:37:40Z,True,itunes_rss_mostHelpful,False,False
c866bb93038bee522536963bebda2ded9960f9b0fc763aa5f074a0d4e0bd5101,8632739315,348712880,Amazon,de,4,Sprache,Nach der letzten Aktualisierung ist alles auf Englisch… wie kann ich das wieder ändern?,Nach der letzten Aktualisierung ist alles auf Englisch… wie kann ich das wieder ändern?,Kyra 700,19.9.0,2022-05-03T12:54:24Z,True,itunes_rss_mostHelpful,False,False
a6ec1ee99a1f97e2b1db5a8df3adb9387a135eef95dbf8a04a90ba87618ce9bd,8607302978,348712880,Amazon,de,5,Ganz ok,"Leider nicht frei von Fehlern.
Plötzlich ist der Text weg, wenn man ihn vergrößert hat. Dann fehlt auch plötzlich der heraus gesuchte Artikel! Leider bis jetzt nicht korrigiert!","Leider nicht frei von Fehlern. 
Plötzlich ist der Text weg, wenn man ihn vergrößert hat. Dann fehlt auch plötzlich der heraus gesuchte Artikel! Leider bis jetzt nicht korrigiert!",MicUlm,19.9.0,2022-04-26T07:25:40Z,True,itunes_rss_mostHelpful,False,False
44964e431b433c759e64960f19610e8c6865ccee6fda90b1dbbb4b0b6c772988,8601316334,348712880,Amazon,de,2,Die Suche wird immer schlechter…,"Seit langem bin ich Amazon Kunde und habe vieles, was im Einzelhandel nicht oder nur sehr mühsam zu erwerben war, bei Amazon ohne großen Zeitaufwand gekauft. Der erforderliche Zeitaufwand hat sich nun deutlich erhöht. Trotz präziser Eingabe der Produktdetails wird eine riesige Menge irrelevanter Produkte - meist von Verkäufern aus China - angezeigt. Nun ist es fast wieder schneller, kurz in die Stadt zu fahren… Aber im Ernst: wenn ich mit derselben Produktbeschreibung bei einem Preisvergleichsportal mit „I“ sofort das richtige Produkt (noch dazu häufig zu einem günstigeren Preis) angezeigt bekomme, warum soll ich mich dann noch mühsam bei Amazon durch die Produkte quälen? Und möchte man doch einmal von der Preisvergleichsseite das dort gelistete Produkt eines Amazon-Marketplace-Lieferanten ansteuern, landet man auf der Amazon-Home-Seite, ohne dass das Produkt irgendwo sichtbar wird.
Fazit: war mal gut, ist aber mittlerweile so schlecht, dass ich sehr häufig bei genauer Produktvorstellung lieber gleich woanders shoppen gehe.","Seit langem bin ich Amazon Kunde und habe vieles, was im Einzelhandel nicht oder nur sehr mühsam zu erwerben war, bei Amazon ohne großen Zeitaufwand gekauft. Der erforderliche Zeitaufwand hat sich nun deutlich erhöht. Trotz präziser Eingabe der Produktdetails wird eine riesige Menge irrelevanter Produkte - meist von Verkäufern aus China - angezeigt. Nun ist es fast wieder schneller, kurz in die Stadt zu fahren… Aber im Ernst: wenn ich mit derselben Produktbeschreibung bei einem Preisvergleichsportal mit „I“ sofort das richtige Produkt (noch dazu häufig zu einem günstigeren Preis) angezeigt bekomme, warum soll ich mich dann noch mühsam bei Amazon durch die Produkte quälen? Und möchte man doch einmal von der Preisvergleichsseite das dort gelistete Produkt eines Amazon-Marketplace-Lieferanten ansteuern, landet man auf der Amazon-Home-Seite, ohne dass das Produkt irgendwo sichtbar wird. 
Fazit: war mal gut, ist aber mittlerweile so schlecht, dass ich sehr häufig bei genauer Produktvorstellung lieber gleich woanders shoppen gehe.",Eduard Mörike,19.8.0,2022-04-24T13:11:49Z,True,itunes_rss_mostHelpful,False,False
09a4dcac40a8998a83aca90ce39cde0da790a45b2724c29b92f0771245df502d,8562616177,348712880,Amazon,de,4,Wieso ist jetzt alles auf englisch,Bis jz war alles auf deutsch,Bis jz war alles auf deutsch,jajdkdjsbsbs,19.8.0,2022-04-13T12:22:31Z,True,itunes_rss_mostHelpful,False,False
4672f79f58870303f1b1ed8b672134ca8799cf237a45a583f294655779cfb1ba,8541186263,348712880,Amazon,de,2,Unübersichtliche App,"Ich bin schon länger bei Amazon Kunde und habe tatsächlich einiges zu bemängeln. Z.Bsp.: Verlasst euch bitte nicht auf das Label ""Amazons choice für ... ""! Es wird nur von einem Programm erstellt, welches die meist verkauften und am besten bewertesten Produkte empfiehlt. Und nicht von Mitarbeitern, die wirklich überprüfen, ob es sich um ein gutes Produkt handelt. Und wie wir alle wissen, sind viele Bewertungen Fake oder sogar gekauft. Im Prinzip unterstützt Amazon noch dieses Vorgehen mit ihrer persönlichen Empfehlung.
Aber jetzt zur App: Das Kaufen wird einem selbstverständlich sehr erleichtert. Die Suchfunktion filtert nicht ausreichend. Und die App ist dermaßen unübersichtlich. Wenn man Funktionen sucht wie: Verkäufer kontaktieren, Monatsrechnung und anderes, muss man sich erstmal 30 Minuten Zeit nehmen, um sich durchzusuchen... Es nervt einfach. Es kann doch nicht so schwer sein das alles benutzerfreundlicher zu gestalten.","Ich bin schon länger bei Amazon Kunde und habe tatsächlich einiges zu bemängeln. Z.Bsp.: Verlasst euch bitte nicht auf das Label ""Amazons choice für ... ""! Es wird nur von einem Programm erstellt, welches die meist verkauften und am besten bewertesten Produkte empfiehlt. Und nicht von Mitarbeitern, die wirklich überprüfen, ob es sich um ein gutes Produkt handelt. Und wie wir alle wissen, sind viele Bewertungen Fake oder sogar gekauft. Im Prinzip unterstützt Amazon noch dieses Vorgehen mit ihrer persönlichen Empfehlung. 
Aber jetzt zur App: Das Kaufen wird einem selbstverständlich sehr erleichtert. Die Suchfunktion filtert nicht ausreichend. Und die App ist dermaßen unübersichtlich. Wenn man Funktionen sucht wie: Verkäufer kontaktieren, Monatsrechnung und anderes, muss man sich erstmal 30 Minuten Zeit nehmen, um sich durchzusuchen... Es nervt einfach. Es kann doch nicht so schwer sein das alles benutzerfreundlicher zu gestalten.",Bîjou,19.7.0,2022-04-07T11:31:18Z,True,itunes_rss_mostHelpful,False,False
99a2f912aad9e65da08cc74b3ece78509a47cc205a82ebc63e0d78637b925615,8520046914,348712880,Amazon,de,5,Einwandfrei,"Aus Kundensicht optimal. Zuverlässig, erstklassiges Preis- Leistungsverhältnis, bester Service und bei eventuellen Problemen sofortige kundenfreundliche Lösung. Allerdings muss man bei Bestellungen in so fern aufpassen, weil nicht immer sofort ersichtlich ist, dass manches Produkt aus China kommt. Hier kann eine Rücksendung teuer und so aufwändig werden, dass sie sinnlos ist.","Aus Kundensicht optimal. Zuverlässig, erstklassiges Preis- Leistungsverhältnis, bester Service und bei eventuellen Problemen sofortige kundenfreundliche Lösung. Allerdings muss man bei Bestellungen in so fern aufpassen, weil nicht immer sofort ersichtlich ist, dass manches Produkt aus China kommt. Hier kann eine Rücksendung teuer und so aufwändig werden, dass sie sinnlos ist.",GoCoach,19.7.0,2022-04-01T16:07:14Z,True,itunes_rss_mostHelpful,False,False
03d375d376979c8ebc37cf917ccbf8dd8a0d3e04e2c1a2480639a88d3f9ae57e,8500956510,348712880,Amazon,de,5,Zuverlässig und schnell,"Die App Suchmaschine ist genauso treffsicher und schnell wie in der Browser Version. Zahlungsmittel sind zuverlässig hinterlegt.
Die Darstellung von Produktbildern ist sehr gut gelöst und man benötigt für die Details den Browser nicht mehr.","Die App Suchmaschine ist genauso treffsicher und schnell wie in der Browser Version. Zahlungsmittel sind zuverlässig hinterlegt.
Die Darstellung von Produktbildern ist sehr gut gelöst und man benötigt für die Details den Browser nicht mehr.",Matthias_5681,19.6.0,2022-03-27T10:44:26Z,True,itunes_rss_mostHelpful,False,False
aa5a59107bd094b6fdf5c2a873472f099d45709f3de72884023c8efcec1244cc,8472726327,348712880,Amazon,de,5,Super Onlineshop,"Bei Amazon bekommt man so gut wie alles. Bin schon seid mehreren Jahren bei Amazon Kunde bislang immer alles geklappt Lieferungen kamen immer sehr schnell bei mir an, auch bei den Rückgliederungen hat immer alles geklappt schnell und einfach. Die Preise sind auch sehr gut. Macht weiter so.","Bei Amazon bekommt man so gut wie alles. Bin schon seid mehreren Jahren bei Amazon Kunde bislang immer alles geklappt Lieferungen kamen immer sehr schnell bei mir an, auch bei den Rückgliederungen hat immer alles geklappt schnell und einfach. Die Preise sind auch sehr gut. Macht weiter so.",Icke BI,19.5.0,2022-03-19T14:32:17Z,True,itunes_rss_mostHelpful,False,False
c9c5a11b25db62a907a6f33c52ce42984891d5ebef850a219377e7c63b190b91,8462405196,348712880,Amazon,de,5,Perfekt,"Amazon ist das beste was ich kenne. Alles was ich brauche bekomme ich dort. Und das sogar noch für einen sehr guten Preis. Wenn es dann doch mal Probleme gibt, kümmert sich Amazon bestens darum alle Probleme schnellstmöglich zu lösen. Macht weiter so! Mit freundlichen Grüßen","Amazon ist das beste was ich kenne. Alles was ich brauche bekomme ich dort. Und das sogar noch für einen sehr guten Preis. Wenn es dann doch mal Probleme gibt, kümmert sich Amazon bestens darum alle Probleme schnellstmöglich zu lösen. Macht weiter so! Mit freundlichen Grüßen",dhirdkirrhpir zu,19.5.0,2022-03-16T17:44:10Z,True,itunes_rss_mostHelpful,False,False
566bd4f8771b4231cbf0e801c40118e8b087ac80804e9d924cfd4306d41eee52,8459595080,348712880,Amazon,de,5,Sehr zufrieden,Kaufe seit sehr lange Zeit und hatte nie Probleme. Beim Unklarheiten habe immer angerufen und schnell geklärt. Topp Preise. 5 Sterne in Gold.,Kaufe seit sehr lange Zeit und hatte nie Probleme. Beim Unklarheiten habe immer angerufen und schnell geklärt. Topp Preise. 5 Sterne in Gold.,Event Royal,19.5.0,2022-03-15T22:40:16Z,True,itunes_rss_mostHelpful,False,False
e6d5461378483dd918a7860c003207894a09fde3b53b3375830258da5596e9c3,8454951448,348712880,Amazon,de,5,Wo bitte stellt man die App auf deutsch?,"Immer und immer wieder wird mir die App neuerdings in englischer Sprache gezeigt, obwohl ich nichts wissentlich verändert habe.
Die Sprache ist auf deutsch gesetzt, man sieht die deutsche Flagge, trotzdem ist das Menü in englisch.","Immer und immer wieder wird mir die App neuerdings in englischer Sprache gezeigt, obwohl ich nichts wissentlich verändert habe.
Die Sprache ist auf deutsch gesetzt, man sieht die deutsche Flagge, trotzdem ist das Menü in englisch.",traurigeinfachnurtraurig,19.5.0,2022-03-14T14:38:38Z,True,itunes_rss_mostHelpful,False,False
3b454cb63b48c5e1ce47d4af6bedd388c885055459029116b31391832e2db8a4,8372402073,348712880,Amazon,de,5,"Einfache Einkaufsplattform, leider keine Kontrolle über die Shops.","Da sieht Frau was „günstiges“ bestellt und soll dann doppelt soviel Geld wie der Artikelwert für den Versand zahlen. Das ist so undurchsichtig, dass Frau das im Bestellprozess nicht bemerken kann. Zeit vergeudet hoch drei! Da ist Amazon schlechter als WISH, da sieht man wenigstens die überhöhten Versandpreise sofort und kann sich den wahren Preis errechnen, um dann besser entscheiden zu können.","Da sieht Frau was „günstiges“ bestellt und soll dann doppelt soviel Geld wie der Artikelwert für den Versand zahlen. Das ist so undurchsichtig, dass Frau das im Bestellprozess nicht bemerken kann. Zeit vergeudet hoch drei! Da ist Amazon schlechter als WISH, da sieht man wenigstens die überhöhten Versandpreise sofort und kann sich den wahren Preis errechnen, um dann besser entscheiden zu können.",Simone.Georg,19.4.2,2022-02-19T09:18:08Z,True,itunes_rss_mostHelpful,False,False
fef230c18d4adedc0712e41db7fe19ce6563617b2e5e3c7addc42777ce449f95,8327042303,348712880,Amazon,de,5,Toller Shop für alle Wünsche,"Amazon ist in meinem Leben ein fester Bestandteil geworden. Immer wieder geht kein Weg an diesem Shop vorbei. Die Lieferung ist stets zuverlässig und schnell. In der Regel sind die Preise günstiger als in anderen Geschäften. Des Weiteren zeigt sich Amazon immer wieder kulant und ersetzt oftmals die Produkte bei Defekt oder erstattet das Geld zurück.
I Love Amazon ❤️","Amazon ist in meinem Leben ein fester Bestandteil geworden. Immer wieder geht kein Weg an diesem Shop vorbei. Die Lieferung ist stets zuverlässig und schnell. In der Regel sind die Preise günstiger als in anderen Geschäften. Des Weiteren zeigt sich Amazon immer wieder kulant und ersetzt oftmals die Produkte bei Defekt oder erstattet das Geld zurück. 
I Love Amazon ❤️",Struppi110,19.3.0,2022-02-06T21:52:31Z,True,itunes_rss_mostHelpful,False,False
7a9db42c01c7d3934c166e994abfd801f295be1b92b1efb86f97d3feb7ca82f8,8236188293,348712880,Amazon,de,5,Ich liebe Amazon,"In Verbindung mit Prime ist Amazon (auch vor Corona) einfach perfekt. Der Kundenservice ist kompetent und freundlich, die Preise sind (nicht immer - man muss halt vergleichen) meistens unschlagbar. Das Angebot sehr umfassend. Der einzige negativpunkt ist, dass man nicht auswählen kann, mit welchem Versanddienstleister versendet wird. Von gefühlten 500 Bestellungen gab es bisher 8 mal Probleme und einen hohen Aufwand meinerseits um meine Lieferung abzuholen…... Da kann ich auch gleich ins Geschäft gahren!
Jede dieser 8 Bestellungen wurde mit DPD „zugestellt“….. Ich warte lieber einen Tag (oder sogar eine Woche) länger, als diesen Aufwand zu betreiben… Darum bestelle ich ja im Internet!

Amazon ist spitze. Versanddienstleister pünktlich und zuverlässig (- außer DPD!!!).","In Verbindung mit Prime ist Amazon (auch vor Corona) einfach perfekt. Der Kundenservice ist kompetent und freundlich, die Preise sind (nicht immer - man muss halt vergleichen) meistens unschlagbar. Das Angebot sehr umfassend. Der einzige negativpunkt ist, dass man nicht auswählen kann, mit welchem Versanddienstleister versendet wird. Von gefühlten 500 Bestellungen gab es bisher 8 mal Probleme und einen hohen Aufwand meinerseits um meine Lieferung abzuholen…... Da kann ich auch gleich ins Geschäft gahren!
Jede dieser 8 Bestellungen wurde mit DPD „zugestellt“….. Ich warte lieber einen Tag (oder sogar eine Woche) länger, als diesen Aufwand zu betreiben… Darum bestelle ich ja im Internet!

Amazon ist spitze. Versanddienstleister pünktlich und zuverlässig (- außer DPD!!!).",Rayman234567890,19.1.0,2022-01-13T14:59:00Z,True,itunes_rss_mostHelpful,False,False
aa419b9598acea02dcbeaa1b2a360a76741533395aaebcaa051f21a1751625d2,8235884555,348712880,Amazon,de,5,Geht nicht mehr ohne,"Wenn man wie wir im Bayerischen Wald wohnt und 20 km bis zum nächsten entwickelten Supermarkt fahren muss, kann man sich ein Leben ohne Amazon nicht mehr vorstellen. Unendlich viele Dinge die ich sonst gar nicht bekommen würde werden schnell geliefert. Danke!","Wenn man wie wir im Bayerischen Wald wohnt und 20 km bis zum nächsten entwickelten Supermarkt fahren muss, kann man sich ein Leben ohne Amazon nicht mehr vorstellen. Unendlich viele Dinge die ich sonst gar nicht bekommen würde werden schnell geliefert. Danke!",kissyro,19.1.0,2022-01-13T13:20:53Z,True,itunes_rss_mostHelpful,False,False
0e5a9fe1f6f74b148a84455585be3859f86975b9f3279f5882481a35d5ea7af3,8118553863,348712880,Amazon,de,5,Funktional,"App ist funktional aufgebaut, gute Navigation durch die Bestellung. Übersicht über alte Bestellungen. Ersetzt die Website sehr gut.","App ist funktional aufgebaut, gute Navigation durch die Bestellung. Übersicht über alte Bestellungen. Ersetzt die Website sehr gut.",Nils R. Nilsen,17.22.2,2021-12-11T12:18:46Z,True,itunes_rss_mostHelpful,False,False
1540b99b09c1449c98808bff08ec8fa14d6ff7a2bb88b56608e5703c811c338a,8117930405,348712880,Amazon,de,4,"Man kommt um Amazon nicht herum, aber es hat auch Schattenseiten","Gut, ich gebe es ja zu, auch ich kaufe bei Amazon, denn man kommt einfach nicht drumherum.
Ich bekomme einfach alles und zu jeder Zeit und dann noch schnell geliefert. Das ist der große Vorteil von Amazon. Also alles gut? Nun ja, es gibt leider auch Schattenseiten!
Zum Beispiel ist eine Kündigung des Amazon Kontos oder Prime gar nicht so einfach möglich, besonders wenn jemand gestorben ist. Auch die Erreichbarkeit, einfach mal eine Mail zu schicken oder jemand anzurufen, ist hier fast unmöglich. Bis man sich da durch gekämpft hat, ist man schon schier verzweifelt. Das nenne ich nicht unbedingt kundenfreundlich! Auch wenn man mehrere Artikel bestellt und dies in einer Lieferung gewünscht ist, bekommt man trotzdem die Artikel in vielen, einzelnen Lieferungen mit sehr viel Verpackungsmaterial. Kein Wunder dass Verpackungen, Papier, Wellpappe am Markt draußen fast nicht mehr zu bekommen sind. Der online Markt boomt und es ist eine Verpackungsverschwendung ohne gleichen. Schade, wenn man schon die Auswahl hat, ob in einer oder mehreren Lieferungen, sollte Amazon es auch beherzigen, in einer Lieferung zu schicken. Denn nicht immer brauche ich die Ware von heute auf morgen und sofort.
Also ich bin zufrieden, keine Frage, aber es gibt Verbesserungspotenzial. Amazon sollte Kundenfreundlicher werden und in Deutschland auch leicht und direkt per Telefon oder Mail erreichbar sein…","Gut, ich gebe es ja zu, auch ich kaufe bei Amazon, denn man kommt einfach nicht drumherum.
Ich bekomme einfach alles und zu jeder Zeit und dann noch schnell geliefert. Das ist der große Vorteil von Amazon. Also alles gut? Nun ja, es gibt leider auch Schattenseiten!
Zum Beispiel ist eine Kündigung des Amazon Kontos oder Prime gar nicht so einfach möglich, besonders wenn jemand gestorben ist. Auch die Erreichbarkeit, einfach mal eine Mail zu schicken oder jemand anzurufen, ist hier fast unmöglich. Bis man sich da durch gekämpft hat, ist man schon schier verzweifelt. Das nenne ich nicht unbedingt kundenfreundlich! Auch wenn man mehrere Artikel bestellt und dies in einer Lieferung gewünscht ist, bekommt man trotzdem die Artikel in vielen, einzelnen Lieferungen mit sehr viel Verpackungsmaterial. Kein Wunder dass Verpackungen, Papier, Wellpappe am Markt draußen fast nicht mehr zu bekommen sind. Der online Markt boomt und es ist eine Verpackungsverschwendung ohne gleichen. Schade, wenn man schon die Auswahl hat, ob in einer oder mehreren Lieferungen, sollte Amazon es auch beherzigen, in einer Lieferung zu schicken. Denn nicht immer brauche ich die Ware von heute auf morgen und sofort.
Also ich bin zufrieden, keine Frage, aber es gibt Verbesserungspotenzial. Amazon sollte Kundenfreundlicher werden und in Deutschland auch leicht und direkt per Telefon oder Mail erreichbar sein…",TwigaTiger,,2021-12-11T09:33:55Z,True,web_ssr_helpful,False,False
9e5e3413a293ba43855ba9c700fa89f433c22c7e99e631b36dccb98b776c7be2,8111049553,348712880,Amazon,de,5,Unschlagbar schnell.,Sehr Empfehlenswert,Sehr Empfehlenswert,Baki-27,17.22.2,2021-12-09T09:46:03Z,True,itunes_rss_mostHelpful,False,False
ec818f6584bd2a83a405e1224e4ac1056e0a0acaa458c9f69284249c014e33b1,8088202569,348712880,Amazon,de,3,Verbesserungsvorschläge,"Im großen und ganzen ist die App gut aber mir fehlt seit Anfang an etwas beim Filtern von den Produkten. Wieso kann man nur die von Amazon gestellten von, bis Preise (0-20, 20-50…) auswählen? Es nervt man man einen anderen Preis filtern will und es einfach nicht geht, einfach einen individuellen, wo man es selber eingeben kann.
——
Leider fehlt mir auch die Filteroption „Versand“, z.B. nach dem Produkt was man sucht, einstellen „Lieferung bis Morgen“ oder Lieferung in 2 Tagen.

Leider ist es auch so das wenn ich nach einem Artikel suche und z.B. auf Seite 3 bin und auf ein Produkt klicke und dann wieder zurück gehe lande ich entweder wieder auf Seite 1 oder ich lande wieder ganz oben auf Seite 3 und muss wieder runterscrollen.","Im großen und ganzen ist die App gut aber mir fehlt seit Anfang an etwas beim Filtern von den Produkten. Wieso kann man nur die von Amazon gestellten von, bis Preise (0-20, 20-50…) auswählen? Es nervt man man einen anderen Preis filtern will und es einfach nicht geht, einfach einen individuellen, wo man es selber eingeben kann. 
——
Leider fehlt mir auch die Filteroption „Versand“, z.B. nach dem Produkt was man sucht, einstellen „Lieferung bis Morgen“ oder Lieferung in 2 Tagen.

Leider ist es auch so das wenn ich nach einem Artikel suche und z.B. auf Seite 3 bin und auf ein Produkt klicke und dann wieder zurück gehe lande ich entweder wieder auf Seite 1 oder ich lande wieder ganz oben auf Seite 3 und muss wieder runterscrollen.",el1as.cc,17.22.2,2021-12-02T20:58:23Z,True,itunes_rss_mostHelpful,False,False
0ef21f59c4c28de5bc2e0e73cf0960195315afb6d41876306cd8cdf4293dc4f6,8034438463,348712880,Amazon,de,5,Super Kundenfreundlichkeit,"Ich bin seit mindestens 10 Jahren Amazon Kunde.
Seitdem Amazon nicht über DHL und Co. ausliefert, sondern die Logistik selbst in der Hand hat, kommen die Lieferungen pünktlich wie versprochen an. Meist sogar von einem Tag zum anderen. Die Marktplace Verkäufer brauchen fast immer länger.
Telefonische Erreichbarkeit und Kundenfreundlichkeit bei Amazon sind unübertroffen. Habe woanders nichts besseres erlebt. Fehlerhafte Produkte werden umgehend zurückgenommen.
Rücküberweisungen werden schnell getätigt.
Als Verkaufsplattform uneingeschränkt zu empfehlen. Kaufen macht dort Spaß.","Ich bin seit mindestens 10 Jahren Amazon Kunde.
Seitdem Amazon nicht über DHL und Co. ausliefert, sondern die Logistik selbst in der Hand hat, kommen die Lieferungen pünktlich wie versprochen an. Meist sogar von einem Tag zum anderen. Die Marktplace Verkäufer brauchen fast immer länger.
Telefonische Erreichbarkeit und Kundenfreundlichkeit bei Amazon sind unübertroffen. Habe woanders nichts besseres erlebt. Fehlerhafte Produkte werden umgehend zurückgenommen.
Rücküberweisungen werden schnell getätigt.
Als Verkaufsplattform uneingeschränkt zu empfehlen. Kaufen macht dort Spaß.",cqpthl,17.22.2,2021-11-17T18:17:00Z,True,itunes_rss_mostHelpful,False,False
d314c4f5c94d21a5cdbee2fa9907fcca2d37f9c534b0e0ea18e627faf47133c1,7998778859,348712880,Amazon,de,5,Schnell  unkompliziert verlässlich,Alles perfekt,Alles perfekt,einerderersten,17.21.0,2021-11-07T13:00:43Z,True,itunes_rss_mostHelpful,False,False
934376c9466db504f4630c1ddf7ed5c6b2bd200f99639516cddc203a4b314bd6,7963751034,348712880,Amazon,de,5,Amazon ist die Zukunft,"Gut ab vor so einer gut strukturierten App.
Respondieves Webdesigner ist fast perfekt gelungen, jedoch leider zieht es kleine Abstriche bei der usability, da man leider nicht so leicht zu den Bestseller des gesuchten Produkt gelangt. Schade, da die vielen Kundenbewerungen gerade Die stärke von Amazon ist.
Jedoch abgerundet sind es immer noch 5 Sterne.
Top kann ich nur weiterempfehlen.","Gut ab vor so einer gut strukturierten App.
Respondieves Webdesigner ist fast perfekt gelungen, jedoch leider zieht es kleine Abstriche bei der usability, da man leider nicht so leicht zu den Bestseller des gesuchten Produkt gelangt. Schade, da die vielen Kundenbewerungen gerade Die stärke von Amazon ist.
Jedoch abgerundet sind es immer noch 5 Sterne.
Top kann ich nur weiterempfehlen.",bbbuuukk,17.20.0,2021-10-28T20:00:02Z,True,itunes_rss_mostHelpful,False,False
9096abc536690b0e86c56f9505f1384c87e9f49e2936692108f7f3577e0d4ec3,7960021949,348712880,Amazon,de,5,Funktioniert gut,Läuft einwandfrei und ist einfach aufgebaut und somit funktional,Läuft einwandfrei und ist einfach aufgebaut und somit funktional,Tina 1608,17.20.0,2021-10-27T17:50:14Z,True,itunes_rss_mostHelpful,False,False
6f7c844815f6c0a21bf4b0237e5890aace115c30428700dcfd2f72fc73fcbf7b,7940657148,348712880,Amazon,de,5,Spracheinstellungen ändern auf deutsch nicht möglich,"Die App läßt sich leider nicht mehr auf deutsch umstellen, wird mir nur noch in englisch angezeigt. Ich bekomme dann freundliche Emails, dass ich mein Amazon auf englische Sprache umgestellt habe- habe ich aber nicht!
Den Amazon-Support kann man auch nicht vernünftig erreichen:(","Die App läßt sich leider nicht mehr auf deutsch umstellen, wird mir nur noch in englisch angezeigt. Ich bekomme dann freundliche Emails, dass ich mein Amazon auf englische Sprache umgestellt habe- habe ich aber nicht!
Den Amazon-Support kann man auch nicht vernünftig erreichen:(",Detta999,17.20.0,2021-10-22T07:08:32Z,True,itunes_rss_mostHelpful,False,False
a7b2bf4779b4b03e4f094eef4b6d91e72f89c65b0e2f81347b6f92a5b8537e81,7928934779,348712880,Amazon,de,5,Funktioniert seit zwei Tagen überhaupt nicht mehr,Leider nicht zu gebrauchen funktioniert seit zwei Tagen nicht mehr Produkte werden nicht geladen beim Öffnen zumindest beim iPhone zwölf aber dann macht auch die Amazon Webseite Probleme du hast das gleiche Problem man keine kann keine Produkte öffnen und in den Warenkorb legen,Leider nicht zu gebrauchen funktioniert seit zwei Tagen nicht mehr Produkte werden nicht geladen beim Öffnen zumindest beim iPhone zwölf aber dann macht auch die Amazon Webseite Probleme du hast das gleiche Problem man keine kann keine Produkte öffnen und in den Warenkorb legen,metallica179,17.20.0,2021-10-18T19:29:04Z,True,itunes_rss_mostHelpful,False,False
4dd1cf9e156f3bb1f90a0bb5341377c514608e8cc2d6bb58d99b2d6883ee2837,7928718542,348712880,Amazon,de,4,VoiceOver funktioniert nicht mehr!,"Liebes Amazon Team! Ich bin blind, und verwende eine Sprachausgabe, VoiceOver, und war bisher vollkommen zufrieden…
Es ist großartig, wie auch ich mit einer Behinderung, mit eurer App zuverlässig einkaufen kann, konnte! Seit dem letzten Update funktioniert meine Sprache leider nicht mehr und ich kann wieder aussuchen noch kaufen schade da es vermutlich, lange dauern wird, bis dieser Fehler, behoben wird, muss ich leider auch alle meine Abos jetzt stornieren lassen, ich brauche dazu jetzt Hilfe, weil alleine kann ich das jetzt nicht mehr
Ich hoffe, dass sich das bald wieder ändert! Schließlich müssen auch wir Menschen mit einer Behinderung einkaufen… Und wir möchten das selbstständig tun","Liebes Amazon Team! Ich bin blind, und verwende eine Sprachausgabe, VoiceOver, und war bisher vollkommen zufrieden…
Es ist großartig, wie auch ich mit einer Behinderung, mit eurer App zuverlässig einkaufen kann, konnte! Seit dem letzten Update funktioniert meine Sprache leider nicht mehr und ich kann wieder aussuchen noch kaufen schade da es vermutlich, lange dauern wird, bis dieser Fehler, behoben wird, muss ich leider auch alle meine Abos jetzt stornieren lassen, ich brauche dazu jetzt Hilfe, weil alleine kann ich das jetzt nicht mehr
Ich hoffe, dass sich das bald wieder ändert! Schließlich müssen auch wir Menschen mit einer Behinderung einkaufen… Und wir möchten das selbstständig tun",Einfach Karo,17.19.0,2021-10-18T17:55:37Z,True,itunes_rss_mostHelpful,False,False
a86896b65d90bbff580e7926b3ea47c2f063356ad83a46870f072c751afdd92c,7924063935,348712880,Amazon,de,4,Alt war besser,Die alte etwa besser. Die neue ist nicht so übersichtlich und schwierig.,Die alte etwa besser. Die neue ist nicht so übersichtlich und schwierig.,Drogand,17.19.0,2021-10-17T10:14:59Z,True,itunes_rss_mostHelpful,False,False
ba0ca8128d2b57142a223b6989ee2ab963d7fdee2a92ca37a93c733197755b8e,7907587617,348712880,Amazon,de,5,Stets zufrieden,"Auch wenn permanent über Amazon negativ berichtet wird, bin ich seit vielen Jahren ein treuer Kunde. Ich bekomme alles, was ich suche und was im Einzelhandel nicht zu finden ist.
Beratung über gesuchte Produkte ziehe ich vorher im Netz und entscheide mich zum Kauf, wenn der Preis stimmt. Ich sehe keinen Grund meine Mitgliedschaft zu beenden.","Auch wenn permanent über Amazon negativ berichtet wird, bin ich seit vielen Jahren ein treuer Kunde. Ich bekomme alles, was ich suche und was im Einzelhandel nicht zu finden ist. 
Beratung über gesuchte Produkte ziehe ich vorher im Netz und entscheide mich zum Kauf, wenn der Preis stimmt. Ich sehe keinen Grund meine Mitgliedschaft zu beenden.",Benjamin der Profi,17.19.0,2021-10-12T19:33:00Z,True,itunes_rss_mostHelpful,False,False
2cd4226f158343268d222e0d9dd5f335aff32a2e8fec13f4bf0049fae0228086,7880000663,348712880,Amazon,de,3,Lieferdienste sind kathastrophal,"Bis jetzt habe ich immer wieder kleine Probleme gehabt mit den Lieferdiensten (Es wurde einfach nicht geklingelt, Pakete wurden ungünstig abgelegt, usw.) Doch heute kam die absolute Frechheit in Person. Erstens stand er an einem Tag vor meiner Tür, an dem das Paket hätte noch gar nicht kommen soll, so lag ich noch im Bett, da er noch morgens um 9 Uhr kam. Dann klingelte er mich aus dem Bett. Nicht einmal, sondern bestimmt 10 Mal HINTEREINANDER. Er wartete nicht einmal auf eine Reaktion. Er klingelte sogar bei einigen meiner Nachbarn Sturm. Dann drückte ich den Knopf für die Tür unten zu öffnen und statt er mir das Paket hoch bringt, schreit er durch das ganze Treppenhaus: ,,Hallo! Ihr Paket ist da!“ und das mehrere Male. Als ich dann unten mein Paket in Empfang nahm, das übrigens fast so groß wie ich selbst war, dachte ich der Mann würde sich entschuldigen oder mir helfen das Paket in den zweiten Stock zu tragen. Aber ich dachte falsch, denn der Mann sagte einfach nur: ,,Hier ihr Paket! Tschüss!“ Ich war total verdutzt. So was freches hab ich im Leben noch nicht erlebt. Ich bin sehr unzufrieden und ehrlich gesagt auch total sauer.","Bis jetzt habe ich immer wieder kleine Probleme gehabt mit den Lieferdiensten (Es wurde einfach nicht geklingelt, Pakete wurden ungünstig abgelegt, usw.) Doch heute kam die absolute Frechheit in Person. Erstens stand er an einem Tag vor meiner Tür, an dem das Paket hätte noch gar nicht kommen soll, so lag ich noch im Bett, da er noch morgens um 9 Uhr kam. Dann klingelte er mich aus dem Bett. Nicht einmal, sondern bestimmt 10 Mal HINTEREINANDER. Er wartete nicht einmal auf eine Reaktion. Er klingelte sogar bei einigen meiner Nachbarn Sturm. Dann drückte ich den Knopf für die Tür unten zu öffnen und statt er mir das Paket hoch bringt, schreit er durch das ganze Treppenhaus: ,,Hallo! Ihr Paket ist da!“ und das mehrere Male. Als ich dann unten mein Paket in Empfang nahm, das übrigens fast so groß wie ich selbst war, dachte ich der Mann würde sich entschuldigen oder mir helfen das Paket in den zweiten Stock zu tragen. Aber ich dachte falsch, denn der Mann sagte einfach nur: ,,Hier ihr Paket! Tschüss!“ Ich war total verdutzt. So was freches hab ich im Leben noch nicht erlebt. Ich bin sehr unzufrieden und ehrlich gesagt auch total sauer.",Leeoniiee,17.19.0,2021-10-05T08:29:59Z,True,itunes_rss_mostHelpful,False,False
7c87b6166c9c372b9cd7bc5effe6d155819156ac03ed809649cf7fb9fc496be3,7877707620,348712880,Amazon,de,4,Probleme mit IOS14,"Leider scheint Amazon Probleme mit den neuesten IOS Versionen zu haben. Weder die App, noch die Website lassen sich öffnen. Das Problem habe ich jetzt schon seit etwa 2 Wochen und musste schon nun schon des Öfteren bei EBay einkaufen, obwohl ich Amazon eigentlich bevorzuge.

Bitte löst dieses Problem endlich.","Leider scheint Amazon Probleme mit den neuesten IOS Versionen zu haben. Weder die App, noch die Website lassen sich öffnen. Das Problem habe ich jetzt schon seit etwa 2 Wochen und musste schon nun schon des Öfteren bei EBay einkaufen, obwohl ich Amazon eigentlich bevorzuge.

Bitte löst dieses Problem endlich.",DMNK1991,17.18.0,2021-10-04T17:44:03Z,True,itunes_rss_mostHelpful,False,False
4a88725a9b6d6efd3f8cc7808b96ba84a25fd096559fe2c984b80717930520db,7868246943,348712880,Amazon,de,2,Wird langsam unbrauchbar…,"Früher war die amazon-app super. Heute hängt sie sich auf dem iPad regelmäßig auf, lässt Artikel umständlicher auf die Wunschzettel setzen & die Bildvergrößerung, die nur bei auf das Bild gelegten Finger geht, ist ein Witz. Die Suchfunktion ist eigentlich so gut wie unbrauchbar - auf jedem Mobilgerät: Man bekommt selten das Gesuchte, es lässt sich kaum noch Filtern, da die Filter nicht funktionieren und mittlerweile sind gefühlt 90% der Angebote mit Vorsicht zu genießende Schnäppchen aus Fernost, die mit Google Translate eher komödiantisch als informativ wirken.

Für Bücher und Comics ist Amazon noch gut, evtl. auch noch, um im Geschäft einen Nachlass zu erhalten, damit man vor Ort und nicht beim imperialen a kauft.

Die App und ihre Funktionen waren mal richtig gut, mittlerweile nutze ich sie aber aufgrund der o.g. Entwicklungen immer weniger. Ist vielleicht gar nicht mal so übel, im Großen und Ganzen.","Früher war die amazon-app super. Heute hängt sie sich auf dem iPad regelmäßig auf, lässt Artikel umständlicher auf die Wunschzettel setzen & die Bildvergrößerung, die nur bei auf das Bild gelegten Finger geht, ist ein Witz. Die Suchfunktion ist eigentlich so gut wie unbrauchbar - auf jedem Mobilgerät: Man bekommt selten das Gesuchte, es lässt sich kaum noch Filtern, da die Filter nicht funktionieren und mittlerweile sind gefühlt 90% der Angebote mit Vorsicht zu genießende Schnäppchen aus Fernost, die mit Google Translate eher komödiantisch als informativ wirken.

Für Bücher und Comics ist Amazon noch gut, evtl. auch noch, um im Geschäft einen Nachlass zu erhalten, damit man vor Ort und nicht beim imperialen a kauft.

Die App und ihre Funktionen waren mal richtig gut, mittlerweile nutze ich sie aber aufgrund der o.g. Entwicklungen immer weniger. Ist vielleicht gar nicht mal so übel, im Großen und Ganzen.",El Pf.,17.18.0,2021-10-02T07:23:57Z,True,itunes_rss_mostHelpful,False,False
e5d5dc067047e6197a7b5ffbd7c7c7726672c6f1cc7dc4f75d2af4a78a15c2cf,7860435086,348712880,Amazon,de,5,Ich bin begeistert!!! Vieles wird einfacher,"Die Bestellung ist zügig aufgegeben, die Lieferungen kommen fast immer pünktlich und falls es doch Fragen zum oder Probleme mit dem Produkt gibt, ist die Hotline sehr hilfreich. Nebenbei erwähnt, kann man auch viel Zeit und Geld sparen, da die Preise ohnehin erforderlicher Produkte verglichen und die Erfahrungen anderer Nutzer mit dem Produkt eingesehen werden können. Für uns ist eine große Hilfe, top!!!","Die Bestellung ist zügig aufgegeben, die Lieferungen kommen fast immer pünktlich und falls es doch Fragen zum oder Probleme mit dem Produkt gibt, ist die Hotline sehr hilfreich. Nebenbei erwähnt, kann man auch viel Zeit und Geld sparen, da die Preise ohnehin erforderlicher Produkte verglichen und die Erfahrungen anderer Nutzer mit dem Produkt eingesehen werden können. Für uns ist eine große Hilfe, top!!!",JustitiaB,17.18.0,2021-09-30T05:43:31Z,True,itunes_rss_mostHelpful,False,False
e8ed9c6c72d8a00d0203370aa234354858fa60389acefdbda1ebc80eabacfd3e,7843984423,348712880,Amazon,de,5,Funktioniert nicht mehr mit meiner iPhone Software,"Plötzlich wird die App, die ich seit Jahren benutze, nicht mehr mehr unterstützt. Müsste mir ein neues Handy kaufen oder über die Homepage einkaufen. Nein danke. Es ist eine Frechheit.","Plötzlich wird die App, die ich seit Jahren benutze, nicht mehr mehr unterstützt. Müsste mir ein neues Handy kaufen oder über die Homepage einkaufen. Nein danke. Es ist eine Frechheit.",Eli1113,17.18.0,2021-09-25T14:21:13Z,True,itunes_rss_mostHelpful,False,False
93f4e502c7a0786dfcc31b25c5300d4a5f1cfdebe4bb4fac127c98800c7a7778,7839272624,348712880,Amazon,de,5,Die beste App die ich habe,"Diese Bewertung steht natürlich nicht nur für die App sondern alle Apps und Vernetzungen die wir benutzen! Mit Amazon Prime, Amazon music, Amazon photos und 5 Alexa Geräten die licht, Heizung und Elektronik steuert würde ich uns als starke amazon Nutzer bezeichnen!
Der Kundenservice bei amazon ist sagenhaft, Reklamationen werden anstandslos sofort ausgetauscht! Das neue Gerät ist da bevor das defekte überhaupt verschickt wurde! Andere unternehmen wie Apple oder die Telekom bieten dagegen einen unterirdischen Kundenservice!
Alle Dienste bei amazon sind vergleichsweise super günstig (Prime oder music) für die Vielfalt die sie bieten!
Amazon liefert zuverlässig zum Termin oder eher!
Uns hat amazon on den Bann gezogen und wird uns ein Leben lang begleiten! Es bereichert und erleichtert mein Leben wahnsinnig!","Diese Bewertung steht natürlich nicht nur für die App sondern alle Apps und Vernetzungen die wir benutzen! Mit Amazon Prime, Amazon music, Amazon photos und 5 Alexa Geräten die licht, Heizung und Elektronik steuert würde ich uns als starke amazon Nutzer bezeichnen!
Der Kundenservice bei amazon ist sagenhaft, Reklamationen werden anstandslos sofort ausgetauscht! Das neue Gerät ist da bevor das defekte überhaupt verschickt wurde! Andere unternehmen wie Apple oder die Telekom bieten dagegen einen unterirdischen Kundenservice!
Alle Dienste bei amazon sind vergleichsweise super günstig (Prime oder music) für die Vielfalt die sie bieten!
Amazon liefert zuverlässig zum Termin oder eher!
Uns hat amazon on den Bann gezogen und wird uns ein Leben lang begleiten! Es bereichert und erleichtert mein Leben wahnsinnig!",knirpsifluffy,17.18.0,2021-09-24T08:07:34Z,True,itunes_rss_mostHelpful,False,False
88584b315918eff5ff5209059b34ea081831ef03bf62a5cea969c54a594e4a66,7839020668,348712880,Amazon,de,3,Das neuste Update hat einige Bugs,"iPhone SE2020, neustes iOS Wenn man auf der Startseite scrollt, erscheint z.B. unten eine graue Linie. Dass man jetzt mehrfach klicken muss, um den Einkaufswagen anzuzeigen, erschließt sich mir nicht. Im Menü fehlen plötzlich Punkte - z.b. Sparabo. Das wird nun in nem extra Banner angezeigt - aber auch nicht immer…

Und was seit mehreren Versionen und in allen Amazon Apps unfassbar nervig ist: wenn man sich etwas ansieht und zurück geht, landet man wieder oben in der Liste! Das ist wirklich nicht schwer zu programmieren. Warum kriegt das bei euch niemand hin..?","iPhone SE2020, neustes iOS Wenn man auf der Startseite scrollt, erscheint z.B. unten eine graue Linie. Dass man jetzt mehrfach klicken muss, um den Einkaufswagen anzuzeigen, erschließt sich mir nicht. Im Menü fehlen plötzlich Punkte - z.b. Sparabo. Das wird nun in nem extra Banner angezeigt - aber auch nicht immer…

Und was seit mehreren Versionen und in allen Amazon Apps unfassbar nervig ist: wenn man sich etwas ansieht und zurück geht, landet man wieder oben in der Liste! Das ist wirklich nicht schwer zu programmieren. Warum kriegt das bei euch niemand hin..?",Sarah382,17.18.0,2021-09-24T06:06:29Z,True,itunes_rss_mostHelpful,False,False
e94bb733ed86a0931e7277635b73d9d3a4b0fa9143643ad3a5ea971f1ee4bcf5,7808175406,348712880,Amazon,de,5,Probleme seit iOS 14.8,Seit dem Update auf 14.8 dreht sich der Bildschirm auf dem iPad Pro nicht mehr. Wird auch nichtmehr auf die Displaygröße eingestellt,Seit dem Update auf 14.8 dreht sich der Bildschirm auf dem iPad Pro nicht mehr. Wird auch nichtmehr auf die Displaygröße eingestellt,didi03-066,17.17.0,2021-09-15T10:19:47Z,True,itunes_rss_mostHelpful,False,False
b7040f559f070c82d476d2021cd3a8cc5d89cee2375fa278b4f2941b9a15882e,7806412163,348712880,Amazon,de,3,Gute App mit Orientierungsproblemen,"An sich ist die App sehr gut und auch für das iPad perfekt angepasst. Besonders gut gefällt mir, dass man mehrere Konten hinterlegen kann und nahtlos zwischen den beiden wechseln kann ohne sich neu einloggen zu müssen.
Leider hat die App einen Bug, der so nervig ist, dass er den gesamten Eindruck stark beeinträchtigt.
So wird z.B. bei einem Kontowechsel oder nach dem Anschauen eines Kundenfotos die Orientierung der App immer auf Hochkant umgestellt. Während das am iPhone sicherlich kein Problem ist, ist das am iPad gleich doppelt nervig. Denn um wieder in den Quer-Modus zu gelangen muss man das iPad zuerst hochkant und dann wieder zurück in den Quermodus drehen, so dass sich das Bild zurück dreht. Will man z.B. mehrere Kundenfotos anschauen macht man das teilweise 10 mal pro Minute, was mit angeschlossenem Magic Keyboard nicht gerade angenehm ist.
Das sollte wirklich bald gefixt werden, dann gibts auch eine bessere Bewertung! :)","An sich ist die App sehr gut und auch für das iPad perfekt angepasst. Besonders gut gefällt mir, dass man mehrere Konten hinterlegen kann und nahtlos zwischen den beiden wechseln kann ohne sich neu einloggen zu müssen.
Leider hat die App einen Bug, der so nervig ist, dass er den gesamten Eindruck stark beeinträchtigt.
So wird z.B. bei einem Kontowechsel oder nach dem Anschauen eines Kundenfotos die Orientierung der App immer auf Hochkant umgestellt. Während das am iPhone sicherlich kein Problem ist, ist das am iPad gleich doppelt nervig. Denn um wieder in den Quer-Modus zu gelangen muss man das iPad zuerst hochkant und dann wieder zurück in den Quermodus drehen, so dass sich das Bild zurück dreht. Will man z.B. mehrere Kundenfotos anschauen macht man das teilweise 10 mal pro Minute, was mit angeschlossenem Magic Keyboard nicht gerade angenehm ist.
Das sollte wirklich bald gefixt werden, dann gibts auch eine bessere Bewertung! :)",Hauschablous,17.17.0,2021-09-14T20:19:00Z,True,itunes_rss_mostHelpful,False,False
b6271778bcbfa3e126100105b42f989292a98c4a7a0dfb898f143399c386cd14,7804403737,348712880,Amazon,de,5,Neue Version funktioniert nicht korrekt,"Seit dem aktuellen Update ist auf dem Ipad (Auf 3 Ipads getestet) teilweise nur die Hälfte zu sehen, da ist die halbe Seite leer.. die App lässt sich teilweise nur noch im Hochformat verwenden.","Seit dem aktuellen Update ist auf dem Ipad (Auf 3 Ipads getestet) teilweise nur die Hälfte zu sehen, da ist die halbe Seite leer.. die App lässt sich teilweise nur noch im Hochformat verwenden.",Maci911,17.17.0,2021-09-14T07:28:44Z,True,itunes_rss_mostHelpful,False,False
f412e11206ed491cf184757714e2c4d5360fb6610a3e88871a243c750446c027,7794357378,348712880,Amazon,de,5,Probleme mit der neuen Version,"Darstellungs- (IPad) und Zugriffsprobleme (Mein Konto).
Die alte Version gefiel mir besser, übersichtlicher und mit keiner Funktion Probleme.","Darstellungs- (IPad) und Zugriffsprobleme (Mein Konto).
Die alte Version gefiel mir besser, übersichtlicher und mit keiner Funktion Probleme.",Hannes54,17.17.0,2021-09-11T10:59:08Z,True,itunes_rss_mostHelpful,False,False
0ed4dccf5e8570710186766769aa3ce503633a0de914499721344dcff09dfc07,7793687208,348712880,Amazon,de,5,Seit dem neuen Design schlecht,"Ich nutze die App täglich kaufe sehr viel bei Amazon, aber seit die App das neue Design hat gibt es Probleme. Beim Starten der App ist die Anzeige immer im Hochformat obwohl ich das Tablet im Querformat halte. Erst einmal App schließen und wieder öffnen dann bleibt die Anzeige so wie es sein soll, bis auf einen weißen Balken der das untere Drittel des Bildschirmes verdeckt.
Ich hoffe auf ein baldiges Update.","Ich nutze die App täglich kaufe sehr viel bei Amazon, aber seit die App das neue Design hat gibt es Probleme. Beim Starten der App ist die Anzeige immer im Hochformat obwohl ich das Tablet im Querformat halte. Erst einmal App schließen und wieder öffnen dann bleibt die Anzeige so wie es sein soll, bis auf einen weißen Balken der das untere Drittel des Bildschirmes verdeckt.
Ich hoffe auf ein baldiges Update.",bachi63,17.17.0,2021-09-11T06:38:52Z,True,itunes_rss_mostHelpful,False,False
17dda8d348da7e4a16abd16fb62fc3c8b689a380978f53647edee35334c78b88,7791206142,348712880,Amazon,de,5,Gute Übersicht - leichte Bedienung,"Mir gefällt die App, ich habe schnell einen Überblick und sie ist leicht bedienbar","Mir gefällt die App, ich habe schnell einen Überblick und sie ist leicht bedienbar",Teafortwo1961,17.17.0,2021-09-10T13:35:22Z,True,itunes_rss_mostHelpful,False,False
697352e497ceb82a9b84517f41bdf716cd567ee2c51a1c2753f7611986793950,7788980834,348712880,Amazon,de,5,Probleme seit letztem Update,"Bin seit Jahren glücklicher Nutzer der App. Seit dem letzten Update vor zwei Tagen ist die App allerdings (zumindest auf dem iPad Pro) nicht mehr zu gebrauchen. Die App springt ständig ins Hochkantformat und wenn man auf Querformat dreht, fehlen große Teile des Menüs und der Hauptseite. Bitte Bug fixen.","Bin seit Jahren glücklicher Nutzer der App. Seit dem letzten Update vor zwei Tagen ist die App allerdings (zumindest auf dem iPad Pro) nicht mehr zu gebrauchen. Die App springt ständig ins Hochkantformat und wenn man auf Querformat dreht, fehlen große Teile des Menüs und der Hauptseite. Bitte Bug fixen.",CCL72,17.17.0,2021-09-09T21:45:34Z,True,itunes_rss_mostHelpful,False,False
08e8bf565ad83812da320c953c9d8af98d52d991655e0ba9c120600fbfaacb28,7787526234,348712880,Amazon,de,5,Auf einem IPad 5te Gen. gar nicht mehr zu gebrauchen,"Testet ihr eure App auch mal bevor sie auf den Markt kommt?
Bilder im Vollbildmodus funktioniert ja schon lange nicht mehr,
aber das jetzt auch noch die Ausrichtungsfunktion des IPad verrückt spielt geht gar nicht. Außerdem wird dann noch unten ein Drittel des Bildschirms abgeschnitten! Bei uns können Auszubildende das besser programmieren und die verdienen nicht soviel wie eure  „Top-Programmierer“ Ich kann nur sagen, für so einen Konzern äußerst blamabel !!!","Testet ihr eure App auch mal bevor sie auf den Markt kommt?
Bilder im Vollbildmodus funktioniert ja schon lange nicht mehr, 
aber das jetzt auch noch die Ausrichtungsfunktion des IPad verrückt spielt geht gar nicht. Außerdem wird dann noch unten ein Drittel des Bildschirms abgeschnitten! Bei uns können Auszubildende das besser programmieren und die verdienen nicht soviel wie eure  „Top-Programmierer“ Ich kann nur sagen, für so einen Konzern äußerst blamabel !!!",alles testen,17.17.0,2021-09-09T12:22:02Z,True,itunes_rss_mostHelpful,False,False
acccedc2c3417c9706957d1c6a876a3634d5accd78a7abf62b2b71965f87e7a9,7775333039,348712880,Amazon,de,1,Schon wieder ein Update ohne jeglichen Mehrwert,"Auch das aktuelle Update Anfang März 2021 hat das Problem mit den Produktbildern nicht behoben. Die App hatte früher auch auf dem iPad den gesamten Bildschirm für die Anzeige dear Produktbilder genutzt, was ein entscheidender Vorteil gegenüber der Web-Version am Rechner war. Seit einiger Zeit funktioniert dies nun nicht mehr; stattdessen wird wie im Browser nur ein Pop-pup geöffnet, das eben wertvollen Platz des iPad-Screens einfach verschenkt und auch die Möglichkeiten des Touch-Displays (per Wischen durch die Produktbilder gehen) nicht mehr nutzt. Wozu dann überhaupt eine App für‘s iPad? Es gibt ja gar keinen Unterschied mehr zur Web-Version. Zudem ist mir unerklärlich, warum die App kein smile unterstützt. Wenn sie schon zum bloßen Wrapper der Website heruntergekommen ist, warum geht dann nicht einmal smile? Ihr habt während der Pandemie soviel Knete gemacht wie noch niemals zuvor. Warum liefert Ihr dann immer noch solch einen Müll an App ab? Unglaublich!

Update Sep-2021:
Gerade das neue Update eingespielt und - wieder nix. Die Vollbild-Ansicht für die Produktbilder ist immer noch nicht wieder hergestellt. Was macht ihr da eigentlich den ganzen Tag?","Auch das aktuelle Update Anfang März 2021 hat das Problem mit den Produktbildern nicht behoben. Die App hatte früher auch auf dem iPad den gesamten Bildschirm für die Anzeige dear Produktbilder genutzt, was ein entscheidender Vorteil gegenüber der Web-Version am Rechner war. Seit einiger Zeit funktioniert dies nun nicht mehr; stattdessen wird wie im Browser nur ein Pop-pup geöffnet, das eben wertvollen Platz des iPad-Screens einfach verschenkt und auch die Möglichkeiten des Touch-Displays (per Wischen durch die Produktbilder gehen) nicht mehr nutzt. Wozu dann überhaupt eine App für‘s iPad? Es gibt ja gar keinen Unterschied mehr zur Web-Version. Zudem ist mir unerklärlich, warum die App kein smile unterstützt. Wenn sie schon zum bloßen Wrapper der Website heruntergekommen ist, warum geht dann nicht einmal smile? Ihr habt während der Pandemie soviel Knete gemacht wie noch niemals zuvor. Warum liefert Ihr dann immer noch solch einen Müll an App ab? Unglaublich!

Update Sep-2021:
Gerade das neue Update eingespielt und - wieder nix. Die Vollbild-Ansicht für die Produktbilder ist immer noch nicht wieder hergestellt. Was macht ihr da eigentlich den ganzen Tag?",Landstre1cher,17.16.2,2021-09-05T22:00:10Z,True,itunes_rss_mostHelpful,False,False
f0058bcdbe2cddbc098248869a1bbab83a5357c64118ac308874f9311d698352,7774980605,348712880,Amazon,de,5,Sehr zu empfehlen!,"Hier bekommt man einfach alles was ich brauche. Schnell und zuverlässig. Sollte mal etwas nicht stimmen, wird einem hier auch sofort geholfen.","Hier bekommt man einfach alles was ich brauche. Schnell und zuverlässig. Sollte mal etwas nicht stimmen, wird einem hier auch sofort geholfen.",jfiehegze,17.16.2,2021-09-05T19:10:12Z,True,itunes_rss_mostHelpful,False,False
29cd9e12f958e7383ceb63a1161806125d8d8ec3ef49e64e566a1b6c4132a8a2,7747486077,348712880,Amazon,de,5,Sprachvoreinstellung wird automatisch verstellt,"Sobald man über Google ein Artikel sucht, der auf einer englischen Amazon Seite abgebildet und beschrieben ist und den dann anklickt, wird die Amazon App geöffnet-was ja ok ist- aber die Spracheinstellung auf Englisch geändert. Bekommt man auch gleich eine email von Amazon, dass die Sprache aktualisiert wurde. Geht gar nicht. Das nervt.","Sobald man über Google ein Artikel sucht, der auf einer englischen Amazon Seite abgebildet und beschrieben ist und den dann anklickt, wird die Amazon App geöffnet-was ja ok ist- aber die Spracheinstellung auf Englisch geändert. Bekommt man auch gleich eine email von Amazon, dass die Sprache aktualisiert wurde. Geht gar nicht. Das nervt.",braceface79,17.15.2,2021-08-29T10:30:56Z,True,itunes_rss_mostHelpful,False,False
51ddaeb796f6a423e2ed6f28c4464f9713869abadb113b4b2de90f82e8c90433,7736240437,348712880,Amazon,de,5,bei Fehler: Neuinstallation funktioniert!,"Der Fehler mit dem scrollen (ruckeln) usw. war bei mir auch nach den Updates nicht behoben. Jedoch hat alles wieder nach löschen der App und Neuinstallation funktioniert.

Ansonsten: einwandfreie App, nutze ich seit Jahren gern und regelmäßig.","Der Fehler mit dem scrollen (ruckeln) usw. war bei mir auch nach den Updates nicht behoben. Jedoch hat alles wieder nach löschen der App und Neuinstallation funktioniert. 

Ansonsten: einwandfreie App, nutze ich seit Jahren gern und regelmäßig.",KajaFK,17.15.2,2021-08-26T10:12:06Z,True,itunes_rss_mostHelpful,False,False
7b3bcf5c18e33d96d2a6d4d367d83fe127d1476fa1948e755b08c11dae884aa7,7727985485,348712880,Amazon,de,5,Aktuelle Version hat Bug,Lässt mich nicht mehr einloggen. Auf dem gleichen Endgerät funktioniert es über den Browser einwandfrei. Problem besteht seit Upgrade auf aktuelle Version. Nervig.,Lässt mich nicht mehr einloggen. Auf dem gleichen Endgerät funktioniert es über den Browser einwandfrei. Problem besteht seit Upgrade auf aktuelle Version. Nervig.,HH-MB,17.15.0,2021-08-24T06:04:03Z,True,itunes_rss_mostHelpful,False,False
8c266a8bbbe3b01706195a0295e73c165fa2b4a1cddd6d02c6f59f3079322e1c,7706759313,348712880,Amazon,de,5,Nach Update schlecht,"Heute die neue Version installiert und nun ruckelt alles nur noch, schade…","Heute die neue Version installiert und nun ruckelt alles nur noch, schade…",Mike865,17.15.0,2021-08-18T12:00:32Z,True,itunes_rss_mostHelpful,False,False
dfac6fa14c7f66e1c9e8d1cc31a79102e1cc55deae4e7b4c613c51155bbcd67c,7706458789,348712880,Amazon,de,5,Extrem ärgerlich …,"… dass die App nach kurzem Wechsel zu einer anderen App beim Zurückwechseln  nicht mehr den letzten Stand (Suchergebnisse, angeschautes Produkt etc.) anzeigt, sondern die Anhangsseite. Dann muss ich die ganze Suche/Filterung wieder von vorne beginnen!
Oder stürzt die tolle App etwa jedesmal ab, wenn ich mal eben zu einer anderen App wechsele? 😂
Das nervt und beeinträchtigt ziemlich negativ das Shopping-Erlebnis … 👎🏻","… dass die App nach kurzem Wechsel zu einer anderen App beim Zurückwechseln  nicht mehr den letzten Stand (Suchergebnisse, angeschautes Produkt etc.) anzeigt, sondern die Anhangsseite. Dann muss ich die ganze Suche/Filterung wieder von vorne beginnen! 
Oder stürzt die tolle App etwa jedesmal ab, wenn ich mal eben zu einer anderen App wechsele? 😂
Das nervt und beeinträchtigt ziemlich negativ das Shopping-Erlebnis … 👎🏻",macsef,17.15.0,2021-08-18T10:15:24Z,True,itunes_rss_mostHelpful,False,False
eca80c6a9e07b819131cf42b9cdeffb8885356a559b299b8dfadbbc236e27bc2,7704645951,348712880,Amazon,de,5,Mein Handy wird seit dem letzten Update heiß. Die App ist derzeit super langsam und lädt nicht mehr.,Mein Handy wird seit dem letzten Update immer heiß wenn ich die Amazon App verwende. Die App ist derzeit super langsam und lädt nicht mehr. Mein Iphone ist so gut wie neu und dies passiert nur bei der Amazon App.,Mein Handy wird seit dem letzten Update immer heiß wenn ich die Amazon App verwende. Die App ist derzeit super langsam und lädt nicht mehr. Mein Iphone ist so gut wie neu und dies passiert nur bei der Amazon App.,miza2727,17.15.0,2021-08-17T21:56:56Z,True,itunes_rss_mostHelpful,False,False
eedbb61623eb0f9b04c3dd029249b13158bcb36931a612254d40ae4902ad9038,7703392697,348712880,Amazon,de,4,Bestellungen,"Hallo liebes Amazon Team! Bis jetzt gab es nie wirkliche Probleme mit den Bestellungen. Ich bin schon länger Nutzer dieses Services und auch der PrimeVideo App. Beides funktioniert tadellos! Selbst der prime day sowie der Black Friday hat mir des Öfteren kleine Bescherungen geschenkt. Ich bin ein Mensch der sich relativ stark auf Bewertungen verlässt, da es aber viele Fake Bewertungen bei einigen Produkten gibt, welche den Kauf Konsum beeinflussen werde ich 4 von 5 Sternen geben. Ich weis ihr seid an dem Problem dran und werdet es sicher noch in den Griff bekommen. Danke für alles!
Lieben Gruß
S.","Hallo liebes Amazon Team! Bis jetzt gab es nie wirkliche Probleme mit den Bestellungen. Ich bin schon länger Nutzer dieses Services und auch der PrimeVideo App. Beides funktioniert tadellos! Selbst der prime day sowie der Black Friday hat mir des Öfteren kleine Bescherungen geschenkt. Ich bin ein Mensch der sich relativ stark auf Bewertungen verlässt, da es aber viele Fake Bewertungen bei einigen Produkten gibt, welche den Kauf Konsum beeinflussen werde ich 4 von 5 Sternen geben. Ich weis ihr seid an dem Problem dran und werdet es sicher noch in den Griff bekommen. Danke für alles!
Lieben Gruß 
S.",Sassa..,17.15.0,2021-08-17T14:06:16Z,True,itunes_rss_mostHelpful,False,False
59f1db16c007c0f8cbb3580458b3946660c8f0fce4f37d119d79b6a1a17b1be3,7696020342,348712880,Amazon,de,5,Löschen und neu installieren hilft,"Löschen und neu installieren👍
Danke für den Tipp","Löschen und neu installieren👍
Danke für den Tipp",Cpt.Friese,17.15.0,2021-08-15T15:24:36Z,True,itunes_rss_mostHelpful,False,False
c359f42a63707e6abfa47016c47c6f70fe3adf466b13096938391e0cc5c490f7,7694498213,348712880,Amazon,de,5,Schlechte Performance seit dem letzten Update,"Seit dem letzten Update ist die Performance dermaßen schlecht geworden. Zudem erhitzt sich das Smartphone beim öffnen der App extrem. Was auch immer ihr gemacht habt, verbessert es schnellstmöglich!","Seit dem letzten Update ist die Performance dermaßen schlecht geworden. Zudem erhitzt sich das Smartphone beim öffnen der App extrem. Was auch immer ihr gemacht habt, verbessert es schnellstmöglich!",Nazgul_91,17.15.0,2021-08-15T06:16:02Z,True,itunes_rss_mostHelpful,False,False
9149aeb5962d090b22265b75cb1f91029f376a2d5afcbd607af9e2b1741abc37,7691858257,348712880,Amazon,de,5,Amazon ist das Beste.,"Immer alles pünktlich, kaum Mängel, Umtausch ein Traum. Was will man mehr. Ich bestelle alles bei Amazon. Seien es Klamotten, sportzubehör, Vitamine, Fernseher usw. ich wollte die kleinen Läden bei uns unterstützen und bin jedes Mal enttäuscht worden. Sei es das sie mir einen uralten Fernseher für utopische Summen verkaufen wollten, oder das das Sportgeschäft die gleichen Hosen für das doppelte anbietet. Früher wussten wir es nicht besser, aber heute ist es für mich klar entschieden. Ich bestelle nur noch bei Amazon. Ich kann mich nicht erinnern das ich jemals enttäuscht wurde.","Immer alles pünktlich, kaum Mängel, Umtausch ein Traum. Was will man mehr. Ich bestelle alles bei Amazon. Seien es Klamotten, sportzubehör, Vitamine, Fernseher usw. ich wollte die kleinen Läden bei uns unterstützen und bin jedes Mal enttäuscht worden. Sei es das sie mir einen uralten Fernseher für utopische Summen verkaufen wollten, oder das das Sportgeschäft die gleichen Hosen für das doppelte anbietet. Früher wussten wir es nicht besser, aber heute ist es für mich klar entschieden. Ich bestelle nur noch bei Amazon. Ich kann mich nicht erinnern das ich jemals enttäuscht wurde.",romisch26,17.15.0,2021-08-14T13:11:47Z,True,itunes_rss_mostHelpful,False,False
f5b39909123dee3f692de644d542d82b565734ce8a9c5a16014b5a0a39475628,7691347481,348712880,Amazon,de,5,Löschen und neu installieren hilft!,"sollten alle probieren, die seit letztem Update Probleme haben","sollten alle probieren, die seit letztem Update Probleme haben",quetzi,17.15.0,2021-08-14T10:08:24Z,True,itunes_rss_mostHelpful,False,False
47d90d538ba9cfb409465b6f809d4ca81edb80c1f70bfa25d894a81d86497f87,7689184647,348712880,Amazon,de,5,Seit dem letzten Update unter iOS 14.7 nicht mehr zu gebrauchen,"Seit dem letzten Update Anfang Juli ist die App nicht mehr zu gebrauchen, weder auf dem iPhone XR noch auf dem iPad Pro 2020. Die Geräte werden heiss, dem Akku kann man beim Entladen fast zusehen. Eingaben werden nur sehr verzögert angenommen, Scrolling eine Katastrophe! Bitte ASAP die Fehler beheben! So ist die App nicht nutzbar….","Seit dem letzten Update Anfang Juli ist die App nicht mehr zu gebrauchen, weder auf dem iPhone XR noch auf dem iPad Pro 2020. Die Geräte werden heiss, dem Akku kann man beim Entladen fast zusehen. Eingaben werden nur sehr verzögert angenommen, Scrolling eine Katastrophe! Bitte ASAP die Fehler beheben! So ist die App nicht nutzbar….",RS-Mike,17.15.0,2021-08-13T18:51:24Z,True,itunes_rss_mostHelpful,False,False
848f86dd7c6a1513194574e6fea30134cb9831f4f11919c992f24ba246dabfeb,7685336259,348712880,Amazon,de,5,Aktuell verbuggt,"Die aktuelle Version läuft zumindest auf meinem iPhone 12 Pro Max nur stockend. Scrollen funktioniert nur mit deutlichem Ruckeln, dabei wird das Telefon spürbar warm. Irgendetwas scheint die CPU über Gebühr zu belasten. Bitte schnell fixen.","Die aktuelle Version läuft zumindest auf meinem iPhone 12 Pro Max nur stockend. Scrollen funktioniert nur mit deutlichem Ruckeln, dabei wird das Telefon spürbar warm. Irgendetwas scheint die CPU über Gebühr zu belasten. Bitte schnell fixen.",msas74,17.15.0,2021-08-12T18:08:40Z,True,itunes_rss_mostHelpful,False,False
3a31fd2cc9de993168bb586ff22ee1ee62ce370f51fc9ea3c08032a10cda208f,7675438878,348712880,Amazon,de,5,Neuinstallation hilft,"Nach den letzten Updates der App bzw. von iOS war die App extrem langsam und ruckelig und kaum noch benutzbar.
In einer anderen Rezension empfahl ein Nutzer die Neuinstallation der App. Dies hat auch bei mir geholfen, seither funktioniert die App wieder tadellos.
Nun macht die Benutzung wieder Spaß wie zuvor. 😊","Nach den letzten Updates der App bzw. von iOS war die App extrem langsam und ruckelig und kaum noch benutzbar. 
In einer anderen Rezension empfahl ein Nutzer die Neuinstallation der App. Dies hat auch bei mir geholfen, seither funktioniert die App wieder tadellos.
Nun macht die Benutzung wieder Spaß wie zuvor. 😊",FeuerSchaf,17.15.0,2021-08-10T05:24:31Z,True,itunes_rss_mostHelpful,False,False
877659ce01dcd4a1d76ab7f9d2591c5da214a524b5f55762e064f377c8114bc7,7669835818,348712880,Amazon,de,5,Wenn die App hackt einfach neu installieren,"Die App hat nach dem letzten Update bei mir auch sehr gehackt, ich habe sie dann gelöscht und neu installiert. Seitdem funktioniert die App wieder wie vorher einwandfrei.","Die App hat nach dem letzten Update bei mir auch sehr gehackt, ich habe sie dann gelöscht und neu installiert. Seitdem funktioniert die App wieder wie vorher einwandfrei.",dennis1989md,17.14.0,2021-08-08T16:56:35Z,True,itunes_rss_mostHelpful,False,False
3559189a7086af11cb1490a0c56d1c2c8909165e132f3dc4d51b55c2a25059b9,7665175480,348712880,Amazon,de,5,Ruckelt nur noch,Seit dem letzten Update nur noch Geruckel beim Scrollen...sehr nervig.,Seit dem letzten Update nur noch Geruckel beim Scrollen...sehr nervig.,Harlekin65,17.14.0,2021-08-07T12:01:18Z,True,itunes_rss_mostHelpful,False,False
a3574b7cbf4ece0a41ae9d199c6a17233590fd9519ba55efe0b4cc4b58114a42,7665040613,348712880,Amazon,de,5,Nicht zu gebrauchen,"Ruckelt ohne Ende. Das iPhone wird extremst heiß und anschließend wird der Bildschirm dunkel. Vielleicht eine Art Schutz vor Überhitzung? Lasse die App lieber aus, nicht dass da noch mein neues iPhone 12 pro Max geschrottet wird.","Ruckelt ohne Ende. Das iPhone wird extremst heiß und anschließend wird der Bildschirm dunkel. Vielleicht eine Art Schutz vor Überhitzung? Lasse die App lieber aus, nicht dass da noch mein neues iPhone 12 pro Max geschrottet wird.",Zero2150,17.14.0,2021-08-07T11:13:37Z,True,itunes_rss_mostHelpful,False,False
5384a8fefb8ccd7d4052ad8987f63ad5e0f88de7a3f2b144a1606d879759566e,7658865388,348712880,Amazon,de,5,Langsam,"Seit den neusten Update nur am ruckeln. Nutze ein iPhone 12. ich neige aktuell dazu, weniger bei Amazon zu kaufen. Lieber schnell den Fehler beheben. Danke","Seit den neusten Update nur am ruckeln. Nutze ein iPhone 12. ich neige aktuell dazu, weniger bei Amazon zu kaufen. Lieber schnell den Fehler beheben. Danke",⭕️din,17.14.0,2021-08-05T18:32:13Z,True,itunes_rss_mostHelpful,False,False
f8181c18fa3aefb8f617c6d088cacdb437033f7a50bd6bc0c87adb8a6acc7668,7657560177,348712880,Amazon,de,5,seit letztem Update unbenutzbar,"ruckelt nur noch so vor sich hin
grundsätzlich 5 Sterne
aber nun leider nicht mehr nutzbar -4

Update: nach Löschen der App und Neuinstallation läuft sie nun auch vernünftig +4","ruckelt nur noch so vor sich hin 
grundsätzlich 5 Sterne 
aber nun leider nicht mehr nutzbar -4

Update: nach Löschen der App und Neuinstallation läuft sie nun auch vernünftig +4",HarryHirsch42,17.14.0,2021-08-05T11:21:18Z,True,itunes_rss_mostHelpful,False,False
19324c9da9a3578a499ca04777a36c0a94d90cc2a489a4ea9e08fd76ce7a972c,7649846466,348712880,Amazon,de,5,App ruckelt seit neustem! Unbenutzbar! Gelöst!,"Bitte den Fehler schnellstmöglich beheben, dann passe ich die Bewertung an - Danke!

Einmal komplett deinstalliert und dann neu installiert- klappt jetzt wieder flüssig!","Bitte den Fehler schnellstmöglich beheben, dann passe ich die Bewertung an - Danke!

Einmal komplett deinstalliert und dann neu installiert- klappt jetzt wieder flüssig!",Bananenhai,17.14.0,2021-08-03T10:40:58Z,True,itunes_rss_mostHelpful,False,False
e2d36479e2fb94bae10d4aa17137240b8aef03a51fbf43e959b4b906c926b098,7642560391,348712880,Amazon,de,4,Refresh der Seiten dauert viel zu lange,"Die Seiten - gerade auch die Startseite - in der iOS Variante bauen sich extrem langsam auf. Wenn ich nicht die Geduld bei mehr als 15 Sekunden Ladezeit verliere, stürzt die App dann häufig noch ab. Leider ist shoppen so nicht mehr möglich. Ich hoffe, der nächste Bugfix kommt schnell und behebt das Problem.","Die Seiten - gerade auch die Startseite - in der iOS Variante bauen sich extrem langsam auf. Wenn ich nicht die Geduld bei mehr als 15 Sekunden Ladezeit verliere, stürzt die App dann häufig noch ab. Leider ist shoppen so nicht mehr möglich. Ich hoffe, der nächste Bugfix kommt schnell und behebt das Problem.",Dinme,17.14.0,2021-08-01T12:09:06Z,True,itunes_rss_mostHelpful,False,False
7a74394fe0247a1bbf1f11670d72eb9f71be0b4938654bc21bc5594bf4acd90e,7641927246,348712880,Amazon,de,5,Auf dem iPhone nicht mehr nutzbar,Seit dem letzten Update ruckelt die App katastrophal und das iPhone wird nach wenigen Sekunden heiß.,Seit dem letzten Update ruckelt die App katastrophal und das iPhone wird nach wenigen Sekunden heiß.,hgwrts,17.14.0,2021-08-01T08:20:11Z,True,itunes_rss_mostHelpful,False,False
6820f8bee52b1049415a0fe2a5cfe356c8c5a79a99b491a75113e7acb38e02b3,7641754400,348712880,Amazon,de,4,Man findet halt alles,"Super auch um Preise und Angebote zu vergleichen. Es gab noch kein Produkt, das ich nicht gefunden habe. Mindestens eine Alternative war immer da.

Allerdings hängt sie in letzter Zeit. Sowohl mit als auch ohne WLAN.

Und ehrliche Bewertungen (ohne Beleidigungen oder Ähnlichem) werden nicht übernommen. Den Fall hatte ich jetzt mindestens 3 mal in kurzer Zeit. Man warnt mit seiner Bewertung andere Kunden vor den irreführenden Informationen des Anbieters und Amazon meint, das könne man nicht veröffentlichen. Meiner Meinung nach wird so ein schlechter Verkäufer unterstützt, um eure Kunden weiter verarschen zu können.","Super auch um Preise und Angebote zu vergleichen. Es gab noch kein Produkt, das ich nicht gefunden habe. Mindestens eine Alternative war immer da.

Allerdings hängt sie in letzter Zeit. Sowohl mit als auch ohne WLAN.

Und ehrliche Bewertungen (ohne Beleidigungen oder Ähnlichem) werden nicht übernommen. Den Fall hatte ich jetzt mindestens 3 mal in kurzer Zeit. Man warnt mit seiner Bewertung andere Kunden vor den irreführenden Informationen des Anbieters und Amazon meint, das könne man nicht veröffentlichen. Meiner Meinung nach wird so ein schlechter Verkäufer unterstützt, um eure Kunden weiter verarschen zu können.",Little Willi,17.14.0,2021-08-01T07:14:11Z,True,itunes_rss_mostHelpful,False,False
21690461e966b1a986fd1bd21b12e031f4a1a5129f00bc00e98698422857c5bc,7638145218,348712880,Amazon,de,5,Zuverlässig und leicht,"Amazon ist nicht nur einfach in der Bedienung, sondern immer zuverlässig was den Kauf angeht. Suchen, bestellen und notfalls zurücksenden…nie ein Problem👍.","Amazon ist nicht nur einfach in der Bedienung, sondern immer zuverlässig was den Kauf angeht. Suchen, bestellen und notfalls zurücksenden…nie ein Problem👍.",AlinaN2403,17.14.0,2021-07-31T07:19:50Z,True,itunes_rss_mostHelpful,False,False
0c9df04218f8af46a8bf51c273cdb05bf16d194387689e57503be63b168a804c,7636204642,348712880,Amazon,de,5,Mit Amazon ganz und gar zufrieden,"Nun bin ich schon seit einigen Jahren Amazon Prime Kunde und bin immer noch begeistert wir einfach und problemlos die gesamten Käufe abgewickelt werden. Selbst wenn einmal ( sehr selten) Probleme auftraten, konnte ich mich immer auf den Kundendienst verlassen und die Probleme wurden schnell und  freundlich behoben. Ich beziehe mich jetzt hierbei ausschließlich auf Artikel, die von Amazon verkauft und geliefert werden. Im Amazon Market-Place hatte ich durchaus schon Probleme mit so manchen Verkäufer gehabt. Da ist die Rückabwicklung oftmals mit kosten und Problemen behaftet. Aber selbst dann, wenn man überhaupt nicht mit dem Verkäufer klar kommt, dann hilft der Amazon-Käuferschutz.
Ich für mich achte immer darauf, dass ich Produkte kaufe, die von Amazon verkauft und geliefert werden.","Nun bin ich schon seit einigen Jahren Amazon Prime Kunde und bin immer noch begeistert wir einfach und problemlos die gesamten Käufe abgewickelt werden. Selbst wenn einmal ( sehr selten) Probleme auftraten, konnte ich mich immer auf den Kundendienst verlassen und die Probleme wurden schnell und  freundlich behoben. Ich beziehe mich jetzt hierbei ausschließlich auf Artikel, die von Amazon verkauft und geliefert werden. Im Amazon Market-Place hatte ich durchaus schon Probleme mit so manchen Verkäufer gehabt. Da ist die Rückabwicklung oftmals mit kosten und Problemen behaftet. Aber selbst dann, wenn man überhaupt nicht mit dem Verkäufer klar kommt, dann hilft der Amazon-Käuferschutz. 
Ich für mich achte immer darauf, dass ich Produkte kaufe, die von Amazon verkauft und geliefert werden.",r@su,,2021-07-30T17:43:46Z,True,web_ssr_helpful,False,False
9aa2fbb4a32ce803935d1bb7b873877dfe9a3236fa7dce6a1542c77e52064c01,7634665222,348712880,Amazon,de,5,An sich ist die App richtig gut,"Finde die App sehr übersichtlich und gut organisiert m, eine Sache könnte man besser machen. Und zwar das wenn Lieferungen nur zum Teil für den Gratis Versand Qualifiziert sind, dass man dann auch sehen kann welche es nicht sind und wie hoch dann die Versandkosten sind, ich meine das man nicht erst auf kaufen gehen muss und eine Zahlungsart auswählen und die Produkt schon fast gekauft hat. Sondern das man das im Einkaufswagen schon sehen kann. Das wäre echt hilfreich. Weil wenn man mit Geschenkkarte bezahlt (was ich mache), weis ich nie wieviel Guthaben ich noch kaufen muss, damit ich meinen Einkauf auch abschließen kann, ohne auf etwas zu verzichten.","Finde die App sehr übersichtlich und gut organisiert m, eine Sache könnte man besser machen. Und zwar das wenn Lieferungen nur zum Teil für den Gratis Versand Qualifiziert sind, dass man dann auch sehen kann welche es nicht sind und wie hoch dann die Versandkosten sind, ich meine das man nicht erst auf kaufen gehen muss und eine Zahlungsart auswählen und die Produkt schon fast gekauft hat. Sondern das man das im Einkaufswagen schon sehen kann. Das wäre echt hilfreich. Weil wenn man mit Geschenkkarte bezahlt (was ich mache), weis ich nie wieviel Guthaben ich noch kaufen muss, damit ich meinen Einkauf auch abschließen kann, ohne auf etwas zu verzichten.",poisenswan,17.14.0,2021-07-30T09:14:48Z,True,itunes_rss_mostHelpful,False,False
e7ddbb858cb08f7e1b2c73a86a09bb3d191b45490a40bbab954c3b34dad2c537,7634501798,348712880,Amazon,de,5,Eine gute App,"Eine gute App, übersichtlich, informativ, gut zu gebrauchen 👍🏻","Eine gute App, übersichtlich, informativ, gut zu gebrauchen 👍🏻",vhris124,17.14.0,2021-07-30T08:13:39Z,True,itunes_rss_mostHelpful,False,False
da95f28234d5461d37346bfe88d72d1dff1afe4d53d196f2b94483a2bf58c2b6,7632009176,348712880,Amazon,de,5,Perfekt,Kauf und Rückgabe und das ganze drum herum wird sofort und sehr gut verwaltet. Bin sehr zufrieden. Ich kaufe sehr viel heimisch ein aber wenn schnell gehen muss und ich kein Zeit zum suchen habe gibt es nur Amazon 👍🏻,Kauf und Rückgabe und das ganze drum herum wird sofort und sehr gut verwaltet. Bin sehr zufrieden. Ich kaufe sehr viel heimisch ein aber wenn schnell gehen muss und ich kein Zeit zum suchen habe gibt es nur Amazon 👍🏻,OmaRoV13,17.14.0,2021-07-29T16:33:18Z,True,itunes_rss_mostHelpful,False,False
75c55203f0d18a6e7e2f06191ff4a21b90c7fe01983aa72fa15feb1099ea9c8a,7627211417,348712880,Amazon,de,5,Was ist seit dem letzten Update los,Seit dem letzten Update wird das Telefon total heiß die App stockt laufend und verbraucht ohne Ende Akku zumindest bei iOS,Seit dem letzten Update wird das Telefon total heiß die App stockt laufend und verbraucht ohne Ende Akku zumindest bei iOS,Compumax_1,17.13.0,2021-07-28T11:32:27Z,True,itunes_rss_mostHelpful,False,False
c8c370234c0f50d5b6183eb89b61b82a530075623b688596b9c5c05c7b7bd81c,7617022121,348712880,Amazon,de,1,Wird immer schlechter (auf dem iPad),"Man hat den Eindruck, Amazon möchte iPad-User vergraulen. Es passt einfach fast nichts mehr. Die Skalierung der Angebotsseiten ist eine Katastrophe, die einzelnen Blöcke (Produktbild/ -preis/ -kurzbeschreibung, ausführliche Beschreibung, Rezensionen etc.) sind unterschiedlich ausgerichtet und haben überlappende Text- und Überschriftsbereiche. Es sieht unästhetisch und verwirrend aus. Hat Amazon nur noch unterbezahlte Praktikanten für die Programmierung? Wenn das so weiter geht, könnte man langsam aber sicher auf die Idee kommen, dass es noch andere Anbieter gibt - was ja auch sein Gutes hat. Falls dies die Absicht von Amazon ist: Gut gemacht! Weiter so!

Update: Nachdem die App zwischenzeitlich wieder einigermaßen funktioniert, ist seit dem letzten Update zu beobachten, dass die App wieder deutlich schlechter geworden ist. Scrolling ist ruckelig, die App ist langsam…
Möglicherweise funktioniert sie auf dem M1 iPad pro besser, aber nur wegen der App werde ich mein iPad pro nicht ersetzen, denn ansonsten funktioniert es noch hervorragend.","Man hat den Eindruck, Amazon möchte iPad-User vergraulen. Es passt einfach fast nichts mehr. Die Skalierung der Angebotsseiten ist eine Katastrophe, die einzelnen Blöcke (Produktbild/ -preis/ -kurzbeschreibung, ausführliche Beschreibung, Rezensionen etc.) sind unterschiedlich ausgerichtet und haben überlappende Text- und Überschriftsbereiche. Es sieht unästhetisch und verwirrend aus. Hat Amazon nur noch unterbezahlte Praktikanten für die Programmierung? Wenn das so weiter geht, könnte man langsam aber sicher auf die Idee kommen, dass es noch andere Anbieter gibt - was ja auch sein Gutes hat. Falls dies die Absicht von Amazon ist: Gut gemacht! Weiter so!

Update: Nachdem die App zwischenzeitlich wieder einigermaßen funktioniert, ist seit dem letzten Update zu beobachten, dass die App wieder deutlich schlechter geworden ist. Scrolling ist ruckelig, die App ist langsam…
Möglicherweise funktioniert sie auf dem M1 iPad pro besser, aber nur wegen der App werde ich mein iPad pro nicht ersetzen, denn ansonsten funktioniert es noch hervorragend.",HelixAlpha,17.13.0,2021-07-25T16:40:31Z,True,itunes_rss_mostHelpful,False,False
8d96b45924f26ed0a56ff75155a13da8d9bb37468e27d968ce34a16a1ae6b526,7606207727,348712880,Amazon,de,5,Einfache Bedingung sehr übersichtlich,Sehr aufgeräumt Homepage alles schnell zu finden sehr gut zum eingrenzen von Produkten. Sehr viele Produkte bzw. fast wie EBay und Co. sehr einfach dazu eine schnelle Lieferung auch ohne Premieren Kunde zu sein.,Sehr aufgeräumt Homepage alles schnell zu finden sehr gut zum eingrenzen von Produkten. Sehr viele Produkte bzw. fast wie EBay und Co. sehr einfach dazu eine schnelle Lieferung auch ohne Premieren Kunde zu sein.,09091989Markus,17.13.0,2021-07-22T18:36:49Z,True,itunes_rss_mostHelpful,False,False
d522b3cb12e19592e314871f423a2c8285d36c131a66dfc9df68c74d3faf6593,7606195210,348712880,Amazon,de,3,iPad: Share-Button fehlt,"Per se funktioniert die App meistens recht gut, aber der eigentliche Grund, weswegen ich diese Bewertung schreibe, ist, dass die Share-Funktion seit dem letzten Update fehlt bzw. durch eine IMO unzureichende und völlig nutzlose Version ersetzt wurde, die zudem auch noch sehr versteckt ist. So wird beim Tippen auf „Teilen“ darauf hingewiesen, dass man diesen Service nur nutzen könne, wenn man auf dem Gerät ein E-Mail-Konto eingerichtet habe, ganz egal, ob man auf „Teilen“ und eben nicht daneben auf das Mail-Symbol tippt, für das dieser Hinweis wohl eigentlich gedacht war.
Btw ist auf meinem Gerät bereits ein Mail-Konto eingerichtet und trotzdem wird der Hinweis jedes Mal eingeblendet.

Ernsthaft: bitte baut den Share-Button wieder ein.","Per se funktioniert die App meistens recht gut, aber der eigentliche Grund, weswegen ich diese Bewertung schreibe, ist, dass die Share-Funktion seit dem letzten Update fehlt bzw. durch eine IMO unzureichende und völlig nutzlose Version ersetzt wurde, die zudem auch noch sehr versteckt ist. So wird beim Tippen auf „Teilen“ darauf hingewiesen, dass man diesen Service nur nutzen könne, wenn man auf dem Gerät ein E-Mail-Konto eingerichtet habe, ganz egal, ob man auf „Teilen“ und eben nicht daneben auf das Mail-Symbol tippt, für das dieser Hinweis wohl eigentlich gedacht war.
Btw ist auf meinem Gerät bereits ein Mail-Konto eingerichtet und trotzdem wird der Hinweis jedes Mal eingeblendet.

Ernsthaft: bitte baut den Share-Button wieder ein.",Mad XY,17.13.0,2021-07-22T18:31:43Z,True,itunes_rss_mostHelpful,False,False
eb00e88c73347f5a31b1cf555be38e704db567057773fd79cdc6a1bc63c99050,7605197680,348712880,Amazon,de,1,Wichtige Funktion entfernt!,"Grundsätzlich ist die App - im Vergleich zu ähnlichen Apps - sehr gut. Sie ist schnell, zeigt Preisänderungen im Warenkorb an und relativ übersichtlich. Bei einem der letzte Updates wurde allerdings eine wichtige Funktion entfernt: Man kann nicht mehr nach „offene Bestellungen“ filtern. Konnte man früher mit dem Filter sehen, welche Bestellungen noch zur Lieferung offen sind, geht das nun nicht mehr. Stattdessen kann man sich „stornierte Bestellungen“ anzeigen lassen. Ok, dass ist auf der Internetseite leider auch so, aber man muss schon so 3 Liter Lack getrunken haben, um so eine Entscheidung zu treffen, nicht mehr nach „offenen Bestellungen“ filtern zu können.

Update vom 23. Juli 2021:
„Offene Bestellungen“ lassen sich immer noch nicht anzeigen. Mittlerweile gibt es ein Update, welches dafür sorgt, dass das Handy (iPhone 12 Pro Max) heiß läuft, den Akku saugt und ruckelt ohne Ende. Darüber reguliert die automatische Helligkeitssteuerung nach öffnen der App nicht mehr korrekt. Man muss die App komplett schließen und das Handy kurz aus machen. Das muss man auch erstmal hinbekommen…. Deshalb nur noch 1 Stern, statt 2 Sterne.","Grundsätzlich ist die App - im Vergleich zu ähnlichen Apps - sehr gut. Sie ist schnell, zeigt Preisänderungen im Warenkorb an und relativ übersichtlich. Bei einem der letzte Updates wurde allerdings eine wichtige Funktion entfernt: Man kann nicht mehr nach „offene Bestellungen“ filtern. Konnte man früher mit dem Filter sehen, welche Bestellungen noch zur Lieferung offen sind, geht das nun nicht mehr. Stattdessen kann man sich „stornierte Bestellungen“ anzeigen lassen. Ok, dass ist auf der Internetseite leider auch so, aber man muss schon so 3 Liter Lack getrunken haben, um so eine Entscheidung zu treffen, nicht mehr nach „offenen Bestellungen“ filtern zu können.

Update vom 23. Juli 2021:
„Offene Bestellungen“ lassen sich immer noch nicht anzeigen. Mittlerweile gibt es ein Update, welches dafür sorgt, dass das Handy (iPhone 12 Pro Max) heiß läuft, den Akku saugt und ruckelt ohne Ende. Darüber reguliert die automatische Helligkeitssteuerung nach öffnen der App nicht mehr korrekt. Man muss die App komplett schließen und das Handy kurz aus machen. Das muss man auch erstmal hinbekommen…. Deshalb nur noch 1 Stern, statt 2 Sterne.",Riechbert,17.13.0,2021-07-22T12:53:47Z,True,itunes_rss_mostHelpful,False,False
aaed2c9a5d7c1a171185fddad8bd610d7eb9bd8fb4cb210cc26245061f6e888f,7595453475,348712880,Amazon,de,5,Sehr Zuverlässig und Sicher.,"Amazon ist eine einfache Sache. Sehr zuverlässig und Sicher.
Auch der Support ist sehr schnell und angenehm.
Umtausch ist einfach, was bei mir so gut wie fast nie vorkommt. Weil ich genau weiß was ich will und mich vorher erkundige.
Auch kann man gut dafür die Bewertungen benutzen.
Alles im Ganzen echt Super.","Amazon ist eine einfache Sache. Sehr zuverlässig und Sicher. 
Auch der Support ist sehr schnell und angenehm. 
Umtausch ist einfach, was bei mir so gut wie fast nie vorkommt. Weil ich genau weiß was ich will und mich vorher erkundige. 
Auch kann man gut dafür die Bewertungen benutzen. 
Alles im Ganzen echt Super.",carat2205,17.13.0,2021-07-19T20:37:22Z,True,itunes_rss_mostHelpful,False,False
750ad9b84ba370a5d19401243e3bf0360d4a28aa7a69265db2b57e2d2f196057,7587810640,348712880,Amazon,de,5,Menüs plötzlich auf Englisch,Merkwürdig… heute Nachmittag war noch alles ganz normal. Jetzt schaue ich in die App - jetzt ist alles auf Englisch. Ich habe nichts geändert. Meine Einstellungen stehen immer noch auf Deutschland und auf Deutsch. Die App hat ein Eigenleben…,Merkwürdig… heute Nachmittag war noch alles ganz normal. Jetzt schaue ich in die App - jetzt ist alles auf Englisch. Ich habe nichts geändert. Meine Einstellungen stehen immer noch auf Deutschland und auf Deutsch. Die App hat ein Eigenleben…,Saaaaaaaaaandy,17.13.0,2021-07-17T18:47:55Z,True,itunes_rss_mostHelpful,False,False
b3da181c208a3435356863d20461c38a4da4e22742a83eeffefdb4c7dd2835f1,7548921517,348712880,Amazon,de,5,Schlechtester Kundenservice,Leider der schlechteste Kundenservice den ich je erlebt habe. Marktplatz Verkäufer werden ohne Sinn in Schutz genommen und der Käufer kann sehen wo er bleibt bei Problemen. Und dann nennt man das noch a-z „Garantie“. Dieses Unternehmen kann froh sein das es keine Alternativen gibt. Bei dem schlechten Kundenservice wäre ich am liebsten sofort weg.,Leider der schlechteste Kundenservice den ich je erlebt habe. Marktplatz Verkäufer werden ohne Sinn in Schutz genommen und der Käufer kann sehen wo er bleibt bei Problemen. Und dann nennt man das noch a-z „Garantie“. Dieses Unternehmen kann froh sein das es keine Alternativen gibt. Bei dem schlechten Kundenservice wäre ich am liebsten sofort weg.,MarcellinoP,17.13.0,2021-07-07T10:38:17Z,True,itunes_rss_mostHelpful,False,False
b83d8976759b8fa84ed12eb256e9805b5e7376e12614f359f2cb86b57cae9a86,7533472465,348712880,Amazon,de,5,Eigentlich super 👍🏼,"Ich nutze die App seit vielen Jahren und bin immer sehr zufrieden, aber seit ca 2 Wochen kann ich mich nicht mehr in der App anmelden.🙄🤷🏼‍♀️
Was ist da los???? Bitte schnell wieder beheben🙏🏻🙏🏻🙏🏻","Ich nutze die App seit vielen Jahren und bin immer sehr zufrieden, aber seit ca 2 Wochen kann ich mich nicht mehr in der App anmelden.🙄🤷🏼‍♀️
 Was ist da los???? Bitte schnell wieder beheben🙏🏻🙏🏻🙏🏻",Hühnchen Helga,17.12.0,2021-07-03T06:19:39Z,True,itunes_rss_mostHelpful,False,False
8e86fe5f3fe8780047177225870f5800118555367163566da2e7b3f5f4fb7a2d,7522871296,348712880,Amazon,de,2,"Unaufgeforderte Werbung, Langsam und unübersichtlich","Die alte Version der App war eine gut funktionierende iOs App. Aber scheinbar wollte irgend ein Manager Geld sparen und dachte es ist eine gute Idee die echt App durch eine schlechte Webseite zu ersetzen.
Diese Webseite versucht zwar so zu tun, als sei sie eine App, versagt aber an vielen Stellen, wodurch das ganze einfach eine schlechte Benutzererfahrung ist. Sieht man sich ein Produkt an, so muss man pauschal 3 Sekunden warten, bevor die Detailbilder antippbar sind. Man merkt, dass die Bilder endlich da sind, wenn die Bildervorschau nach den drei Sekunden nochmal kurz zuckt. Erst dann kann man weiter machen, vor reagiert das Ganze einfach ohne Feadback gar nicht.
Produkte können nicht mehr über die IOs-Sharing-Funktion geteilt werden. Ein Produkt per Airdrop weiterempfehlen? Gibt es nicht mehr. Dafür per eMail oder Twitter. Eben wie auf der Webseite.
Auf eine sinnvolle Menüführung wurde auch verzichtet. Es gibt ja den Zurückbutton in diesem ""Browserimitat"" das reicht ja häufig. Meist ist es einfacher die App einfach per Swipe zu beenden. Dann weiß man wenigsten, wo man beim Neustart wieder landet.
Schade, dass Amazon nicht mal mehr das Geld für ein paar Entwickler übrig hat um eine iOs-App zu pflegen. Aber vermutlich sind die gerade mit der Raketensteuerung eines anderen Hobbyprojekts beschäftigt.","Die alte Version der App war eine gut funktionierende iOs App. Aber scheinbar wollte irgend ein Manager Geld sparen und dachte es ist eine gute Idee die echt App durch eine schlechte Webseite zu ersetzen.
Diese Webseite versucht zwar so zu tun, als sei sie eine App, versagt aber an vielen Stellen, wodurch das ganze einfach eine schlechte Benutzererfahrung ist. Sieht man sich ein Produkt an, so muss man pauschal 3 Sekunden warten, bevor die Detailbilder antippbar sind. Man merkt, dass die Bilder endlich da sind, wenn die Bildervorschau nach den drei Sekunden nochmal kurz zuckt. Erst dann kann man weiter machen, vor reagiert das Ganze einfach ohne Feadback gar nicht.
Produkte können nicht mehr über die IOs-Sharing-Funktion geteilt werden. Ein Produkt per Airdrop weiterempfehlen? Gibt es nicht mehr. Dafür per eMail oder Twitter. Eben wie auf der Webseite.
Auf eine sinnvolle Menüführung wurde auch verzichtet. Es gibt ja den Zurückbutton in diesem ""Browserimitat"" das reicht ja häufig. Meist ist es einfacher die App einfach per Swipe zu beenden. Dann weiß man wenigsten, wo man beim Neustart wieder landet.
Schade, dass Amazon nicht mal mehr das Geld für ein paar Entwickler übrig hat um eine iOs-App zu pflegen. Aber vermutlich sind die gerade mit der Raketensteuerung eines anderen Hobbyprojekts beschäftigt.",Corelgott,17.12.0,2021-06-30T12:16:38Z,True,itunes_rss_mostHelpful,False,False
f22532b18ef1199d7323330a5b64ebfe698c9cffb50a883618081e96faeb82d5,7507356988,348712880,Amazon,de,5,Schnell Lieferung,"Es wird immer schnell geliefert, wir bestellen uns immer, die kommen vor Liefertermin an .
Ich bin damit sehr zufrieden.☺️","Es wird immer schnell geliefert, wir bestellen uns immer, die kommen vor Liefertermin an .
Ich bin damit sehr zufrieden.☺️",Saballil,17.12.0,2021-06-26T08:53:15Z,True,itunes_rss_mostHelpful,False,False
818dc04a15cc5cfa33095b3770daa45f4154d9129a654734d7aecb01716af7a9,7500717314,348712880,Amazon,de,1,Ich wurde behandelt wie ein Hund,"Ich war seit ewigkeiten Kunde bei Amazon, bis es jetzt wiederholt Probleme gab, eine Bestellung die ich 15 Minuten nach bestellen storniert hatte und mir die stonierung bestätigt wurde, hat Amazon die 3 T-shirt trotzdem gesendet, der dazu bestellte corona Test für 2 Euro wurde storniert aber die T-shirts wurden versandt ohne meine Kenntnis da ich ja die stonierung bestätigt bekam. Ich bin darauf in den Urlaub gefahren und kam wieder und hatte 2 Mahnungen von Arvato für Amazon im Briefkasten, die erste mit 1,50€ und die zweite mit 3,50 € Aufschlag. Ich wusste nicht wofür und fand dann raus das der packetbite das packet bei meinem Haus einfach hinter die Mülltonne gelegt hat. Mein Vater hatte dies gesehen und mitgenommen. Habe bei Amazon angerufen und dann wird es komisch, ich wurde wie ein Dieb behandelt mit wurden Sachverhalte unterstellt und es wurden fadenscheinige Erklärungen abgelassen. Ich hab dort schon der Mitarbeiterin mitgespielt das ich mein Amazon Konto bitte für immer schließen wolle, dies wurde dann versucht mir auszureden. Auf 5 malignes Verlangen nach einem Weg das Konto Final und endgültig zuschliessen wurde mir dann eine Telefonnummer genannt. Dort wurde wieder versucht mit das auszureden. Final hab ich es dann doch geschafft das Amazon Konto zu löschen. Ich werde nie wieder bei Amazon bestellen","Ich war seit ewigkeiten Kunde bei Amazon, bis es jetzt wiederholt Probleme gab, eine Bestellung die ich 15 Minuten nach bestellen storniert hatte und mir die stonierung bestätigt wurde, hat Amazon die 3 T-shirt trotzdem gesendet, der dazu bestellte corona Test für 2 Euro wurde storniert aber die T-shirts wurden versandt ohne meine Kenntnis da ich ja die stonierung bestätigt bekam. Ich bin darauf in den Urlaub gefahren und kam wieder und hatte 2 Mahnungen von Arvato für Amazon im Briefkasten, die erste mit 1,50€ und die zweite mit 3,50 € Aufschlag. Ich wusste nicht wofür und fand dann raus das der packetbite das packet bei meinem Haus einfach hinter die Mülltonne gelegt hat. Mein Vater hatte dies gesehen und mitgenommen. Habe bei Amazon angerufen und dann wird es komisch, ich wurde wie ein Dieb behandelt mit wurden Sachverhalte unterstellt und es wurden fadenscheinige Erklärungen abgelassen. Ich hab dort schon der Mitarbeiterin mitgespielt das ich mein Amazon Konto bitte für immer schließen wolle, dies wurde dann versucht mir auszureden. Auf 5 malignes Verlangen nach einem Weg das Konto Final und endgültig zuschliessen wurde mir dann eine Telefonnummer genannt. Dort wurde wieder versucht mit das auszureden. Final hab ich es dann doch geschafft das Amazon Konto zu löschen. Ich werde nie wieder bei Amazon bestellen",Zombiebrain5000,17.12.0,2021-06-24T13:31:25Z,True,itunes_rss_mostHelpful,False,False
c370cc6d5200b4c1685ef5e376f5466fd9d7f1ad21cdb18db00b33d105dae677,7499981589,348712880,Amazon,de,5,Die App wird immer Kundenunfreundlicher,"Gegen neue Design‘s hab ich in der Regel nichts und man gewöhnt sich auch dran solange alle Funktionen weiter da sind!

Aber mittlerweile werden immer mehr Funktionen abgeschafft. Bei meinen Bestellungen kann ich zum Beispiel nicht mehr nach „offenen Bestellungen“ filtern. Was extrem hilfreich war wenn man sehr viel vorbestellt und den Überblick behalten will über das was noch kommt.

Jetzt wurde auch noch die Benachrichtigungsglocke abgeschafft!! Was soll denn der Blödsinn???! Die war extrem hilfreich, weil man da sehr schnell auf Versandinformationen zugreifen konnte.

Jetzt muss ich das Produkt was versendet wurde erst in meinen Bestellungen suchen um dort die Versandinformationen zu sehen.

Was wollen sie als Nächstes abschaffen, den Wunschzettel?

Vielleicht fällt es nicht jedem auf, vorallem wenn man wenig bestellt merkt man es nicht so stark aber diese paar Funktionen haben shoppen auf der Plattform sehr viel angenehmer gemacht.

Deswegen bitte wieder einfügen!","Gegen neue Design‘s hab ich in der Regel nichts und man gewöhnt sich auch dran solange alle Funktionen weiter da sind!

Aber mittlerweile werden immer mehr Funktionen abgeschafft. Bei meinen Bestellungen kann ich zum Beispiel nicht mehr nach „offenen Bestellungen“ filtern. Was extrem hilfreich war wenn man sehr viel vorbestellt und den Überblick behalten will über das was noch kommt. 

Jetzt wurde auch noch die Benachrichtigungsglocke abgeschafft!! Was soll denn der Blödsinn???! Die war extrem hilfreich, weil man da sehr schnell auf Versandinformationen zugreifen konnte. 

Jetzt muss ich das Produkt was versendet wurde erst in meinen Bestellungen suchen um dort die Versandinformationen zu sehen. 

Was wollen sie als Nächstes abschaffen, den Wunschzettel?

Vielleicht fällt es nicht jedem auf, vorallem wenn man wenig bestellt merkt man es nicht so stark aber diese paar Funktionen haben shoppen auf der Plattform sehr viel angenehmer gemacht. 

Deswegen bitte wieder einfügen!",Volte Kamui,17.12.0,2021-06-24T09:02:38Z,True,itunes_rss_mostHelpful,False,False
0aca5d149f6fa4991d1742f963852f0bf94da0def2bb3843ac5c803d0d5ce5fc,7484857856,348712880,Amazon,de,5,Schnell und unkompliziert,"Trotz Prime zahle ich den Porto öfter mit, wie ich festgestellt habe. Trotzdem bestelle ich bei Amazon sehr gerne, es ist unkompliziert. Niemand liefert so schnell und retourniert so unkompliziert. Die Gutschriften sind sofort auf dem Konto. Was will man mehr.","Trotz Prime zahle ich den Porto öfter mit, wie ich festgestellt habe. Trotzdem bestelle ich bei Amazon sehr gerne, es ist unkompliziert. Niemand liefert so schnell und retourniert so unkompliziert. Die Gutschriften sind sofort auf dem Konto. Was will man mehr.",emmafino,17.11.0,2021-06-20T06:18:48Z,True,itunes_rss_mostHelpful,False,False
4fa9497ba6d7b2c498fb84b8a6bddcebc53de6b19fdf184910c65813233e35ac,7479370725,348712880,Amazon,de,5,Love it,Was soll ich sagen? Amazon macht das Geld ausgeben mit dieser App sehr einfach ;) Spaß beiseite: die App hat eine sehr gute Navigation und die Menüführung ist klar und strukturiert man kann schnell durch das Sortiment suchen und finden. Bestelle eigentlich nur noch bei Amazon via App. Ich vermisse nichts.,Was soll ich sagen? Amazon macht das Geld ausgeben mit dieser App sehr einfach ;) Spaß beiseite: die App hat eine sehr gute Navigation und die Menüführung ist klar und strukturiert man kann schnell durch das Sortiment suchen und finden. Bestelle eigentlich nur noch bei Amazon via App. Ich vermisse nichts.,PeterPan205,17.11.0,2021-06-18T18:14:02Z,True,itunes_rss_mostHelpful,False,False
245661b7a6aadfe2ab901cc7d56db9665858ae485c73048bf4cffd1c0885b2d6,7470271792,348712880,Amazon,de,4,Gut mit nervigem Bug,Finde die App gut wenn auch teilweise etwas unübersichtlich bzgl. mancher Funktionen/Einstellungen. Bei mir (iPhone XR) hat die App allerdings schon lange einen nervigen Bug: wenn eine Musikwiedergabe aktiv ist wird diese beim Schließen der App kurz unterbrochen. Mehrmals neu installieren und iPhone zurücksetzen hat daran auch nichts geändert. Wäre schön wenn das mal behoben wird.,Finde die App gut wenn auch teilweise etwas unübersichtlich bzgl. mancher Funktionen/Einstellungen. Bei mir (iPhone XR) hat die App allerdings schon lange einen nervigen Bug: wenn eine Musikwiedergabe aktiv ist wird diese beim Schließen der App kurz unterbrochen. Mehrmals neu installieren und iPhone zurücksetzen hat daran auch nichts geändert. Wäre schön wenn das mal behoben wird.,jdk_98,17.11.0,2021-06-16T08:13:21Z,True,itunes_rss_mostHelpful,False,False
83564c5962c6f565573c190fdf53c41491ea55198d3a0678767404cd907534e7,7456166844,348712880,Amazon,de,5,Top-Service,"Vor 9 Monaten eine Waschmaschine gekauft, plötzlich hat sie einen Defekt mit dem Wasser- Zu/Ablauf. Nach einem Amazon-Chat wurde das Problem direkt behoben- defekte Maschine wird abgeholt, Geld zurückerstattet. Ich konnte mir eine neue Maschine bestellen. Der Service ist unkompliziert und Probleme werden immer sofort gelöst. Da geht wirklich gar nichts drüber! Perfekter Kundenservice nennt sich sowas! 5 Sterne!","Vor 9 Monaten eine Waschmaschine gekauft, plötzlich hat sie einen Defekt mit dem Wasser- Zu/Ablauf. Nach einem Amazon-Chat wurde das Problem direkt behoben- defekte Maschine wird abgeholt, Geld zurückerstattet. Ich konnte mir eine neue Maschine bestellen. Der Service ist unkompliziert und Probleme werden immer sofort gelöst. Da geht wirklich gar nichts drüber! Perfekter Kundenservice nennt sich sowas! 5 Sterne!",PauliDT,17.11.0,2021-06-12T13:01:04Z,True,itunes_rss_mostHelpful,False,False
e3faa87a79fac6b930100dde4df11229b6de5c51209446e7b76b6af8292c4883,7439731959,348712880,Amazon,de,5,Auch wenn…,"Auch wenn Amazon viele viele kleine Händler vom Markt verdrängt, nicht echt ökologisch und nachhaltig ist, und auch wenn man selber immer sagt „das es so nicht weitergeht“.
AMAZON ist der Wahnsinn, man bekommt fast alles dort, es ist in der Regel 2 Tage später da, oft sogar am nächsten Tag. Kaputt war bei uns ( in 2020 hatten wir 187 Bestellungen ) durch den Versand noch nie was.
Also was soll ich sagen, trotz aller möglichen, richtigen Bedenken des Onlinehandels ist AMAZON spitze.","Auch wenn Amazon viele viele kleine Händler vom Markt verdrängt, nicht echt ökologisch und nachhaltig ist, und auch wenn man selber immer sagt „das es so nicht weitergeht“.
AMAZON ist der Wahnsinn, man bekommt fast alles dort, es ist in der Regel 2 Tage später da, oft sogar am nächsten Tag. Kaputt war bei uns ( in 2020 hatten wir 187 Bestellungen ) durch den Versand noch nie was.
Also was soll ich sagen, trotz aller möglichen, richtigen Bedenken des Onlinehandels ist AMAZON spitze.",Daniel Schmäing,17.11.0,2021-06-08T05:04:00Z,True,itunes_rss_mostHelpful,False,False
721550206c920ada90ee1c03d43d6d089b87e44f4ccb8fc60851bd6900494bec,7433548019,348712880,Amazon,de,4,Kein Smile in iPad App,"Ich nutze die Amazone app gerne auf dem iPad, da sie schlicht größer ist als auf dem iPhone. Jedoch hat die iPad App einen entscheidenden Nachteil gegenüber der iPhone App. Es wird kein AmazoneSmile unterstützt. So lege ich also meine Artikel in den Warenkorb und nehme dann das iPhone um die Artikel mittels Smile zu bestellen, oder die Web Version. Leider unpraktisch.","Ich nutze die Amazone app gerne auf dem iPad, da sie schlicht größer ist als auf dem iPhone. Jedoch hat die iPad App einen entscheidenden Nachteil gegenüber der iPhone App. Es wird kein AmazoneSmile unterstützt. So lege ich also meine Artikel in den Warenkorb und nehme dann das iPhone um die Artikel mittels Smile zu bestellen, oder die Web Version. Leider unpraktisch.",AlexPogo,17.11.0,2021-06-06T13:49:20Z,True,itunes_rss_mostHelpful,False,False
e458e1ac3139ad8e1e0723879386d24520126607269940bb088a06129b652833,7433452838,348712880,Amazon,de,5,"Einfach, Schnell und durchgängige Prozesse; klasse Kundenservice","Hallo zusammen, es macht einfach Spaß hier einzukaufen. Neben dem großen Angebot auch eine klasse Preisklasse. Bisher bin ich immer steht’s hoch zufrieden, auch wenn ich mich mal vertan habe bei einer Bestellung. Der freundliche und vor allem schnelle Kundenservice ist immer hilfsbereit und findet eine zuverlässige Lösung. Der Ablauf bei einer Rücksendung ist so wie man es sich vorstellt. Einfach und unkompliziert !!!
Vielen Dank für den kompakten Service. Vielen Dank fürs Lesen und eine schönen Tag noch. VG Ronson","Hallo zusammen, es macht einfach Spaß hier einzukaufen. Neben dem großen Angebot auch eine klasse Preisklasse. Bisher bin ich immer steht’s hoch zufrieden, auch wenn ich mich mal vertan habe bei einer Bestellung. Der freundliche und vor allem schnelle Kundenservice ist immer hilfsbereit und findet eine zuverlässige Lösung. Der Ablauf bei einer Rücksendung ist so wie man es sich vorstellt. Einfach und unkompliziert !!!
Vielen Dank für den kompakten Service. Vielen Dank fürs Lesen und eine schönen Tag noch. VG Ronson",🟠✅Ronson✅✅,17.11.0,2021-06-06T13:21:29Z,True,itunes_rss_mostHelpful,False,False
415dadf08097990dfd39976470cbd003f32f0b2eceb31a8a7e269fd2cf4b7b4b,7432718690,348712880,Amazon,de,5,Schoppen leicht gemacht,"Hallo Leute,
ich möchte die Vorteile von AMAZON und Preise mal auf den Punkt bringen.
Wer Vergleich ist immer im Vorteil.
Ich liege hier in einem Pflegeheim. Manchmal brauche ich Hilfe wenn ich mal nicht woran komm. - so, mein TV ist mit WiWi verbunden doch manchmal muss ich den TV neu starten… Abhilfe Amazon! Funksteckdose bestellt und nach nur zwei Tagen da! - es gibt soviel bei Amazon, dass es „Spaß“ macht da zu stöbern. Ach, eine Bestellung habe ich noch für Euch, meine Schwiegertochter hatte Geburtstag, schön und was schenkt man? Sie hat ein Pferd und JA ich habe ihr über Amazon! ein Heuballen Geschenkt.
Vlg Michael","Hallo Leute,
ich möchte die Vorteile von AMAZON und Preise mal auf den Punkt bringen. 
Wer Vergleich ist immer im Vorteil. 
Ich liege hier in einem Pflegeheim. Manchmal brauche ich Hilfe wenn ich mal nicht woran komm. - so, mein TV ist mit WiWi verbunden doch manchmal muss ich den TV neu starten… Abhilfe Amazon! Funksteckdose bestellt und nach nur zwei Tagen da! - es gibt soviel bei Amazon, dass es „Spaß“ macht da zu stöbern. Ach, eine Bestellung habe ich noch für Euch, meine Schwiegertochter hatte Geburtstag, schön und was schenkt man? Sie hat ein Pferd und JA ich habe ihr über Amazon! ein Heuballen Geschenkt.
Vlg Michael",osteroder,17.11.0,2021-06-06T09:19:47Z,True,itunes_rss_mostHelpful,False,False
4e29d43ce9b70caf8328c395777dffeafcd8bc273bbe23ecc544fa90d0ebd371,7429810997,348712880,Amazon,de,3,Warum kein Smile in der iPad-App?,"Ich möchte mal ein grundlegendes Problem dieser App ansprechen. Ich habe mich für smile angemeldet, um der Organisation meiner Wahl etwas gutes zu tun, aber warum ist es in der App für iPad nicht möglich, auf smile umzustellen? Es nützt mir wenig, wenn ich zwar in dieser App herumstöbern kann, ich die eigentliche Bestellung dann aber auf dem viel kleineren fummligen iPhone-Bildschirm machen muss, weil nur dort smile möglich ist. Weil mir das zu unbequem ist, mache ich also meine Bestellungen lieber weiter klassisch am PC, um dort über smile zu bestellen. Statt ständig am Design der App rumzufummeln, sollten die Entwickler schnellstens mal die smile-Funktion integrieren. Das kann doch nicht so schwer sein, oder etwa doch!? Oder ist es sogar Absicht, damit Amazon nicht so viel auszahlen muss? Aktuell ist die iPad-App jedenfalls für mich nur eingeschränkt nutzbar.","Ich möchte mal ein grundlegendes Problem dieser App ansprechen. Ich habe mich für smile angemeldet, um der Organisation meiner Wahl etwas gutes zu tun, aber warum ist es in der App für iPad nicht möglich, auf smile umzustellen? Es nützt mir wenig, wenn ich zwar in dieser App herumstöbern kann, ich die eigentliche Bestellung dann aber auf dem viel kleineren fummligen iPhone-Bildschirm machen muss, weil nur dort smile möglich ist. Weil mir das zu unbequem ist, mache ich also meine Bestellungen lieber weiter klassisch am PC, um dort über smile zu bestellen. Statt ständig am Design der App rumzufummeln, sollten die Entwickler schnellstens mal die smile-Funktion integrieren. Das kann doch nicht so schwer sein, oder etwa doch!? Oder ist es sogar Absicht, damit Amazon nicht so viel auszahlen muss? Aktuell ist die iPad-App jedenfalls für mich nur eingeschränkt nutzbar.",veraeppelter,17.11.0,2021-06-05T14:45:19Z,True,itunes_rss_mostHelpful,False,False
f0e0b429c6d1605a7ca920e52c46d1013e54e1cc51a67addd279d098d3b4f395,7423304771,348712880,Amazon,de,4,Sehr gut aber teilweise etwas wenig durchdacht,"Die App ist sehr gut, man bekommt Benachrichtigung bei Rabatten, kann einfach bezahlen etc. Allerdings ist es mir öfters passiert dass ich ausversehen Dinge in den Warenkorb gelegt habe und sie ausversehen gekauft habe (konnte natürlich alles storniert werden) da der Button direkt neben dem zurück Knopf ist und man nirgends sieht dass man gerade etwas in den Warenkorb gelegt hat.","Die App ist sehr gut, man bekommt Benachrichtigung bei Rabatten, kann einfach bezahlen etc. Allerdings ist es mir öfters passiert dass ich ausversehen Dinge in den Warenkorb gelegt habe und sie ausversehen gekauft habe (konnte natürlich alles storniert werden) da der Button direkt neben dem zurück Knopf ist und man nirgends sieht dass man gerade etwas in den Warenkorb gelegt hat.",Domo sein Vater,17.11.0,2021-06-03T23:01:42Z,True,itunes_rss_mostHelpful,False,False
017a12110bf6982db195bdf59e52f716a823dbdcc59a43f499ed02a393e88d92,7421680090,348712880,Amazon,de,4,Unmöglich,"Letzten Monat war alles super,Bestellung,Lieferung und Bezahlung hat bestens geklappt. Diesen Monat wollte ich mein Guthaben einlösen und hätte etwas über 2€ zu zahlen müssen, alles okay soweit. Allerdings kann ich auf einmal nicht mehr per Lastschrift bezahlen,eine Prüfung hätte statt gefunden und es geht nur noch per Kreditkarte oder Gutschein. Ach ja, könnte ja die Visa Karte beantragen..... komisch das letzten Monat alles einwandfrei funktioniert hat. Deshalb nur 2 Sterne anstatt 5 Sterne. Unmöglich sowas.","Letzten Monat war alles super,Bestellung,Lieferung und Bezahlung hat bestens geklappt. Diesen Monat wollte ich mein Guthaben einlösen und hätte etwas über 2€ zu zahlen müssen, alles okay soweit. Allerdings kann ich auf einmal nicht mehr per Lastschrift bezahlen,eine Prüfung hätte statt gefunden und es geht nur noch per Kreditkarte oder Gutschein. Ach ja, könnte ja die Visa Karte beantragen..... komisch das letzten Monat alles einwandfrei funktioniert hat. Deshalb nur 2 Sterne anstatt 5 Sterne. Unmöglich sowas.",twiggyDee,17.11.0,2021-06-03T13:27:24Z,True,itunes_rss_mostHelpful,False,False
26629d6a18a18da4b3678d63f79969123874dfcda770c4378d98417c4e29a157,7406035098,348712880,Amazon,de,5,Zuverlässig und schnell,Auch bei Retouren keine Probleme,Auch bei Retouren keine Probleme,PottiMoppi1,17.10.0,2021-05-30T12:56:38Z,True,itunes_rss_mostHelpful,False,False
bf3f8ebf5bfff4ff6c4827f084f322d64803ec9e74c2ba12eb7fb391b8e5baa9,7389494820,348712880,Amazon,de,5,Der mit Abstand beste Versandhandel der Welt,"Schnell, nahezu perfekt, immer freundlich und besonders den Kunden im Mittelpunkt. Probleme werden sehr schnell geregelt, fast immer im Interesse der Kunden. China Ware ist leider also oft mangelhaft, man merkt es leider erst wenn man sie hat. Ansonsten beglückwünsche ich Amazon und ihren Chef Bezos zu diesem Welt weiten Perfektionismus. Es ist wirklich ein Spaß, sehr positiv und es sollte sich doch niemand aufregen, wenn hat auch Geld verdient hat – dahinter steht eine wahnsinnige Leistung und die muss gewürdigt werden. Herzlichen Dank und weiterhin viel Erfolg. Mich als Kunden, zufriedenen Kunden haben sie zu 100 %","Schnell, nahezu perfekt, immer freundlich und besonders den Kunden im Mittelpunkt. Probleme werden sehr schnell geregelt, fast immer im Interesse der Kunden. China Ware ist leider also oft mangelhaft, man merkt es leider erst wenn man sie hat. Ansonsten beglückwünsche ich Amazon und ihren Chef Bezos zu diesem Welt weiten Perfektionismus. Es ist wirklich ein Spaß, sehr positiv und es sollte sich doch niemand aufregen, wenn hat auch Geld verdient hat – dahinter steht eine wahnsinnige Leistung und die muss gewürdigt werden. Herzlichen Dank und weiterhin viel Erfolg. Mich als Kunden, zufriedenen Kunden haben sie zu 100 %",Goldjunge777,17.10.0,2021-05-26T07:07:18Z,True,itunes_rss_mostHelpful,False,False
48e2ac9d295282c60251c9334a5c3ba8a308c4d7dd580ef33d2cdc72a00783ba,7357973664,348712880,Amazon,de,5,Immer wieder Probleme mit der App,"Muss feststellen, das die App  immer noch unzuverlässig läuft. Hatte sie bereits vor einiger Zeit mal getestet und nun erneut. App reagiert manchmal nicht und es kommt auch zu Anzeigefehler. Bestellungen über Safari funktionieren immer ohne Probleme, habe App wieder gelöscht.","Muss feststellen, das die App  immer noch unzuverlässig läuft. Hatte sie bereits vor einiger Zeit mal getestet und nun erneut. App reagiert manchmal nicht und es kommt auch zu Anzeigefehler. Bestellungen über Safari funktionieren immer ohne Probleme, habe App wieder gelöscht.",lando70,17.10.0,2021-05-18T22:43:41Z,True,itunes_rss_mostHelpful,False,False
2fbd0939a0cfe064a78f51a1ab7bce404a161b080f1aff0307086ac1b94b1e9a,7349681340,348712880,Amazon,de,5,"Funktionell, übersichtlich",Die App funktioniert einwandfrei. Sie ist sehr übersichtlich aufgebaut.,Die App funktioniert einwandfrei. Sie ist sehr übersichtlich aufgebaut.,Daschi64,17.9.0,2021-05-17T09:05:34Z,True,itunes_rss_mostHelpful,False,False
3582f28f6139cfa3fb3b0e5494f2fa31627094865743b2371de5c225ef6e9edd,7312163295,348712880,Amazon,de,5,Übersichtlich,Die Seite ist gut abgestimmt. Gute Suchfunktion über alle Kategorien. Filterung funktioniert auch gut. Mich nervt lediglich die automatischen Vorschläge. Wenn ich mir eine Festplatte gekauft habe möchte ich nicht jeden Tag mit einem Vorschlag für den Kauf einer Festplatte begrüßt werden.....,Die Seite ist gut abgestimmt. Gute Suchfunktion über alle Kategorien. Filterung funktioniert auch gut. Mich nervt lediglich die automatischen Vorschläge. Wenn ich mir eine Festplatte gekauft habe möchte ich nicht jeden Tag mit einem Vorschlag für den Kauf einer Festplatte begrüßt werden.....,hammralf,17.9.0,2021-05-08T11:23:40Z,True,itunes_rss_mostHelpful,False,False
25ade1de838c395826216eb6e92925c0357f5088d20dcdd56434b3ce639e0951,7284811247,348712880,Amazon,de,5,Man kann keine Artikel die man im Internet gefunden hat auf die App - Version kopieren,"Man kann keine Artikel die man im Internet gefunden hat auf die App - Version kopieren!

Das ist ärgerlich und schade !","Man kann keine Artikel die man im Internet gefunden hat auf die App - Version kopieren!

Das ist ärgerlich und schade !",MatzeSari,17.8.0,2021-05-01T12:23:30Z,True,itunes_rss_mostHelpful,False,False
51302b8f5c3a10748cbd5ba0397fd9c279291079f6c8e72a365e190590f1221f,7284715482,348712880,Amazon,de,5,"Schnell, einfach und bequem","So leid es mir tut, aber bei Amazon bekommt man einfach alles und schnell 🛬geliefert ohne sich stressen zu müssen. Gerade in diesen Zeiten, wo man eh nichts einkaufen kann ist es umso schöner, hier auf dieser Plattform zu shoppen. 🛍🛒","So leid es mir tut, aber bei Amazon bekommt man einfach alles und schnell 🛬geliefert ohne sich stressen zu müssen. Gerade in diesen Zeiten, wo man eh nichts einkaufen kann ist es umso schöner, hier auf dieser Plattform zu shoppen. 🛍🛒",Herze76,17.8.0,2021-05-01T11:53:39Z,True,itunes_rss_mostHelpful,False,False
b388022261fe4912f4be8d9f75d183c65ad90e9f395c0416a59ea8c2d4e58424,7283170312,348712880,Amazon,de,5,Die beste BestellApp,"Zu einem hat Amazon alles mögliche was man sich vorstellt, man kann alles mögliche bestellen was man braucht, egal ob Marke gebraucht oder neu. Als Amazon Prime Kunde, kriegt man viele Rabatte und schnelle Lieferungen, wenn sie Sachen auf Lager sind.  Zum anderen findet ihr ein super freundliches Kundenservice Team, und Einstellungen (Kundenservice) wo ihr mit echtem Menschen chatten könnt, beraten werden und wo euch werde Frage beantwortet wird. Super App kann ich nur weiter empfehlen .. ♥️☺️😍","Zu einem hat Amazon alles mögliche was man sich vorstellt, man kann alles mögliche bestellen was man braucht, egal ob Marke gebraucht oder neu. Als Amazon Prime Kunde, kriegt man viele Rabatte und schnelle Lieferungen, wenn sie Sachen auf Lager sind.  Zum anderen findet ihr ein super freundliches Kundenservice Team, und Einstellungen (Kundenservice) wo ihr mit echtem Menschen chatten könnt, beraten werden und wo euch werde Frage beantwortet wird. Super App kann ich nur weiter empfehlen .. ♥️☺️😍",AmiJugo,17.8.0,2021-05-01T02:18:19Z,True,itunes_rss_mostHelpful,False,False
4c060ca731c4f8473776d1564fc34c7ff1053660749a24e35d55f4a78f2091b2,7279569774,348712880,Amazon,de,5,Übersichtlich und Informativ,…dem ist nichts mehr hinzuzufügen,…dem ist nichts mehr hinzuzufügen,Alibi1966,17.8.0,2021-04-30T04:26:13Z,True,itunes_rss_mostHelpful,False,False
df0bbf55f8423e6c89fa2978ed22a9fe5d0d3b3186e34b6e093017dda9f189de,7250101450,348712880,Amazon,de,3,Nach 5 Jahre Erfahrung mit Prime uzw.,"Die App selber ist Okay, aber das was in letze Zeit da los ist kann ich mir nicht vorstellen. China Ware aus AliExpress für 4fach €, in Produktbeschreibung steht „Privat Verkauf, keine Garantie keine Rücknahme“, dann Gleiche Artikeln kosten z.B. 11€ ohne Prime  und Artikel für Prime Abo ist für 13€ ?! Also wo für ist Amazon Prime?! Dann noch kommen wir zum Thema... FAKE WERBUNGEN. DIE WERBUNGEN sind am meisten FAKE - Negative und auch Positive!! Und extra dazu gebt da Leuten die sind auch blöd und schreiben falsche Werbungen weil die dumm sind! Z.b eine Fahrradkette mit schnellverschluss ein Typ gebt 1 Stern ⭐️ weil er ist der Meinung das schnellverschluss zu kurz ist - er schreibt mangelhaft! Nein. Er hat nur keine Ahnung wie muss man das einbauen mit z.B eine Fahhrad Kettezange, oder einfach mit Spitzzange. Leuten können nicht logisch denken z.B. warum ist was genau so gebaut. Und haben keine Ahnung von Montage und Benutzung aber die selber wissen alles besser und schreiben negative Kommentare zum gutes Produkt. z.B  Bei 20Nm Anzug Moment nutzen die kein Drehmomentschlüssel sonder Zehen die Schraube voll fest mit 1m lang Schlüssel und meckern die das das gebrochen ist.. naja und über Fake Werbungen bei Amazon  die gekauft sind kann man schön auf  z.B. YouTube schauen wie das funktioniert. Arme Welt. Nur abzoge und Manipulation.","Die App selber ist Okay, aber das was in letze Zeit da los ist kann ich mir nicht vorstellen. China Ware aus AliExpress für 4fach €, in Produktbeschreibung steht „Privat Verkauf, keine Garantie keine Rücknahme“, dann Gleiche Artikeln kosten z.B. 11€ ohne Prime  und Artikel für Prime Abo ist für 13€ ?! Also wo für ist Amazon Prime?! Dann noch kommen wir zum Thema... FAKE WERBUNGEN. DIE WERBUNGEN sind am meisten FAKE - Negative und auch Positive!! Und extra dazu gebt da Leuten die sind auch blöd und schreiben falsche Werbungen weil die dumm sind! Z.b eine Fahrradkette mit schnellverschluss ein Typ gebt 1 Stern ⭐️ weil er ist der Meinung das schnellverschluss zu kurz ist - er schreibt mangelhaft! Nein. Er hat nur keine Ahnung wie muss man das einbauen mit z.B eine Fahhrad Kettezange, oder einfach mit Spitzzange. Leuten können nicht logisch denken z.B. warum ist was genau so gebaut. Und haben keine Ahnung von Montage und Benutzung aber die selber wissen alles besser und schreiben negative Kommentare zum gutes Produkt. z.B  Bei 20Nm Anzug Moment nutzen die kein Drehmomentschlüssel sonder Zehen die Schraube voll fest mit 1m lang Schlüssel und meckern die das das gebrochen ist.. naja und über Fake Werbungen bei Amazon  die gekauft sind kann man schön auf  z.B. YouTube schauen wie das funktioniert. Arme Welt. Nur abzoge und Manipulation.",Slavioos,,2021-04-22T08:21:24Z,True,web_ssr_helpful,False,False
8f4a495999a8a195372cbb7537e360af313f3824e09314d442bafb7fdbf42959,7209706550,348712880,Amazon,de,5,Kundenservice,Mir wurde der Geld Betrag doppelt abgebucht ich bekam mein Geld auch nicht wieder nach Stunden langen schreiben mit dem Kundenservice sie reagierten immer gleich Transaktions Daten bitte ich schicke alles sie sagen sie schreiben es auf und schicken mir mein Geld wieder dann passiert nichts dann muss ich wieder schreiben ich hab keine Lust mehr das wahren jetzt 200€ die ich nie wieder sehe aber ok ich bestell da nie wieder was,Mir wurde der Geld Betrag doppelt abgebucht ich bekam mein Geld auch nicht wieder nach Stunden langen schreiben mit dem Kundenservice sie reagierten immer gleich Transaktions Daten bitte ich schicke alles sie sagen sie schreiben es auf und schicken mir mein Geld wieder dann passiert nichts dann muss ich wieder schreiben ich hab keine Lust mehr das wahren jetzt 200€ die ich nie wieder sehe aber ok ich bestell da nie wieder was,;/!:):):?:):?:!!!,17.7.0,2021-04-11T10:34:30Z,True,itunes_rss_mostHelpful,False,False
5c91c5481121012d7aa3fb6990f66cc55c9a472e9941247ab2e6e94ce50f40a8,7202967830,348712880,Amazon,de,5,Filter Funktionen,"Für mich fehlt eine Filteroption „nur nationaler Versand „ bzw. „nur kontinentaler Versand“. Ständig fällt man auf China-Produkte rein, die dann ewig brauchen und am Ende zwei Größen zu klein sind.

Außerdem fehlt eine Filter Funktion „nur kostenlose Rücksendung „","Für mich fehlt eine Filteroption „nur nationaler Versand „ bzw. „nur kontinentaler Versand“. Ständig fällt man auf China-Produkte rein, die dann ewig brauchen und am Ende zwei Größen zu klein sind. 

Außerdem fehlt eine Filter Funktion „nur kostenlose Rücksendung „",SimonAusBrennberg,17.7.0,2021-04-09T17:45:51Z,True,itunes_rss_mostHelpful,False,False
d18af90d669870c956a120fc39ac9609f14fbf1d979edab05626437da7827e2c,7159891496,348712880,Amazon,de,5,wenn man was braucht - klar! Amazon!,Man findet nicht nur alles was man braucht und bekommt unkompliziert und schnell mit wenigen Klicks seine Ware - man hat auch noch einen oft sehr freundlichen Service. Wir kaufen gern und oft auf Amazon.,Man findet nicht nur alles was man braucht und bekommt unkompliziert und schnell mit wenigen Klicks seine Ware - man hat auch noch einen oft sehr freundlichen Service. Wir kaufen gern und oft auf Amazon.,ta.wö.,17.6.0,2021-03-29T20:50:12Z,True,itunes_rss_mostHelpful,False,False
2e36c7973665bb992f2708e62563a51f6be73d7d0e2e5e25de20cf4ae0e1faaf,7129462337,348712880,Amazon,de,5,Empfehlenswert,Gut und übersichtlich,Gut und übersichtlich,Rychmenrych,17.5.0,2021-03-21T23:21:58Z,True,itunes_rss_mostHelpful,False,False
6fdab95de06f1e76b33cf47271a765af38e6805129e3b4cae0b5f39dafefe795,7125236455,348712880,Amazon,de,4,Bis auf das neue Symbol immer noch gut,"Insgesamt bin ich mit der App schon längere Zeit sehr zufrieden. Ich finde im Normalfall alles was ich suche schnell und der Aufbau ist selbsterklärend. Auch bei Zahlungen gab es nie Probleme. Ein Manko ist das neue, extrem hässliche App Symbol. Erst dachte ich beim Update wäre etwas schief gelaufen und wollte deshalb die App löschen, um den Fehler mit einer Neuinstallation zu beheben. Dann habe ich gesehen, dass das auf unserem Pad genauso ist. Also dass sowas übelst Schlechtes jemand abgesegnet hat, ist nicht nur mir ein Rätsel. Das macht zwar die App nicht unbrauchbar, aber bei mir ist sie auf eine andere Seite gewandert, weil mich dieser grafische Unfall sehr stört.","Insgesamt bin ich mit der App schon längere Zeit sehr zufrieden. Ich finde im Normalfall alles was ich suche schnell und der Aufbau ist selbsterklärend. Auch bei Zahlungen gab es nie Probleme. Ein Manko ist das neue, extrem hässliche App Symbol. Erst dachte ich beim Update wäre etwas schief gelaufen und wollte deshalb die App löschen, um den Fehler mit einer Neuinstallation zu beheben. Dann habe ich gesehen, dass das auf unserem Pad genauso ist. Also dass sowas übelst Schlechtes jemand abgesegnet hat, ist nicht nur mir ein Rätsel. Das macht zwar die App nicht unbrauchbar, aber bei mir ist sie auf eine andere Seite gewandert, weil mich dieser grafische Unfall sehr stört.",Applefanatic73,17.5.0,2021-03-20T20:36:26Z,True,itunes_rss_mostHelpful,False,False
6fbf8647bd9274501c7112c5e929c9b0fcb2f5dcd6b1d4060dbd0f172781129d,7119353965,348712880,Amazon,de,5,Zu viel nicht suchbezogene Werbung,"Ich habe nichts gegen Werbung, leider oft entspricht sie nicht meine angegebene Suche. Oft drunter steht noch gesponsert","Ich habe nichts gegen Werbung, leider oft entspricht sie nicht meine angegebene Suche. Oft drunter steht noch gesponsert",valja,17.5.0,2021-03-19T07:46:45Z,True,itunes_rss_mostHelpful,False,False
2fda72ec4abfb5d9e339e1d6cf8081f0197c7df8e38f311ca09a86a3344a5077,7110942756,348712880,Amazon,de,4,"Gute App, aber das neue Logo....","Die App funktioniert in der Regel gut, man findet sich gut zurecht. Nur leider muss ich sagen das dieses neue Logo mit dem Karton wirklich schei** ausschaut. Es ist im Übrigen nun leicht zu übersehen, der Amazon Schriftzug und der Einkaufswagen waren immer direkt zu erkennen. Dies ist schon ziemlich ärgerlich, nun diesen nichts aussagenden Karton auf dem Bildschirm zu haben....
Wird das nächste Logo mal wieder vernünftig und sinnvoll gibt es fünf Sterne 😉","Die App funktioniert in der Regel gut, man findet sich gut zurecht. Nur leider muss ich sagen das dieses neue Logo mit dem Karton wirklich schei** ausschaut. Es ist im Übrigen nun leicht zu übersehen, der Amazon Schriftzug und der Einkaufswagen waren immer direkt zu erkennen. Dies ist schon ziemlich ärgerlich, nun diesen nichts aussagenden Karton auf dem Bildschirm zu haben....
Wird das nächste Logo mal wieder vernünftig und sinnvoll gibt es fünf Sterne 😉",ikarus074,17.5.0,2021-03-16T23:05:42Z,True,itunes_rss_mostHelpful,False,False
54367500f4ea2e3459acc0a21f19c72e4426db95a4598e134544659fb1c0e429,7104236896,348712880,Amazon,de,3,Nachrichtenflut,"Vier oder fünf Sterne wären durchaus möglich, aber leider gibt einem Amazon nicht die Möglichkeit, die Benachrichtigungen so einzustellen, dass man für all das, was einem die App sowieso meldet, nicht gleichzeitig mindestens noch eine E-Mail zugeschickt bekommt. Da auf meinem Telefon sowohl die E-Mail Accounts als auch die Amazon App installiert ist, erhalte ich also für eine simpler Bestellung mindestens vie Benachrichtigungen. Eine Bestellbestätigung und einen Lieferstatus.
Eine total überflüssige Informationsflut. Zudem (besonders unangenehm!) Lassen sich die Benachrichtigungen in der App nur deaktivieren, wenn dafür auf den Amazon Smile Status für sämtliche Mobile Bestellungen verzichtet wird. Schade, ansonsten funktioniert die App gut. Was Datensicherheit und dergleichen angeht, Stichwort gläserner Kunde und so weiter ist natürlich klar, worauf man sich in so einem Fall hier ein lässt Die Funktionalitäten eine Services wie Amazon bringen solche Risiken mit sich. Hier heißt es Vertrauen oder nicht.","Vier oder fünf Sterne wären durchaus möglich, aber leider gibt einem Amazon nicht die Möglichkeit, die Benachrichtigungen so einzustellen, dass man für all das, was einem die App sowieso meldet, nicht gleichzeitig mindestens noch eine E-Mail zugeschickt bekommt. Da auf meinem Telefon sowohl die E-Mail Accounts als auch die Amazon App installiert ist, erhalte ich also für eine simpler Bestellung mindestens vie Benachrichtigungen. Eine Bestellbestätigung und einen Lieferstatus.
Eine total überflüssige Informationsflut. Zudem (besonders unangenehm!) Lassen sich die Benachrichtigungen in der App nur deaktivieren, wenn dafür auf den Amazon Smile Status für sämtliche Mobile Bestellungen verzichtet wird. Schade, ansonsten funktioniert die App gut. Was Datensicherheit und dergleichen angeht, Stichwort gläserner Kunde und so weiter ist natürlich klar, worauf man sich in so einem Fall hier ein lässt Die Funktionalitäten eine Services wie Amazon bringen solche Risiken mit sich. Hier heißt es Vertrauen oder nicht.",M. Klas,17.5.0,2021-03-15T03:38:45Z,True,itunes_rss_mostHelpful,False,False
84e6c6c3041abc79d405688791c78c5698a4dd85e55097a48da2846786d17667,7093436003,348712880,Amazon,de,5,Perfekt,Schnell und unkompliziert. Sehr schön!,Schnell und unkompliziert. Sehr schön!,Marion Gabriela,17.5.0,2021-03-12T05:55:42Z,True,itunes_rss_mostHelpful,False,False
c22dc7164b877a0c4df9bb76789d6d5a61f948f8a3f49eb7faf0b1a72114f462,7077378769,348712880,Amazon,de,5,Ihr vollidioten,"Ganz ehrlich es gibt hier ernsthaft Leute die behaupten das Logo sieht aus wie hit*er spinnt ihr eigentlich komplett also ich finde das Logo sieht überhaupt nicht aus wie ein hit*er Bärtchen da merkt man ja was für Fantasien bei euch im Kopf rum turnen und Dan sagen Amazon sei rechts ihr habt nicht mehr alle Latten am Zaun Amazon hat nichts besseres zu tun als die Alleinerziehenden Familien Väter mit einem Möchtegern hitlabärtchen zu provozieren

Ihr könnt euch ja der Npd anschließen wenn bei euch solche Fantasien aufkommen ihr vollidioten","Ganz ehrlich es gibt hier ernsthaft Leute die behaupten das Logo sieht aus wie hit*er spinnt ihr eigentlich komplett also ich finde das Logo sieht überhaupt nicht aus wie ein hit*er Bärtchen da merkt man ja was für Fantasien bei euch im Kopf rum turnen und Dan sagen Amazon sei rechts ihr habt nicht mehr alle Latten am Zaun Amazon hat nichts besseres zu tun als die Alleinerziehenden Familien Väter mit einem Möchtegern hitlabärtchen zu provozieren 

Ihr könnt euch ja der Npd anschließen wenn bei euch solche Fantasien aufkommen ihr vollidioten",blyatergy,17.4.0,2021-03-07T21:28:42Z,True,itunes_rss_mostHelpful,False,False
5856e3cff9c1d02233fa499020f16480ebf0ddf5208ee9802d4e64dfbe223cab,7075568856,348712880,Amazon,de,5,War eigentlich immer zu Frieden,War eigentlich immer zu Frieden mit der App aber seit dem neusten Update zeigt sie mir bei einer Bestellung immer an das ich meine Zahlung ändern soll da es eigentlich immer von mein Konto ab geht nervt es nur noch bitte beheben und es werden wieder 5 Sterne.,War eigentlich immer zu Frieden mit der App aber seit dem neusten Update zeigt sie mir bei einer Bestellung immer an das ich meine Zahlung ändern soll da es eigentlich immer von mein Konto ab geht nervt es nur noch bitte beheben und es werden wieder 5 Sterne.,mebuss 71,17.4.0,2021-03-07T11:00:37Z,True,itunes_rss_mostHelpful,False,False
3f2789142e4e01d415a4342d483f0a10c6bbfe5146f7693beeed50bdc67c4992,7075178057,348712880,Amazon,de,5,Immer wieder gut!,"Super praktisch, schnell und zuverlässig!","Super praktisch, schnell und zuverlässig!",Greg€€€,17.4.0,2021-03-07T08:41:54Z,True,itunes_rss_mostHelpful,False,False
5023aaabc90284e216c78a0b6bf8bfe5cbdc5fee5f25d811990fe2e8ab44168c,7069051326,348712880,Amazon,de,5,Vollkommen Zufrieden,"Seit 2017 bin ich Kunde bei Amazon und kann alles kaufen, was ich brauche oder will. Alles Größe Bekleidung, Schuhe, Lebensmittel von verschiedenen Länder.
Alles ist in Ordnung, preiswerter, natürlich gibt es Fehler aber meine Bewertung ist 5 Sterne ganz sicher.
Ich kann nicht Amazon leben.
Vielen Dank für deine Leistung, Verständnis, Angeboten und viel mehr.","Seit 2017 bin ich Kunde bei Amazon und kann alles kaufen, was ich brauche oder will. Alles Größe Bekleidung, Schuhe, Lebensmittel von verschiedenen Länder.
Alles ist in Ordnung, preiswerter, natürlich gibt es Fehler aber meine Bewertung ist 5 Sterne ganz sicher.
Ich kann nicht Amazon leben.
Vielen Dank für deine Leistung, Verständnis, Angeboten und viel mehr.",Guillermo1963,17.4.0,2021-03-05T18:16:06Z,True,itunes_rss_mostHelpful,False,False
a0115a1d1587441c4de0ebef30bfb1ea461e064c731df1db8593be6d604a0028,7052428094,348712880,Amazon,de,5,Design Flop,Das neue Design ist wirklich nicht gelungen 😕👎,Das neue Design ist wirklich nicht gelungen 😕👎,Websen84,17.4.0,2021-03-01T10:33:17Z,True,itunes_rss_mostHelpful,False,False
8624f733eca7d4b75c6849835be289c7c8b195b4886fc30d7d4479e6c2a0dfb8,7046359999,348712880,Amazon,de,5,"Ich liebe sie, ABER..","Amazon ist mein All-time-Favorit. Bis jetzt war es völlig egal welches Update kam, ich kam sofort mit der Neuerung klar und es war alles logisch und einfach aufgebaut.
ABER dieses neue „Pappkarton“-icon.. also ich weiß ja nicht wer auf den blödsinn kam? Sorry aber das sieht furchtbar aus! Hätte gern das alte wieder und wenn ich das gewusst hätte dann hätte ich garantiert auch dieses Mal kein Update gemacht.","Amazon ist mein All-time-Favorit. Bis jetzt war es völlig egal welches Update kam, ich kam sofort mit der Neuerung klar und es war alles logisch und einfach aufgebaut. 
ABER dieses neue „Pappkarton“-icon.. also ich weiß ja nicht wer auf den blödsinn kam? Sorry aber das sieht furchtbar aus! Hätte gern das alte wieder und wenn ich das gewusst hätte dann hätte ich garantiert auch dieses Mal kein Update gemacht.",Schnubbi :),17.4.0,2021-02-27T20:33:35Z,True,itunes_rss_mostHelpful,False,False
6ef7993c533291e510c77cede9831b7e1b7d28dd25ad689fc6a16da0efe68343,7023527297,348712880,Amazon,de,5,App hackt,Seit dem neuen Update hackt die App und hängt sich ständig auf für mehrere Sekunden. Außerdem beim Vorschau von Produkten kann man manchmal nicht zurück zur vorherigen Seite rückkehren. Ich hoffe die Entwickler können das mit dem nächsten Update beheben.,Seit dem neuen Update hackt die App und hängt sich ständig auf für mehrere Sekunden. Außerdem beim Vorschau von Produkten kann man manchmal nicht zurück zur vorherigen Seite rückkehren. Ich hoffe die Entwickler können das mit dem nächsten Update beheben.,ferobier,17.3.0,2021-02-22T01:30:04Z,True,itunes_rss_mostHelpful,False,False
bc73a66aedd2aa555912ea575fd71924124f8f683fec016a1436dd2bc356d562,7002683230,348712880,Amazon,de,5,Bin absolut zufrieden,"Das einzige was mir tatsächlich fehlt ist die Anzeige des Gesamt-Bestellwerts innerhalb der Wunschlisten. Zur schnellen Übersicht ob man direkt alles in den Warenkorb packt oder lieber in mehrere Bestellungen teilt, habe eine Liste mit bald 20 Büchern die ich für den Job brauchen werde und da wäre das ganz cool ;)","Das einzige was mir tatsächlich fehlt ist die Anzeige des Gesamt-Bestellwerts innerhalb der Wunschlisten. Zur schnellen Übersicht ob man direkt alles in den Warenkorb packt oder lieber in mehrere Bestellungen teilt, habe eine Liste mit bald 20 Büchern die ich für den Job brauchen werde und da wäre das ganz cool ;)",Bruno1988G,17.3.0,2021-02-16T21:09:15Z,True,itunes_rss_mostHelpful,False,False
236dfc2eff1e8c2eef8d764fc4e1e33b93365ebc795efd5ba55378cc94e5f793,6966278467,348712880,Amazon,de,5,Super,"Alles kommt pünktlich an. Bei Waren, die eine lange Lieferzeit wie zum Beispiel 2 Monate haben, ist die Lieferzeit eigentlich immer trotzdem nur ca 2 Wochen. Die Ware ist immer wie erwartetund nicht beschädigt. Ich bin zufrieden zurzeit.
Eine Zeitlang war ich enttäuscht weil ich nur noch mit Kreditkarte zahlen konnte. Mittlerweile gehts wieder mit Bankeinzug oder Rechnung. Danke an die Macher von Amazon:)","Alles kommt pünktlich an. Bei Waren, die eine lange Lieferzeit wie zum Beispiel 2 Monate haben, ist die Lieferzeit eigentlich immer trotzdem nur ca 2 Wochen. Die Ware ist immer wie erwartetund nicht beschädigt. Ich bin zufrieden zurzeit. 
Eine Zeitlang war ich enttäuscht weil ich nur noch mit Kreditkarte zahlen konnte. Mittlerweile gehts wieder mit Bankeinzug oder Rechnung. Danke an die Macher von Amazon:)",Tascha.x,17.2.0,2021-02-07T17:10:13Z,True,itunes_rss_mostHelpful,False,False
919147602dea79d7818aee2d11f7898324781ed539dff392a3b5d283fa8132fb,6956455932,348712880,Amazon,de,5,❤️,finde Amazon ziemlich gut und auch der Kundenservice hilft einem sehr weiter und man muss nicht ewig warten,finde Amazon ziemlich gut und auch der Kundenservice hilft einem sehr weiter und man muss nicht ewig warten,Lixxm,17.2.0,2021-02-05T09:39:43Z,True,itunes_rss_mostHelpful,False,False
663b13c0150a7ae8187d3f845f61b4fe1da58e0101c754012c8189a654dcae9d,6935997866,348712880,Amazon,de,5,Fehler vom Update?,"Ich bin eigentlich bis jetzt sehr zufrieden gewesen, aber warum nach dem Update meine Wunschliste leer ist, ist leider nicht zu verstehen.  Ich hoffe, dass das nächste Update besser wird.","Ich bin eigentlich bis jetzt sehr zufrieden gewesen, aber warum nach dem Update meine Wunschliste leer ist, ist leider nicht zu verstehen.  Ich hoffe, dass das nächste Update besser wird.",Janicom,17.2.0,2021-01-31T10:43:47Z,True,itunes_rss_mostHelpful,False,False
3ef3c7e3edeca66d34efedbf971fd4cedfcc4aaf9b469f374d2b56c5b254414d,6929269598,348712880,Amazon,de,5,geht 0 nach Update gestern,Seit dem ich das Update gestern gemacht habe kann ich nichteinmal irgendwas eintippen höchstens ein paar Buchstaben und dann hängt es sich auf das ich die app verlassen muss schade bitte Beheben 🙏🏼,Seit dem ich das Update gestern gemacht habe kann ich nichteinmal irgendwas eintippen höchstens ein paar Buchstaben und dann hängt es sich auf das ich die app verlassen muss schade bitte Beheben 🙏🏼,Miri mag Käse 😂👋,17.2.0,2021-01-29T18:06:00Z,True,itunes_rss_mostHelpful,False,False
1de9fb74523c4e1c01ef7e80549befd78cbd4621c97dc4c67f40f7bb1a4f70bd,6897524670,348712880,Amazon,de,3,Soweit ganz gut...,"Wenn da nicht z. B.  die Instabilitäten wäre. Gerade hat Amazon bzw. die App meine Kontonummer vergessen und besteht darauf, dass ich per Kreditkarte zahle. Dabei ist die Kontoverbindung im Profil hinterlegt und frisch als bevorzugter Zahlungsweg bestätigt.

Und die Suchmöglichkeiten sind nicht mehr auf dem Stand der Technik. Es sind nur wenige Kriterien, dann oft nur unsinnige und die Ergebnisse entsprechen den Kriterien oft so gar nicht. Man fragt sich, wer da die Zuordnung von Begriffen und Artikeln macht bzw. das programmiert. Das ist deutlich mehr künstlich als intelligent.

Von dem Grundproblem mit Amazon im Hinblick auf Steuern zahlen und Arbeitnehmerrechten will ich hier mal nicht anfangen, sonst wird die Rezension gleich einkassiert.","Wenn da nicht z. B.  die Instabilitäten wäre. Gerade hat Amazon bzw. die App meine Kontonummer vergessen und besteht darauf, dass ich per Kreditkarte zahle. Dabei ist die Kontoverbindung im Profil hinterlegt und frisch als bevorzugter Zahlungsweg bestätigt. 

Und die Suchmöglichkeiten sind nicht mehr auf dem Stand der Technik. Es sind nur wenige Kriterien, dann oft nur unsinnige und die Ergebnisse entsprechen den Kriterien oft so gar nicht. Man fragt sich, wer da die Zuordnung von Begriffen und Artikeln macht bzw. das programmiert. Das ist deutlich mehr künstlich als intelligent. 

Von dem Grundproblem mit Amazon im Hinblick auf Steuern zahlen und Arbeitnehmerrechten will ich hier mal nicht anfangen, sonst wird die Rezension gleich einkassiert.",Profi-Bewerter,17.1.0,2021-01-21T20:24:00Z,True,itunes_rss_mostHelpful,False,False
c8d4c000f26900ac0c4ac21efb361cf8ced54cf4c492ebf0e0b179c1519659ec,6865056307,348712880,Amazon,de,2,Hmm,"Früher hab ich gerne mal bei Amazon bestellt aber mittlerweile kommt mir das nicht mehr normal vor. Ich habe im Februar letzten Jahres einen Gutschein mit hohem Wert auf mein Konto geladen, einlösen kann ich ihn nicht da ich angeblich eine offene Rechnung habe. Ich habe den Support kontaktiert und die fanden eine Rechnung die wohl noch offen war, konnten mir aber nicht sagen was ich bestellt habe. Habe sofort bezahlt und man meinte zu mir es könne ein wenig dauern bis mein Konto wieder frei ist. Nach 1 woche Immernoch nichts passiert, habe den Support nochmal kontaktiert und die konnten mir auch nicht helfen, ich solle weiter warten. Nach einem Monat Immernoch nichts und nach nochmaligem Suchen des Gesprächs wurde mir erneut gesagt das da eine Rechnung ( vom gleichen Wert) offen ist. Ich glaub ich spinne. Nun ist mein Konto seit einem Jahr eingefroren, mein Geld weg und der Gutschein nicht einlösbar, es sei denn ich bezahle erneut 65€","Früher hab ich gerne mal bei Amazon bestellt aber mittlerweile kommt mir das nicht mehr normal vor. Ich habe im Februar letzten Jahres einen Gutschein mit hohem Wert auf mein Konto geladen, einlösen kann ich ihn nicht da ich angeblich eine offene Rechnung habe. Ich habe den Support kontaktiert und die fanden eine Rechnung die wohl noch offen war, konnten mir aber nicht sagen was ich bestellt habe. Habe sofort bezahlt und man meinte zu mir es könne ein wenig dauern bis mein Konto wieder frei ist. Nach 1 woche Immernoch nichts passiert, habe den Support nochmal kontaktiert und die konnten mir auch nicht helfen, ich solle weiter warten. Nach einem Monat Immernoch nichts und nach nochmaligem Suchen des Gesprächs wurde mir erneut gesagt das da eine Rechnung ( vom gleichen Wert) offen ist. Ich glaub ich spinne. Nun ist mein Konto seit einem Jahr eingefroren, mein Geld weg und der Gutschein nicht einlösbar, es sei denn ich bezahle erneut 65€",.b.a.c.a,17.1.0,2021-01-13T13:53:57Z,True,itunes_rss_mostHelpful,False,False
23b1426ff404cc56ce6775941e4124d2b6c0471074ceb792dc6895a7bf546b3a,6862846139,348712880,Amazon,de,4,Momentan unzufriedener...,"... weil die Kauffunktion in der App bei vielen Produkten nicht mehr verfügbar ist. Vor allem  bei Büchern ist mir dieses Problem aufgefallen, da ich auch die Kindle App auf dem Handy habe. Wenn ich also eine Leseprobe habe, die mir gut gefällt und die mich zum Buchkauf motiviert, öffne ich schnell die Amazon App und kaufe es... dort leider nicht mehr. Stattdessen ist nur noch der „lange“ Weg über die Internet Website möglich, was ich ausgesprochen schade finde. Ich hoffe, dass dies etwas ist was bald wieder verändert wird, aber nach mehreren Monaten ist dies noch nicht passiert.
Abgesehen davon ist die App allerdings toll; gut organisiert (,auch wenn es leicht nervt sich andauernd umorientieren zu müssen, wenn nach einem größeren Update die Ansicht wieder verändert wurde) und leicht bedienbar, ähnlich wie die Website.","... weil die Kauffunktion in der App bei vielen Produkten nicht mehr verfügbar ist. Vor allem  bei Büchern ist mir dieses Problem aufgefallen, da ich auch die Kindle App auf dem Handy habe. Wenn ich also eine Leseprobe habe, die mir gut gefällt und die mich zum Buchkauf motiviert, öffne ich schnell die Amazon App und kaufe es... dort leider nicht mehr. Stattdessen ist nur noch der „lange“ Weg über die Internet Website möglich, was ich ausgesprochen schade finde. Ich hoffe, dass dies etwas ist was bald wieder verändert wird, aber nach mehreren Monaten ist dies noch nicht passiert. 
Abgesehen davon ist die App allerdings toll; gut organisiert (,auch wenn es leicht nervt sich andauernd umorientieren zu müssen, wenn nach einem größeren Update die Ansicht wieder verändert wurde) und leicht bedienbar, ähnlich wie die Website.",Lila Zitrone,17.1.0,2021-01-12T23:24:53Z,True,itunes_rss_mostHelpful,False,False
bfca9ccea313af7aa6039ef55e1789992cf9f0d96b9ec7a2afaf8a79c049a1d7,6860899766,348712880,Amazon,de,5,Sehr zufrieden,Läuft sehr gut. Übersichtlich bei der Produktsuche.,Läuft sehr gut. Übersichtlich bei der Produktsuche.,Radio4001,17.1.0,2021-01-12T12:09:38Z,True,itunes_rss_mostHelpful,False,False
90f7702efd4a139a363fe60d4cb5d3277e9c57ca1fe0f76c2ef42a4c2fc2fc8a,6821965366,348712880,Amazon,de,2,"Code scannen sehr zickig, PLZ-Korrektur verursacht Fehler","Beim Einscannen eines Gutscheincodes verwechselt die App Hoch- mit Querformat. Nachdem ich den Scannvorgang im Hochformat starte ist dieses Problem zwar verschwunden, aber Scannen geht trotzdem nicht. Einfach so. Ich bringe die Ziffern schön brav über die grauen Kästchen, aber es geht einfach überhaupt nicht. Das ist echter Murks. Also gut ich tippe von Hand ein. Dann Verkracht der Bestellvorgang. Es ist ein Fehler aufgetreten. Erst beim erneuten Versuch (Ich habe die App ohnehin neu gestartet, damit wieder alle Events greifen) bekomme ich eine Meldung, dass es an meiner „neuen“ noch nie verwendeten Adresse liegt. Zu dumm: Ich hatte die fehlerhafte Postleitzahl korrigiert. Aber wirklich nur diese. Also, für den Restbetrag nochmal den Bankeinzug eingetippert (denjenigen, welchen Amazon ja schon kennt) und riesig gefreut dass ich meine Bestellung trotz allem absenden konnte. Mein Fazit: Diese App kann noch besser werden.","Beim Einscannen eines Gutscheincodes verwechselt die App Hoch- mit Querformat. Nachdem ich den Scannvorgang im Hochformat starte ist dieses Problem zwar verschwunden, aber Scannen geht trotzdem nicht. Einfach so. Ich bringe die Ziffern schön brav über die grauen Kästchen, aber es geht einfach überhaupt nicht. Das ist echter Murks. Also gut ich tippe von Hand ein. Dann Verkracht der Bestellvorgang. Es ist ein Fehler aufgetreten. Erst beim erneuten Versuch (Ich habe die App ohnehin neu gestartet, damit wieder alle Events greifen) bekomme ich eine Meldung, dass es an meiner „neuen“ noch nie verwendeten Adresse liegt. Zu dumm: Ich hatte die fehlerhafte Postleitzahl korrigiert. Aber wirklich nur diese. Also, für den Restbetrag nochmal den Bankeinzug eingetippert (denjenigen, welchen Amazon ja schon kennt) und riesig gefreut dass ich meine Bestellung trotz allem absenden konnte. Mein Fazit: Diese App kann noch besser werden.",kadett pirx,15.21.4,2021-01-02T12:14:00Z,True,itunes_rss_mostHelpful,False,False
e6cd0df331f09151c405772f428a789b180f027fc5ee076a53d366789b237b20,6767313055,348712880,Amazon,de,3,Schlechter Support,"Ich hatte ein Problem um meine Zahlungsart bestätigen zu lassen und habe Hilfe beim Support gesucht. Zwei verschiedene Personen haben mit mir geschrieben und keiner konnte mir richtig sagen was Sache ist und wie ich das beheben kann. Die einzige Sache die immer wieder erwähnt wurde war , dass ich ab jetzt eine Kreditkarte bräuchte um bei Amazon zu bestellen. Dieses Problem besteht weiterhin  und ich weiß von einer Bekannten , dass die drei Jahre das gleiche Problem hatten bei Amazon und dieses erst dann behoben wurde als die ihre Account gelöscht haben.
Ansonsten finde ich die App echt super.","Ich hatte ein Problem um meine Zahlungsart bestätigen zu lassen und habe Hilfe beim Support gesucht. Zwei verschiedene Personen haben mit mir geschrieben und keiner konnte mir richtig sagen was Sache ist und wie ich das beheben kann. Die einzige Sache die immer wieder erwähnt wurde war , dass ich ab jetzt eine Kreditkarte bräuchte um bei Amazon zu bestellen. Dieses Problem besteht weiterhin  und ich weiß von einer Bekannten , dass die drei Jahre das gleiche Problem hatten bei Amazon und dieses erst dann behoben wurde als die ihre Account gelöscht haben. 
Ansonsten finde ich die App echt super.",regenbogen22,15.21.4,2020-12-18T16:38:55Z,True,itunes_rss_mostHelpful,False,False
5d4941d25444acea5f87d81ccd022ae8bc49f19f57d38f6129a01c7c97c18dbb,6763995454,348712880,Amazon,de,5,Merkzettel „Schnell-Option“ weg!,"Mit dem Update ist irgendwie das ❤️ verschwunden, ich habe ersteinmal suchen müssen, wie ich die Artikel auf meine Liste bekomme. Irgendwo zwischendrin unterhalb des Kaufen-Buttons findet man dann mal eine Option „auf die Liste“..... SEHR UMSTÄNDLICH! Bitte wieder ändern.","Mit dem Update ist irgendwie das ❤️ verschwunden, ich habe ersteinmal suchen müssen, wie ich die Artikel auf meine Liste bekomme. Irgendwo zwischendrin unterhalb des Kaufen-Buttons findet man dann mal eine Option „auf die Liste“..... SEHR UMSTÄNDLICH! Bitte wieder ändern.",SaNi301,15.21.4,2020-12-17T18:21:39Z,True,itunes_rss_mostHelpful,False,False
266a2910b0840ba6365dbf40fcb5a9318a3e00b7affe4fcd23629c708a125b8f,6705407922,348712880,Amazon,de,4,"Ist soweit ok, aber","Was mich nervt: wenn ich z.B. nach „Apple Watch“ suche, dann interessieren mich wirklich nicht „Fuji Objektive“ für Spiegelreflexkameras. Sowas passiert ständig, ist wegen der Werbung eigentlich auch klar. Nervt mich aber trotzdem.

Eine nützliche Funktion, aus meiner Sicht, wäre die Möglichkeit unter „meine Bestellungen“ ein einfaches Häckchen Feld mit dem ich für mich die bereits gelieferten Artikel kennzeichnen könnte. Es ist nämlich ziemlich lästig sich das merken zu müssen, wenn man mehrere Artikel (Stichwort Weihnachtszeit) bestellt hat.","Was mich nervt: wenn ich z.B. nach „Apple Watch“ suche, dann interessieren mich wirklich nicht „Fuji Objektive“ für Spiegelreflexkameras. Sowas passiert ständig, ist wegen der Werbung eigentlich auch klar. Nervt mich aber trotzdem.

Eine nützliche Funktion, aus meiner Sicht, wäre die Möglichkeit unter „meine Bestellungen“ ein einfaches Häckchen Feld mit dem ich für mich die bereits gelieferten Artikel kennzeichnen könnte. Es ist nämlich ziemlich lästig sich das merken zu müssen, wenn man mehrere Artikel (Stichwort Weihnachtszeit) bestellt hat.",Nordi22,15.21.2,2020-12-01T09:35:23Z,True,itunes_rss_mostHelpful,False,False
11246aa4f0c8b1641761300d6fd1abe83745de25240eba8015ba83831c8e421a,6699609050,348712880,Amazon,de,5,Fehlerhaft,"Seit dem letzten Update herbe Probleme mit der App, vor allem was den Wunschzettel und die Ansicht der Bestellungen anbelangt, in den jeweiligen Listen lässt sich nicht mehr scrollen.","Seit dem letzten Update herbe Probleme mit der App, vor allem was den Wunschzettel und die Ansicht der Bestellungen anbelangt, in den jeweiligen Listen lässt sich nicht mehr scrollen.",abandonedhorizons,15.21.2,2020-11-29T16:30:18Z,True,itunes_rss_mostHelpful,False,False
6e6c1ecf28749fc46857c16bcd00b5902038a16a106e6e5ef067b1b62f42e06c,6680538413,348712880,Amazon,de,5,Überragend 📯,"Amazon hat es geschafft sowohl global, als auch lokal den Markt zu revolutionieren. Das Unternehmen will mehr auf regionale-globale Vernetzungen setzen, was das Image nochmal unterstützen wird. Auch in Zukunft wird Amazon weiter globalisieren und regionalisieren und unterstützend wirken, um weg von Kritiken zu  kommen.

Daumen hoch und weiter Silicon Valley.","Amazon hat es geschafft sowohl global, als auch lokal den Markt zu revolutionieren. Das Unternehmen will mehr auf regionale-globale Vernetzungen setzen, was das Image nochmal unterstützen wird. Auch in Zukunft wird Amazon weiter globalisieren und regionalisieren und unterstützend wirken, um weg von Kritiken zu  kommen.
 
Daumen hoch und weiter Silicon Valley.",Günna1,15.21.2,2020-11-24T11:54:16Z,True,itunes_rss_mostHelpful,False,False
ceae34d976c5624081ea9b53c1ccf578635cfcabc69473a993a8c7cb3599ad50,6678706943,348712880,Amazon,de,5,App mit Fehlern,"An sich ist die App gut aufgebaut und übersichtlich. Allerdings haben sich im Bereich der Wunschlisten Fehler eingeschlichen.
Leider kann ich zu meinen Listen in der App niemanden einladen.
Weder der Einladen Button noch der Befehl im Dropdown-Menü Menü funktionieren hier. Bitte beheben sonst machen die Listen keinen Sinn mehr.","An sich ist die App gut aufgebaut und übersichtlich. Allerdings haben sich im Bereich der Wunschlisten Fehler eingeschlichen.
Leider kann ich zu meinen Listen in der App niemanden einladen.
Weder der Einladen Button noch der Befehl im Dropdown-Menü Menü funktionieren hier. Bitte beheben sonst machen die Listen keinen Sinn mehr.",Pantovic,15.21.2,2020-11-23T22:20:08Z,True,itunes_rss_mostHelpful,False,False
18463986f563c1a4b3a67d925337f64a27e78bda647794e0456d418017d6b5b2,6674626388,348712880,Amazon,de,5,lch hab lust,die App Amazon ist immer gut man kann sich da alles holen und man hat Amazon Gutscheine nur bei dem letzten Update war alles wieder besser und wenn man Gutscheine hat kann man die einlösen das finde ich an den so gut und Amazon ist das beste wo man sich überhaupt was kaufen kann da kann man auch Gutschein bekommen Sophie weiß ich nicht und ja Amazon ist die beste App wo man sich Sachen kaufen kann und ist immer gut wenn du was kaufen willst oder musst du jetzt verkaufen vielleicht willst wenn’s geht aber Das finde ich ja gut und viel Spaß bei der App und ich hab jetzt mit der App Spaß und Gutscheine und Sport lieber Euro Gutscheine freue euch beste App Amazon,die App Amazon ist immer gut man kann sich da alles holen und man hat Amazon Gutscheine nur bei dem letzten Update war alles wieder besser und wenn man Gutscheine hat kann man die einlösen das finde ich an den so gut und Amazon ist das beste wo man sich überhaupt was kaufen kann da kann man auch Gutschein bekommen Sophie weiß ich nicht und ja Amazon ist die beste App wo man sich Sachen kaufen kann und ist immer gut wenn du was kaufen willst oder musst du jetzt verkaufen vielleicht willst wenn’s geht aber Das finde ich ja gut und viel Spaß bei der App und ich hab jetzt mit der App Spaß und Gutscheine und Sport lieber Euro Gutscheine freue euch beste App Amazon,bard sompdon,15.21.2,2020-11-22T18:29:41Z,True,itunes_rss_mostHelpful,False,False
0d43d91527be8d01f4f5795ceea5237914118ed1017c2130d59411206c1e7c5d,6634129341,348712880,Amazon,de,5,Update Problem,"Seid dem letzten Update erscheinen keine Bilder mehr zu den Ergebnissen. Erst wenn man ein Produkt anklickt, bekommt man eine Ansicht. Vorher konnte ich auch mittels klicken das Bild vergrößern, geht jetzt auch nicht mehr. So lässt sich die App nicht mehr nutzen. Bin sehr enttäuscht","Seid dem letzten Update erscheinen keine Bilder mehr zu den Ergebnissen. Erst wenn man ein Produkt anklickt, bekommt man eine Ansicht. Vorher konnte ich auch mittels klicken das Bild vergrößern, geht jetzt auch nicht mehr. So lässt sich die App nicht mehr nutzen. Bin sehr enttäuscht",hafranz,15.3.0,2020-11-11T17:57:23Z,True,itunes_rss_mostHelpful,False,False
3ad2df09fce5c6de66554feba8e7561b227599cb17cb93774706c35cb4432da7,6627710870,348712880,Amazon,de,5,Neues Design ist Müll,Das Desktop  App Design auf dem iPad ist extrem schlecht. Bilder zoomen mit dem Finger als ob man eine Maus benutzen würde ist gar nicht intuitiv. Das neue App ist einfach schlecht. Bitte auf die frühere Version zurück.,Das Desktop  App Design auf dem iPad ist extrem schlecht. Bilder zoomen mit dem Finger als ob man eine Maus benutzen würde ist gar nicht intuitiv. Das neue App ist einfach schlecht. Bitte auf die frühere Version zurück.,Deweess,15.21.2,2020-11-09T23:52:20Z,True,itunes_rss_mostHelpful,False,False
ad92c210ebd16cd9d63d17ad87d80dcb23f2b0aa01b4801600d3506fb82157a1,6621717589,348712880,Amazon,de,5,Auf dem iPad nicht zu gebrauchen,"Seit dem Update auf iOS 14 November 2020 geht gar nichts mehr. Es gibt keinen zurück Button ... ich kann genau ein Produkt suchen und dann ist vorbei, da ich nicht mehr zurück kann. Vorher war es auch nicht besser. Die Safari Seite ist deutlich komfortabler. Warum Schaft es Amazon nicht in seiner eignen App einen Mehrwert im Vergleich zur Internetseite zu bieten?","Seit dem Update auf iOS 14 November 2020 geht gar nichts mehr. Es gibt keinen zurück Button ... ich kann genau ein Produkt suchen und dann ist vorbei, da ich nicht mehr zurück kann. Vorher war es auch nicht besser. Die Safari Seite ist deutlich komfortabler. Warum Schaft es Amazon nicht in seiner eignen App einen Mehrwert im Vergleich zur Internetseite zu bieten?",A.JR.,15.20.0,2020-11-08T08:19:06Z,True,itunes_rss_mostHelpful,False,False
4ff85dde225f36c5ad11e2a9034c6f032b673df7bb639f0995cdf2658bb6439a,6598106458,348712880,Amazon,de,5,Einfach gut praktisch und schnell,Extrem einfach schnell und praktisch egal welche Alters Gruppe,Extrem einfach schnell und praktisch egal welche Alters Gruppe,Bladespitz,15.20.0,2020-11-01T16:31:38Z,True,itunes_rss_mostHelpful,False,False
08194add36b01013abee8984260bc0d0ce6132f210341041639fbb8b4f7b8176,6594912875,348712880,Amazon,de,5,Hat alles was man braucht,"Weil ich bei Amazon kaufe, man bekommt alles , und die Preise sind fast immer unschlagbar. Das beste man kommt heim und es ist da , ohne wegspringen und durch unzählige Läden laufen.","Weil ich bei Amazon kaufe, man bekommt alles , und die Preise sind fast immer unschlagbar. Das beste man kommt heim und es ist da , ohne wegspringen und durch unzählige Läden laufen.",Oli 1980,15.20.0,2020-10-31T20:01:07Z,True,itunes_rss_mostHelpful,False,False
95b44b2a74f1d2e71f3b8950806ac0c0bb905595c23fb851d05a86404d6e20d5,6594346511,348712880,Amazon,de,4,Ziemlich gut und schnell,"Fünf Sterne sind leider nicht zu vergeben, aber ansonsten ist die App sehr gut. Alles funktioniert so reibungslos wie nötig. Ein bisschen störend ist die Such-, Kauf- und Ansichtsnavigation. Ist nicht sehr intuitiv und manchmal fehlt einfach die Option zur eigentlich Suche zurückzukehren.

Ansonsten kann man nicht meckern. Für eine App schon sehr. Aber um 5 Sterne zu erreichen muss eine App PERFEKT sein.

:) Ansonsten weiter so! Es gibt tausende schlimmere Apps :D","Fünf Sterne sind leider nicht zu vergeben, aber ansonsten ist die App sehr gut. Alles funktioniert so reibungslos wie nötig. Ein bisschen störend ist die Such-, Kauf- und Ansichtsnavigation. Ist nicht sehr intuitiv und manchmal fehlt einfach die Option zur eigentlich Suche zurückzukehren.

Ansonsten kann man nicht meckern. Für eine App schon sehr. Aber um 5 Sterne zu erreichen muss eine App PERFEKT sein.

:) Ansonsten weiter so! Es gibt tausende schlimmere Apps :D",Smash1610,15.20.0,2020-10-31T16:38:15Z,True,itunes_rss_mostHelpful,False,False
73ad4c7a9cbc74fa5ab5717f624ce73bea0354df70ef30a3b9fa2495d44672dc,6534319793,348712880,Amazon,de,2,Schlechter Prime,"Habe mir die Prime Mitgliedschaft machen lassen und nur Probleme gehabt. Aus irgendeinem Grund konnte ich irgendwann nichts mehr bestellen da meine Zahlungsmethode nicht mehr akzeptiert wurde. Als Antwort vom Support (der, muss man sagen, nett ist) kam das dies nichts mit mir zutun hat und es weitergeleitet wird, dass System  Problem sollte nach 2 Tagen behoben werden was mir aber nichts mehr bringt da die Prime Days bis dahin vorbei sind. Zudem erwarte ich vom schnellen Prime Versand auch wirklich einen schnellen Versand und nicht 2-3 Werktage aufwärts. Das weitere Problem was ich hatte ist, dass meine Bestellungen nicht zugesendet werden konnten, wieder mal aus irgendeinem Grund wofür ich wohl nichts kann. Oder was noch passiert, dass man morgens von dem Boten angerufen wird und er das Problem erklärt das er als Ziel die Packstation bekommen hat aber nicht mal von DHL ist und keinen Zugriff drauf hat...

Für solche Ärgernisse bin ich nicht bereit noch monatlich was zu zahlen.","Habe mir die Prime Mitgliedschaft machen lassen und nur Probleme gehabt. Aus irgendeinem Grund konnte ich irgendwann nichts mehr bestellen da meine Zahlungsmethode nicht mehr akzeptiert wurde. Als Antwort vom Support (der, muss man sagen, nett ist) kam das dies nichts mit mir zutun hat und es weitergeleitet wird, dass System  Problem sollte nach 2 Tagen behoben werden was mir aber nichts mehr bringt da die Prime Days bis dahin vorbei sind. Zudem erwarte ich vom schnellen Prime Versand auch wirklich einen schnellen Versand und nicht 2-3 Werktage aufwärts. Das weitere Problem was ich hatte ist, dass meine Bestellungen nicht zugesendet werden konnten, wieder mal aus irgendeinem Grund wofür ich wohl nichts kann. Oder was noch passiert, dass man morgens von dem Boten angerufen wird und er das Problem erklärt das er als Ziel die Packstation bekommen hat aber nicht mal von DHL ist und keinen Zugriff drauf hat...

Für solche Ärgernisse bin ich nicht bereit noch monatlich was zu zahlen.",Gutdiesel,15.19.0,2020-10-14T14:01:09Z,True,itunes_rss_mostHelpful,False,False
110bcb38eba8841ef1d8ff5bbb173a2f8a7ea47fa7b12fa6b42ad97332dfcc04,6523835050,348712880,Amazon,de,4,Bin nicht mehr zufrieden!,"leider kann ich diese App nur noch drei Sterne geben.
zum einen, weil diese App für blinde und hochgradig sehbehinderte kaum noch zu bedienen ist, weil die Sprach Ausgabe in der Fotogalerie grundsätzlich hängt. zum anderen, weil in den verschiedensten Kategorien alles angeboten wird, obwohl ich gar nicht danach suche. Das ist schon beinahe unverschämt. Wenn ich nach Angeboten suche, dann sind die verschiedensten Produkte okay. Wenn ich aber nach Hosen suche und plötzlich Kosmetika entdecke, dann finde ich das nicht in Ordnung. auch ein Kunde weiß, was er möchte.","leider kann ich diese App nur noch drei Sterne geben.
zum einen, weil diese App für blinde und hochgradig sehbehinderte kaum noch zu bedienen ist, weil die Sprach Ausgabe in der Fotogalerie grundsätzlich hängt. zum anderen, weil in den verschiedensten Kategorien alles angeboten wird, obwohl ich gar nicht danach suche. Das ist schon beinahe unverschämt. Wenn ich nach Angeboten suche, dann sind die verschiedensten Produkte okay. Wenn ich aber nach Hosen suche und plötzlich Kosmetika entdecke, dann finde ich das nicht in Ordnung. auch ein Kunde weiß, was er möchte.",Angi Argos,15.19.0,2020-10-11T12:25:47Z,True,itunes_rss_mostHelpful,False,False
3ccac93401bdd5694d59cf267822677e6ef5ec12b7e74086d1a2512368a24b7a,6505083044,348712880,Amazon,de,5,Super App,Ich finde die App sehr übersichtlich aufgebaut und einfach zu bedienen. Man kann wunderbar nachvollziehen wo beispielsweise Sendungen bleiben beziehungsweise wie der aktuelle Status ist. Die Bezahlung ist auch ganz simple gehalten was mir sehr gut gefällt. 5 von 5 Sternen.,Ich finde die App sehr übersichtlich aufgebaut und einfach zu bedienen. Man kann wunderbar nachvollziehen wo beispielsweise Sendungen bleiben beziehungsweise wie der aktuelle Status ist. Die Bezahlung ist auch ganz simple gehalten was mir sehr gut gefällt. 5 von 5 Sternen.,Noah.vjk,15.19.0,2020-10-06T02:18:56Z,True,itunes_rss_mostHelpful,False,False
4cb615a144ae240c8a199d8a701aebac3a13754dae45634857d0676bc01ab2ec,6473920289,348712880,Amazon,de,5,Schnelle Hilfe bei Probleme,"Wenn man Probleme hat oder nicht weiter kommt wird einem schnell weiter geholfen.
Danke weiter so 👍🏻","Wenn man Probleme hat oder nicht weiter kommt wird einem schnell weiter geholfen.
Danke weiter so 👍🏻",Vaentino,15.18.0,2020-09-27T12:20:09Z,True,itunes_rss_mostHelpful,False,False
3c2640e0d43cee81ba5e49869341b3241c976d3b489bdeb248c83d4559b09c60,6444784109,348712880,Amazon,de,5,Bin zufrieden😊,Schöne Angebote und gute Preise,Schöne Angebote und gute Preise,vxw20,15.18.0,2020-09-19T09:29:54Z,True,itunes_rss_mostHelpful,False,False
6c26888acc6f55e67a3ea110ca6ff426d333bbee834396052e94c467d41fb616,6437258314,348712880,Amazon,de,5,Design,"Meiner Meinung nach wirkt das Bild generell abgeschnitten und einige Menü Funktionen sind nicht vorhanden. Generell wirkt diese Version der App so, als würde die Hälfte des Inhalts fehlen","Meiner Meinung nach wirkt das Bild generell abgeschnitten und einige Menü Funktionen sind nicht vorhanden. Generell wirkt diese Version der App so, als würde die Hälfte des Inhalts fehlen",Olsenso,15.18.0,2020-09-17T05:22:12Z,True,itunes_rss_mostHelpful,False,False
3c2cb19ed618fdf9569307ca5da6d29a9f13bf54ba6bf4646563e80b9fbf9a5e,6412059292,348712880,Amazon,de,4,Was soll das denn??,"Ich habe die App schon recht lange auf meinen Geräten, aber das letzte Update mutet an, wie ein Schuß in den Ofen, ganz speziell die Tabletversion!
Wer bitte kam auf die besch…te Idee, die PC-Webseite ins Tablet zu quälen und dann noch so unqualifiziert??? Da kann ich ja gleich den Browser benutzen, denn ein Unterschied ist nicht zu erkennen  und das macht auf dem Tablet gar keinen Spaß!
Die Versionen davor waren übersichtlich, gut bedienbar und hatten eine gute Textgröße bei den Beschreibungen, die man auch anpassen konnte. Die Bildergalerie bei den Produkten war sehr gut und ließ sich um Welten besser bedienen, als jetzt! Ich kann in dieser Version weder Einzelbilder in Vollansicht aufrufen und die Bilder nicht einmal ordentlich zoomen. Ich habe nur eure „Detailansicht“ wie im Browser. Die mag ja auf dem PC mit 27“ Monitor gut arbeiten, aber auf dem Tablet mit 9,7“ ist die für‘n
A…h!
Warum also musste man das jetzt so verschlimmbessern??
Leute, gebt uns unsere alte Tabletversion zurück und das ganz schnell bitte!!!
NACHTRAG:
Anscheinend betrifft die seltsame Darstellung die Produktansichten selbst!
Ich habe festgestellt, das einige Produkte, meist die, die schon länger erhältlich sind, ordentlich und für Mobilgeräte optimiert dargestellt werden, also so wie immer.
Neuere Produkte werden dagegen in Browseransicht gezeigt, die für mobile Endgeräte alles andere als brauchbar ist!
Anscheinend gibt es in der Abteilung Programmierer, die alles andere als ordentlich arbeiten!
Hier sollten die Verantwortlichen mal auf saubere Programmierung achten, denn das ist kein Problem der App, sondern die fehlende Anpassung der Produktseiten an Mobilgeräte!
Wenn das behoben ist, gebe ich den fünften Stern!","Ich habe die App schon recht lange auf meinen Geräten, aber das letzte Update mutet an, wie ein Schuß in den Ofen, ganz speziell die Tabletversion!
Wer bitte kam auf die besch…te Idee, die PC-Webseite ins Tablet zu quälen und dann noch so unqualifiziert??? Da kann ich ja gleich den Browser benutzen, denn ein Unterschied ist nicht zu erkennen  und das macht auf dem Tablet gar keinen Spaß!
Die Versionen davor waren übersichtlich, gut bedienbar und hatten eine gute Textgröße bei den Beschreibungen, die man auch anpassen konnte. Die Bildergalerie bei den Produkten war sehr gut und ließ sich um Welten besser bedienen, als jetzt! Ich kann in dieser Version weder Einzelbilder in Vollansicht aufrufen und die Bilder nicht einmal ordentlich zoomen. Ich habe nur eure „Detailansicht“ wie im Browser. Die mag ja auf dem PC mit 27“ Monitor gut arbeiten, aber auf dem Tablet mit 9,7“ ist die für‘n 
A…h!
Warum also musste man das jetzt so verschlimmbessern??
Leute, gebt uns unsere alte Tabletversion zurück und das ganz schnell bitte!!!
NACHTRAG:
Anscheinend betrifft die seltsame Darstellung die Produktansichten selbst! 
Ich habe festgestellt, das einige Produkte, meist die, die schon länger erhältlich sind, ordentlich und für Mobilgeräte optimiert dargestellt werden, also so wie immer.  
Neuere Produkte werden dagegen in Browseransicht gezeigt, die für mobile Endgeräte alles andere als brauchbar ist! 
Anscheinend gibt es in der Abteilung Programmierer, die alles andere als ordentlich arbeiten!
Hier sollten die Verantwortlichen mal auf saubere Programmierung achten, denn das ist kein Problem der App, sondern die fehlende Anpassung der Produktseiten an Mobilgeräte!
Wenn das behoben ist, gebe ich den fünften Stern!",12wheeler,15.17.0,2020-09-09T17:58:25Z,True,itunes_rss_mostHelpful,False,False
993140be104012217bf4647e404a70ec8b657cb6c69a0fce2ab5e332c00568af,6410091074,348712880,Amazon,de,5,Sehr gute App!,"Die App ist übersichtlich, hat alles was man braucht und somit kann mein Shoppingerlebnis auch mobil unterwegs perfekt weitergeführt werden.","Die App ist übersichtlich, hat alles was man braucht und somit kann mein Shoppingerlebnis auch mobil unterwegs perfekt weitergeführt werden.",Krause86,15.17.0,2020-09-09T04:43:12Z,True,itunes_rss_mostHelpful,False,False
737a5d7cc9c598174c7be3f6ee6892d9ebbc1eb1f98f287a2292de9c894fe1a1,6402556730,348712880,Amazon,de,2,Naja wenigstens geht sie mit dem neuen Update wieder,"Design gefällt mir persönlich überhaupt nicht, soll vereinfacht wirken, wird aber umständlich bei Benutzung. Das mit dem Menü und den Kategorien war vorher viel besser... hier werden wohl einige Unzulänglichkeiten der geänderten Website geerbt (an einige Kategorien kommt man einfach gar nicht mehr oder nur durch Umwege zb die Warehouse Deals)... aber wenigstens funktioniert sie jetzt wieder bei mir. Beim letzten Update konnte ich mich nach Passwortänderung mit meinem neuen Login nichtmehr einloggen, gab ne Fehlermeldungs-Dauerschleife. Das hieß natürlich auch, dass fast 2 Wochen kein einkaufen mit App möglich war... da Amazon ja drauf angewiesen ist, dass zumindest diese Grundfunktion möglich ist, sind mir solche schlampigem Updates ein Rätsel. Am „besten“ gefällt mir der Kontaktieren Sie uns Bereich, dieser chatbot ist so dermaßen schlecht, dass man einfache Fragen 5 mal eintippen muss, damit eine Antwort auch nur mal in die richtige Richtung geht...sollte man wirklich mal Kundenservice benötigen wird’s ganz abenteuerlich, das geht nämlich auch nur noch über den chatbot, da möchte er einem ganz besonders wenig verstehen. Zeitaufwand für Kunden mal eben ums 5 fache gestiegen, gut. Da freut sich der Kunde natürlich und ist bestimmt zufrieden...","Design gefällt mir persönlich überhaupt nicht, soll vereinfacht wirken, wird aber umständlich bei Benutzung. Das mit dem Menü und den Kategorien war vorher viel besser... hier werden wohl einige Unzulänglichkeiten der geänderten Website geerbt (an einige Kategorien kommt man einfach gar nicht mehr oder nur durch Umwege zb die Warehouse Deals)... aber wenigstens funktioniert sie jetzt wieder bei mir. Beim letzten Update konnte ich mich nach Passwortänderung mit meinem neuen Login nichtmehr einloggen, gab ne Fehlermeldungs-Dauerschleife. Das hieß natürlich auch, dass fast 2 Wochen kein einkaufen mit App möglich war... da Amazon ja drauf angewiesen ist, dass zumindest diese Grundfunktion möglich ist, sind mir solche schlampigem Updates ein Rätsel. Am „besten“ gefällt mir der Kontaktieren Sie uns Bereich, dieser chatbot ist so dermaßen schlecht, dass man einfache Fragen 5 mal eintippen muss, damit eine Antwort auch nur mal in die richtige Richtung geht...sollte man wirklich mal Kundenservice benötigen wird’s ganz abenteuerlich, das geht nämlich auch nur noch über den chatbot, da möchte er einem ganz besonders wenig verstehen. Zeitaufwand für Kunden mal eben ums 5 fache gestiegen, gut. Da freut sich der Kunde natürlich und ist bestimmt zufrieden...",visualize,15.17.0,2020-09-06T21:43:42Z,True,itunes_rss_mostHelpful,False,False
a89332b9b65290c6f3ed29906d0b58c042f195c5fd468393ce282755b98c3ce7,6360984514,348712880,Amazon,de,5,Sehr gute App,Alles übersichtlich und gut gestaltet.,Alles übersichtlich und gut gestaltet.,Dirof,15.16.0,2020-08-26T00:05:52Z,True,itunes_rss_mostHelpful,False,False
8a04e06b4f69088187ba14c3c4cdace805d82a2a3f68a8ed24c701b545306e90,6345661175,348712880,Amazon,de,4,Fehler,Wenn man auf dem Button auf wo neu und gebraucht drauf steht passiert nichts es wird nichts angezeigt bitte diesen Fehler Beheben,Wenn man auf dem Button auf wo neu und gebraucht drauf steht passiert nichts es wird nichts angezeigt bitte diesen Fehler Beheben,giova417,15.16.0,2020-08-21T17:02:29Z,True,itunes_rss_mostHelpful,False,False
0fe7b037b5fac3030d6dda71bea9c6c37d26bbcbfc8d294962db0110f6f5ca7d,6345490150,348712880,Amazon,de,5,Aktualisierung war schon schlimm schlimm - aber wie man sieht es geht noch schlimmer!!!,"Aber wie man sieht - wenn ich hier mal die letzten Bewertungen ansehe - gibt es noch viele andere, die das Update auch furchtbar, schrecklich, total nervig und einfach nur vom Einkauf abschreckend finden.
Bei Androide ist es schon grauenhaft aber - Apple iOS ist noch viel schlimmer! Da lassen sich einige Funktionen gar nicht erst anwählen.
Und was das traurige ist - es wird eine manuelle Aktualisierung angeboten- aber da ändert sich nichts :-(
So macht einkaufen bei Amazon keinen Spaß mehr!!!","Aber wie man sieht - wenn ich hier mal die letzten Bewertungen ansehe - gibt es noch viele andere, die das Update auch furchtbar, schrecklich, total nervig und einfach nur vom Einkauf abschreckend finden. 
Bei Androide ist es schon grauenhaft aber - Apple iOS ist noch viel schlimmer! Da lassen sich einige Funktionen gar nicht erst anwählen.  
Und was das traurige ist - es wird eine manuelle Aktualisierung angeboten- aber da ändert sich nichts :-(
So macht einkaufen bei Amazon keinen Spaß mehr!!!",sa.fu.,15.16.0,2020-08-21T16:02:02Z,True,itunes_rss_mostHelpful,False,False
2d74d33833993c5906f82460233eb87e3e463ab9db67f8e9985f7e26d0d3c6e7,6338717947,348712880,Amazon,de,5,Schlechtes Update,"Beim Kauf werden Alternativen eines Produktes angezeigt. Allerdings kann man nichts auswählen. Beim auswählen eines Braun Series 7 Rasierer, werden noch weitere 25 Kaufoptionen angezeigt - kann diese aber nicht anwählen.
Bitte mal testen, was in den AppStore kommt. !!","Beim Kauf werden Alternativen eines Produktes angezeigt. Allerdings kann man nichts auswählen. Beim auswählen eines Braun Series 7 Rasierer, werden noch weitere 25 Kaufoptionen angezeigt - kann diese aber nicht anwählen. 
Bitte mal testen, was in den AppStore kommt. !!",d i g i t a l Art,15.16.0,2020-08-19T20:01:02Z,True,itunes_rss_mostHelpful,False,False
358fc14ed2a80a658a6591a40d7c804b186a6977440046b55f322bdac14777a1,6287960609,348712880,Amazon,de,3,"Zurück zum alten design, aber nicht komplett","Das versuchte neue Design war nicht ansprechend.
Zwar hat man die optische Oberfläche wieder auf die alte zurückgestellt, aber man kann nicht mehr unendlich scrollen. Nach 20 Suchergebnissen ist vorerst Schluss und man muss einen „Weiter“-Button klicken.
Das ist ziemlich nervig. Ich sehe da keine Verbesserung hinsichtlich Anwenderfreundlichkeit, sondern eher einen Schritt zurück; zurück zur Umständlichkeit.
Was auch nicht so schön ist, ist die Anzahl der Billigprodukte aus Übersee, die man leider nicht herausfiltern kann. Ein Filter könnte hier Abhilfe schaffen. ZB Europäische Lieferanten/Hersteller.","Das versuchte neue Design war nicht ansprechend. 
Zwar hat man die optische Oberfläche wieder auf die alte zurückgestellt, aber man kann nicht mehr unendlich scrollen. Nach 20 Suchergebnissen ist vorerst Schluss und man muss einen „Weiter“-Button klicken. 
Das ist ziemlich nervig. Ich sehe da keine Verbesserung hinsichtlich Anwenderfreundlichkeit, sondern eher einen Schritt zurück; zurück zur Umständlichkeit.
Was auch nicht so schön ist, ist die Anzahl der Billigprodukte aus Übersee, die man leider nicht herausfiltern kann. Ein Filter könnte hier Abhilfe schaffen. ZB Europäische Lieferanten/Hersteller.",..Amazon..User..,15.15.0,2020-08-06T19:10:08Z,True,itunes_rss_mostHelpful,False,False
323c3f5622325227fafc8c8ff92e0f1d616581e63a122f77e95f17a329d59201,6287697770,348712880,Amazon,de,5,Das neue Design ist ja gruselig....,"...was soll das denn werden?
Ich habe das alte Design gemocht, da es wie die Website aufgebaut war. Das konnte man ja schon fast blind bedienen.
Das neue Gewand sieht nicht nur grottenschlecht aus, sondern ist auch so zu bedienen. Vieles ist doppelt angelegt, die Leiste unten im Weg.

Ein Statement von Amazon wäre informativ, eine Änderung zur alten App wünschenswert.","...was soll das denn werden?
Ich habe das alte Design gemocht, da es wie die Website aufgebaut war. Das konnte man ja schon fast blind bedienen. 
Das neue Gewand sieht nicht nur grottenschlecht aus, sondern ist auch so zu bedienen. Vieles ist doppelt angelegt, die Leiste unten im Weg.

Ein Statement von Amazon wäre informativ, eine Änderung zur alten App wünschenswert.",Indy251278,15.15.0,2020-08-06T17:29:53Z,True,itunes_rss_mostHelpful,False,False
2acf0a0c6a6d8caca9ec29114e53668518219ad90bcd4adfbb83c619e345635e,6281800283,348712880,Amazon,de,5,Einkaufen immer und überall,"Schnell Preise vergleichen
Immer und überall shoppen
Schneller Zugriff auf das Kundenkonto
Das Alles und noch viel mehr,kein Problem mit der App von Amazon.
Schnell...Schneller...Amazon","Schnell Preise vergleichen
Immer und überall shoppen
Schneller Zugriff auf das Kundenkonto
Das Alles und noch viel mehr,kein Problem mit der App von Amazon.
Schnell...Schneller...Amazon",Thormei,15.15.0,2020-08-05T06:55:47Z,True,itunes_rss_mostHelpful,False,False
ee0bc20b7024ecd9ec904616df908e56da19a514c6ce541d7aebe81addc8d714,6268535904,348712880,Amazon,de,5,neue App,eigentlich 5 sterne aber ich möchte die alte app version zurück!!,eigentlich 5 sterne aber ich möchte die alte app version zurück!!,Chronikk187,15.15.0,2020-08-01T20:27:45Z,True,itunes_rss_mostHelpful,False,False
62bf1004f06b5c32d6281dbe84d66c785152b106af42d3661d04a053fadb8356,6243061987,348712880,Amazon,de,5,kein Smile,"Leider kann ich in der aktuellen App Amazon-Smile nicht aktivieren. Am iPhone kein Problem, nur am iPad Pro mit aktuellem ios nicht einstellbar. Schade...","Leider kann ich in der aktuellen App Amazon-Smile nicht aktivieren. Am iPhone kein Problem, nur am iPad Pro mit aktuellem ios nicht einstellbar. Schade...",Knoblauchkönig,15.15.0,2020-07-26T07:52:49Z,True,itunes_rss_mostHelpful,False,False
9586140db84a7160c88c13000fdf2376f5ebf5f826f7fe51eac30575cf8a6334,6240609416,348712880,Amazon,de,5,Neue Version der App,Eine einzige Katastrophe das neue Design. Kommt mir so vor als ob das ein 3 jähriger Programmiert hat.,Eine einzige Katastrophe das neue Design. Kommt mir so vor als ob das ein 3 jähriger Programmiert hat.,le na 1337,15.15.0,2020-07-25T15:10:09Z,True,itunes_rss_mostHelpful,False,False
bf71ae59a94583d4b82fae0b19ca48177aa1a9ce73bad2ade1a3324dc2ae4c1b,6239357289,348712880,Amazon,de,5,Schlechtestes Design ever,"Hallo, ich bin wirklich ein großer Freund von neuen Ideen und von frischen Designs, aber was Amazon sich hier einfallen lassen hat ist wirklich schlecht! Mit der störenden Leiste unterhalb ist nicht nur das Gesamtbild zerstört, sondern man findet auch alles schwieriger...
Man könnte auch sagen das es Geschmacksache ist, jedoch habe ich dieses Feedback nun schon öfter bekommen.
Ab jetzt heißt es wieder PC einschalten und hier drüber schnökern... 😔😔😔","Hallo, ich bin wirklich ein großer Freund von neuen Ideen und von frischen Designs, aber was Amazon sich hier einfallen lassen hat ist wirklich schlecht! Mit der störenden Leiste unterhalb ist nicht nur das Gesamtbild zerstört, sondern man findet auch alles schwieriger...
Man könnte auch sagen das es Geschmacksache ist, jedoch habe ich dieses Feedback nun schon öfter bekommen. 
Ab jetzt heißt es wieder PC einschalten und hier drüber schnökern... 😔😔😔",tonmeister123,15.15.0,2020-07-25T08:25:37Z,True,itunes_rss_mostHelpful,False,False
746b17012d0c881984ba2843ba19af11d34e49566101281373821484e759a70d,6237046507,348712880,Amazon,de,5,Design- Update,Das neue Design ist: schlecht!,Das neue Design ist: schlecht!,Misuk123,15.15.0,2020-07-24T17:15:13Z,True,itunes_rss_mostHelpful,False,False
0c714a6603cea410b0f83898f467a9b81de9bdfdf1e0139fb22c57fdeb130e43,6235680810,348712880,Amazon,de,5,Neues Design - Top ; Dark-Mode fehlt!,"Das neue Design sieht gut und modern aus.
Da ich die App sehr oft nutze, war ich anfangs skeptisch, aber bin mittlerweile überzeugt vom Design.
Das einzige was ich mir noch wünschen würde, wär ein Dark-Mode. Die App ist eine der wenigen Apps, die ich nutze, die keinen Dark-Mode hat, was etwas nervig ist.","Das neue Design sieht gut und modern aus. 
Da ich die App sehr oft nutze, war ich anfangs skeptisch, aber bin mittlerweile überzeugt vom Design. 
Das einzige was ich mir noch wünschen würde, wär ein Dark-Mode. Die App ist eine der wenigen Apps, die ich nutze, die keinen Dark-Mode hat, was etwas nervig ist.",Pr_n_e,15.15.0,2020-07-24T10:21:17Z,True,itunes_rss_mostHelpful,False,False
f640053ca028793927f025a1e052bafcf67f4fdb150232ff9080d7768da82f3b,6213052791,348712880,Amazon,de,5,Neue Version nach Update schlecht,"Ich finde das sich die Amazon App mit den neuen Funktionen schlecht ! Ein großer Schritt zurück !!!
Z.b . Bei Bestellungen wo ich als Kunde jetzt gar nicht mehr erkennen kann was es ist !!!!
Nur noch Nummern keine Abbildungen sind nicht kundenfreundlich !
Ganz schlechte Umsetzung!","Ich finde das sich die Amazon App mit den neuen Funktionen schlecht ! Ein großer Schritt zurück !!!
Z.b . Bei Bestellungen wo ich als Kunde jetzt gar nicht mehr erkennen kann was es ist !!!!
Nur noch Nummern keine Abbildungen sind nicht kundenfreundlich ! 
Ganz schlechte Umsetzung!",Blauweiße,15.14.0,2020-07-18T15:10:37Z,True,itunes_rss_mostHelpful,False,False
0b1ee7082ba27c641069c4e2705a12f9a4b05b48338a48f61c973b6632bc815d,6189521213,348712880,Amazon,de,5,Marketplace Problem,"Seit kurzem kann ich auf meinem iPhone X die Marketplace Angebote eines Artikels nicht mehr anklicken. Habe die App gelöscht und wieder installiert, leider ohne Erfolg.
Wäre schon wenn dieses Problem bald behoben würde.","Seit kurzem kann ich auf meinem iPhone X die Marketplace Angebote eines Artikels nicht mehr anklicken. Habe die App gelöscht und wieder installiert, leider ohne Erfolg.
Wäre schon wenn dieses Problem bald behoben würde.",__Marble___,15.14.0,2020-07-12T15:03:15Z,True,itunes_rss_mostHelpful,False,False
b542dee1c3792fb83be662f8e92c98f006ed3ce0f266fe69118bcf1eefdd24e2,6155667993,348712880,Amazon,de,5,App spinnt seit dem letzten Update,"Leider kann ich bei keinem einzigen Film mehr nach „Neu und Gebraucht“ suchen! Ich kann da drauf klicken, so oft ich will, komm aber einfach nicht mehr in die Übersicht! Bei Musik-CD‘s geht das noch. Bitte Fehler beheben! Sonst ist die App ja super!
Vielen Dank!!","Leider kann ich bei keinem einzigen Film mehr nach „Neu und Gebraucht“ suchen! Ich kann da drauf klicken, so oft ich will, komm aber einfach nicht mehr in die Übersicht! Bei Musik-CD‘s geht das noch. Bitte Fehler beheben! Sonst ist die App ja super!
Vielen Dank!!",Conny🧚🏻‍♀️,15.13.0,2020-07-04T08:35:08Z,True,itunes_rss_mostHelpful,False,False
3fcff42630aa08568e1f6ff6ace1d98a0819af02364c4f9fef13c9e8631a2b63,6149581324,348712880,Amazon,de,4,Probleme bei Drittanbietern,"Momentan reagiert die App nicht, wenn man auf der Produktseite die Übersicht der Dritt Anbieter aufrufen möchte. Vielleicht liegt es nur daran, dass ich die App mit VoiceOver verwende, aber um zu sehen, wo das Produkt noch zu kaufen wäre, muss ich gerade auf den Browser ausweichen. Das ist ziemlich umständlich. Ich finde es ja gut, dass mittlerweile immer ein gebraucht – Angebot auf der Startseite angeboten wird, aber da das nicht zwangsläufig das günstigste ist, sollte die Übersicht aller Dritt Anbieter möglichst bald wieder zugänglich sein.","Momentan reagiert die App nicht, wenn man auf der Produktseite die Übersicht der Dritt Anbieter aufrufen möchte. Vielleicht liegt es nur daran, dass ich die App mit VoiceOver verwende, aber um zu sehen, wo das Produkt noch zu kaufen wäre, muss ich gerade auf den Browser ausweichen. Das ist ziemlich umständlich. Ich finde es ja gut, dass mittlerweile immer ein gebraucht – Angebot auf der Startseite angeboten wird, aber da das nicht zwangsläufig das günstigste ist, sollte die Übersicht aller Dritt Anbieter möglichst bald wieder zugänglich sein.",Big_Bea,15.13.0,2020-07-02T19:45:12Z,True,itunes_rss_mostHelpful,False,False
fc16018df6f31acbcf68a3816fa46ec3774bcf91076515743d5860e8607d2438,6111853124,348712880,Amazon,de,5,Neues Design 👎🏻,Ich vermisse das alte Design der Wunschliste. Das war viel übersichtlicher. Das neue ist eine komplette Katastrophe,Ich vermisse das alte Design der Wunschliste. Das war viel übersichtlicher. Das neue ist eine komplette Katastrophe,Anthem_0f_The_Angels,15.13.0,2020-06-23T11:05:36Z,True,itunes_rss_mostHelpful,False,False
c82cf048c3e428d2d1eaa13965d7c40d304cdbf2b33e9f230d8350ccbc5f9930,6108770589,348712880,Amazon,de,4,Neues Update,"Das neue Update ist super! Es ist alles viel moderner, und schneller. Das einzige Problem ist, dass wen ich etwas suche, mir Artikel anschaue und noch mehr Artikel mit meiner Suche angucken möchte, bringt es mich wieder zur Startseite zurück. Bitte behebt das. Ansonsten verstehe ich nicht, wieso die App so schlecht bewertet ist, da sie eigentlich ein gutes Shopping Erlebnis bietet.
👍🏻: Neues Design ist super schön
👎🏻: Artikel bringen einem zur Startseite
zurück","Das neue Update ist super! Es ist alles viel moderner, und schneller. Das einzige Problem ist, dass wen ich etwas suche, mir Artikel anschaue und noch mehr Artikel mit meiner Suche angucken möchte, bringt es mich wieder zur Startseite zurück. Bitte behebt das. Ansonsten verstehe ich nicht, wieso die App so schlecht bewertet ist, da sie eigentlich ein gutes Shopping Erlebnis bietet.
👍🏻: Neues Design ist super schön
👎🏻: Artikel bringen einem zur Startseite 
zurück",ileahx,15.12.6,2020-06-22T15:38:46Z,True,itunes_rss_mostHelpful,False,False
61fdccb4da9be0c680ee022c5a64a75180069d9f1b57d0ac8babf76ad350d58b,6105226645,348712880,Amazon,de,5,Neues Update macht keine Freude,"Muss immer alles umgestellt werden, nur damit es anders ist? Ich fand das Menü in der linken oberen Ecke immer noch am sinnigsten.
Zudem: ich suche nach einer alten Bestellen (länger als 6 Monate her) kann aber nix mehr finden.
Nein, damit habt ihr Euch keine Freude gemacht.","Muss immer alles umgestellt werden, nur damit es anders ist? Ich fand das Menü in der linken oberen Ecke immer noch am sinnigsten. 
Zudem: ich suche nach einer alten Bestellen (länger als 6 Monate her) kann aber nix mehr finden.
Nein, damit habt ihr Euch keine Freude gemacht.",P3pperchick,15.12.6,2020-06-21T17:38:23Z,True,itunes_rss_mostHelpful,False,False
790c8de086d45ac914639a1518d0ff12c6b5e56fbb14fbf8e18666c7e6f98188,6093068265,348712880,Amazon,de,3,Warum kann man Bewertungen nicht mehr direkt oben anklicken?,"Auf dem iPhone und früher auch mit dem iPad konnte man oben die Bewertungssterne anklicken und landete direkt bei den Bewertungen. Jetzt tut sich bei Klick nix mehr, also muss man bei jedem der zu vergleichenden Artikel ganz nach unten scrollen, vorbei an der Produktbeschreibung und vorbei an ""Kunden kauften auch"", ""Was kauften Kunden danach"" und ""Kundenfragen"".

Extrem ärgerlich und nervig, so macht das Stöbern keinen Spaß. Und nach dem abgeschlossenen Kauf heißt der Button oben ""Abbrechen"" - warum? Soll ich abbrechen oder weiter stöbern?","Auf dem iPhone und früher auch mit dem iPad konnte man oben die Bewertungssterne anklicken und landete direkt bei den Bewertungen. Jetzt tut sich bei Klick nix mehr, also muss man bei jedem der zu vergleichenden Artikel ganz nach unten scrollen, vorbei an der Produktbeschreibung und vorbei an ""Kunden kauften auch"", ""Was kauften Kunden danach"" und ""Kundenfragen"".

Extrem ärgerlich und nervig, so macht das Stöbern keinen Spaß. Und nach dem abgeschlossenen Kauf heißt der Button oben ""Abbrechen"" - warum? Soll ich abbrechen oder weiter stöbern?",rfuss,15.12.6,2020-06-18T20:18:41Z,True,itunes_rss_mostHelpful,False,False
6486365342dcb31477c116793a7d97abd2ff00d4bbef87d122d14dd99ef003c0,6066206817,348712880,Amazon,de,5,Wollte ja Amazon Käufer werden...,"... und habe mir die App gestern auf meinem IPhone geladen, aber der Ärger fängt ja schon mit der Adressänderung an... dass man erst 1000 neue anlegen muss und dann kann ich die ursprüngliche noch nicht mal löschen! Mal sehen wie es weiter geht und ob ich dann noch dabei bleibe ist auch fraglich. Das kann man auch einfacher gestalten!","... und habe mir die App gestern auf meinem IPhone geladen, aber der Ärger fängt ja schon mit der Adressänderung an... dass man erst 1000 neue anlegen muss und dann kann ich die ursprüngliche noch nicht mal löschen! Mal sehen wie es weiter geht und ob ich dann noch dabei bleibe ist auch fraglich. Das kann man auch einfacher gestalten!",":;()€&@-""",15.12.6,2020-06-12T09:37:09Z,True,itunes_rss_mostHelpful,False,False
b2ef34e93a929c95467be2b79f7eb9d1dcda6e7a415ee318c5c677aeeb998b14,6041963298,348712880,Amazon,de,1,Eine kontinuierliche Verschlechterung seit Jahren,"Mittlerweile glaube ich, die Entwickler machen sich eine besonderen Spaß daraus die Nutzer durch scheinbar unersättlichen Leistungshunger der App mit Wartezeiten und Hängern zu quälen, während der gesamte Bedienablauf hin zu einem immer antiintuitiverem Schema geführt wird. Ich habe mit Schaudern von der schon nicht so tollen Version 13 auf 15 upgedatet, weil ich musste. Die Suche ließ sich nicht mehr filtern... was mich hier erwartet ist grauenhaft. Diese schwebende Menüzeile, die absolut sinnlos im Weg ist nervt schon gewaltig, aber was will man machen wenn ein appentwickler mit solchem Schwachsinn beginnt müssen natürlich alle nachziehen, denn hip und modern muss es sein. Praktisch und benutzerfreundlich, also eine echte Hilfe und Zeitersparnis, wem bei Amazon nützt das denn? Die grandiose Funktion, die gefundene Artikel schnell mit einem Wisch nach unten in die Wunschliste zu ziehen vermisse ich übrigens immer noch! Warum hat man das einzige positive Unterscheidungsmerkmal zur mobilen Seite einfach eliminiert? Also alles in allem bleibt Amazon wenigstens standhaft auf dem Pfad der Appverschlechterung und ich bleibe standhaft im Verfassen einer 1Stern Bewertung bei jedem weiteren Update, bis sich da mal was tut!","Mittlerweile glaube ich, die Entwickler machen sich eine besonderen Spaß daraus die Nutzer durch scheinbar unersättlichen Leistungshunger der App mit Wartezeiten und Hängern zu quälen, während der gesamte Bedienablauf hin zu einem immer antiintuitiverem Schema geführt wird. Ich habe mit Schaudern von der schon nicht so tollen Version 13 auf 15 upgedatet, weil ich musste. Die Suche ließ sich nicht mehr filtern... was mich hier erwartet ist grauenhaft. Diese schwebende Menüzeile, die absolut sinnlos im Weg ist nervt schon gewaltig, aber was will man machen wenn ein appentwickler mit solchem Schwachsinn beginnt müssen natürlich alle nachziehen, denn hip und modern muss es sein. Praktisch und benutzerfreundlich, also eine echte Hilfe und Zeitersparnis, wem bei Amazon nützt das denn? Die grandiose Funktion, die gefundene Artikel schnell mit einem Wisch nach unten in die Wunschliste zu ziehen vermisse ich übrigens immer noch! Warum hat man das einzige positive Unterscheidungsmerkmal zur mobilen Seite einfach eliminiert? Also alles in allem bleibt Amazon wenigstens standhaft auf dem Pfad der Appverschlechterung und ich bleibe standhaft im Verfassen einer 1Stern Bewertung bei jedem weiteren Update, bis sich da mal was tut!",LimblessCadaver,15.9.0,2020-06-06T09:29:06Z,True,itunes_rss_mostHelpful,False,False
5d3d4c2ca5938d68c61f9f84b0ba66c4c7ac92b53325b0a5d6660fd205b6ba37,6035617635,348712880,Amazon,de,4,Leider nicht das neue Design,Habe bei vielen das neue Design gesehen ich habe es leider noch nicht schade,Habe bei vielen das neue Design gesehen ich habe es leider noch nicht schade,sherry_96,15.9.0,2020-06-04T20:52:39Z,True,itunes_rss_mostHelpful,False,False
2311b9e29131b7f45f32b01e10752cda7476d66742e4cb9f5172085ca75711f2,5974394687,348712880,Amazon,de,4,Neues Design überall und nicht nur auf iPhone,Das neue design ist ganz in Ordnung  aber warum nur auf iPhone nicht aber auf einem iPad?,Das neue design ist ganz in Ordnung  aber warum nur auf iPhone nicht aber auf einem iPad?,Chris 1991.17.500,15.9.0,2020-05-21T12:02:56Z,True,itunes_rss_mostHelpful,False,False
2c96bea697b40a4ab51bb2f59a3c2ab132cabe721b5291203fcd916a77d604a5,5973663719,348712880,Amazon,de,3,Sie neue Version ist eine Zumutung!,"Bitte auf die alte Version zurückkehren oder die neue so ändern, dass die einfach und schnell zu nutzen ist! Verstehe nicht wieso man es verschlimmbessert als zu verbessern! Und wann kommt endlich die Möglichkeit sich seine Rechnungen in der App anzeigen und drucken zu können? Das dürfte doch kein Zauberwerk sein es zu etablieren! Wenn ich was bestimmte suche möchte ich es schnell finden und bestellen können und nicht mehrere Seiten Werbung und eine Verwobene Seitenführung, dass einem es schwer macht wieder zu seiner Suche zurück zu finden! Bitte ändern!","Bitte auf die alte Version zurückkehren oder die neue so ändern, dass die einfach und schnell zu nutzen ist! Verstehe nicht wieso man es verschlimmbessert als zu verbessern! Und wann kommt endlich die Möglichkeit sich seine Rechnungen in der App anzeigen und drucken zu können? Das dürfte doch kein Zauberwerk sein es zu etablieren! Wenn ich was bestimmte suche möchte ich es schnell finden und bestellen können und nicht mehrere Seiten Werbung und eine Verwobene Seitenführung, dass einem es schwer macht wieder zu seiner Suche zurück zu finden! Bitte ändern!",James M Kirk,15.9.0,2020-05-21T07:59:51Z,True,itunes_rss_mostHelpful,False,False
d56f4e8057e3c7fd77e3fda3b4b84e1985a0ce03291ffef7d9afd4090d6a2073,5970784479,348712880,Amazon,de,5,"Tolle App, aber...",".. Bitte gebt die Möglichkeit zur Bestätigung, dass die Sendung da ist. :)
Ansonsten find ich es sehr übersichtlich und einfach zu bedienen!
Allerdings habt ihr bei der letzten Änderung auch die Mails geändert, die über die Versandbestätigung mitteilen. Dort sieht man nur noch den Preis und nicht mehr den bestellten Artikel. Das ist bei mehreren Artikeln schwer einzuschätzen.

Vielen Dank!",".. Bitte gebt die Möglichkeit zur Bestätigung, dass die Sendung da ist. :) 
Ansonsten find ich es sehr übersichtlich und einfach zu bedienen! 
Allerdings habt ihr bei der letzten Änderung auch die Mails geändert, die über die Versandbestätigung mitteilen. Dort sieht man nur noch den Preis und nicht mehr den bestellten Artikel. Das ist bei mehreren Artikeln schwer einzuschätzen.

Vielen Dank!",Cärs,15.8.2,2020-05-20T15:54:13Z,True,itunes_rss_mostHelpful,False,False
7172b057f4366942a9b585e45d079bf97d132ae93aebaa3e2282cdaecbf5bad8,5968395289,348712880,Amazon,de,5,Das neue Design ist schlimm!,Total unübersichtlich und man findet nichts. Bitte wieder zurück zum alten Design!!,Total unübersichtlich und man findet nichts. Bitte wieder zurück zum alten Design!!,Joylovesrihanna,15.8.2,2020-05-20T03:26:47Z,True,itunes_rss_mostHelpful,False,False
ecbc957cda4938c6a10c596a83e53eb363b289edfc1e71af68eb3bf21a74ef46,5963006271,348712880,Amazon,de,3,Leider nicht fehlerfrei,"Das neue Design finde ich ganz Ok. Da gibt es eigentlich nichts zu meckern. Was die Bedienung angeht allerdings schon:
1. Läuft die Anzeige beim Scrollen ständig seitlich aus der Spur. Warum? Bin ständig damit beschäftigt das Bild wieder in die Mitte des Displays zu rücken. Nervt.
2. Das abspeichern neuer Lieferadressen funktioniert nicht. Wenn alles eingegeben ist drückt man auf speichern, dann fliegt man raus aus dem Warenkorb zurück zum Artikel und die getätigte Eingabe ist weg. Ich muss also zur Lieferadressen Eingabe immer an den PC gehen. Ganz Schwach.
IPhone 8","Das neue Design finde ich ganz Ok. Da gibt es eigentlich nichts zu meckern. Was die Bedienung angeht allerdings schon:
1. Läuft die Anzeige beim Scrollen ständig seitlich aus der Spur. Warum? Bin ständig damit beschäftigt das Bild wieder in die Mitte des Displays zu rücken. Nervt.
2. Das abspeichern neuer Lieferadressen funktioniert nicht. Wenn alles eingegeben ist drückt man auf speichern, dann fliegt man raus aus dem Warenkorb zurück zum Artikel und die getätigte Eingabe ist weg. Ich muss also zur Lieferadressen Eingabe immer an den PC gehen. Ganz Schwach.
IPhone 8",ullebambata,15.8.2,2020-05-18T22:42:20Z,True,itunes_rss_mostHelpful,False,False
dc5eab09791ebeabd4eecf16cbe00277216a332dfb0f3b939d8d754dc36dd4a1,5950390986,348712880,Amazon,de,5,endlich ist das alte Design zurück,"Das Experiment ist missglückt, das alte Design ist wieder da. Vielen Dank dafür! Jetzt wieder übersichtlicher und praktischer. Wenn man irgendwann noch die bereitgestellten Rechnungen auch in der App ansehen könnte, wäre ich gänzlich glücklich.","Das Experiment ist missglückt, das alte Design ist wieder da. Vielen Dank dafür! Jetzt wieder übersichtlicher und praktischer. Wenn man irgendwann noch die bereitgestellten Rechnungen auch in der App ansehen könnte, wäre ich gänzlich glücklich.",king-pat,15.8.2,2020-05-15T22:22:44Z,True,itunes_rss_mostHelpful,False,False
b80979070a250c19d06d699aa7d30fa15b455657287e754e9cdd7eb5ff925386,5936867965,348712880,Amazon,de,3,Seit dem neuen Design 👎🏻,"Ich nutz(t)e die App sehr oft, es funktioniert auch prinzipiell (fast) alles, aber das neue Design und dessen Funktionsweise ist hoffentlich eine Beta-Version und kann eigentlich nicht der volle Ernst der Entwickler sein! Ich möchte die alte Version zurück!!!

Ich versuche mal die Problematik zu beschreiben: 1. Bekommt man nach dem Suchvorgang nicht das Gesuchte zu sehen, sondern irgendwelche beworbene Artikel - gut, darüber kann ich noch hinwegsehen. Weiter zu 2. man kann nicht mehr fortlaufend scrollen, sondern muss sich durch mehrere Seiten klicken, das nervt, aber kann man auch noch drüber stehen. 3. auf jeder „neuen“ Seite erscheinen zu Anfang wieder irgendwelche beworbenen Artikel, nervt ab Seite 3 dann schon ziemlich! 4. hat man sich dann durch all die Werbung und Seiten durchgeklickt und einen interessanten (gesuchten!) Artikel gefunden, kann man von diesem aus nicht wieder zurück zu der Stelle an der man diesen gesehen hatte - NEIN es geht wieder auf Anfang! Man muss sich also durch all die Seiten und all die Werbung erneut durchklicken... Bis zum nächsten Artikel der gefallen könnte und den man sich näher anschauen möchte... und wieder von vorn... Leute so macht das keinen Spaß!! Dann bestelle ich anderswo und nehme 1 oder 2 Tage Lieferzeit mehr in Kauf und entlaste trotzdem noch meine Nerven.
Ps. Ich fände eine Rückmeldung dazu ganz interessant. Ich wage zu bezweifeln dass ich die einzige bin die Probleme mit der aktuellen Version hat.","Ich nutz(t)e die App sehr oft, es funktioniert auch prinzipiell (fast) alles, aber das neue Design und dessen Funktionsweise ist hoffentlich eine Beta-Version und kann eigentlich nicht der volle Ernst der Entwickler sein! Ich möchte die alte Version zurück!!! 

Ich versuche mal die Problematik zu beschreiben: 1. Bekommt man nach dem Suchvorgang nicht das Gesuchte zu sehen, sondern irgendwelche beworbene Artikel - gut, darüber kann ich noch hinwegsehen. Weiter zu 2. man kann nicht mehr fortlaufend scrollen, sondern muss sich durch mehrere Seiten klicken, das nervt, aber kann man auch noch drüber stehen. 3. auf jeder „neuen“ Seite erscheinen zu Anfang wieder irgendwelche beworbenen Artikel, nervt ab Seite 3 dann schon ziemlich! 4. hat man sich dann durch all die Werbung und Seiten durchgeklickt und einen interessanten (gesuchten!) Artikel gefunden, kann man von diesem aus nicht wieder zurück zu der Stelle an der man diesen gesehen hatte - NEIN es geht wieder auf Anfang! Man muss sich also durch all die Seiten und all die Werbung erneut durchklicken... Bis zum nächsten Artikel der gefallen könnte und den man sich näher anschauen möchte... und wieder von vorn... Leute so macht das keinen Spaß!! Dann bestelle ich anderswo und nehme 1 oder 2 Tage Lieferzeit mehr in Kauf und entlaste trotzdem noch meine Nerven. 
Ps. Ich fände eine Rückmeldung dazu ganz interessant. Ich wage zu bezweifeln dass ich die einzige bin die Probleme mit der aktuellen Version hat.",Hakuna Matata die 723ste,,2020-05-12T18:51:09Z,True,web_ssr_helpful,False,False
951e2e17b400b0a652d0e2efe60db5ef991d8c687666460277f98157b34ab81e,5918327633,348712880,Amazon,de,5,Viele Verbesserungen,Mit dem letzten Update hat sich die benutzbarkeit und Geschwindigkeit deutlich verbessert! Gefällt mir sehr gut,Mit dem letzten Update hat sich die benutzbarkeit und Geschwindigkeit deutlich verbessert! Gefällt mir sehr gut,Atain,15.8.2,2020-05-08T08:37:20Z,True,itunes_rss_mostHelpful,False,False
fa1b2b42baa042111e87eebb18a09767fae4419f890744f84b254562f6ec8d84,5911857645,348712880,Amazon,de,5,Öffnet sich nicht mehr!!,Bitte Bug schnell beheben.,Bitte Bug schnell beheben.,MARIO OUEST SIDE,15.8.2,2020-05-06T21:38:04Z,True,itunes_rss_mostHelpful,False,False
447259238ef18c2ec34a0a1585f76106122c807b5a74def953eada7048cd2844,5876093420,348712880,Amazon,de,5,Neues Update,"Also das geht gar nicht, dass neuste Update ist vollkommen unübersichtlich, furchtbar zu benutzen.
Da nutze ich lieber die Website, bitte macht das wieder rückgängig.
Somit 1 Stern Bewertung!","Also das geht gar nicht, dass neuste Update ist vollkommen unübersichtlich, furchtbar zu benutzen. 
Da nutze ich lieber die Website, bitte macht das wieder rückgängig.
Somit 1 Stern Bewertung!",illeMc,15.8.0,2020-04-28T17:33:56Z,True,itunes_rss_mostHelpful,False,False
ee3446439beccbe29e42201e3b844fd097a998b2683a47fbf2e3b33e54784409,5873780307,348712880,Amazon,de,5,Problem!,Ich weiß nicht was momentan das Problem ist aber ich kann nix mehr bestellen da meine Zahlungsart abgelehnt wird .... der Beitrag kann allerdings darüber abgebucht werden und ich kann noch Bücher und Filme kaufen. Den Kundendienst braucht man auch nicht fragen der kann kein Deutsch und weiß sowieso keine Lösung 😒,Ich weiß nicht was momentan das Problem ist aber ich kann nix mehr bestellen da meine Zahlungsart abgelehnt wird .... der Beitrag kann allerdings darüber abgebucht werden und ich kann noch Bücher und Filme kaufen. Den Kundendienst braucht man auch nicht fragen der kann kein Deutsch und weiß sowieso keine Lösung 😒,Josephine Naumann,15.8.0,2020-04-28T05:31:58Z,True,itunes_rss_mostHelpful,False,False
face0ee298d0c5d67f7d206796ceb1461d28fa88a83ee8e70be3752a7dcc6912,5853380562,348712880,Amazon,de,5,Usability der App,"Bisher war ich mit der Usability der App sehr zufrieden, aber nach jedem Update habe ich das Gefühl das die App unübersichtlicher gestaltet wird.
Der Sinn der neuen Tab Bar erschliesst sich mir nicht. So wie die Tab Bar jetzt ist empfinde ich sie eher als störend.
Falls sich die Usability wieder verbessert gibzs auch wieder mehr Sterne.","Bisher war ich mit der Usability der App sehr zufrieden, aber nach jedem Update habe ich das Gefühl das die App unübersichtlicher gestaltet wird. 
Der Sinn der neuen Tab Bar erschliesst sich mir nicht. So wie die Tab Bar jetzt ist empfinde ich sie eher als störend.
Falls sich die Usability wieder verbessert gibzs auch wieder mehr Sterne.",Kampfkeks 76,15.8.0,2020-04-23T16:04:29Z,True,itunes_rss_mostHelpful,False,False
313f7e8d4453a4e561f09204d2caa784a8722a58095401f59b775a3ac461dc6a,5850155517,348712880,Amazon,de,5,Ein Update zum abschaffen. Sorry aber so empfinde ich das.,"Lange Zeit nutze ich jetzt die Amazon App - aber sorry das letzte Update hat die intuitive Bedienung der App vorerst abgeschafft. Die Optik finde ich auch nicht gelungen - ja das ist Geschmacksache, aber nach dem letzten Update finde ich die Verwendung der App überhaupt nicht mehr einfach und intuitiv wie es mal war. Schade ich finde diese Version echt gut gelungen und aus der erhofften Weiterentwicklung ist für mich eher eine komplizierte Variante der alten Version geworden.
Ich bin gespannt wo die Reise hin geht ich hoffe auf Besserung in Richtung der alten Gestaltung und Bedienungsfreundlichkeit.
Sorry Amazon aber das ist meine ehrliche Meinung und Einschätzung.","Lange Zeit nutze ich jetzt die Amazon App - aber sorry das letzte Update hat die intuitive Bedienung der App vorerst abgeschafft. Die Optik finde ich auch nicht gelungen - ja das ist Geschmacksache, aber nach dem letzten Update finde ich die Verwendung der App überhaupt nicht mehr einfach und intuitiv wie es mal war. Schade ich finde diese Version echt gut gelungen und aus der erhofften Weiterentwicklung ist für mich eher eine komplizierte Variante der alten Version geworden. 
Ich bin gespannt wo die Reise hin geht ich hoffe auf Besserung in Richtung der alten Gestaltung und Bedienungsfreundlichkeit. 
Sorry Amazon aber das ist meine ehrliche Meinung und Einschätzung.",Tomster009,15.8.0,2020-04-22T23:22:50Z,True,itunes_rss_mostHelpful,False,False
635196fa4ada28164ef88aa256fac69c99f3a7330b64ade6e67ac7f06a8b710b,5846792442,348712880,Amazon,de,5,Verschlechterung durch Update,"Bitte zurück zur letzten Version!!! Völlig unübersichtlich. Warum lassen sich die Seiten im Hochformat nach Links und Rechts verschieben?
Die App ist unfassbar unübersichtlich geworden.","Bitte zurück zur letzten Version!!! Völlig unübersichtlich. Warum lassen sich die Seiten im Hochformat nach Links und Rechts verschieben? 
Die App ist unfassbar unübersichtlich geworden.",TyronJackson,15.8.0,2020-04-22T06:01:39Z,True,itunes_rss_mostHelpful,False,False
809b715392ab12e7f8ab56a638640915a07193f50955f6663b705347736133df,5844693172,348712880,Amazon,de,5,Mit Design Update unübersichtlich geworden,Das alte Design war sehr übersichtlich und hatte einen Guten Workflow. Im neuen Design komme ich nicht mehr so gut zurecht.,Das alte Design war sehr übersichtlich und hatte einen Guten Workflow. Im neuen Design komme ich nicht mehr so gut zurecht.,deakanas,15.8.0,2020-04-21T18:33:22Z,True,itunes_rss_mostHelpful,False,False
00f656e0ab198431fd671d8fcf6f0d495b83e9b48f75881a97987b3228c8d124,5834529767,348712880,Amazon,de,5,Die App war mal überschaulicher,"Seit dem letzten Update ist die komplette Oberfläche geändert und das nicht gerade zum besseren !
Die App ist nicht mehr so schön strukturiert wie vorher die Übersicht erinnert an Facebook 🤭
Des Weiteren kann man keine Texte oder Textzeichen mehr kopieren was das Ganze nicht gerade besser macht falls man mal Zubehör bestellen möchte !","Seit dem letzten Update ist die komplette Oberfläche geändert und das nicht gerade zum besseren !
Die App ist nicht mehr so schön strukturiert wie vorher die Übersicht erinnert an Facebook 🤭
Des Weiteren kann man keine Texte oder Textzeichen mehr kopieren was das Ganze nicht gerade besser macht falls man mal Zubehör bestellen möchte !",Chriss0083,15.8.0,2020-04-19T14:18:04Z,True,itunes_rss_mostHelpful,False,False
981210f40cbed77e2385e6a0739c21b0f03e5d83577c08ca0405bcb1dee3ccb6,5833723655,348712880,Amazon,de,5,Passt wieder,App gelöscht und neu installiert dann hat man wieder dass alte interface,App gelöscht und neu installiert dann hat man wieder dass alte interface,Tobias Heitmeier,15.8.0,2020-04-19T10:22:51Z,True,itunes_rss_mostHelpful,False,False
b4d0a352d77193db62b0f40f848e31bb480016e70569f3b5c7775d6b361f4b87,5833391025,348712880,Amazon,de,5,Nicht jedes Update ist eine Verbesserung,"Ich hätte mir mehr Übersichtlichkeit gewünscht, nicht weniger, die abonnierten Newsletter sind immer noch schwer zu finden und ich fände die Rückkehr zur alten Version gut.","Ich hätte mir mehr Übersichtlichkeit gewünscht, nicht weniger, die abonnierten Newsletter sind immer noch schwer zu finden und ich fände die Rückkehr zur alten Version gut.",Burbacher,15.8.0,2020-04-19T08:34:54Z,True,itunes_rss_mostHelpful,False,False
7dbed44a1bedd6dcdbb5183ce007a0522f456fbd2a93ca14f68c2af65450f636,5833239826,348712880,Amazon,de,5,Neues Design,Das komplett neue Design ist genial und war schon seit Jahren überfällig!,Das komplett neue Design ist genial und war schon seit Jahren überfällig!,koenich-von-kiosk,15.8.0,2020-04-19T07:45:18Z,True,itunes_rss_mostHelpful,False,False
4de055fa19b5a884766fe2e2e86549e149f4e279a9fe055f6b0336e7129fbf8f,5828820100,348712880,Amazon,de,5,neues Design,"Ich finde das neue Design sehr gut. Fand mich schnell zurecht und wirkt etwas frischer, nicht mehr so „angestaubt“","Ich finde das neue Design sehr gut. Fand mich schnell zurecht und wirkt etwas frischer, nicht mehr so „angestaubt“",Gerbay,15.8.0,2020-04-18T09:22:39Z,True,itunes_rss_mostHelpful,False,False
c8c6ea7179655e7d441c869e43f20fdbec03a35abef12ee3d54e861faa4c901d,5828421514,348712880,Amazon,de,5,Schönes Design,"Wer sich 30 Sekunden damit beschäftigt, hat die neue Menüführung raus und würde wissen das es besser ist. Der Rest kann nicht mal ein modernes Handy bedienen da es ziemlich ähnlich aufgebaut ist. Bleibt euch selber treu und fahrt eurer eigenes Bild","Wer sich 30 Sekunden damit beschäftigt, hat die neue Menüführung raus und würde wissen das es besser ist. Der Rest kann nicht mal ein modernes Handy bedienen da es ziemlich ähnlich aufgebaut ist. Bleibt euch selber treu und fahrt eurer eigenes Bild",SoXxO,15.8.0,2020-04-18T07:19:11Z,True,itunes_rss_mostHelpful,False,False
cecfc05fbc027783ef357ac43abafa3b73fc8d623912b20d0a3cca2cf4b2a6a6,5825317401,348712880,Amazon,de,5,Kann ich bitte das alte Design zurück haben???,"Ich glaube beim letzten Update ist was schief gelaufen bei euch, das neue Design ist echt ne Katastrophe, ich möchte gerne das alte Design zurück! JETZT! SOFORT!","Ich glaube beim letzten Update ist was schief gelaufen bei euch, das neue Design ist echt ne Katastrophe, ich möchte gerne das alte Design zurück! JETZT! SOFORT!",Krischi7,15.8.0,2020-04-17T15:36:39Z,True,itunes_rss_mostHelpful,False,False
b1b7d3fe75000cf31613332e50a6d445222e4e5778145f7d1992f3b8b08b1319,5822187074,348712880,Amazon,de,4,Fast sehr gut,"Den Abzug gibt es für die scheinbare Sendungsverfolgung, die nur ein Fake ist. Hatte es wiederholt, dass lt. Sendungsverfolgung die Ware schon längst hätte zugestellt werden sollen, dies aber nicht der Fall gewesen ist. Amazon weiß aber ob die Ware zugestellt worden ist, weil sie sich für die Verspätung entschuldigen, wissen aber nicht wann und evtl. ob die Ware zugestellt wird. Sie wissen also nicht wo die Ware sich auf dem Versandweg befindet. So macht Sendungsverfolgung keinen Sinn. Sie soll den Kunden nur in Sicherheit wiegen, dass alles unter Kontrolle ist bzw. alles nach Plan läuft und der Liefertermin eingehalten wird. Der Sendungsverfolgungsweg in der Grafik orientiert sich anscheinend aber nur nach dem angegebenen Lieferzeitfenster,
ohne Bezug zum realen Aufenthaltsort der Ware.","Den Abzug gibt es für die scheinbare Sendungsverfolgung, die nur ein Fake ist. Hatte es wiederholt, dass lt. Sendungsverfolgung die Ware schon längst hätte zugestellt werden sollen, dies aber nicht der Fall gewesen ist. Amazon weiß aber ob die Ware zugestellt worden ist, weil sie sich für die Verspätung entschuldigen, wissen aber nicht wann und evtl. ob die Ware zugestellt wird. Sie wissen also nicht wo die Ware sich auf dem Versandweg befindet. So macht Sendungsverfolgung keinen Sinn. Sie soll den Kunden nur in Sicherheit wiegen, dass alles unter Kontrolle ist bzw. alles nach Plan läuft und der Liefertermin eingehalten wird. Der Sendungsverfolgungsweg in der Grafik orientiert sich anscheinend aber nur nach dem angegebenen Lieferzeitfenster,
ohne Bezug zum realen Aufenthaltsort der Ware.",ghzfshkl,15.8.0,2020-04-17T00:21:37Z,True,itunes_rss_mostHelpful,False,False
0cd63c6365b406b7a3c2e502715a39d9bb178232d25d0543d2500e0b600dc1c0,5818982432,348712880,Amazon,de,5,Letztes Update,"Wow Leute, bitte gebt mir die alte Version wieder! Das Update mit der neuen Oberfläche ist grauenvoll! Da mag ich nicht mehr bestellen!
Meiner Meinung nach total unübersichtlich und finden ... Lassen wir das!
Wenn das so bleibt, dann muss ich diese App deinstallieren!","Wow Leute, bitte gebt mir die alte Version wieder! Das Update mit der neuen Oberfläche ist grauenvoll! Da mag ich nicht mehr bestellen! 
Meiner Meinung nach total unübersichtlich und finden ... Lassen wir das! 
Wenn das so bleibt, dann muss ich diese App deinstallieren!",LuckyH96,15.8.0,2020-04-16T08:41:07Z,True,itunes_rss_mostHelpful,False,False
807d4b24ddf66384a37ff284c0fdd1c942c5de1b027cc15aa3d02628bde53e45,5818548725,348712880,Amazon,de,5,Furchtbares Design,Leider ist das neue Design extrem unübersichtlich. Das alte war erheblich benutzerfreundlicher! Und leider fehlt nach wie vor der Dark-Mode für die App.,Leider ist das neue Design extrem unübersichtlich. Das alte war erheblich benutzerfreundlicher! Und leider fehlt nach wie vor der Dark-Mode für die App.,Mjoelnir2014,15.8.0,2020-04-16T06:20:42Z,True,itunes_rss_mostHelpful,False,False
eeebbd6f7090b5f0193023623111ef423bbb271d14d4859f9944233e571704d7,5814125317,348712880,Amazon,de,5,Gute app zum shoppen - mit aufdringlichen Werbespots,"Sehr gute, flüssige und intuitive App.
Scrollt man allerdings an die falsche Stelle, starten automatisch Prime Video Spots. So aufdringliche Videos sind für mich ein No-Go! Ich kann durchaus selbst entscheiden, ob ich mir ein Video anschauen möchte oder nicht. Oft stört es den „Kaufrausch“ einfach nur. In meinem Falle also kontraproduktiv.","Sehr gute, flüssige und intuitive App. 
Scrollt man allerdings an die falsche Stelle, starten automatisch Prime Video Spots. So aufdringliche Videos sind für mich ein No-Go! Ich kann durchaus selbst entscheiden, ob ich mir ein Video anschauen möchte oder nicht. Oft stört es den „Kaufrausch“ einfach nur. In meinem Falle also kontraproduktiv.",Microshuft,15.8.0,2020-04-15T08:42:17Z,True,itunes_rss_mostHelpful,False,False
6924742bb04ceba757e0d2e879188c2857971488d6eb5215e0190d81417b5895,5813752365,348712880,Amazon,de,5,Das neue Design,"Schlimmer geht es ja wohl nicht ? Da vergeht mir echt das bestellen , das war doch fast perfekt warum müsst ihr alles verschlimmbessern ? Grausam! Bitte wieder ändern ! Die Leiste unten ist ja echt das schlimmste , die Farbe hässlich und überhaupt nichts ist mehr zu finden . Hoffentlich kommt ihr nicht auf die Idee das auch noch bei Windows zu ändern . Da ist der eine Stern noch zu viel !","Schlimmer geht es ja wohl nicht ? Da vergeht mir echt das bestellen , das war doch fast perfekt warum müsst ihr alles verschlimmbessern ? Grausam! Bitte wieder ändern ! Die Leiste unten ist ja echt das schlimmste , die Farbe hässlich und überhaupt nichts ist mehr zu finden . Hoffentlich kommt ihr nicht auf die Idee das auch noch bei Windows zu ändern . Da ist der eine Stern noch zu viel !",Peppylie,15.8.0,2020-04-15T06:45:06Z,True,itunes_rss_mostHelpful,False,False
4f7cf1240acb95943191f431efae873f91b82893532c27ccd69650e9e1c6cc41,5813586509,348712880,Amazon,de,5,Unzumutbar!,"Seid ihr bescheuert? Nach dem letzten Update läuft in der App ständig ein Werbespot!
Total unbrauchbar, würde jedem von der App abraten. Leider sind 0 Sterne nicht möglich.","Seid ihr bescheuert? Nach dem letzten Update läuft in der App ständig ein Werbespot!
Total unbrauchbar, würde jedem von der App abraten. Leider sind 0 Sterne nicht möglich.",El Meho,15.8.0,2020-04-15T05:47:49Z,True,itunes_rss_mostHelpful,False,False
6e7a188ffb3cba8b7c73b5213dcd062d01b4aa72fb9f543003a36b058785802d,5807043335,348712880,Amazon,de,5,Klasse Design,"Sehr übersichtlich und funktional. Ich weis nicht warum es hier so viele negative Bewertungen zum neuen Design gibt. 🤷‍♂️ Ich finde die App sehr gelungen, leicht zu bedienen und übersichtlich. Konnte bisher auch keine Fehler in der Funktion feststellen. Weiter so!","Sehr übersichtlich und funktional. Ich weis nicht warum es hier so viele negative Bewertungen zum neuen Design gibt. 🤷‍♂️ Ich finde die App sehr gelungen, leicht zu bedienen und übersichtlich. Konnte bisher auch keine Fehler in der Funktion feststellen. Weiter so!",Ulli Fichte,15.8.0,2020-04-13T20:28:01Z,True,itunes_rss_mostHelpful,False,False
8a6a12423c58467ef6670e284045a99039e7f8cd7b27e2fb8edbc6c0319c277c,5801742640,348712880,Amazon,de,5,"Kunden, die dieses gesehen / gekauft haben kauften auch weg","Wo ist die Funktion „Kunden, die dieses gesehen / gekauft haben kauften auch ...“ hin? Habe neulich noch gedacht, meine Güte zeigt dieser bezahlte Produkte Bereich nur Schrott an und ist total überflüssig, dazu musste man immer ganz nach unten scrollen um an die „Kunden, die dieses gesehen / gekauft haben kauften auch ...“ Funktion zu kommen.

Zudem dachte ich auch, ohne die oben genannte Funktion könnte ich auch woanders kaufen, da die eigentliche Suche auch immer schlechter wurde. Naja, jetzt ist es dann wohl soweit, schade.","Wo ist die Funktion „Kunden, die dieses gesehen / gekauft haben kauften auch ...“ hin? Habe neulich noch gedacht, meine Güte zeigt dieser bezahlte Produkte Bereich nur Schrott an und ist total überflüssig, dazu musste man immer ganz nach unten scrollen um an die „Kunden, die dieses gesehen / gekauft haben kauften auch ...“ Funktion zu kommen. 

Zudem dachte ich auch, ohne die oben genannte Funktion könnte ich auch woanders kaufen, da die eigentliche Suche auch immer schlechter wurde. Naja, jetzt ist es dann wohl soweit, schade.",Semmel_b,15.7.0,2020-04-12T17:20:02Z,True,itunes_rss_mostHelpful,False,False
50f6df2581d5dc78a9015d3ce9dd3a45a836fcf16e5dc92383ba99dee4876053,5787428818,348712880,Amazon,de,5,Deutlich verschlechtert,"Die App besteht im wesentlichen nur noch aus Werbung, im ganzen Spektrum von ‚etwas lästig‘ bis ‚absolut nervtötend‘ - vor allem die automatisch startenden Trailer irgendwelcher Amazon Prime Titel machen die App im Endeffekt unbenutzbar. Empfehlungen sind verschwunden, aktuelle Blitzangebote kaum mehr auffindbar, generell taugt die App nur noch um schnell nachzusehen wo eine Lieferung gerade steckt...","Die App besteht im wesentlichen nur noch aus Werbung, im ganzen Spektrum von ‚etwas lästig‘ bis ‚absolut nervtötend‘ - vor allem die automatisch startenden Trailer irgendwelcher Amazon Prime Titel machen die App im Endeffekt unbenutzbar. Empfehlungen sind verschwunden, aktuelle Blitzangebote kaum mehr auffindbar, generell taugt die App nur noch um schnell nachzusehen wo eine Lieferung gerade steckt...",Thomas1073,15.7.0,2020-04-09T19:55:00Z,True,itunes_rss_mostHelpful,False,False
d19dd697fb43ba547cfd3cd89abe797875fdd86f7275fd4a8a13ea44e6516568,5765652774,348712880,Amazon,de,5,Ständige Abstürze,Seit dem letzten Update ist die App nicht mehr nutzbar. Stürzt beim Start ständig ab!,Seit dem letzten Update ist die App nicht mehr nutzbar. Stürzt beim Start ständig ab!,b00ny2,15.6.0,2020-04-05T10:25:04Z,True,itunes_rss_mostHelpful,False,False
a0ff7ff5b782d265baaf9d32cd0ee815669cfe32dec1a0784f4f13f59e64377e,5747519446,348712880,Amazon,de,5,Unübersichtlich,Seit dem letzten Update keine komfortable Übersicht mehr.,Seit dem letzten Update keine komfortable Übersicht mehr.,christianxx77,15.6.0,2020-04-01T20:09:32Z,True,itunes_rss_mostHelpful,False,False
80f4e549c9c309177d35dc5e18c90ce704cc41b6eebad917e0ba1c7d359a7ad0,5711309807,348712880,Amazon,de,5,Gut,Man kann halt schnell Geld ausgeben aber man findet auch alles was man brauch,Man kann halt schnell Geld ausgeben aber man findet auch alles was man brauch,Edno-B,15.6.0,2020-03-25T13:46:22Z,True,itunes_rss_mostHelpful,False,False
c052b8d9d9f7dab2aa2f3059a2cfa4c6096885a0d76cea0155685ab72e5cd910,5706852518,348712880,Amazon,de,5,Werbung beim Programmstart,"Bisher war ich ein zufriedener Amazon-Kunde. Ja, sogar ein Amazon Prime Kunde. Diese App dreht diesen Eindruck leider um. Nahezu bei jedem App-Start bekomme ich einen Werbefilm aufgedrängt.
Ganz ehrlich: Irgendwann ist es auch Mal genug mit Werbung! Ich kann es nicht mehr sehen!

Warum nur 2 Sterne?
Die viele Werbung nervt, stört und macht inzwischen aggressiv. Also 0 Sterne. 1 Stern für den ansonsten guten Service, 1 Stern für die an sich gute App, wenn diese nicht den einleitenden Werbefilm bringen würde...","Bisher war ich ein zufriedener Amazon-Kunde. Ja, sogar ein Amazon Prime Kunde. Diese App dreht diesen Eindruck leider um. Nahezu bei jedem App-Start bekomme ich einen Werbefilm aufgedrängt. 
Ganz ehrlich: Irgendwann ist es auch Mal genug mit Werbung! Ich kann es nicht mehr sehen!

Warum nur 2 Sterne?
Die viele Werbung nervt, stört und macht inzwischen aggressiv. Also 0 Sterne. 1 Stern für den ansonsten guten Service, 1 Stern für die an sich gute App, wenn diese nicht den einleitenden Werbefilm bringen würde...",SoftDevil,15.6.0,2020-03-24T16:11:46Z,True,itunes_rss_mostHelpful,False,False
54624bba2846a69f0bfd212d500f4ca6327bd71501ceb054251e4cbaad7f5d25,5706595340,348712880,Amazon,de,4,Angebote,"Seit kurzem sind die Angebote (mal wieder) per App nicht mehr auffindbar. Dieses Problem gab es bereits in der Vergangenheit, dann hilft nur der alternative Weg über den Browser. Über diesen Menüpunkt findet man alle aktuellen Angebote, Filterbänder nach vielen Kategorien, Art des Angebots etc.

Hierdurch werden die Angebote in der App viel übersichtlicher als im Browser dargestellt bzw. präsentiert. Ich finde ich es sehr schade und enttäuschend , dass der Hauptvorteil der App gegenüber der Webseite immer wieder verschwindet und mit Verzögerung wieder erscheint. Diese Funktion verleitet als Kunde auch zum Stöbern und sollte daher auch im Interesse des Händlers sein?
Hinweise an den Support wurden nie beantwortet und damit subjektiv für mich ignoriert.

Ansonsten ist die App schick und übersichtlich aufgebaut.

Den günstigsten Anbieter eines Artikels bekommt man nicht automatisch vorgeschlagen, die Übersicht lässt sich aber mit einem Klick öffnen bzw. dort der Anbieter übersichtlich dargestellt auswählen.

Das oben geschilderte Vorgehen verärgert mich leider unnötig, gerade da ich ansonsten sehr überzeugter Amazon-Kunde bin.

Betrifft sowohl iPhone als auch iPad.","Seit kurzem sind die Angebote (mal wieder) per App nicht mehr auffindbar. Dieses Problem gab es bereits in der Vergangenheit, dann hilft nur der alternative Weg über den Browser. Über diesen Menüpunkt findet man alle aktuellen Angebote, Filterbänder nach vielen Kategorien, Art des Angebots etc.

Hierdurch werden die Angebote in der App viel übersichtlicher als im Browser dargestellt bzw. präsentiert. Ich finde ich es sehr schade und enttäuschend , dass der Hauptvorteil der App gegenüber der Webseite immer wieder verschwindet und mit Verzögerung wieder erscheint. Diese Funktion verleitet als Kunde auch zum Stöbern und sollte daher auch im Interesse des Händlers sein?
Hinweise an den Support wurden nie beantwortet und damit subjektiv für mich ignoriert.

Ansonsten ist die App schick und übersichtlich aufgebaut.

Den günstigsten Anbieter eines Artikels bekommt man nicht automatisch vorgeschlagen, die Übersicht lässt sich aber mit einem Klick öffnen bzw. dort der Anbieter übersichtlich dargestellt auswählen.

Das oben geschilderte Vorgehen verärgert mich leider unnötig, gerade da ich ansonsten sehr überzeugter Amazon-Kunde bin.

Betrifft sowohl iPhone als auch iPad.",Dimitri Alexej,15.6.0,2020-03-24T15:06:34Z,True,itunes_rss_mostHelpful,False,False
1d3711e07b84569853e11509f6f6f59c53f15635c0a097a5d633258332697add,5702888107,348712880,Amazon,de,5,Letztes Update Katastrophe,Mit dem letzten Update ist der einfache Weg zu den Angeboten abgeschafft worden. Einfach nur schlecht,Mit dem letzten Update ist der einfache Weg zu den Angeboten abgeschafft worden. Einfach nur schlecht,MaxHead1668,15.6.0,2020-03-23T20:48:08Z,True,itunes_rss_mostHelpful,False,False
88a422990399549184dda6687b31523f9abb26fa2fa6352e8c88ae5b7995e37a,5673392640,348712880,Amazon,de,5,Amazon,"Diese App ist wirklich das beste Einkaufsportal das ich kennengelernt hab, kann man nur empfehlen!!! Der Kundendienst ist ebenso sehr freundlich und bemüht sich direkt um euer Anliegen das es schnell erledigt wird und versucht immer im Interesse des Kunden zu handeln.","Diese App ist wirklich das beste Einkaufsportal das ich kennengelernt hab, kann man nur empfehlen!!! Der Kundendienst ist ebenso sehr freundlich und bemüht sich direkt um euer Anliegen das es schnell erledigt wird und versucht immer im Interesse des Kunden zu handeln.",mm2716,15.6.0,2020-03-17T16:00:00Z,True,itunes_rss_mostHelpful,False,False
c8d4601497aacb66ece1253c460145d31cc98eba5c5e387f6c0af7843236a323,5532198079,348712880,Amazon,de,4,Kein Kundenservice,Amazon zieht sich aus Reklamationen ganz geschickt aus der Affäre. Nach einem Monat ab Kaufdatum nach denen die Sintflut! Und du kannst dich selber mit den Verkäufern rum ärgern. Habe einen wasserdichten Pavillon gekauft. Leider hat es erst beim zweiten aufstellen geregnet dassqar Bach 8 Wochen. Reklamiert aber Amazon lehnt ab da es nur vier Wochen geht. Gewährleistung in Deutschland zwei Jahre. Der Verkäufer regt dich auch nicht wirklich. Um den Preis muss ich nicht über ein Portal wie Amazon kaufen. Finde ich nicht gut!,Amazon zieht sich aus Reklamationen ganz geschickt aus der Affäre. Nach einem Monat ab Kaufdatum nach denen die Sintflut! Und du kannst dich selber mit den Verkäufern rum ärgern. Habe einen wasserdichten Pavillon gekauft. Leider hat es erst beim zweiten aufstellen geregnet dassqar Bach 8 Wochen. Reklamiert aber Amazon lehnt ab da es nur vier Wochen geht. Gewährleistung in Deutschland zwei Jahre. Der Verkäufer regt dich auch nicht wirklich. Um den Preis muss ich nicht über ein Portal wie Amazon kaufen. Finde ich nicht gut!,Zickenmutter,15.3.0,2020-02-15T00:21:48Z,True,itunes_rss_mostHelpful,False,False
2b8280c5e92adf1be2e0e0c4a7be5a2949fd98a787e165dc63643f8faa08061e,5475658259,348712880,Amazon,de,3,Seit den letzten Updates - nervig,"Ich benutze die App seit langem, aber seit den letzten Updates - seit man nur 20 Suchergebnisse präsentiert bekommt, und dann auf „Weiter“ gehen muss, macht mich das rasend. Man kann nicht einfach zurück scrollen, um etwas wieder zu finden, was einem vielleicht gefallen hat. Nervig!","Ich benutze die App seit langem, aber seit den letzten Updates - seit man nur 20 Suchergebnisse präsentiert bekommt, und dann auf „Weiter“ gehen muss, macht mich das rasend. Man kann nicht einfach zurück scrollen, um etwas wieder zu finden, was einem vielleicht gefallen hat. Nervig!",Was gibt es noch,15.2.4,2020-02-01T18:10:16Z,True,itunes_rss_mostHelpful,False,False
dfb3f6a3e76b841685f00b01cb9c5f8b453d9291a5573b03e5fae18a9cc451fe,5450850448,348712880,Amazon,de,5,Ansicht verschiebt sich!,"Aktuell kann man bei der Wunschliste nicht mehr zwischen den einzelnen Listen wählen, weil der Amazon Banner oben die Listenauswahl verdeckt. Ein Scrollen wird nicht zugelassen.

Zudem bin ich eigentlich völlig überzeugt von Amazon und kaufe häufig dort, jedoch schwappt immer mehr Chinaware auf die Plattform mit Lieferzeiten von bis zu 2 Monaten. Das nervt und nimmt die Seriösität von Amazon.","Aktuell kann man bei der Wunschliste nicht mehr zwischen den einzelnen Listen wählen, weil der Amazon Banner oben die Listenauswahl verdeckt. Ein Scrollen wird nicht zugelassen.

Zudem bin ich eigentlich völlig überzeugt von Amazon und kaufe häufig dort, jedoch schwappt immer mehr Chinaware auf die Plattform mit Lieferzeiten von bis zu 2 Monaten. Das nervt und nimmt die Seriösität von Amazon.",Snowman1404a,15.2.0,2020-01-26T11:50:43Z,True,itunes_rss_mostHelpful,False,False
c240be22ea8edffd904498f0c41325e96a857f5543145b62d5ca31e64856cd67,5430351991,348712880,Amazon,de,5,Sehr gut und übersichtlich,"Ich finde diese App sehr genau und gut!
Aber eins verstehe ich nicht, wieso hat diese App nur 3 Sterne und wird so schlecht bewertet? JEDER bestellt sich was auf Amazon!
Und nur weil die Anbieter so schlecht von Amazon bezahlt werden?
Ich finde sie alles in einem TOP deshalb auch von mir 5 Sterne !!!","Ich finde diese App sehr genau und gut!
Aber eins verstehe ich nicht, wieso hat diese App nur 3 Sterne und wird so schlecht bewertet? JEDER bestellt sich was auf Amazon! 
Und nur weil die Anbieter so schlecht von Amazon bezahlt werden?
Ich finde sie alles in einem TOP deshalb auch von mir 5 Sterne !!!",fynn_krgm,15.2.0,2020-01-21T08:45:23Z,True,itunes_rss_mostHelpful,False,False
40de0600c664299f67d73be9b7132badca92136f6ef675c86cca51773ffffb32,5428282087,348712880,Amazon,de,3,Keine Musik,Schade das man mit Applegeräten keine Musik kaufen kann.,Schade das man mit Applegeräten keine Musik kaufen kann.,Videostarfan,15.1.0,2020-01-20T18:37:55Z,True,itunes_rss_mostHelpful,False,False
54d54e679ed1f42e134aa6a7352a9dfd0cc4bef2d36f2a604d5ecbb95e382985,5363045743,348712880,Amazon,de,4,Geschenkgutscheine Update,"Bin mit der App im großen und ganzen  zufrieden leider gibt es immer mehr Verkäufer die bewusst falsche Angaben zur gewünschten Ware machen und minderwertige oder sogar falsche Waren anbieten bzw Liefern warum werden diese Anbieter weiter in der App bzw bei Amazon angezeigt obwohl in den Rezensionen darauf hingewiesen wurde
Leider wurde die Option Geschenkgutscheine einlösen vom Hauptmenü verbannt bitte wieder rückgängig machen brauche diese Option oft","Bin mit der App im großen und ganzen  zufrieden leider gibt es immer mehr Verkäufer die bewusst falsche Angaben zur gewünschten Ware machen und minderwertige oder sogar falsche Waren anbieten bzw Liefern warum werden diese Anbieter weiter in der App bzw bei Amazon angezeigt obwohl in den Rezensionen darauf hingewiesen wurde 
Leider wurde die Option Geschenkgutscheine einlösen vom Hauptmenü verbannt bitte wieder rückgängig machen brauche diese Option oft",Neoar,13.21.2,2020-01-05T06:15:06Z,True,itunes_rss_mostHelpful,False,False
8ef6e921581c690dec3ab2ac5ed59da5334af23dbd61615ec73a78b52ec1e0a9,5257009672,348712880,Amazon,de,5,Zu viel,"Die Amazon App war mal wirklich gut. Schnell, effizient und gut zu bedienen. Nach den letzten Updates wird es immer schlimmer. Ich benutze die App anstatt der Webseite damit man einfacher seine gesuchten Produkte findet. Das war mal gut. Jetzt wo man nach einigen Produkten auf weiter klicken soll und wo das Layout der Produktseiten nicht mehr ohne scroll-Bewegungen auskommt, ist der Nutzen dieser App mehr als Fragwürdig.
Bitte schnell wieder zurück zur alten Version. Hier kann man wirklich von Verschlimmbesserung reden.
Update zurück ASAP !

Danke","Die Amazon App war mal wirklich gut. Schnell, effizient und gut zu bedienen. Nach den letzten Updates wird es immer schlimmer. Ich benutze die App anstatt der Webseite damit man einfacher seine gesuchten Produkte findet. Das war mal gut. Jetzt wo man nach einigen Produkten auf weiter klicken soll und wo das Layout der Produktseiten nicht mehr ohne scroll-Bewegungen auskommt, ist der Nutzen dieser App mehr als Fragwürdig.
Bitte schnell wieder zurück zur alten Version. Hier kann man wirklich von Verschlimmbesserung reden.
Update zurück ASAP !

Danke",RoLa37,13.21.2,2019-12-10T19:20:03Z,True,itunes_rss_mostHelpful,False,False
5fa43d5e9f1093bbc67df0ac6841aeffe304c627bb4cd36afb339a3a028ec377,5213788508,348712880,Amazon,de,5,"AlExA, FiReTv StIcK",Zu viel unnötige Werbung für Alexa und die restlichen Amazon Produkte. Die werden selbst bei Suchen angezeigt die überhaupt nix mit dem Thema zu tun haben. Geschweige denn dass ich nach der 1000. Werbung immer noch keine Lust habe es mir zu kaufen,Zu viel unnötige Werbung für Alexa und die restlichen Amazon Produkte. Die werden selbst bei Suchen angezeigt die überhaupt nix mit dem Thema zu tun haben. Geschweige denn dass ich nach der 1000. Werbung immer noch keine Lust habe es mir zu kaufen,kruljulord,13.21.2,2019-11-29T22:18:53Z,True,itunes_rss_mostHelpful,False,False
84ddf291e1063644067d61336b610b08c9439643ea82a86a963703832e95216c,5190238779,348712880,Amazon,de,5,Dreck,"Nachdem man eine lange Rezension geschrieben hat und kurz zu Safari geht um eine Bezeichnung zu kopieren, die man in die Rezension einfügen möchte, lädt die komplette App neu und alles ist weg.
Und der bug bei iOS wurde bereits längst behoben, dass die Apps alle komplett neu starten beim raus „tabben“. Liegt also an der Amazon app.","Nachdem man eine lange Rezension geschrieben hat und kurz zu Safari geht um eine Bezeichnung zu kopieren, die man in die Rezension einfügen möchte, lädt die komplette App neu und alles ist weg.
Und der bug bei iOS wurde bereits längst behoben, dass die Apps alle komplett neu starten beim raus „tabben“. Liegt also an der Amazon app.",Aica87,13.21.2,2019-11-24T06:16:45Z,True,itunes_rss_mostHelpful,False,False
dec8bf3e84d851b929232ca821ded63f69268eb9de31a8c22a0a04b359d16a27,5173087365,348712880,Amazon,de,5,Prima App👍👍👍,Sehr einfache Bedienung. Wenn man was braucht geht die Suche und der Einkauf recht einfach. Die Bestellung kommt auch schnell an.,Sehr einfache Bedienung. Wenn man was braucht geht die Suche und der Einkauf recht einfach. Die Bestellung kommt auch schnell an.,ibo2020,13.21.2,2019-11-20T14:40:51Z,True,itunes_rss_mostHelpful,False,False
6c66ebdfc7f9b842353458c6c6bd32e2c23fd6f6a5ee7a6cd064b133cdfcf563,5127488382,348712880,Amazon,de,5,Optionen bei Lieferproblemen fehlen,Wenn eine Sendung an einem Hausbewohner abgegeben wurde steht nicht wer es angenommen hat. Bei 100 Parteien im Haus ist das nicht nachvollziehbar... auch eine Reklamation das das Paket nicht angekommen ist fehlt bei den Optionen Reklamation oder zurückgeben...,Wenn eine Sendung an einem Hausbewohner abgegeben wurde steht nicht wer es angenommen hat. Bei 100 Parteien im Haus ist das nicht nachvollziehbar... auch eine Reklamation das das Paket nicht angekommen ist fehlt bei den Optionen Reklamation oder zurückgeben...,Tomkee,13.21.0,2019-11-12T12:29:14Z,True,itunes_rss_mostHelpful,False,False
029135bd1469f1b69b20302bb116742012f96c67161def779fd06a5c8d6853d5,5118648961,348712880,Amazon,de,5,Protuksotierung,"Nach dem letzten Update werden mir nur noch die gesuchten Produkte untereinander dargestellt.
Die Produkt Sortierung (nebeneinander darstellen) ist weggefallen was die App und die Suche nach Artikeln unübersichtlich und mühsam macht.
So ist die App nicht mehr zu gebrauchen.
Hoffe auf ein schnelles Update....   vor Weihnachten....","Nach dem letzten Update werden mir nur noch die gesuchten Produkte untereinander dargestellt.
Die Produkt Sortierung (nebeneinander darstellen) ist weggefallen was die App und die Suche nach Artikeln unübersichtlich und mühsam macht. 
So ist die App nicht mehr zu gebrauchen.
Hoffe auf ein schnelles Update....   vor Weihnachten....",Svvvvv,13.21.0,2019-11-10T12:53:43Z,True,itunes_rss_mostHelpful,False,False
02589869a49786d7e7716edc5c83345f9826b7f402fd9c12e0e08e82c6519a8c,5056795052,348712880,Amazon,de,2,"Paketverfolgung, guter Ansatz, aber....","Die App ist ok, die Schnäppchen könnten zwar einfacher zu finden sein, aber insgesamt kann man mit der App gut einkaufen. Leider merkt sich die App keine Filter und so muss man immer alles neu einstellen.
Wirklich unzufrieden bin ich aber mit der Paketverfolgung, welche einem zwar die genaue Position vom Boten anzeigt, aber das auch erst 20 Stationen vorher sowie und das ist der große Kritikpunkt, einem nicht mitteilt, dass der Paketbote nur noch 20 Stationen vor sich hat, ehe er vor der eigenen Haustüre steht. Hier wäre es wirklich super, wenn man eine Push bei 20, 15, 10, 5,4,3,2 und 1 erhalten könnte, bzw. man auswählen kann über welche Schritte man informiert werden möchte. Aktuell leider schlecht umgesetzt, aber der Ansatz ist wirklich super.","Die App ist ok, die Schnäppchen könnten zwar einfacher zu finden sein, aber insgesamt kann man mit der App gut einkaufen. Leider merkt sich die App keine Filter und so muss man immer alles neu einstellen.
Wirklich unzufrieden bin ich aber mit der Paketverfolgung, welche einem zwar die genaue Position vom Boten anzeigt, aber das auch erst 20 Stationen vorher sowie und das ist der große Kritikpunkt, einem nicht mitteilt, dass der Paketbote nur noch 20 Stationen vor sich hat, ehe er vor der eigenen Haustüre steht. Hier wäre es wirklich super, wenn man eine Push bei 20, 15, 10, 5,4,3,2 und 1 erhalten könnte, bzw. man auswählen kann über welche Schritte man informiert werden möchte. Aktuell leider schlecht umgesetzt, aber der Ansatz ist wirklich super.",Koelner21,13.20.0,2019-10-31T18:09:58Z,True,itunes_rss_mostHelpful,False,False
57141d6c66c9ce3c90555d2f240efa0a36678691e91c94f69abc604fb9a6f6e5,5002559498,348712880,Amazon,de,5,Prima App,"Es sind alle Informationen zu finden die man benötigt. Änderungen am Konto sind unkompliziert und werden sofort umgesetzt. Die Anzeige des Lieferstatus und die Möglichkeit Liefertermine zu verschieben, finde ich sehr praktisch.
Ich finde diese App ""Dienstleistung in Vollendung""!","Es sind alle Informationen zu finden die man benötigt. Änderungen am Konto sind unkompliziert und werden sofort umgesetzt. Die Anzeige des Lieferstatus und die Möglichkeit Liefertermine zu verschieben, finde ich sehr praktisch.
Ich finde diese App ""Dienstleistung in Vollendung""!",Jo Knülli,13.19.0,2019-10-23T16:57:54Z,True,itunes_rss_mostHelpful,False,False
720c315edbc7ec70231d230ea58fe796d9776e0287d0fed7c39095095ef35002,4973563372,348712880,Amazon,de,2,Nehmt die Seitenanzeige wieder raus!!,"Eigentlich habe ich die Amazon App immer geliebt! Ich nutze sie zwar immer noch aber seit einem Update stört mich die Ansichtseinstellung.. seit einiger Zeit werden die Produkte nicht mehr alle fortlaufend gezeigt, sondern man muss zwischendurch die Seiten wechseln. Super nervig meiner Ansicht nach. Möchte man zudem zu einer vorherigen Anzeige muss man sich erst durch alle Seiten erneut durchklicken, da man keine Seiten auswählen, sondern lediglich immer nur eine vor oder zurück kann. Noch dazu müsste man sich so gemerkt haben auf welcher Seite der Artikel war, den man sich nochmal angucken möchte.
Vor diesem Update konnte man ganz problemlos zurück nach oben schallen und sich so die Artikel nochmal angucken. Jetzt höre ich immer schon auf nochmal zu gucken weil mich das mit den Seiten tierisch nervt.
Bitte ändert das wieder!! Oder lasst einen zumindest die Wahl, sodass man einstellen kann, ob man seine Suchergebnisse in Seiten oder fortlaufend angezeigt bekommen möchte.
Dann gibt es auch wieder die vollen 5 Sterne, die die App eigentlich verdient hat!","Eigentlich habe ich die Amazon App immer geliebt! Ich nutze sie zwar immer noch aber seit einem Update stört mich die Ansichtseinstellung.. seit einiger Zeit werden die Produkte nicht mehr alle fortlaufend gezeigt, sondern man muss zwischendurch die Seiten wechseln. Super nervig meiner Ansicht nach. Möchte man zudem zu einer vorherigen Anzeige muss man sich erst durch alle Seiten erneut durchklicken, da man keine Seiten auswählen, sondern lediglich immer nur eine vor oder zurück kann. Noch dazu müsste man sich so gemerkt haben auf welcher Seite der Artikel war, den man sich nochmal angucken möchte.
Vor diesem Update konnte man ganz problemlos zurück nach oben schallen und sich so die Artikel nochmal angucken. Jetzt höre ich immer schon auf nochmal zu gucken weil mich das mit den Seiten tierisch nervt.
Bitte ändert das wieder!! Oder lasst einen zumindest die Wahl, sodass man einstellen kann, ob man seine Suchergebnisse in Seiten oder fortlaufend angezeigt bekommen möchte. 
Dann gibt es auch wieder die vollen 5 Sterne, die die App eigentlich verdient hat!",Nathaliiie_,13.19.0,2019-10-19T08:02:37Z,True,itunes_rss_mostHelpful,False,False
7fa93b5bd3004d8afc1f23bc2cd2235ca9cf5e11c4071ed19c4de499d0ee9124,4973251393,348712880,Amazon,de,5,Nach Update unbrauchbar,"Nach dem letzten Update ist die App auf dem iPad unbrauchbar. Wenn man bei Angeboten Alle ansehen klickt, bekommt man nur leere Seite. Ist es ein Problem mir iPadOS 13 oder Amazon App?","Nach dem letzten Update ist die App auf dem iPad unbrauchbar. Wenn man bei Angeboten Alle ansehen klickt, bekommt man nur leere Seite. Ist es ein Problem mir iPadOS 13 oder Amazon App?",jartek,13.19.0,2019-10-19T07:18:06Z,True,itunes_rss_mostHelpful,False,False
7caa2bc78f969286fad7b5cae388be8c6248babb2b3e7b05274a6bfe8334e868,4961905211,348712880,Amazon,de,4,Werbe-Videos extrem nervig!,"Ich bin grundsätzlich ein großer Amazon Fan und finde auch die App grundsätzlich gut. Sicher gibt es über die Web-Version noch ein paar zusätzliche Features, aber das kann ich gut verkraften.
Die seit einiger Zeit ständig von alleine startenden Werbevideos von Prime Video nerven mich allerdings extremst. Habe bisher auch keine Möglichkeit gefunden, dass zu deaktivieren. Hoffe das ändert sich bald, ansonsten werde ich die App bald löschen..","Ich bin grundsätzlich ein großer Amazon Fan und finde auch die App grundsätzlich gut. Sicher gibt es über die Web-Version noch ein paar zusätzliche Features, aber das kann ich gut verkraften. 
Die seit einiger Zeit ständig von alleine startenden Werbevideos von Prime Video nerven mich allerdings extremst. Habe bisher auch keine Möglichkeit gefunden, dass zu deaktivieren. Hoffe das ändert sich bald, ansonsten werde ich die App bald löschen..",MaxxNo1,13.19.0,2019-10-17T19:17:33Z,True,itunes_rss_mostHelpful,False,False
bfb6f540370be067bdbc59b4f5a8802bca9992f595b12eb9f9c6a5e0231ee2e4,4924438639,348712880,Amazon,de,5,Katastrophe unter IOS 13.2.1 Ipad 4,"Die App ist nicht mehr zu gebrauchen seit dem letzten IOS Update. Die Angebotsanzeige funktioniert nicht mehr unter „Alle ansehen“   Es zeigt sich eine leere Seite, demzufolge auch keine Beobachtung zu späteren Angeboten möglich ist. Amazon entgeht dadurch eine Menge Umsatz. Wer hat denn schon die Zeit alle 30 Minuten nach weiteren Angeboten zu sehen?  Da sollte schnell gehandelt werde, bevor der Big Boss den katastrophalen Umsatzeinbruch bemerkt","Die App ist nicht mehr zu gebrauchen seit dem letzten IOS Update. Die Angebotsanzeige funktioniert nicht mehr unter „Alle ansehen“   Es zeigt sich eine leere Seite, demzufolge auch keine Beobachtung zu späteren Angeboten möglich ist. Amazon entgeht dadurch eine Menge Umsatz. Wer hat denn schon die Zeit alle 30 Minuten nach weiteren Angeboten zu sehen?  Da sollte schnell gehandelt werde, bevor der Big Boss den katastrophalen Umsatzeinbruch bemerkt",TanteMaryausMünchem,13.19.0,2019-10-11T17:03:29Z,True,itunes_rss_mostHelpful,False,False
8f80f5c41776768649a285c37dc25b137603d73afcb2ab1e40833a3cbe6ebd92,4922595837,348712880,Amazon,de,5,Angebote gehen nicht,App eigentlich ganz gut aber die Angebote funktionieren nicht.,App eigentlich ganz gut aber die Angebote funktionieren nicht.,ge-m-ce,13.19.0,2019-10-11T10:15:35Z,True,itunes_rss_mostHelpful,False,False
8819a290707a5098b759e11c03989551debc0a4e684c6ef2a442721d04a999fb,4898176812,348712880,Amazon,de,1,Funktioniert zwar alles einigermaßen aber Werbung wird immer mehr,"App funktioniert soweit gut so wie sie soll, aber mit jedem Update kommt gefühlt noch mehr Werbung in die Suchergebnisse und immer Amazongeräte und Gesponsorte Produkte. Leider sind bei vielen Zubehörteilen der gesponserten Produkte viele Fakebewertungen vorhanden die dazu verleiten zu kaufen. Leider wird das immer schlimmer und ich kaufe mittlerweile woanders anstatt bei Amazon, da man kaum noch weiß was Fake ist und was nicht und mir ist die Zeit zu schade immer zu prüfen wer Fake ist und wer nicht bei Bewertungen. Dies ist mir auch nicht die paar Cent weniger zu zahlen wert. Hab seit 2009 Amazon benutzt und in den letzen Jahren ist das Einkaufserlebnis drastisch an Qualität gesunken. Versand ist top und immer besser aber Produktsuchen sind absolut grausam geworden. Wirklich relevante Suchergebnisse und ehrliche Bewertungen wären wirklich etwas was Amazon braucht. Wenn man gesuchte Artikel erst auf Seite 5 findet ist man schon genervt. Verbessert etwas dann korrigiere ich auch gern meine Bewertung :)","App funktioniert soweit gut so wie sie soll, aber mit jedem Update kommt gefühlt noch mehr Werbung in die Suchergebnisse und immer Amazongeräte und Gesponsorte Produkte. Leider sind bei vielen Zubehörteilen der gesponserten Produkte viele Fakebewertungen vorhanden die dazu verleiten zu kaufen. Leider wird das immer schlimmer und ich kaufe mittlerweile woanders anstatt bei Amazon, da man kaum noch weiß was Fake ist und was nicht und mir ist die Zeit zu schade immer zu prüfen wer Fake ist und wer nicht bei Bewertungen. Dies ist mir auch nicht die paar Cent weniger zu zahlen wert. Hab seit 2009 Amazon benutzt und in den letzen Jahren ist das Einkaufserlebnis drastisch an Qualität gesunken. Versand ist top und immer besser aber Produktsuchen sind absolut grausam geworden. Wirklich relevante Suchergebnisse und ehrliche Bewertungen wären wirklich etwas was Amazon braucht. Wenn man gesuchte Artikel erst auf Seite 5 findet ist man schon genervt. Verbessert etwas dann korrigiere ich auch gern meine Bewertung :)",DarkSebi,13.18.0,2019-10-06T11:22:15Z,True,itunes_rss_mostHelpful,False,False
9c4b6ea9b4ff98e2514a100d3450dd780f718e82c03cdc7de4d1ab29bc21d168,4859779134,348712880,Amazon,de,5,Neu Ansicht nervt!!!!,Nach dem Update neu Ansicht am iPad. Einfach nur nervig. Keine Listenansicht mehr. Schlecht....,Nach dem Update neu Ansicht am iPad. Einfach nur nervig. Keine Listenansicht mehr. Schlecht....,Dobermann19,13.18.0,2019-09-29T13:16:28Z,True,itunes_rss_mostHelpful,False,False
2337ced227c41e5244aee32d7160cf5f9776d6109cfcfed05feca93aa0dddea3,4809144412,348712880,Amazon,de,5,Alles in bester Ordnung,"Ich kaufe sehr viel über Amazon ein, die App läuft stabil und ohne crashes wie es bei manch anderen Apps der Fall ist.
Ich finde die App übersichtlich und sortiert aufgebaut. Ein kleines Manko, Versand durch dritthändler könnte optisch besser angezeigt werden.","Ich kaufe sehr viel über Amazon ein, die App läuft stabil und ohne crashes wie es bei manch anderen Apps der Fall ist.
Ich finde die App übersichtlich und sortiert aufgebaut. Ein kleines Manko, Versand durch dritthändler könnte optisch besser angezeigt werden.",111Mako111,13.17.2,2019-09-20T11:51:58Z,True,itunes_rss_mostHelpful,False,False
f40b2c07f416506609f4a569a9c6d2129d3cb4367235dd52318d3eeb2b3f0444,4776317341,348712880,Amazon,de,5,Amazon top,"Benutze fast täglich die App, bin eigentlich sehr zu frieden mit der App klappt alles ganz gut!
Nur die Chat Option finde ich nicht so berauschend meistens wird man da nicht verstanden deshalb telefoniere ich lieber, weil man da immer eine Lösung findet! Bei der Chat Option verstehen die Mitarbeiter nie das Problem und man bekommt denke ich immer gespeicherte Nachrichten als Antwort zu gesendet 🥴🥴🥴 ich denke nicht das meine Schreibweise nicht zu verstehen ist, ich denke es hapert an der Sprache 😬😬😬wenn ich das mal schreiben darf ....","Benutze fast täglich die App, bin eigentlich sehr zu frieden mit der App klappt alles ganz gut!
Nur die Chat Option finde ich nicht so berauschend meistens wird man da nicht verstanden deshalb telefoniere ich lieber, weil man da immer eine Lösung findet! Bei der Chat Option verstehen die Mitarbeiter nie das Problem und man bekommt denke ich immer gespeicherte Nachrichten als Antwort zu gesendet 🥴🥴🥴 ich denke nicht das meine Schreibweise nicht zu verstehen ist, ich denke es hapert an der Sprache 😬😬😬wenn ich das mal schreiben darf ....",Lavanta,13.17.0,2019-09-14T13:15:30Z,True,itunes_rss_mostHelpful,False,False
b333b69227e0d667d9ae701467a0313c6951845da32e1388f14bc2006fa3e706,4735913131,348712880,Amazon,de,3,"Wunschzettelfunktion umständlich, kein Preisfilter mehr","Leider sind mit den letzten Updates ein paar gute Funktionen verschwunden.
Wunschzettel: für meine Kinder lege ich regelmäßig Wunschzettel für Weihnachten u Geburtstage an. Bisher hat das mit der Leiste unten auch super mit dem Wechseln zwischen den Wunschzetteln geklappt. Nun muss man aber auf das Herzchen klicken
und es landet jedesmal zuerst auf der falschen Wunschliste und muss dann manuell korrigiert werden. Sehr nervig...
Filterfunktion: früher konnte man nach Preisspannen filtern (gerade für Geschenke u Spielsachen sehr praktisch). Jetzt funktioniert leider nur noch „Preis aufsteigend“. Das hilft leider nur wenig weiter.
Wäre schön, wenn hier die „alten“ Funktionen wieder aktiviert werden könnten.","Leider sind mit den letzten Updates ein paar gute Funktionen verschwunden. 
Wunschzettel: für meine Kinder lege ich regelmäßig Wunschzettel für Weihnachten u Geburtstage an. Bisher hat das mit der Leiste unten auch super mit dem Wechseln zwischen den Wunschzetteln geklappt. Nun muss man aber auf das Herzchen klicken
und es landet jedesmal zuerst auf der falschen Wunschliste und muss dann manuell korrigiert werden. Sehr nervig...
Filterfunktion: früher konnte man nach Preisspannen filtern (gerade für Geschenke u Spielsachen sehr praktisch). Jetzt funktioniert leider nur noch „Preis aufsteigend“. Das hilft leider nur wenig weiter. 
Wäre schön, wenn hier die „alten“ Funktionen wieder aktiviert werden könnten.",kajuku2105,13.16.0,2019-09-06T13:19:57Z,True,itunes_rss_mostHelpful,False,False
c64ca72a13c0256c9936bbc84d08eb3e68fdf240ef59c56b6bbbfb69387b4650,4693955986,348712880,Amazon,de,2,Prime Mitgliedschaft,"Bei der Prime Mitgliedschaft gibt es Millionen von Artikeln versandkostenfrei, für 70€ im Jahr finde ich kann man verlangen das ALLE Artikel versandkostenfrei sind. Genau das gleiche ist bei der Musik und bei den Videos. Einiges frei und dann kann man sich Videos/Filme leihen oder kaufen. Beliebte Sachen die mal kostenfrei waren, kostet dann wieder Geld. Dann kann ich mir die dvds auch bestellen oder mir die in der Videothek ausleihen. Klar spart man sich hier und da die Versandkosten und man versucht schon stark darauf zu achten das es dann nur Prime Sachen sind die man kauft, aber die Mitgliedschaft sollte mir das einkaufen bei Amazon ja erleichtern.

Es wäre wirklich schön und auch angebracht dass sich in der Richtung einiges tut, ansonsten kündigen wir die Mitgliedschaft wieder und zahlen dann Versandkosten.","Bei der Prime Mitgliedschaft gibt es Millionen von Artikeln versandkostenfrei, für 70€ im Jahr finde ich kann man verlangen das ALLE Artikel versandkostenfrei sind. Genau das gleiche ist bei der Musik und bei den Videos. Einiges frei und dann kann man sich Videos/Filme leihen oder kaufen. Beliebte Sachen die mal kostenfrei waren, kostet dann wieder Geld. Dann kann ich mir die dvds auch bestellen oder mir die in der Videothek ausleihen. Klar spart man sich hier und da die Versandkosten und man versucht schon stark darauf zu achten das es dann nur Prime Sachen sind die man kauft, aber die Mitgliedschaft sollte mir das einkaufen bei Amazon ja erleichtern. 

Es wäre wirklich schön und auch angebracht dass sich in der Richtung einiges tut, ansonsten kündigen wir die Mitgliedschaft wieder und zahlen dann Versandkosten.",Theelke,13.16.0,2019-08-30T05:58:24Z,True,itunes_rss_mostHelpful,False,False
2c2c9d72463d5c04ab9099f3368cd8b8212d47805ec71e0376662a4a168ad77c,4689127230,348712880,Amazon,de,5,Man kann keine eBooks kaufen,"Ansonsten ist die App wirklich gut, aber dass man eBooks nur über den Browser oder den Kindle kaufen kann, ist extrem nervig. Ich habe schon so viele Bücher einfach nicht gekauft, weil ich entweder keine Lust oder nicht die Möglichkeit hatte an den PC oder Kindle zu gehen oder die Website am Handy aufzurufen - viel zu umständlich, so dringend brauch ich das entsprechende Buch dann halt auch nicht.

Es wäre auch schön wenn man wieder Produkte nach unten auf den Merkzettel ziehen könnte - das war sehr praktisch. Funktioniert nur leider nicht mehr.","Ansonsten ist die App wirklich gut, aber dass man eBooks nur über den Browser oder den Kindle kaufen kann, ist extrem nervig. Ich habe schon so viele Bücher einfach nicht gekauft, weil ich entweder keine Lust oder nicht die Möglichkeit hatte an den PC oder Kindle zu gehen oder die Website am Handy aufzurufen - viel zu umständlich, so dringend brauch ich das entsprechende Buch dann halt auch nicht. 

Es wäre auch schön wenn man wieder Produkte nach unten auf den Merkzettel ziehen könnte - das war sehr praktisch. Funktioniert nur leider nicht mehr.",BlaiddDrwgWallaby,13.16.0,2019-08-29T08:29:58Z,True,itunes_rss_mostHelpful,False,False
5dc126ddb3531d02bc74b543a02a5736fbc6c8a9dd3d79097489b7fabe8e378c,4686771826,348712880,Amazon,de,5,Kundensupport super!,Ich bestelle mittlerweile fast alles auf Amazon mit Prime ist es schnell da und die Lieferungen kommen eigentlich auch immer an & sollte dies mal nicht der Fall sein ruft man an und es wird sofort super höflich weiter geholfen und bei nicht eingegangen Bestellungen das Produkt erneut zugeliefert oder das Geld zurücküberwiesen. So einen höflichen Kundensupport hat man selten. Top!!!,Ich bestelle mittlerweile fast alles auf Amazon mit Prime ist es schnell da und die Lieferungen kommen eigentlich auch immer an & sollte dies mal nicht der Fall sein ruft man an und es wird sofort super höflich weiter geholfen und bei nicht eingegangen Bestellungen das Produkt erneut zugeliefert oder das Geld zurücküberwiesen. So einen höflichen Kundensupport hat man selten. Top!!!,A_1199,13.16.0,2019-08-28T19:20:31Z,True,itunes_rss_mostHelpful,False,False
c2b55ee28ca0228d7d23a467912f18745432a5d70ebe0e9c4dd29adf5ca04195,4684884009,348712880,Amazon,de,4,"Gut, aber für iPhone X/XR/XS nicht optimal","Die App funktioniert, macht auch was sie soll, dort gibt es grundsätzlich nichts zu bemängeln!

Was mich sehr stört: Wenn man durch seinen Wunschzettel scrollen möchte, welcher sich am unteren Bildschirmrand befindet, ist das auf meinem iPhone XR nahezu unmöglich. Man schafft es mit Müh und Not etwa 1-2 mal zu scrollen, bevor man wieder den Button vom iPhone erwischt und die gesamte App zur Seite wischt. Klar, man schließt sie nicht, ABER der Wunschzettel setzt sich wieder auf den ersten Artikel zurück. Bitte positioniert ihn anders!","Die App funktioniert, macht auch was sie soll, dort gibt es grundsätzlich nichts zu bemängeln!

Was mich sehr stört: Wenn man durch seinen Wunschzettel scrollen möchte, welcher sich am unteren Bildschirmrand befindet, ist das auf meinem iPhone XR nahezu unmöglich. Man schafft es mit Müh und Not etwa 1-2 mal zu scrollen, bevor man wieder den Button vom iPhone erwischt und die gesamte App zur Seite wischt. Klar, man schließt sie nicht, ABER der Wunschzettel setzt sich wieder auf den ersten Artikel zurück. Bitte positioniert ihn anders!",Sim0n956,13.16.0,2019-08-28T09:28:21Z,True,itunes_rss_mostHelpful,False,False
9245c1eb2b541bff08840357adaa6f62b7e8982668641ae1b339752027f94f61,4611673455,348712880,Amazon,de,5,Wunschliste fehlerhaft - Update nötig!,"Eigentlich eine gute App mit der ich gerne einkaufe, aber leider funktioniert die Wunschliste nicht mehr korrekt, d.h. Ich kann meine Artikel nicht mehr kommentieren, auch ist die grafische Darstellung auf dem iPad Pro nicht korrekt. Also liebe Softwareentwickler... ich freue auf das nächste Update!","Eigentlich eine gute App mit der ich gerne einkaufe, aber leider funktioniert die Wunschliste nicht mehr korrekt, d.h. Ich kann meine Artikel nicht mehr kommentieren, auch ist die grafische Darstellung auf dem iPad Pro nicht korrekt. Also liebe Softwareentwickler... ich freue auf das nächste Update!",Chwilla,13.14.0,2019-08-13T16:28:03Z,True,itunes_rss_mostHelpful,False,False
e759090c5f4b61eba691783f989bbd8533c08c5f2b3764c2a16dce56950051a9,4596191161,348712880,Amazon,de,2,Amazon ist nicht mehr Amazon!,"Auch wenn Amazon von ""A - Z"" vieles, aber noch lange NICHT alles anbietet und meist gute Produkte versendet, bleibt der Lieferzeit und vor allem der Lieferverfolgung zu Wünschen übrig!! Früher hat man bei Amazon was bestellt, es wurde ein bestimmter Tag angegeben, an dem das Produkt ankommt und dann war es auch da. So. Im Vergleich zu JETZT muss man immer bangen, ob es überhaupt rechtzeitig ankommt! Bei der Sendungsverfolgung steht zwar, dass das Paket ""morgen"" oder sogar ""heute"" zugestellt wird, wenn man aber näher nachrecherchiert, merkt man, dass der Artikel noch NICHT mal versandt wurde!!! Das ist mir bei den letzten 5 Bestellungen 4 mal passiert!!! Dann die verspätete Ankunft, dass man um halb 10 abends aus dem Bett geklingelt wird, 2 Tage verspätet. Eine Unverschämtheit! Und wenn ich schon lese ""Zustellung heute"" dann erwarte ich auch, dass das Paket am selben Tag ankommt, und nicht bei genauerem nachstudieren, nachdem das Paket um 20 Uhr immer noch nicht da ist, dass das Paket noch nicht mal versandt wurde! Egal, was Amazon früher gemacht hat mit der Versendung, es war 1000mal besser als jetzt!!!!","Auch wenn Amazon von ""A - Z"" vieles, aber noch lange NICHT alles anbietet und meist gute Produkte versendet, bleibt der Lieferzeit und vor allem der Lieferverfolgung zu Wünschen übrig!! Früher hat man bei Amazon was bestellt, es wurde ein bestimmter Tag angegeben, an dem das Produkt ankommt und dann war es auch da. So. Im Vergleich zu JETZT muss man immer bangen, ob es überhaupt rechtzeitig ankommt! Bei der Sendungsverfolgung steht zwar, dass das Paket ""morgen"" oder sogar ""heute"" zugestellt wird, wenn man aber näher nachrecherchiert, merkt man, dass der Artikel noch NICHT mal versandt wurde!!! Das ist mir bei den letzten 5 Bestellungen 4 mal passiert!!! Dann die verspätete Ankunft, dass man um halb 10 abends aus dem Bett geklingelt wird, 2 Tage verspätet. Eine Unverschämtheit! Und wenn ich schon lese ""Zustellung heute"" dann erwarte ich auch, dass das Paket am selben Tag ankommt, und nicht bei genauerem nachstudieren, nachdem das Paket um 20 Uhr immer noch nicht da ist, dass das Paket noch nicht mal versandt wurde! Egal, was Amazon früher gemacht hat mit der Versendung, es war 1000mal besser als jetzt!!!!",Annamehl,13.14.0,2019-08-10T12:12:18Z,True,itunes_rss_mostHelpful,False,False
1f9c8dffba594ae43d6e6eddb5ee8de8fc8a3de9fde08546556c13202e02b5cd,4545773263,348712880,Amazon,de,5,Kopieren nicht möglich,"Amazon selber ist top aber diese App nervt mich extrem. Ich möchte mir den Status der Bestellung bei DHL auf der Seite anschauen weil man dort andere Möglichkeiten hat was die Lieferung des Pakets betrifft. Aber leider ist die App so gemacht dass man die Tracking Nummer nicht markieren und kopieren kann aus welchen Gründen auch immer. Das nervt mich gerade so sehr dass diese App nur 1 Stern bekommt von mir.

Es funktioniert wieder .. anscheinend wurde mein Kommentar zu Herzen genommen. Danke","Amazon selber ist top aber diese App nervt mich extrem. Ich möchte mir den Status der Bestellung bei DHL auf der Seite anschauen weil man dort andere Möglichkeiten hat was die Lieferung des Pakets betrifft. Aber leider ist die App so gemacht dass man die Tracking Nummer nicht markieren und kopieren kann aus welchen Gründen auch immer. Das nervt mich gerade so sehr dass diese App nur 1 Stern bekommt von mir.

Es funktioniert wieder .. anscheinend wurde mein Kommentar zu Herzen genommen. Danke",Viki2641,13.14.0,2019-07-31T12:12:57Z,True,itunes_rss_mostHelpful,False,False
8630cb7a7bc894ad707f3fb192ad9b3845929a0e94139d977d8376a3ae9b5f92,4524493508,348712880,Amazon,de,5,"Bequem, schnell und günstig","Die Amazon App bietet mir die Möglichkeit Dinge die mir einfallen schnell und unkompliziert zu mir nach Hause zu bestellen!
Mit einer Lieferzeit von 1-2 Tagen als glücklicher Prime Kunde, habe ich meinen Artikel super schnell in den Händen.
Das verrückte ist, dass es einfach alles gibt! Und durch die hunderten Rezensionen und Empfehlungen lässt sich sehr gut vergleichen und das passende für sich finden.","Die Amazon App bietet mir die Möglichkeit Dinge die mir einfallen schnell und unkompliziert zu mir nach Hause zu bestellen! 
Mit einer Lieferzeit von 1-2 Tagen als glücklicher Prime Kunde, habe ich meinen Artikel super schnell in den Händen.
Das verrückte ist, dass es einfach alles gibt! Und durch die hunderten Rezensionen und Empfehlungen lässt sich sehr gut vergleichen und das passende für sich finden.",Jérôme Balboa,13.13.0,2019-07-27T08:09:42Z,True,itunes_rss_mostHelpful,False,False
2c584096920dc5be568d9f55c1336e5b0779f24c30c6cbf2dbce3c297c264fdd,4516722363,348712880,Amazon,de,5,Sehr schöne app!,Die hier von manchen Kunden geschilderten Probleme sind bei mir noch nie aufgetreten. Den Kundensevice habe ich als besonders freundlich und hilfsbereit mehrmals erlebt. Beim nächsten update allerdings hätte ich gerne wieder den Schnellzugriff auf meine Einkaufsliste am unteren Rand zurück!,Die hier von manchen Kunden geschilderten Probleme sind bei mir noch nie aufgetreten. Den Kundensevice habe ich als besonders freundlich und hilfsbereit mehrmals erlebt. Beim nächsten update allerdings hätte ich gerne wieder den Schnellzugriff auf meine Einkaufsliste am unteren Rand zurück!,Hildi E.,13.13.0,2019-07-25T21:05:49Z,True,itunes_rss_mostHelpful,False,False
8fc2927be36cadd23ceddbcc4761a3b7cd4c5c432906cac12d63ca611c1028e1,4404180113,348712880,Amazon,de,5,Button Ware erhalten,"Verwendet App fast täglich
Da immer wieder Ware angezeigt wird verspätet oder noch in Zustellung die ich schon habe, teilweise über Wochen
Vorschlag ein Button: Waren erhalten","Verwendet App fast täglich 
Da immer wieder Ware angezeigt wird verspätet oder noch in Zustellung die ich schon habe, teilweise über Wochen 
Vorschlag ein Button: Waren erhalten",Ulrich C,13.13.0,2019-07-03T07:34:50Z,True,itunes_rss_mostHelpful,False,False
bff50260ffc03ff22754f8cd9a12ac1b0a798a0f46e76114f8aa386139b2f835,4376272516,348712880,Amazon,de,4,Nach Update fehlt das Widget,Liebes Entwicklerteam eure App ist sonst sehr gut aber nach dem letzten Update fehlt leider jetzt das Widget. Bitte schnell nachbessern. Aber nichts für ungut trotzdem 4 Sterne,Liebes Entwicklerteam eure App ist sonst sehr gut aber nach dem letzten Update fehlt leider jetzt das Widget. Bitte schnell nachbessern. Aber nichts für ungut trotzdem 4 Sterne,AppleUserGroup,13.13.0,2019-06-27T10:21:10Z,True,itunes_rss_mostHelpful,False,False
20bebe51d2179da0533eaba84d956bfadb2c93b985b68ca69eb9cbfea47cc65e,4372933326,348712880,Amazon,de,4,Super App doch Probleme seit letztem Update,"Eine super App, die ich nahezu täglich nutze. Ich bin Prime Kunde und kaufe somit sehr viel über Amazon.
Seit dem letzten Update habe ich jedoch Probleme mit meinen Wunschlisten. Diese Funktionieren nur noch schlecht bis gar nicht. Einfaches gedrückt halten und reinziehen funktioniert nicht mehr. Stattdessen gibt es jetzt ein Herz zum Markieren. Sehr schlecht gelöst, da dies so gut wie nie funktioniert. Mir wäre die alte Variante lieber. Hoffe ihr bekommt das bald wieder in den Griff. Sonst ist die App echt super. Meine 3 meist genutzte App auf dem iPhone.","Eine super App, die ich nahezu täglich nutze. Ich bin Prime Kunde und kaufe somit sehr viel über Amazon. 
Seit dem letzten Update habe ich jedoch Probleme mit meinen Wunschlisten. Diese Funktionieren nur noch schlecht bis gar nicht. Einfaches gedrückt halten und reinziehen funktioniert nicht mehr. Stattdessen gibt es jetzt ein Herz zum Markieren. Sehr schlecht gelöst, da dies so gut wie nie funktioniert. Mir wäre die alte Variante lieber. Hoffe ihr bekommt das bald wieder in den Griff. Sonst ist die App echt super. Meine 3 meist genutzte App auf dem iPhone.",GrEcKoE1991,13.12.0,2019-06-26T15:55:40Z,True,itunes_rss_mostHelpful,False,False
b4309f85e0e734f0e0f1aecbcd2c5f2fca46a54036e65527ee9a0b648739e193,4329099315,348712880,Amazon,de,5,"Sehr gut, aber...","...bitte unbedingt wieder die Wischfunktion einführen, also die Möglichkeit, ein Produkt zu nehmen und per Wisch in die Einkaufsliste zu ziehen! Dann gibts wieder 5 Sterne.","...bitte unbedingt wieder die Wischfunktion einführen, also die Möglichkeit, ein Produkt zu nehmen und per Wisch in die Einkaufsliste zu ziehen! Dann gibts wieder 5 Sterne.",Beatron.de,13.12.0,2019-06-17T08:43:33Z,True,itunes_rss_mostHelpful,False,False
3da72bb9074115ad63b25030348a315e1ca8cf91e570a1582d170957a31ec7bc,4329054357,348712880,Amazon,de,5,Wunschliste nicht mehr voll funktionsfähig,"Seit dem letzten update kann ich keine Artikel mehr zu meiner Wunschliste hinzufügen.
Hoffentlich wird das wieder behoben.","Seit dem letzten update kann ich keine Artikel mehr zu meiner Wunschliste hinzufügen.
Hoffentlich wird das wieder behoben.",was soll der @&%{}$ Spitzname,13.12.0,2019-06-17T08:31:00Z,True,itunes_rss_mostHelpful,False,False
7ab2b2f7d6ed8eb790c573f0717f567939c221d2057b42fe1478ededba7011ef,4256102108,348712880,Amazon,de,5,Neue Anzeige ist furchtbar,Die neue Aufteilung der Suchergebnisse ist furchtbar unübersichtlich!,Die neue Aufteilung der Suchergebnisse ist furchtbar unübersichtlich!,Tweet_little_birdie,13.10.0,2019-06-03T08:08:44Z,True,itunes_rss_mostHelpful,False,False
51552404b97b3888f309bd1e082c9735c3b41f7a9481773f9d182c841a57441a,4252625539,348712880,Amazon,de,5,Trotz LTE keine Verbindung,Zu Hause finde ich die App ja prima und würde auch fünf Sterne geben. Aber unterwegs kommt bei meinem iPhone immer keine Internet Verbindung trotz LTE Empfang. Mehrfach neu installiert und immer das gleiche. Bei keiner anderen App dieses Problem.,Zu Hause finde ich die App ja prima und würde auch fünf Sterne geben. Aber unterwegs kommt bei meinem iPhone immer keine Internet Verbindung trotz LTE Empfang. Mehrfach neu installiert und immer das gleiche. Bei keiner anderen App dieses Problem.,cartman 2002,13.10.0,2019-06-02T16:43:30Z,True,itunes_rss_mostHelpful,False,False
194776a6ccbae8efb7602fb640e59c09c845f8337be7e66dc610955591b79930,4212950580,348712880,Amazon,de,5,Praktisch einfach übersichtlich,Weiß nicht woher die schlechten Bewertungen kommen. Ich finde die App wunderbar. Hat alles was man braucht und ist super einfach zu bedienen.,Weiß nicht woher die schlechten Bewertungen kommen. Ich finde die App wunderbar. Hat alles was man braucht und ist super einfach zu bedienen.,MK_Frankfurt,13.10.0,2019-05-26T12:32:36Z,True,itunes_rss_mostHelpful,False,False
028ee383299ee3f8495fb966a75447688d0758961ac444fe9c7580bb0b7945bb,4111105387,348712880,Amazon,de,5,Bilder der Rezessionen können nicht mehr geblättert werden!!,"Nach dem Update kann ich keine Bilder von Kunden in den Rezensionen durchblättern.
Muss jedes Bild einzeln antippen, dann wieder zurück um nächstes Bild antippen!!!
Rückschritt!!! Was habt ihr euch dabei gedacht?!!","Nach dem Update kann ich keine Bilder von Kunden in den Rezensionen durchblättern. 
Muss jedes Bild einzeln antippen, dann wieder zurück um nächstes Bild antippen!!! 
Rückschritt!!! Was habt ihr euch dabei gedacht?!!",ssawik,13.8.0,2019-05-06T22:15:05Z,True,itunes_rss_mostHelpful,False,False
ca5eff3301f03c524a27f04cf712e57d9c86312d01a03d0b37a5b85e556a7345,4110731316,348712880,Amazon,de,4,Leider immer wieder kleine nervige Käfer...,"Wieder einen kleinen, aber mich nervenden, Bug gehabt:
Einen Kommentar zu einem Artikel auf einer Wunschliste kann man weder auf dem iPhone noch auf dem iPad abspeichern. Über die WebSite geht‘s.
So ein Feedback an die App hätte ich gerne direkt gegeben und nicht gleich als Bewertung verfasst, aber über den Link „App Support“ kommt man ins Nirvana des allgemeinen Amazon-Supports ohne Hinweis auf die App... daher also hier der kleine Bug-Report.","Wieder einen kleinen, aber mich nervenden, Bug gehabt:
Einen Kommentar zu einem Artikel auf einer Wunschliste kann man weder auf dem iPhone noch auf dem iPad abspeichern. Über die WebSite geht‘s.
So ein Feedback an die App hätte ich gerne direkt gegeben und nicht gleich als Bewertung verfasst, aber über den Link „App Support“ kommt man ins Nirvana des allgemeinen Amazon-Supports ohne Hinweis auf die App... daher also hier der kleine Bug-Report.",Inflagranti,13.8.0,2019-05-06T19:57:49Z,True,itunes_rss_mostHelpful,False,False
e42fc7bf704397021872f05bb4002d00ed0fa0e3a39a3e82b2e13bb3227c9b29,4000081631,348712880,Amazon,de,5,Katastrophe seit dem letzten Update,Katastrophe seit dem letzten Update - alles hängt und stürzt ab 🙄,Katastrophe seit dem letzten Update - alles hängt und stürzt ab 🙄,Tanni236,13.7.0,2019-04-11T20:25:25Z,True,itunes_rss_mostHelpful,False,False
218c9e4cd4bd6b1fc0ed5845ebd18865412e5da8a339d80c3daad858b1beb5dc,3894618930,348712880,Amazon,de,5,Übersichtlich,"Besonders für unterwegs ist ideal. Funktioniert schnell und übersichtlich.
Ich bin zufrieden. Finde sofort alles, was für Einkauf braucht man, inklusive Preis-Vergleich und Verkäufer Bewegung. Das ist für mich wichtige Kriterien. Absolut unwichtig, was die andere Kunden dazu kaufen:), oft stört Werbung-Deals, aber da habe ich gewöhnt.;)","Besonders für unterwegs ist ideal. Funktioniert schnell und übersichtlich.
Ich bin zufrieden. Finde sofort alles, was für Einkauf braucht man, inklusive Preis-Vergleich und Verkäufer Bewegung. Das ist für mich wichtige Kriterien. Absolut unwichtig, was die andere Kunden dazu kaufen:), oft stört Werbung-Deals, aber da habe ich gewöhnt.;)",IrWallstr,13.5.4,2019-03-17T23:24:36Z,True,itunes_rss_mostHelpful,False,False
eac44fda78be2fec86af2bd70318844fb46b4d04e2386edac32b61a703166a2f,3856239257,348712880,Amazon,de,5,Sehr nervig,Es ist sehr nervig das man ständig nach dem einloggen die App erst einmal schließen darf. Ansonsten bekommt man außer der Meldung einen Moment bitte nichts zu sehen. Das sollte geändert werden.,Es ist sehr nervig das man ständig nach dem einloggen die App erst einmal schließen darf. Ansonsten bekommt man außer der Meldung einen Moment bitte nichts zu sehen. Das sollte geändert werden.,MikeTobii,13.4.0,2019-03-08T09:06:30Z,True,itunes_rss_mostHelpful,False,False
3d49ab9cd63cbe1fd76a9de946398890d3f9c4fd106de92dc5043ba4710b8c2d,3761471731,348712880,Amazon,de,5,1-Click Button stört...,"Eigentlich ganz gut aber dieser 1-Click Button nervt extrem! Beim Scrollen hängt die Seite oft und der Button ist genau am unteren Bildrand, versucht man dann nach unten zu scrollen wird der Button oft versehentlich ausgelöst und „abbrechen“ geht auch nicht, bzw bringt nichts. Das ist mir schon so oft passiert. Dann muss man die Bestellung jedesmal wieder stornieren etc...was soll dieses blöde Ding eigentlich?! Kein Mensch braucht sowas...","Eigentlich ganz gut aber dieser 1-Click Button nervt extrem! Beim Scrollen hängt die Seite oft und der Button ist genau am unteren Bildrand, versucht man dann nach unten zu scrollen wird der Button oft versehentlich ausgelöst und „abbrechen“ geht auch nicht, bzw bringt nichts. Das ist mir schon so oft passiert. Dann muss man die Bestellung jedesmal wieder stornieren etc...was soll dieses blöde Ding eigentlich?! Kein Mensch braucht sowas...",abgjitdch,13.2.0,2019-02-12T11:42:44Z,True,itunes_rss_mostHelpful,False,False
d57805420e057b391cd568dfcb16336d29e1ac1b00c291951ff2f11d91600146,3757889809,348712880,Amazon,de,5,"Super App,","nur leider wir bei mir seit dem letzten Update beim Warenkorb oben rechts nicht mehr angezeigt, wieviele Artikel sich ihn ihm befinden.","nur leider wir bei mir seit dem letzten Update beim Warenkorb oben rechts nicht mehr angezeigt, wieviele Artikel sich ihn ihm befinden.",dimmerpilot,13.2.0,2019-02-11T12:19:12Z,True,itunes_rss_mostHelpful,False,False
67b9f9220f5f341e17f26bb2606646e81261c350d1277a75b6a6139e3295e774,3736163302,348712880,Amazon,de,5,Gut aber leider nicht für das 11er iPad,Ich finde die App eigentlich ganz gut gelungen. Leider wurde die App aber noch nicht an das iPad Pro 11 Zoll angepasst.,Ich finde die App eigentlich ganz gut gelungen. Leider wurde die App aber noch nicht an das iPad Pro 11 Zoll angepasst.,All.win,13.2.0,2019-02-05T13:11:41Z,True,itunes_rss_mostHelpful,False,False
2c23bae6f77e0af82bedbc91f7cd79fa8f44ea86ca21656ed02fe9804afe1db1,3661547369,348712880,Amazon,de,5,Abschalten,Nach der letzten Aktualisierung kann die App die Verbindung nicht mehr abschalten.,Nach der letzten Aktualisierung kann die App die Verbindung nicht mehr abschalten.,WGBJan,13.1.0,2019-01-17T18:06:23Z,True,itunes_rss_mostHelpful,False,False
61ce65069e92dc3e9b11b07b51f940954590784ba1bf7cc0f1394bd20b9b0aef,3449961383,348712880,Amazon,de,5,Darstellung auf iPhone 7 Plus defekt,"Seit wenigen Wochen wird bei der optionsauswahl von Artikeln, z.B die Speichergröße die Auswahl unten nur noch halb angezeigt. Man kann die obere Zeile noch lesen aber sonst nix. Das nervt.","Seit wenigen Wochen wird bei der optionsauswahl von Artikeln, z.B die Speichergröße die Auswahl unten nur noch halb angezeigt. Man kann die obere Zeile noch lesen aber sonst nix. Das nervt.",disc58332,11.21.2,2018-11-23T06:54:19Z,True,itunes_rss_mostHelpful,False,False
b12b25391a59b1ebcf5bf6e07878e7a6bd7b71cea4675c5fdba8d77685f435db,3435276146,348712880,Amazon,de,5,Top,"Die App is sonst alles top nur leider seit dem letzten Update für IPhone 8 und 8 Plus ist die Bildschirm-Ansicht zu groß und man sieht nicht mehr den unteren Bereich in der App.
Bitte beheben dann macht das shoppen auch wieder Spaß wenn man alles sieht🤘🏼","Die App is sonst alles top nur leider seit dem letzten Update für IPhone 8 und 8 Plus ist die Bildschirm-Ansicht zu groß und man sieht nicht mehr den unteren Bereich in der App.
Bitte beheben dann macht das shoppen auch wieder Spaß wenn man alles sieht🤘🏼",A+A>14<,11.21.2,2018-11-19T08:36:42Z,True,itunes_rss_mostHelpful,False,False
d3bb8e7e85c1881c93df7c6781fa8f81ba30e223f65e57dcfa8092171224053e,3421448953,348712880,Amazon,de,5,Fehlende Funktion,"Es fehlt eine Funktion, in der man angeben kann das der bestellte Artikel geliefert wurde.
Es ist unwahrscheinlich nervig, dass schon gelieferte Artikel in der Lieferanzeige auftauchen.
So könnte die Lieferzeit auch besser berechnet werden.","Es fehlt eine Funktion, in der man angeben kann das der bestellte Artikel geliefert wurde. 
Es ist unwahrscheinlich nervig, dass schon gelieferte Artikel in der Lieferanzeige auftauchen. 
So könnte die Lieferzeit auch besser berechnet werden.",HermeOnAir,11.21.2,2018-11-15T17:34:25Z,True,itunes_rss_mostHelpful,False,False
6703237c98657c7f599024a2ff88ccc493d85825cd6d97da8766e2d564115f52,3354175156,348712880,Amazon,de,5,Einwandfrei,Kann die negativen Bewertungen überhaupt nicht verstehen. Bei mir läuft diese App ohne Makel seit Jahren und nach jedem Update ein bisschen komfortabler. Eins plus!,Kann die negativen Bewertungen überhaupt nicht verstehen. Bei mir läuft diese App ohne Makel seit Jahren und nach jedem Update ein bisschen komfortabler. Eins plus!,hypertiger,11.20.0,2018-10-28T14:47:42Z,True,itunes_rss_mostHelpful,False,False
6ac1775231bd41273a0bac2186fa4adc52abf3c7b50bc85688a04156f47088e5,3303748098,348712880,Amazon,de,5,Überrascht,"Ich bin positiv überrascht wie toll das ist und zugleich hat Amazon mein volles Vertrauen. Dauert ab und zu etwas aber das kann man weg stecken öfter waren meine Sachen auch direkt da, wer es unbedingt am nächsten Tag da haben will kann sich ja Prime kaufen aber alles im ganzen bin ich sehr zufrieden und finde es toll bei Amazon einzukaufen, mit viel Freude benutze ich die App!!!","Ich bin positiv überrascht wie toll das ist und zugleich hat Amazon mein volles Vertrauen. Dauert ab und zu etwas aber das kann man weg stecken öfter waren meine Sachen auch direkt da, wer es unbedingt am nächsten Tag da haben will kann sich ja Prime kaufen aber alles im ganzen bin ich sehr zufrieden und finde es toll bei Amazon einzukaufen, mit viel Freude benutze ich die App!!!",ute_gilbert,11.19.0,2018-10-15T08:06:22Z,True,itunes_rss_mostHelpful,False,False
0554360299d9697b8ed478e0af43c1a396772a18484d32c395e4d6ef819722cf,3260179787,348712880,Amazon,de,3,Immer nur Alexa und Echo. Das nervt!,"ich benutze die App bestimmt jeden Tag und ich kaufe so gut wie alles, was ich haben will bei euch ein, außer Bücher über 20€ Ladenpreis, aber ich bin maximalst genervt von der ständigen Alexa- und Echo-Werbung in den Suchergebnissen. Jedesmal, wenn ich etwas bestimmtes suche, wird mir nie das Relevante zu meiner Suche angezeigt, sondern IMMER zuerst ein Amazon-Gerät. Es wäre noch erträglich, wenn der Suchbegriff noch gespeichert wäre, aber keineswegs! Man muss alles nochmal eingeben und auf „suchen“ gehen, bevor man dorthin kommt, wo man eigentlich hinwollte! Ich bin drauf und dran, die App zu löschen und woanders einzukaufen, weil mich das so nervt!! Wenn ich ein Gerät wie Alexa oder Echo oder sonstwas von Amazon wollte, hätte ich eines! Ich bin nämlich durchaus in der Lage, selbstständig danach zu suchen, ohne dass man mir das andauernd vor die Nase hält. Diese Art der Produktplatzierung sorgt bei mir (und auch bei meinem Mann, der ebenfalls viel über die App einkauft) nur dafür, dass wir uns anderen Onlineshops zuwenden.
Es wäre echt grandios, wenn die App-Entwicklung daran etwas ändern würde.","ich benutze die App bestimmt jeden Tag und ich kaufe so gut wie alles, was ich haben will bei euch ein, außer Bücher über 20€ Ladenpreis, aber ich bin maximalst genervt von der ständigen Alexa- und Echo-Werbung in den Suchergebnissen. Jedesmal, wenn ich etwas bestimmtes suche, wird mir nie das Relevante zu meiner Suche angezeigt, sondern IMMER zuerst ein Amazon-Gerät. Es wäre noch erträglich, wenn der Suchbegriff noch gespeichert wäre, aber keineswegs! Man muss alles nochmal eingeben und auf „suchen“ gehen, bevor man dorthin kommt, wo man eigentlich hinwollte! Ich bin drauf und dran, die App zu löschen und woanders einzukaufen, weil mich das so nervt!! Wenn ich ein Gerät wie Alexa oder Echo oder sonstwas von Amazon wollte, hätte ich eines! Ich bin nämlich durchaus in der Lage, selbstständig danach zu suchen, ohne dass man mir das andauernd vor die Nase hält. Diese Art der Produktplatzierung sorgt bei mir (und auch bei meinem Mann, der ebenfalls viel über die App einkauft) nur dafür, dass wir uns anderen Onlineshops zuwenden. 
Es wäre echt grandios, wenn die App-Entwicklung daran etwas ändern würde.",Vergißmeinnicht,11.19.0,2018-10-03T19:58:48Z,True,itunes_rss_mostHelpful,False,False
719030503ae26c4816fedc6a0939ced55e24944e79b4f4497902d4d9d11001c9,3254419482,348712880,Amazon,de,5,Nerviger Bug,"Aktuell ist es so, dass jede Suche beim ersten Versuch IMMER auf der Produktseite der Echos endet. Ich muss dann immer zurück und die Suche wiederholen.
Ich hoffe sehr für Amazon dass dies ein Bug und kein gewünschtes Feature ist.

Die App an sich ist abgesehen davon gewohnt gut.","Aktuell ist es so, dass jede Suche beim ersten Versuch IMMER auf der Produktseite der Echos endet. Ich muss dann immer zurück und die Suche wiederholen. 
Ich hoffe sehr für Amazon dass dies ein Bug und kein gewünschtes Feature ist. 

Die App an sich ist abgesehen davon gewohnt gut.",eric_haag,11.18.0,2018-10-02T06:49:45Z,True,itunes_rss_mostHelpful,False,False
ba584b82cca63a4ed7576201ed6c73ec522486754374418f7dfadbc7890dbb80,3206305517,348712880,Amazon,de,4,"Soweit alles okay, bis auf...","Wenn ein Retourschein angezeigt wird kann ich ihn weder drucken, noch kopieren geschweige das dieser in Vollbild auf dem Bildschirm angezeigt wird (iPhone)

Da muss was passieren.","Wenn ein Retourschein angezeigt wird kann ich ihn weder drucken, noch kopieren geschweige das dieser in Vollbild auf dem Bildschirm angezeigt wird (iPhone) 

Da muss was passieren.",MaV1701,11.18.0,2018-09-19T12:23:51Z,True,itunes_rss_mostHelpful,False,False
c1ee3e2c74d5320cd4d95d1c5fde0c5ed417b4736ba0fc10e4825112f452fcfc,3187526906,348712880,Amazon,de,5,Super App!,"Ich hatte mit der App und überhaupt mit Amazon nie Probleme gehabt, aber leider oft mit den Paketdiensten. Schön wäre, wenn man vor dem Kauf sehen könnte, mit welchem Paketdienst diese Ware verschickt werden soll, oder wird. Ich denke mal, dann würde sich viel Ärger erspart bleiben und ich bin vermutlich nicht der einzige, der mit einem bestimmten Paketdienst Probleme hat.","Ich hatte mit der App und überhaupt mit Amazon nie Probleme gehabt, aber leider oft mit den Paketdiensten. Schön wäre, wenn man vor dem Kauf sehen könnte, mit welchem Paketdienst diese Ware verschickt werden soll, oder wird. Ich denke mal, dann würde sich viel Ärger erspart bleiben und ich bin vermutlich nicht der einzige, der mit einem bestimmten Paketdienst Probleme hat.",MisterAaf,11.17.0,2018-09-14T08:46:07Z,True,itunes_rss_mostHelpful,False,False
9f79f78899c2768ccd3e22f1d9a56332b7d417225c14fdd6cb45210d0e787672,3164560969,348712880,Amazon,de,5,Drucken,Grundsätzlich gut leider kann von meinem iPad nicht drucken deswegen null Sterne aber das geht ja nicht,Grundsätzlich gut leider kann von meinem iPad nicht drucken deswegen null Sterne aber das geht ja nicht,töns,11.17.0,2018-09-07T18:37:50Z,True,itunes_rss_mostHelpful,False,False
225ee2866dc1edb14f704552d8ea0a0a1e2b59015d431bc1e1b642a01a1784bd,3104772735,348712880,Amazon,de,5,Ansicht nach Update sehr schlecht,"Hi. Einmal App löschen, neu installieren und alles wieder perfekt und wie gewohnt!!!","Hi. Einmal App löschen, neu installieren und alles wieder perfekt und wie gewohnt!!!",paulnini,11.16.0,2018-08-23T18:09:33Z,True,itunes_rss_mostHelpful,False,False
081ebe6f651cb3b427d781429fea6e2c7fc661290fa8a2a32a29b3b0a06cb882,3104456083,348712880,Amazon,de,4,Packstation Option fehlt,"Ich kaufe ja an sich gerne bei Amazon ein aber es ist doof dass man nur zu sich nachhause liefern lassen kann, tagsüber bin ich arbeiten und die Option mir den Nachbarn find ich auch nicht so gut da ich letztens ein geöffnetes packet bekommen hab. Als ich bei Amazon anmerkte dass es bitte zu einer lieferstation o.ä gebracht werden soll (die genau neben an ist) bekam ich nur sie Benachrichtigung es gäbe ein Problem mit der Lieferung und die Zustellung würde sich verschieben. Als ich diese Anmerkung rausnahm kam direkt am nächsten Tag das packet...","Ich kaufe ja an sich gerne bei Amazon ein aber es ist doof dass man nur zu sich nachhause liefern lassen kann, tagsüber bin ich arbeiten und die Option mir den Nachbarn find ich auch nicht so gut da ich letztens ein geöffnetes packet bekommen hab. Als ich bei Amazon anmerkte dass es bitte zu einer lieferstation o.ä gebracht werden soll (die genau neben an ist) bekam ich nur sie Benachrichtigung es gäbe ein Problem mit der Lieferung und die Zustellung würde sich verschieben. Als ich diese Anmerkung rausnahm kam direkt am nächsten Tag das packet...",Resa Schmitt,11.16.0,2018-08-23T16:18:25Z,True,itunes_rss_mostHelpful,False,False
a629a34b7e52f0cf81e439c70393dfe4c933f73ff5af3390f3f0a954235a1c7e,3095998870,348712880,Amazon,de,5,iPad Nutzung macht wieder Spaß,"Seit die Nutzung der App auf dem iPad im Querformat nicht mehr möglich ist macht es absolut keinen Spaß mehr sich Produkte im Detail anzusehen. Wenn das so bleibt werde ich die App wieder löschen.
Update: nachdem ich mein Problem bei Amazon gemeldet habe erhielt ich nach wenigen Minuten(!) einen Anruf und nach ca. 3 Stunden eine Mail mit Tips für die Lösung des Problems. Eine Neuinstallation der App hat geholfen. Super Service von Amazon. Herzlichen Dank!","Seit die Nutzung der App auf dem iPad im Querformat nicht mehr möglich ist macht es absolut keinen Spaß mehr sich Produkte im Detail anzusehen. Wenn das so bleibt werde ich die App wieder löschen.
Update: nachdem ich mein Problem bei Amazon gemeldet habe erhielt ich nach wenigen Minuten(!) einen Anruf und nach ca. 3 Stunden eine Mail mit Tips für die Lösung des Problems. Eine Neuinstallation der App hat geholfen. Super Service von Amazon. Herzlichen Dank!",HamburgBluesman,11.15.0,2018-08-21T17:17:09Z,True,itunes_rss_mostHelpful,False,False
f322853700b6174842c114f6e0082d162501f1d0fb7ffe6d9546865908217891,3080770440,348712880,Amazon,de,2,Grauenvoll! (iPad Pro Vers. 11.4.1),"Haufenweise Menübars gehen gar nicht erst auf (Kleidungsgrößen, Farbauswahl oder die eigen erstellten Listen), das Layout ist auch pro Verkäufer etwas anders. Die drag&drop Funktion für die Einkaufslisten ist zu genau (genau die Mitte der Leiste). Man muss über den gesamten Bildschirm gehen bis hin zu der winzigen Leiste unten. Wenn man dabei nicht den Pen verwendet, verfehlt man mit dicken Fingern diese (das ist lächerlich, denn ich bin eine 1,70 große Frau mit 57kg, man kann sich die Breite meiner Finger wohl vorstellen) und der ganze mühselige Vorgang ist dann umsonst. Ich habe mir heute ein paar Schuhe über diese App nicht gekauft (später über Browser) da ich meine Schuhgröße nicht auswählen konnte... dass eine Firma wie Amazon sich so einen Dreck erlaubt, hat mich schon sehr überrascht.","Haufenweise Menübars gehen gar nicht erst auf (Kleidungsgrößen, Farbauswahl oder die eigen erstellten Listen), das Layout ist auch pro Verkäufer etwas anders. Die drag&drop Funktion für die Einkaufslisten ist zu genau (genau die Mitte der Leiste). Man muss über den gesamten Bildschirm gehen bis hin zu der winzigen Leiste unten. Wenn man dabei nicht den Pen verwendet, verfehlt man mit dicken Fingern diese (das ist lächerlich, denn ich bin eine 1,70 große Frau mit 57kg, man kann sich die Breite meiner Finger wohl vorstellen) und der ganze mühselige Vorgang ist dann umsonst. Ich habe mir heute ein paar Schuhe über diese App nicht gekauft (später über Browser) da ich meine Schuhgröße nicht auswählen konnte... dass eine Firma wie Amazon sich so einen Dreck erlaubt, hat mich schon sehr überrascht.",Ray.Scarlet,11.15.0,2018-08-18T07:49:34Z,True,itunes_rss_mostHelpful,False,False
3df250639cbbab628c878c5ad9fc65f28a25985805338576cf16fa59c4e1c2af,3068554538,348712880,Amazon,de,5,Keine Artikeldarstellung mehr,Seit letzter Woche keine vernünftige Artikeldarstellung mehr. Infos sind gänzlich an den rechten Rand verschoben. Somit für mich eine unbrauchbare App.,Seit letzter Woche keine vernünftige Artikeldarstellung mehr. Infos sind gänzlich an den rechten Rand verschoben. Somit für mich eine unbrauchbare App.,Laulila,11.15.0,2018-08-15T15:41:32Z,True,itunes_rss_mostHelpful,False,False
a6a3afdb001e268b87c9ce43a97f1c8f996d405888eba53c88e10da7f4faa354,3064623647,348712880,Amazon,de,5,Uninstall,Seit dem letzten Update nicht mehr zu gebrauchen....,Seit dem letzten Update nicht mehr zu gebrauchen....,Domestps,11.15.0,2018-08-14T20:01:52Z,True,itunes_rss_mostHelpful,False,False
8f80895b21b90ea71849483672a709f8190137499294af4d7cab02cda351d8d3,3021005950,348712880,Amazon,de,4,Noch nicht perfekt,"Übersichtlich und gut zu bedienen.
Leider sind viele Artikelbeschreibungen sehr dürftig.","Übersichtlich und gut zu bedienen.
Leider sind viele Artikelbeschreibungen sehr dürftig.",Amarok SH,11.14.0,2018-08-05T13:10:38Z,True,itunes_rss_mostHelpful,False,False
3b8cffd8196767573e548b5bcfa048c00e96d02852d4a8a5dcea9ceb44fa772a,2987653949,348712880,Amazon,de,5,Einloggen auf iPad unmöglich!,Wirklich sehr schlecht! Werde andauernd nach den Anmeldedaten gefragt und soll dann ein neues Passwort vergeben. Das möchte ich aber nicht weil ich es vor ein paar Tagen erst geändert habe! Verstehe nicht das so umständlich sein muss. Daher vergebe ich hier einen Stern (weniger geht nicht).,Wirklich sehr schlecht! Werde andauernd nach den Anmeldedaten gefragt und soll dann ein neues Passwort vergeben. Das möchte ich aber nicht weil ich es vor ein paar Tagen erst geändert habe! Verstehe nicht das so umständlich sein muss. Daher vergebe ich hier einen Stern (weniger geht nicht).,Toschi-,11.14.0,2018-07-29T14:42:26Z,True,itunes_rss_mostHelpful,False,False
e6282d4678cd91e43f575ae148e1dd6c7cc956c51d81f38af1dd8cd98da9300f,2693602402,348712880,Amazon,de,5,Gute App,Bin sehr zufrieden mit der App. Ich finde sie übersichtlich gestaltet und bis jetzt nichts negatives bei der Handhabung feststellen können.,Bin sehr zufrieden mit der App. Ich finde sie übersichtlich gestaltet und bis jetzt nichts negatives bei der Handhabung feststellen können.,from.hell,11.12.0,2018-06-14T14:35:19Z,True,itunes_rss_mostHelpful,False,False
7d3ee952b294ffc42dadce5752230f52d15f490edad9d34c8b47d9d460aa40a7,2692773238,348712880,Amazon,de,5,Was soll die nervige Fremdwerbung???,"Liebes Amazon-App Team, was soll die Fremdwerbung à la Lotto-Werbung etc. in Eurer App? Ihr wollt doch sicherlich viele Eurer Produkte verkaufen, oder? Dann nervt doch nicht Eure Kunden mit so einem Mist! Die ganze App ist doch bereits eine (Amazon-) Werbefläche, und das muss es auch bleiben! Oder braucht Amazon mittlerweile die Fremdwerbung zum Überleben? Ich denke doch mal nicht...
Also macht bitte die App wieder zu einer reinen Amazon-Einkaufsapp! Danke!!!","Liebes Amazon-App Team, was soll die Fremdwerbung à la Lotto-Werbung etc. in Eurer App? Ihr wollt doch sicherlich viele Eurer Produkte verkaufen, oder? Dann nervt doch nicht Eure Kunden mit so einem Mist! Die ganze App ist doch bereits eine (Amazon-) Werbefläche, und das muss es auch bleiben! Oder braucht Amazon mittlerweile die Fremdwerbung zum Überleben? Ich denke doch mal nicht...
Also macht bitte die App wieder zu einer reinen Amazon-Einkaufsapp! Danke!!!",mirobs,11.12.0,2018-06-14T11:39:48Z,True,itunes_rss_mostHelpful,False,False
22fe72ad5c51d883349efb279de75a7f9cd18643220c4341da1f0925709f1e88,2640989490,348712880,Amazon,de,5,Stürzt dauernd ab,"Seit dem letzten Update kann ich die App nicht mehr öffnen.
Sie stürzt dauernd ab. Sonst wär ich immer sehr zufrieden. Sobald das Problem behoben ist gibt es mehr Sterne ;)","Seit dem letzten Update kann ich die App nicht mehr öffnen. 
Sie stürzt dauernd ab. Sonst wär ich immer sehr zufrieden. Sobald das Problem behoben ist gibt es mehr Sterne ;)",Mietze Katze 😼😼,11.11.0,2018-06-04T14:33:17Z,True,itunes_rss_mostHelpful,False,False
00f2532959e8ef30b62dd2766950c4d031719b1aa4036ec8af62e2fec34f996c,2618419867,348712880,Amazon,de,4,Wunschliste teilen nicht mehr möglich?!,"Ich finde die App sehr gelungen, aber irgendwie ist es mit einer der letzten Updates nicht mehr möglich, seine Wunschliste anderen Teilnehmer per Mail oder WhatsApp zukommen zu lassen. Weder auf dem Handy, noch auf dem Tablet. Das ist wirklich sehr ärgerlich, da die Funktion von meiner Familie sehr gern genutzt wurde! :-(","Ich finde die App sehr gelungen, aber irgendwie ist es mit einer der letzten Updates nicht mehr möglich, seine Wunschliste anderen Teilnehmer per Mail oder WhatsApp zukommen zu lassen. Weder auf dem Handy, noch auf dem Tablet. Das ist wirklich sehr ärgerlich, da die Funktion von meiner Familie sehr gern genutzt wurde! :-(",Xtra-small,11.11.0,2018-05-30T20:33:25Z,True,itunes_rss_mostHelpful,False,False
4ff37ff1d6eeb2e35e75e6b9baddf59029330a265c66cc8992637c916d8949f3,2600390822,348712880,Amazon,de,5,Ich finde die Amazon App Klasse,"Ob mit dem IPad oder IPhone, alles in der App ist übersichtlich und schnell und einfach bedienbar. Es funktioniert auch beim iPad im Querformat, so ist das Tippen sehr komfortabel. Auch die Werbeangebote sind perfekt auf mich zugeschnitten. Bestellen, Bezahlen, alles geht schnell und unkompliziert.","Ob mit dem IPad oder IPhone, alles in der App ist übersichtlich und schnell und einfach bedienbar. Es funktioniert auch beim iPad im Querformat, so ist das Tippen sehr komfortabel. Auch die Werbeangebote sind perfekt auf mich zugeschnitten. Bestellen, Bezahlen, alles geht schnell und unkompliziert.",Elke Deutschland,11.10.0,2018-05-26T21:54:26Z,True,itunes_rss_mostHelpful,False,False
548562c46288f5be06b323228e97ad855ade638bc036cbd4afc83684541cb333,2506730922,348712880,Amazon,de,5,Amazon,Habe ein iPhone 6s und die App läuft wunderbar. Nur auf dem iPad funktioniert die Suchfunktion nicht wie auf dem iPhone.,Habe ein iPhone 6s und die App läuft wunderbar. Nur auf dem iPad funktioniert die Suchfunktion nicht wie auf dem iPhone.,Ritter58,11.4.0,2018-05-05T06:45:36Z,True,itunes_rss_mostHelpful,False,False
57191778403bcb27e482abcbc8d9c0f23a343a2bcc0ef77e5d6bee949e3e37e4,2489157430,348712880,Amazon,de,4,Aufgeräumt und gut zu bedienen außer die Sicherheitsabfragen,Die App ist sehr übersichtlich gestaltet und bietet sehr guten bedienungskomfort. Allerdings wenn man eine E-Mail-Adresse oder das Kennwort ändern möchte wird man ja mit einem Grafischen Bild Sicherheitsabfrage abgefragt. Diese ist für blinde mit VoiceOver nicht nutzbar. Hier bitte ich um die Funktion einer Audio Abfrage. Dies gilt für alle anderen Amazon Apps wie zum Beispiel der Alexa App.,Die App ist sehr übersichtlich gestaltet und bietet sehr guten bedienungskomfort. Allerdings wenn man eine E-Mail-Adresse oder das Kennwort ändern möchte wird man ja mit einem Grafischen Bild Sicherheitsabfrage abgefragt. Diese ist für blinde mit VoiceOver nicht nutzbar. Hier bitte ich um die Funktion einer Audio Abfrage. Dies gilt für alle anderen Amazon Apps wie zum Beispiel der Alexa App.,Jeffrey baake,11.8.3,2018-04-30T20:27:13Z,True,itunes_rss_mostHelpful,False,False
3cb0ac14e94cfdc7069e32d982695c5d3e66225b9a1f09e8c502c338d6e85870,2394087749,348712880,Amazon,de,4,"Nützlich, aber mit Bug","Ich finde die App sehr nützlich und verwende sie sehr oft. Leider ärgert mich ein nerviger Bug: Ständig verschwindet nach einiger Zeit die untere Schnellzugriffleiste (mit Homepage, Angebote, Wunschzettel, Meine Bestellungen usw). Bisher habe ich keine Möglichkeit entdeckt, sie wieder sichtbar zu machen. Einzig eine Neuinstallation hilft. Wenn es eine andere Lösung gibt, würde ich mich über einen Hinweis freuen. Ansonsten wäre es schön, wenn dieses Verhalten beim nächsten Update behoben würde.","Ich finde die App sehr nützlich und verwende sie sehr oft. Leider ärgert mich ein nerviger Bug: Ständig verschwindet nach einiger Zeit die untere Schnellzugriffleiste (mit Homepage, Angebote, Wunschzettel, Meine Bestellungen usw). Bisher habe ich keine Möglichkeit entdeckt, sie wieder sichtbar zu machen. Einzig eine Neuinstallation hilft. Wenn es eine andere Lösung gibt, würde ich mich über einen Hinweis freuen. Ansonsten wäre es schön, wenn dieses Verhalten beim nächsten Update behoben würde.",Mike-xyz,11.7.0,2018-04-07T11:06:29Z,True,itunes_rss_mostHelpful,False,False
7d7bb2d2b75d1df5857f309551708b22cdf5a669ad23ab9285545e59b9b978c6,2370601853,348712880,Amazon,de,5,Gravierender Bug,"1 Click kaufen und in den Warenkorb legen macht das gleiche und es ist tierisch nervig jedesmal den Kauf stornieren zu müssen, weil der Artikel sowohl gekauft wird als auch in den Warenkorb gelegt wird. Dringend muss da nachgebessert werden","1 Click kaufen und in den Warenkorb legen macht das gleiche und es ist tierisch nervig jedesmal den Kauf stornieren zu müssen, weil der Artikel sowohl gekauft wird als auch in den Warenkorb gelegt wird. Dringend muss da nachgebessert werden",Gamer0998,11.7.0,2018-04-01T10:05:51Z,True,itunes_rss_mostHelpful,False,False
d21843024f04ce3a371a2786a6604dd81f25e8756359d4c0723356031fff6b7f,2370342326,348712880,Amazon,de,5,Fehler behoben.,"...bleiben auf dem iPad die Produktabbildungen unabhängig vom Produkt bei dem nach dem Update zuerst betrachteten Produkt „hängen“. Nur ein schließen und erneut Starten erlaubt die weitere einmalige Betrachtung des als nächstes gewählten Produktfotos. :(

Update: Fehler behoben, Danke! Das neue Design ist gewöhnungsbedürftig, aber absolut in Ordnung.","...bleiben auf dem iPad die Produktabbildungen unabhängig vom Produkt bei dem nach dem Update zuerst betrachteten Produkt „hängen“. Nur ein schließen und erneut Starten erlaubt die weitere einmalige Betrachtung des als nächstes gewählten Produktfotos. :(

Update: Fehler behoben, Danke! Das neue Design ist gewöhnungsbedürftig, aber absolut in Ordnung.",-Sac-,11.7.0,2018-04-01T08:22:52Z,True,itunes_rss_mostHelpful,False,False
76c668827e4ca3d186159b8a5d22b1daec20000f04cf1f618aad02d5562c700e,2367889203,348712880,Amazon,de,3,Ziemlich gut mit kleinen Macken...,"Die Amazon App ist ziemlich gut - auf jeden Fall eine wesentlich bessere Alternative zur mobilen Seite, alles geht meistens recht unkompliziert und schnell.

Leider gibt es aber Schwächen bzw. Bugs:
Bei der letzten Buchung wollte ich eine andere Lieferadresse eingeben. Dabei kam es mehrfach zu Timeouts, obwohl ich im stabilen WLAN war. Einmal nach Eingabe der neuen Adresse, einmal nach Verifikation der Bankdaten und einmal bei Absenden der Bestellung mit der neuen Adresse. Bis auf die Fehlerseite mit Kunde weiß man als Kunde nicht, was nun passiert ist, was ziemlich schade ist.","Die Amazon App ist ziemlich gut - auf jeden Fall eine wesentlich bessere Alternative zur mobilen Seite, alles geht meistens recht unkompliziert und schnell.

Leider gibt es aber Schwächen bzw. Bugs:
Bei der letzten Buchung wollte ich eine andere Lieferadresse eingeben. Dabei kam es mehrfach zu Timeouts, obwohl ich im stabilen WLAN war. Einmal nach Eingabe der neuen Adresse, einmal nach Verifikation der Bankdaten und einmal bei Absenden der Bestellung mit der neuen Adresse. Bis auf die Fehlerseite mit Kunde weiß man als Kunde nicht, was nun passiert ist, was ziemlich schade ist.",Android—Spitzel,11.7.0,2018-03-31T15:28:07Z,True,itunes_rss_mostHelpful,False,False
e8493e06075567ab7284b26c25045cb4c92c946d48af63e0f6533a77534efd0f,2353291242,348712880,Amazon,de,5,"Irgendwie anders, aber nicht besser","seit kurzem ist die App wohl mehr Homepage orientiert, aber anstatt die wirklichen Vorteile der Homepage, wie z.B Kundenfotos bei Rezensionen mitzunehmen, orientiert man sich aufs vergrößern und verkleinern von Gesamtansichten, was die ganze Handhabung eher an Wackelpudding denken lässt, als an Innovation.. kann man mit leben, aber das Stöbern nach dies und das hat früher mehr Spaß gemacht!
Ein Tipp an die Redaktion, was die Amazon App wirklich voran bringen würde, wäre die nahezu perfekte Steuerung der IMDB App, dort hat man schon vor Jahren begriffen, dass eine möglichst komfortable vor und zurück, hin und her, Steuerung, die einem trotz vielfacher Verzweigung nie die Orientierung verlieren lässt, dass Herzstück eines Kataloges ist.","seit kurzem ist die App wohl mehr Homepage orientiert, aber anstatt die wirklichen Vorteile der Homepage, wie z.B Kundenfotos bei Rezensionen mitzunehmen, orientiert man sich aufs vergrößern und verkleinern von Gesamtansichten, was die ganze Handhabung eher an Wackelpudding denken lässt, als an Innovation.. kann man mit leben, aber das Stöbern nach dies und das hat früher mehr Spaß gemacht! 
Ein Tipp an die Redaktion, was die Amazon App wirklich voran bringen würde, wäre die nahezu perfekte Steuerung der IMDB App, dort hat man schon vor Jahren begriffen, dass eine möglichst komfortable vor und zurück, hin und her, Steuerung, die einem trotz vielfacher Verzweigung nie die Orientierung verlieren lässt, dass Herzstück eines Kataloges ist.",iHonolulu,11.6.0,2018-03-27T20:15:01Z,True,itunes_rss_mostHelpful,False,False
51303f41ea12d0e715936f9a4936300058947114381be106e8ceb7b50228399d,2338625165,348712880,Amazon,de,5,Schlimmer geht immer,"Danke liebe Entwickler, der Bug - das erstmals gewählter Artikel im Vollbildmodus eingefroren wird und bei allen weiteren Artikeln im Vollbildmodus angezeigt wird - ist behoben. So kann man es auch umsetzen. Einfach Vollbildmodus entfernt. Leider etwas einfallslos. Dafür gibt es einen Stern.
Den zweiten gibt es, dass ihr den Einzelhandel vor Ort mit dieser extrem mangelhaften App ankurbelt.","Danke liebe Entwickler, der Bug - das erstmals gewählter Artikel im Vollbildmodus eingefroren wird und bei allen weiteren Artikeln im Vollbildmodus angezeigt wird - ist behoben. So kann man es auch umsetzen. Einfach Vollbildmodus entfernt. Leider etwas einfallslos. Dafür gibt es einen Stern. 
Den zweiten gibt es, dass ihr den Einzelhandel vor Ort mit dieser extrem mangelhaften App ankurbelt.",Katja1207,11.6.0,2018-03-23T20:54:20Z,True,itunes_rss_mostHelpful,False,False
8a90b5a6da6a8a67c49132f876bf4d9df7af93a976682adc8b3f6b4a19f7ddbd,2327454781,348712880,Amazon,de,5,Die App ist Murks,"Ich kann genau einen Artikel mit vergrößerten Bildern anschauen, wenn ich den nächsten Artikel ansehe, zeigt mir die App immer die Bilder des ersten Artikels. Und das so lange, bis ich die App via Taskmanager neu gestartet habe. Früher machte es Spaß zu shoppen, jetzt nicht mehr. MURKS!!!","Ich kann genau einen Artikel mit vergrößerten Bildern anschauen, wenn ich den nächsten Artikel ansehe, zeigt mir die App immer die Bilder des ersten Artikels. Und das so lange, bis ich die App via Taskmanager neu gestartet habe. Früher machte es Spaß zu shoppen, jetzt nicht mehr. MURKS!!!",Timeboy-SH,11.6.0,2018-03-20T18:19:17Z,True,itunes_rss_mostHelpful,False,False
71b2ac4136f236e16fce4d6935305929ede6fedbfa2ac3ae220578ec6de5b7d8,2326310698,348712880,Amazon,de,5,"Allgemein recht gut, jedoch Bugs in der Darstellung","Mir gefällt die App grundsätzlich recht gut. Was mir (iPad Pro 13) negativ aufgefallen ist: Nach geringer Nutzung (beispielsweise verteilt über den Tag) verschwindet die „Fuß-Leiste“, in der die Schaltflächen für „Wunschliste“, „Meine Bestellungen etc.“ enthalten sind. Das betrifft sowohl den Landscape als auch den Portrait-Modus. Abhilfe schafft nur jeweils eine Neuinstallation, aber auch nur temporär. Auch ist mir aufgefallen, dass manchmal das Einkaufswagen-Icon oben rechts falsch (unnatürlich schmal) dargestellt wird.","Mir gefällt die App grundsätzlich recht gut. Was mir (iPad Pro 13) negativ aufgefallen ist: Nach geringer Nutzung (beispielsweise verteilt über den Tag) verschwindet die „Fuß-Leiste“, in der die Schaltflächen für „Wunschliste“, „Meine Bestellungen etc.“ enthalten sind. Das betrifft sowohl den Landscape als auch den Portrait-Modus. Abhilfe schafft nur jeweils eine Neuinstallation, aber auch nur temporär. Auch ist mir aufgefallen, dass manchmal das Einkaufswagen-Icon oben rechts falsch (unnatürlich schmal) dargestellt wird.",Drach3n5tein,11.6.0,2018-03-20T11:24:38Z,True,itunes_rss_mostHelpful,False,False
fbe42398381ab84a986cf0d84fd7544b786631afaa34ff33b5f750ca5c3f54de,2324020030,348712880,Amazon,de,5,Läuft mittlerweile besser!,"Funktioniert und macht was sie soll!
Obwohl die Vorgängerversion besser war in Sachen Ansicht!","Funktioniert und macht was sie soll!
Obwohl die Vorgängerversion besser war in Sachen Ansicht!",DRvid113,11.5.0,2018-03-19T18:52:17Z,True,itunes_rss_mostHelpful,False,False
1954905802a9b1dbf2fb96508eb05fd8d920cc91fb9eb32a453a36760204680d,2315474535,348712880,Amazon,de,4,Schlecht,"Seit dem letzten Update tritt ein Fehler auf.
Möchte man sich ein Produkt durch antippen des Produkt Bildes genauer ansehen funktioniert dies genau einmal versucht man dies mit einem weitern Produkt erscheint immer nur das Bild des vorangegangenen Produktes dies passiert ständig und dauerhaft bitte beheben. Ansonsten so gut wie immer weiter so!","Seit dem letzten Update tritt ein Fehler auf.
Möchte man sich ein Produkt durch antippen des Produkt Bildes genauer ansehen funktioniert dies genau einmal versucht man dies mit einem weitern Produkt erscheint immer nur das Bild des vorangegangenen Produktes dies passiert ständig und dauerhaft bitte beheben. Ansonsten so gut wie immer weiter so!",Arschi 1,11.5.0,2018-03-17T11:00:57Z,True,itunes_rss_mostHelpful,False,False
5b4238d6be6e9e1c90b090a6f69019f9f639aa0438b25d5d211b4c23f097e6cd,2291791796,348712880,Amazon,de,3,Leider verschlimmbessert.,"In der aktuellen Version sind wichtige iPad Features verloren gegangen! Weder die Schnellstart Leiste am unteren Bildschirmrand (siehe Screenshots der alten Version hier im Store) und die Möglichkeit Bilder zu vergrößern sind leider nicht mehr vorhanden.

Folge: Die Navigation verliert an Eleganz und man kann sich die Waren nicht richtig ansehen.

Bitte schnell bereinigen!","In der aktuellen Version sind wichtige iPad Features verloren gegangen! Weder die Schnellstart Leiste am unteren Bildschirmrand (siehe Screenshots der alten Version hier im Store) und die Möglichkeit Bilder zu vergrößern sind leider nicht mehr vorhanden.

Folge: Die Navigation verliert an Eleganz und man kann sich die Waren nicht richtig ansehen.

Bitte schnell bereinigen!",WillBee,11.5.0,2018-03-10T17:15:36Z,True,itunes_rss_mostHelpful,False,False
bf3d7339f97ce9ec5707e37191dc90a188a090c5e8434025d6c526be4f22943a,2277979168,348712880,Amazon,de,5,Auf dem iPad nicht schön,"Die neue Version ist auf dem iPad nicht gut gelungen. Manche Dinge sind auch gut so, wie sind. Man kann sie auch kaputt optimieren...
Auf dem Phone gut benutzbar, darum drei Sterne. Die Pad Variante macht mir keinen Spaß mehr.","Die neue Version ist auf dem iPad nicht gut gelungen. Manche Dinge sind auch gut so, wie sind. Man kann sie auch kaputt optimieren...
Auf dem Phone gut benutzbar, darum drei Sterne. Die Pad Variante macht mir keinen Spaß mehr.",Firemailer,11.4.0,2018-03-06T18:51:26Z,True,itunes_rss_mostHelpful,False,False
fb6655d4542caa3436a6b8b648f6f88de75dc4b8a908c9505204d9dc6a4376f4,2244576854,348712880,Amazon,de,5,👎🏻,"Seit heute stimmt mit der App was nicht...bei der Suche werden keine Ergebnisse angezeigt, es flackert nur weißlich. Ich hatte bisher noch NIE Probleme mit meinem Iphone 5s. Bitte beheben.
P.S.: Habe die App deinstalliert und wieder neu installiert. Es läuft!👍","Seit heute stimmt mit der App was nicht...bei der Suche werden keine Ergebnisse angezeigt, es flackert nur weißlich. Ich hatte bisher noch NIE Probleme mit meinem Iphone 5s. Bitte beheben.
P.S.: Habe die App deinstalliert und wieder neu installiert. Es läuft!👍",maxis1990,11.4.0,2018-02-25T02:52:37Z,True,itunes_rss_mostHelpful,False,False
cc5584bcee1a669e0939bd0057abe23f7f943b5e2e147cc94b626b2f227a151b,2219192200,348712880,Amazon,de,2,Nach Update unübersichtlich!!,"Wenn man Artikel sucht ist alles wie gehabt... Die Artikel werden von oben nach unten angezeigt- so weit, so gut!
Dann wird auf einen bestimmten Artikel geklickt um diesen zu kaufen... jedoch möchte man die Farbe oder die Größe oder die Länge ändern und dann beginnt die Misere!! Anstatt wie vorher auch alles schön übersichtlich von oben nach unten angezeigt wurde, muss man nun von rechts nach links wischen... wenn nur drei Kriterien zur Auswahl stehen kann man damit auch noch gut zurecht kommen! Aber gibt es viele verschiedene Auswahlmöglichkeiten, blickt man überhaupt nicht mehr durch! Man hat überhaupt keinen Überblick und die Reihenfolge ist teilweise komplett durcheinander, sodass man dazu gezwungen ist mehrfach hin und her zu wischen um irgendwie durchzublicken!!
Bitte wieder ändern!! Das ist doch so kein Zustand!! Danke!!","Wenn man Artikel sucht ist alles wie gehabt... Die Artikel werden von oben nach unten angezeigt- so weit, so gut! 
Dann wird auf einen bestimmten Artikel geklickt um diesen zu kaufen... jedoch möchte man die Farbe oder die Größe oder die Länge ändern und dann beginnt die Misere!! Anstatt wie vorher auch alles schön übersichtlich von oben nach unten angezeigt wurde, muss man nun von rechts nach links wischen... wenn nur drei Kriterien zur Auswahl stehen kann man damit auch noch gut zurecht kommen! Aber gibt es viele verschiedene Auswahlmöglichkeiten, blickt man überhaupt nicht mehr durch! Man hat überhaupt keinen Überblick und die Reihenfolge ist teilweise komplett durcheinander, sodass man dazu gezwungen ist mehrfach hin und her zu wischen um irgendwie durchzublicken!!
Bitte wieder ändern!! Das ist doch so kein Zustand!! Danke!!",Juleslesness,11.3.0,2018-02-17T18:34:04Z,True,itunes_rss_mostHelpful,False,False
a5dd06ce870c580c5ae785d35130d0036b8ec67d727df7f787f595e28acf94a9,2118445618,348712880,Amazon,de,5,Seit dem letzten Update alles wieder Top,"Seit dem letzten Update funktioniert alles wieder wie es soll.
Weiter so.","Seit dem letzten Update funktioniert alles wieder wie es soll.
Weiter so.",hs1975,11.02.0,2018-01-23T12:51:55Z,True,itunes_rss_mostHelpful,False,False
09d076aed23d35464f846236c25996cf3f2882d78cd7197e2d566f1292d9b8cc,2105231110,348712880,Amazon,de,5,Kann alles was man braucht,Schneller Zugriff auf viele Produkte. Sehr übersichtlich. Hat alles was man braucht.,Schneller Zugriff auf viele Produkte. Sehr übersichtlich. Hat alles was man braucht.,UPAG,11.01.2,2018-01-19T16:21:00Z,True,itunes_rss_mostHelpful,False,False
62d06225a6fa1bba5315dc3225757588cffacad9d4ecc03502281224794a1009,2091963069,348712880,Amazon,de,5,Suchleiste spinnt seit dem letzten Update,Hallo ich nutze die App auf einem iPhone 6 und seit dem letzten Update spinnt die suchleiste. Mal geht alles mal geht gar nix,Hallo ich nutze die App auf einem iPhone 6 und seit dem letzten Update spinnt die suchleiste. Mal geht alles mal geht gar nix,Seba 1981,11.01.0,2018-01-15T15:07:51Z,True,itunes_rss_mostHelpful,False,False
7e5a01b8d61e98337723dd20afa140033f34570387c8662cc7f6fbd326ce465f,2088540392,348712880,Amazon,de,5,"Super App, super Support seitens Amazon",Allerdings seit dem letzten Update funktioniert die Ober Spalte nicht mehr. Zurück zum vorherigen Artikel gehen oder das Menü über die 3 Striche verwenden funktioniert sporadisch nicht. Ansonsten einwandfrei bisher ohne Probleme.,Allerdings seit dem letzten Update funktioniert die Ober Spalte nicht mehr. Zurück zum vorherigen Artikel gehen oder das Menü über die 3 Striche verwenden funktioniert sporadisch nicht. Ansonsten einwandfrei bisher ohne Probleme.,Ja sjjodnekc,11.01.0,2018-01-14T13:40:01Z,True,itunes_rss_mostHelpful,False,False
af249207bf3787afd48b96b67d8a394414b790f336261734bb6cc00bf4fed81b,2087757999,348712880,Amazon,de,5,Sucheingabefeld nach Update außer Funktion,"Seit dem aktuellen Update sind auf der Startseite keine Eingaben mehr im Suchfeld möglich, auch das Kamera- und das Mikrofonsymbol funktionieren nicht mehr. App so kaum mehr nutzbar.","Seit dem aktuellen Update sind auf der Startseite keine Eingaben mehr im Suchfeld möglich, auch das Kamera- und das Mikrofonsymbol funktionieren nicht mehr. App so kaum mehr nutzbar.",ugiertzsch,11.01.0,2018-01-14T08:32:47Z,True,itunes_rss_mostHelpful,False,False
c6729c358260c4e7c3d7a1742f06b0c49ee9a37e74a272393f6350fb9fc41d68,2086056221,348712880,Amazon,de,5,App nach update nicht mehr zu gebrauchen,"Auf einem iPhone 8 versagt die obere Navigationsleiste nach einmaligem Klick auf Suchen. Warenkorb, Zurück-Button, Suche und Co lassen sich danach nicht mehr bedienen. Reproduzierbar, auch nach Neustart der App!","Auf einem iPhone 8 versagt die obere Navigationsleiste nach einmaligem Klick auf Suchen. Warenkorb, Zurück-Button, Suche und Co lassen sich danach nicht mehr bedienen. Reproduzierbar, auch nach Neustart der App!",Xguide,11.01.0,2018-01-13T19:43:40Z,True,itunes_rss_mostHelpful,False,False
93abe3268261b8e17dd024ffb9bf3ad21e079a5969cd99ff8a5db5a5c53f58f5,2085997340,348712880,Amazon,de,5,Hängt sich nur noch auf,So kaum noch nutzbar. Hängt sich auf wenn man Wagen ansehen will. Auch Rausgehen mit homebutton hilft nicht. Alles friert ein! Nur Wunschzettelfach ansehen klappt...,So kaum noch nutzbar. Hängt sich auf wenn man Wagen ansehen will. Auch Rausgehen mit homebutton hilft nicht. Alles friert ein! Nur Wunschzettelfach ansehen klappt...,Preißl,11.01.0,2018-01-13T19:15:19Z,True,itunes_rss_mostHelpful,False,False
840f1facce9e7013ef2253e491800a15b2ec95a5ea0e6d29e113ab2c75a4f37e,2085833681,348712880,Amazon,de,5,Was ist z.B......,Warum können bei den Kundenrezessionen die Fotos nich gesehen werden. Beim Handy ist es doch auch möglich??,Warum können bei den Kundenrezessionen die Fotos nich gesehen werden. Beim Handy ist es doch auch möglich??,Thho,11.01.0,2018-01-13T17:58:40Z,True,itunes_rss_mostHelpful,False,False
99dd46eeb9abdfc29018805cde6cc2d9be053835d635c08c9fc3451d7b165612,2084976783,348712880,Amazon,de,5,"Apple ""friert"" ständig ein...","Leider ist das letzte Update ein Schuß nach hinten.
Zwar funktioniert die Wunschliste wieder, aber die App friert ständig nach ein bis zwei Schritten ein und man muß sie erneut starten.
Leider geschieht dies unablässig!","Leider ist das letzte Update ein Schuß nach hinten.
Zwar funktioniert die Wunschliste wieder, aber die App friert ständig nach ein bis zwei Schritten ein und man muß sie erneut starten.
Leider geschieht dies unablässig!",Dr. Schwartau,11.01.0,2018-01-13T12:20:19Z,True,itunes_rss_mostHelpful,False,False
c308e3cc8759bb9b8901d0f0aee14dd13fd5ff1dcbd9132ec45d9a78cf2bdbd5,2082240743,348712880,Amazon,de,5,Funktioniert nicht mehr wie gewohnt,"Keine Ahnung woran es liegt, seit dem Update geht die Taste , bei der man die Rücksetzung auf die vorherige Seite ausführt nicht mehr.
Sobald man , als Beispiel , die Rezension eines Produktes anwählt, kommt ich nicht mehr auf die vorherige Seite.","Keine Ahnung woran es liegt, seit dem Update geht die Taste , bei der man die Rücksetzung auf die vorherige Seite ausführt nicht mehr.
Sobald man , als Beispiel , die Rezension eines Produktes anwählt, kommt ich nicht mehr auf die vorherige Seite.",toby1983,11.01.0,2018-01-12T15:59:25Z,True,itunes_rss_mostHelpful,False,False
5838436a208a714f529ebe5a094baba4d76f8962156ba8e4ea200d7bbdc5e776,2079182722,348712880,Amazon,de,5,Nach Update Probleme auf dem iphoneX,Nach dem Update was ich heute ausgeführt habe reagiert der obere Teil des Bildschirmes nicht mehr richtig. Man kann oft nicht mehr zurück gehen was ziemlich nervig ist.,Nach dem Update was ich heute ausgeführt habe reagiert der obere Teil des Bildschirmes nicht mehr richtig. Man kann oft nicht mehr zurück gehen was ziemlich nervig ist.,Lothar93,11.01.0,2018-01-11T17:02:06Z,True,itunes_rss_mostHelpful,False,False
1dd876a588580c4828cfbaaa8a0b070215932a3a2e7b184606b7025f43c219c5,2050238918,348712880,Amazon,de,5,Tolle App - schnelle Alternative zur Website,"Erst war ich etwas skeptisch ob die App Vorteile bietet gegenüber dem PC, jedoch kann ich hier mind. genauso schnell und unkompliziert bestellen.

Die App ist sehr stabil und stürzt nicht ab.","Erst war ich etwas skeptisch ob die App Vorteile bietet gegenüber dem PC, jedoch kann ich hier mind. genauso schnell und unkompliziert bestellen.

Die App ist sehr stabil und stürzt nicht ab.",Safe-bet,9.22,2018-01-02T13:26:02Z,True,itunes_rss_mostHelpful,False,False
61ba1cf3cbc925a2c4530246ba9feafbe1d7719406b09574b828e8b1dbd11330,1973103233,348712880,Amazon,de,2,Seit dem letzten Update App unbrauchbar,"Seit dem letzten Update kann ich die App auf meinem iPhone 8 nicht mehr nutzen: das suchen und ähnliche Funktionen funktionieren, ABER: sobald ich etwas in meinem Einkaufswagen habe und zur Kasse möchte passiert.... nichts. Der Bildschirm verschwindet nach unten und ich bin wieder auf der Startseite der App. Und bei fast allen Funktionen für die man erneut das Passwort eingeben solle kommt nachdem man dies getan hat die Meldung das ein Fehler aufgetreten sei und man es später erneut versuchen solle... dies passiert nun schon seit Wochen.
Neuinstallation der App brachte keine Änderungen.
Daher wird dieses Jahr kein einziges Weihnachtsgeschenk von mir bei Amazon gekauft werden können.","Seit dem letzten Update kann ich die App auf meinem iPhone 8 nicht mehr nutzen: das suchen und ähnliche Funktionen funktionieren, ABER: sobald ich etwas in meinem Einkaufswagen habe und zur Kasse möchte passiert.... nichts. Der Bildschirm verschwindet nach unten und ich bin wieder auf der Startseite der App. Und bei fast allen Funktionen für die man erneut das Passwort eingeben solle kommt nachdem man dies getan hat die Meldung das ein Fehler aufgetreten sei und man es später erneut versuchen solle... dies passiert nun schon seit Wochen.
Neuinstallation der App brachte keine Änderungen.
Daher wird dieses Jahr kein einziges Weihnachtsgeschenk von mir bei Amazon gekauft werden können.",caLiZard_Jens,9.22,2017-12-05T18:39:04Z,True,itunes_rss_mostHelpful,False,False
3fa3f87192a0a4b4e42f8559cf1bc4331fcf214b0ef12949cd5d7b57b440663a,1952599607,348712880,Amazon,de,5,Zugriff auf Funktionen auf iPad nicht mehr möglich,"Leider ist seit dem letzten Update kein Zugriff mehr auf Funktionen wie z.B. Meine Bestellungen mehr möglich. Nach Authentifizierung mit Touch-ID wird nur noch die folgende Meldung angezeigt: Es tut uns leid, da ist etwas schief gelaufen. Bitte versuchen Sie es erneut.","Leider ist seit dem letzten Update kein Zugriff mehr auf Funktionen wie z.B. Meine Bestellungen mehr möglich. Nach Authentifizierung mit Touch-ID wird nur noch die folgende Meldung angezeigt: Es tut uns leid, da ist etwas schief gelaufen. Bitte versuchen Sie es erneut.",dj769,9.22,2017-11-27T11:50:38Z,True,itunes_rss_mostHelpful,False,False
5253753579750b256cf0d0144dad1c8837b946c20787f2cdcb7483efcf5a28bc,1936291374,348712880,Amazon,de,5,Kann mich nicht einloggen,"Seit dem letzten update kann ich mich nur noch selten einloggen ich fliege ständig raus und soll mich neu einloggen und dann kommt immer nur „ es tut uns leid da ist was schief gelaufen.....“
Bitte beheben","Seit dem letzten update kann ich mich nur noch selten einloggen ich fliege ständig raus und soll mich neu einloggen und dann kommt immer nur „ es tut uns leid da ist was schief gelaufen.....“
Bitte beheben",Roger der Große,9.22,2017-11-21T02:55:58Z,True,itunes_rss_mostHelpful,False,False
2c0a0356fc148aca25c4471c05033239fbac5cb9a03cc071a5bd5c7b0e79ce6c,1906052872,348712880,Amazon,de,5,Ohne Funktion,"Seid dem Update komme ich in die App zwar rein aber sobald ich etwas kaufen will, steht nur da, Fehler. Versuchen sie es später noch einmal.","Seid dem Update komme ich in die App zwar rein aber sobald ich etwas kaufen will, steht nur da, Fehler. Versuchen sie es später noch einmal.",sebastian83,9.21.2,2017-11-08T12:17:48Z,True,itunes_rss_mostHelpful,False,False
0e4d1c9a46e4fe1796c356ee11fc967505ed32e68ce661acc552122305d684f4,1899937703,348712880,Amazon,de,3,"Weiterhin Fehler, einige schon behoben","Leider wird, getestet mit einem IPad, wenn man den Verkäufer aufruft und dann in dessen Shop wechseln will immer ein Fehler angezeigt, versuchen sie es später noch einmal. Diese Fehlfunktion trübt doch deutlich den Mehrwert der App im Verhältnis zum Browser.
Ich vermute, dass dadurch Amazon so manches Geschäft entgeht. 😧
Trotz allem bin ich überrascht, wie schnell Amazon weitere kleinere Fehler ausmerzt! 👍
Deshalb dann doch 3 Sterne. Mals sehn, ob Amazon die 5 noch schafft!","Leider wird, getestet mit einem IPad, wenn man den Verkäufer aufruft und dann in dessen Shop wechseln will immer ein Fehler angezeigt, versuchen sie es später noch einmal. Diese Fehlfunktion trübt doch deutlich den Mehrwert der App im Verhältnis zum Browser. 
Ich vermute, dass dadurch Amazon so manches Geschäft entgeht. 😧
Trotz allem bin ich überrascht, wie schnell Amazon weitere kleinere Fehler ausmerzt! 👍
Deshalb dann doch 3 Sterne. Mals sehn, ob Amazon die 5 noch schafft!",Ich-schreib-mal-wie-es-ist,9.21.2,2017-11-05T19:07:23Z,True,itunes_rss_mostHelpful,False,False
d6d575eebc5a7113a9e0af20ab2cb61ad11da24584c1a33356f0eb0b594ae3eb,1888223359,348712880,Amazon,de,5,Querformat,Das Querformat funktioniert wieder. Gut und schnell nachgebessert. Weiter so.,Das Querformat funktioniert wieder. Gut und schnell nachgebessert. Weiter so.,sonwood,9.21.2,2017-10-31T19:17:52Z,True,itunes_rss_mostHelpful,False,False
ea8bcaaaa1fe4f6bf99c58fb54ca10048535ae633f3f1c9b6ca25b4f538ca3fa,1887969917,348712880,Amazon,de,5,Viele Fehler,"Version auf dem iPad Pro!
Beim Löschen eines Suchbegriffes im Suchfeld kann man den gesamten Text nicht durch das Drücken des X im Suchfeld löschen! Die Tastatur springt im Fenster zurück.
Weiterhin: wenn man viele Wörter in das Suchfeld eintippt, kann man mit der Lupenfunktion auf dem iPad Pro nicht in ein Word gehen um es zu korrigieren oder zu erweitern! Die Tastatur springt zurück!
Mittlerweile ist die App wieder im Hoch- und Querformat nutzbar!
Was ist das eigentlich für ein Warenkorb? Beim draufklicken auf dem leeren Warenkorb erscheint rechts ein neues Drauffenster aber warum wird dort nicht eine neue Seite mit angezeigt? Sehr unhandlich und man kann die gespeicherten Artikel nicht ordentlich ansehen!","Version auf dem iPad Pro!
Beim Löschen eines Suchbegriffes im Suchfeld kann man den gesamten Text nicht durch das Drücken des X im Suchfeld löschen! Die Tastatur springt im Fenster zurück.
Weiterhin: wenn man viele Wörter in das Suchfeld eintippt, kann man mit der Lupenfunktion auf dem iPad Pro nicht in ein Word gehen um es zu korrigieren oder zu erweitern! Die Tastatur springt zurück!
Mittlerweile ist die App wieder im Hoch- und Querformat nutzbar!
Was ist das eigentlich für ein Warenkorb? Beim draufklicken auf dem leeren Warenkorb erscheint rechts ein neues Drauffenster aber warum wird dort nicht eine neue Seite mit angezeigt? Sehr unhandlich und man kann die gespeicherten Artikel nicht ordentlich ansehen!",RonnySchedifka,9.21.1,2017-10-31T16:19:27Z,True,itunes_rss_mostHelpful,False,False
bdbfac1d4c2a969c7e54afb638137ff0b9aec25c86fd55253e68f7831a687400,1886911734,348712880,Amazon,de,5,behoben - Bildschirm nur noch Hochformat (iPad mini),"Update: danke für die schnelle Lösung. Wieder alles top.
————
Auf iPad mini trotz update weiterhin nur im Hochformat möglich, dadurch ziemlich unübersichtlich. Bitte update.","Update: danke für die schnelle Lösung. Wieder alles top.
————
Auf iPad mini trotz update weiterhin nur im Hochformat möglich, dadurch ziemlich unübersichtlich. Bitte update.",reno0815,9.21.1,2017-10-31T05:29:04Z,True,itunes_rss_mostHelpful,False,False
18dae33fc37baa23e012f992824c789894516b94b31a00294eb52a71409a6984,1884827206,348712880,Amazon,de,5,Seit heute keine Preise mehr,"Bei mir wird bei ALLEN Artikeln angezeigt „dieser Titel ist für ihr Gerät nicht zum Kauf verfügbar“! Egal nach was ich suche, das wird immer angezeigt","Bei mir wird bei ALLEN Artikeln angezeigt „dieser Titel ist für ihr Gerät nicht zum Kauf verfügbar“! Egal nach was ich suche, das wird immer angezeigt",Yogiebear1106,9.21.1,2017-10-30T06:29:47Z,True,itunes_rss_mostHelpful,False,False
2fa4e52f3fa2f61157eefc5357327d89bdb9a690336aa299e4211b0a23ac98ea,1883237176,348712880,Amazon,de,5,Bildschirm-Ausrichtung,"Seit kurzem lässt sich die App nur noch im Querbildmodus/Landscape öffnen.

5* nach Update, funktioniert wieder alles","Seit kurzem lässt sich die App nur noch im Querbildmodus/Landscape öffnen.

5* nach Update, funktioniert wieder alles",Saerdna Regrepslu,9.21.1,2017-10-29T13:21:40Z,True,itunes_rss_mostHelpful,False,False
c5b79f685aabb5fe85d23980875068dcd2934f5953b622376938bc52097bfe3f,1881059224,348712880,Amazon,de,5,behoben - Nach update nur noch Hochformat auf Ipad,"Fehler behoben. Jetzt bin ich wieder absolut zufrieden.

Bisher war ich mit der App sehr zufrieden. Nach dem letzten update nur noch Hochformat möglich. Bitte dringend nachbessern.","Fehler behoben. Jetzt bin ich wieder absolut zufrieden.

Bisher war ich mit der App sehr zufrieden. Nach dem letzten update nur noch Hochformat möglich. Bitte dringend nachbessern.",MiB_1960,9.21.1,2017-10-28T14:19:10Z,True,itunes_rss_mostHelpful,False,False
3eea9223b2c8b150a5785aeded1c27c2390e80a4f99bb4f63d47a0c5639b5179,1880053858,348712880,Amazon,de,5,Nur noch vertikale Ansicht innerhalb kurzer Zeit geändert,"Hallo Amazon,

Wow! Innerhalb kurzer Zeit, ein paar Tage, geändert auf horizontale Ansicht. Dass ging mal schnell. Jetzt kann man auf dem iPad wieder vernünftig suchen und anschauen und nat. Kaufen. Super.","Hallo Amazon,

Wow! Innerhalb kurzer Zeit, ein paar Tage, geändert auf horizontale Ansicht. Dass ging mal schnell. Jetzt kann man auf dem iPad wieder vernünftig suchen und anschauen und nat. Kaufen. Super.",Pit234876,9.21.1,2017-10-28T04:07:06Z,True,itunes_rss_mostHelpful,False,False
a861b8ce5d6c0408940623788463814f315b2e1e5d9f552ed5288fbced6c974c,1876994386,348712880,Amazon,de,5,Es ist kein Hardwarefehler,"Ich wollte das iPad schon neu aufsetzen und den Apple Support kontaktieren, da die App nur noch im Hochformat gestartet ist. Beim Durchsehen der Amazon Rezensionen ist mir dann aufgefallen, dass es wohl eine Entscheidung der Programmierer war.
Ich persönlich benutze das iPad eher im Querformat. Wenn ich es wegen Amazon jetzt immer drehen muss, dann fliegt die App runter....
Schade Amazon...

Korrektur: Amazon hat die Queransicht wieder schnell eingeführt - 5 Sterne hierfür!","Ich wollte das iPad schon neu aufsetzen und den Apple Support kontaktieren, da die App nur noch im Hochformat gestartet ist. Beim Durchsehen der Amazon Rezensionen ist mir dann aufgefallen, dass es wohl eine Entscheidung der Programmierer war.
Ich persönlich benutze das iPad eher im Querformat. Wenn ich es wegen Amazon jetzt immer drehen muss, dann fliegt die App runter....
Schade Amazon...

Korrektur: Amazon hat die Queransicht wieder schnell eingeführt - 5 Sterne hierfür!",GOL1974,9.21.1,2017-10-26T19:53:18Z,True,itunes_rss_mostHelpful,False,False
7843db1ab37b2e4f7762b2ab05fa9f1649542a8aac3ee7fe0e425cbc9178373d,1876703093,348712880,Amazon,de,5,Fehler mit „nur Hochkant auf iPad“ schnell behoben!,"Super, nachdem ich jetzt wieder im Querformat shoppen kann... alles wieder in Ordnung :-)

Bestes Einkauferlebnis mit dem iPad.","Super, nachdem ich jetzt wieder im Querformat shoppen kann... alles wieder in Ordnung :-)

Bestes Einkauferlebnis mit dem iPad.",TJ Spark,9.21.1,2017-10-26T16:38:31Z,True,itunes_rss_mostHelpful,False,False
2fbf5a73db4e22dd6f6af89b12368b77fb087679ccdd8f20acce907c0ebe9857,1876288050,348712880,Amazon,de,5,Kein Querformat mehr,"Seit dem letzten Update funktioniert die Ansicht im Querformat nicht mehr! Ein echter Minuspunkt und Qualitätsverlust! Neues Update?
Nachtrag: schnelle Reaktion des Support Teams , mit dem aktuellen Update wurde der Fehler behoben, Danke! Daher wieder 5 Sterne!","Seit dem letzten Update funktioniert die Ansicht im Querformat nicht mehr! Ein echter Minuspunkt und Qualitätsverlust! Neues Update?
Nachtrag: schnelle Reaktion des Support Teams , mit dem aktuellen Update wurde der Fehler behoben, Danke! Daher wieder 5 Sterne!",N28hoernchen,9.21.1,2017-10-26T12:50:59Z,True,itunes_rss_mostHelpful,False,False
4840cd01fdc04ea3741ebbec6101b3412284edfdbc55697806be20bdcc24cccd,1875722236,348712880,Amazon,de,5,Nach Update alles wieder top!,"Update: Jetzt funktioniert auch wieder das Querformat auf dem iPad! Danke!
Bitte sofort die App fürs iPad reparieren! Die Anzeige wird nicht mehr im Querformat angezeigt! Habe erstmal die alte App aus der Sicherung wieder installiert, dann gehts wieder! Da ja sogar in der Vorschau die Seiten im Querformat gezeigt werden kann das doch nicht der Sinn sein!","Update: Jetzt funktioniert auch wieder das Querformat auf dem iPad! Danke!
Bitte sofort die App fürs iPad reparieren! Die Anzeige wird nicht mehr im Querformat angezeigt! Habe erstmal die alte App aus der Sicherung wieder installiert, dann gehts wieder! Da ja sogar in der Vorschau die Seiten im Querformat gezeigt werden kann das doch nicht der Sinn sein!",HDTom,9.21.1,2017-10-26T07:05:12Z,True,itunes_rss_mostHelpful,False,False
b7e513bb69293a71075c1c81c4e19188f3fa4052b31645d133a3ea481ac54103,1874880933,348712880,Amazon,de,5,Kein Landscape Modus mehr?!?!?!,"Seit gestern ist der Landscape Modus weg. Ein Grund für mich die App ab sofort nicht mehr zu nutzen. Somit weniger Spontankäufe. Wollt Ihr das wirklich, liebes Amazon Management?

Update: Landscape wieder da. Und wer das nicht will dreht das Tablet einfach. Überlasst dem User die Ansichtswahl. Alles andere ist auch Unsinn. Möglich auch, das im Sprint der Codierer gepennt und das Qualitätsmanagement vielleicht nicht genau genug hingesehen hat.","Seit gestern ist der Landscape Modus weg. Ein Grund für mich die App ab sofort nicht mehr zu nutzen. Somit weniger Spontankäufe. Wollt Ihr das wirklich, liebes Amazon Management?

Update: Landscape wieder da. Und wer das nicht will dreht das Tablet einfach. Überlasst dem User die Ansichtswahl. Alles andere ist auch Unsinn. Möglich auch, das im Sprint der Codierer gepennt und das Qualitätsmanagement vielleicht nicht genau genug hingesehen hat.",eagle1-fox2,9.21.1,2017-10-25T22:08:23Z,True,itunes_rss_mostHelpful,False,False
0ab8ae4157b9ec795ffd5b6648e32384b6bfea108e5fcfdd14f9660e21a9c739,1874811224,348712880,Amazon,de,5,Nur Hochformat,"Seit dem Update ist die App nur noch im Hochformat nutzbar.
Das ist eine erhebliche Einschränkung. Die meisten User nutzen das iPad im Querformat.
Bitte schnellstmöglich wieder anpassen.

Edit: Problem schnell gelöst. Wieder 5 Sterne. Danke.","Seit dem Update ist die App nur noch im Hochformat nutzbar.
Das ist eine erhebliche Einschränkung. Die meisten User nutzen das iPad im Querformat.
Bitte schnellstmöglich wieder anpassen.

Edit: Problem schnell gelöst. Wieder 5 Sterne. Danke.",Mr. Merowinger,9.21.1,2017-10-25T21:14:04Z,True,itunes_rss_mostHelpful,False,False
b8c2b393f4dd29f9845f9fcae811b26ccaccc44b59e08938de4eca7e9d3bccdf,1874721391,348712880,Amazon,de,5,Nur noch hochkant?! Behoben TOP,"Amazon hat reagiert und nun gehts auch wieder quer zu den Artikeln 👍

Amazon hat bestimmt einen Grund für die Änderung, ABER dann sollte man dem Kunden auch die Gründe mitteilen. Ich empfinde die Einschränkung auf nur hochkant extrem nervig. Das fängt schon damit an, wenn man eine Hülle hat, hängt die ständig im Weg rum. Bitte wieder beides möglich machen!","Amazon hat reagiert und nun gehts auch wieder quer zu den Artikeln 👍

Amazon hat bestimmt einen Grund für die Änderung, ABER dann sollte man dem Kunden auch die Gründe mitteilen. Ich empfinde die Einschränkung auf nur hochkant extrem nervig. Das fängt schon damit an, wenn man eine Hülle hat, hängt die ständig im Weg rum. Bitte wieder beides möglich machen!",Melchor573377,9.21.1,2017-10-25T20:07:21Z,True,itunes_rss_mostHelpful,False,False
3ba4102fc702b02f9ad0d5fad953ba3348a6286218e28bab4fa4b3d0fc66d9bb,1874703951,348712880,Amazon,de,5,Support von amazon: 10/10 - perfekt,"Das Problem mit der fehlenden horizontalen Darstellung auf dem iPad habe ich amazon spät abends per Mail gesendet. Am nächsten Morgen kam gleich ein Anruf vom Support. Ich war allerdings schon zur Arbeit und meine Frau nahm diesen entgegen.
Daher hat der amazon-Mitarbeiter mir zusätzlich eine Mail gesendet, sich für den Programmfehler entschuldigt und ein zeitnahes update avisiert, was nun vorliegt.

Besser geht es nicht. (Wir haben übrigens nur eine Kundenbeziehung zu amazon).","Das Problem mit der fehlenden horizontalen Darstellung auf dem iPad habe ich amazon spät abends per Mail gesendet. Am nächsten Morgen kam gleich ein Anruf vom Support. Ich war allerdings schon zur Arbeit und meine Frau nahm diesen entgegen. 
Daher hat der amazon-Mitarbeiter mir zusätzlich eine Mail gesendet, sich für den Programmfehler entschuldigt und ein zeitnahes update avisiert, was nun vorliegt.

Besser geht es nicht. (Wir haben übrigens nur eine Kundenbeziehung zu amazon).",Gapigen,9.21.1,2017-10-25T19:55:10Z,True,itunes_rss_mostHelpful,False,False
aa9917ebfe269fe25021374879a59e162a26f40c67cb60d9960791199c0b6468,1874571062,348712880,Amazon,de,5,Querformat auf iPad weggefallen,"Bisher war die App gut aber seit dem letzten Update fehlt die Anzeige im Querformat - das ist beim iPad sehr unschön, da man hier eher in diesem Anzeigeformat arbeitet als im Hochformat.

Update: geht wieder, top!","Bisher war die App gut aber seit dem letzten Update fehlt die Anzeige im Querformat - das ist beim iPad sehr unschön, da man hier eher in diesem Anzeigeformat arbeitet als im Hochformat.

Update: geht wieder, top!",AromaNero,9.21.1,2017-10-25T18:22:10Z,True,itunes_rss_mostHelpful,False,False
baa544d6b69429fadb8634aaff5ec405314f60734a0fad6ce9359c8d8f4138be,1874552068,348712880,Amazon,de,5,Nur noch hochkant!!!,"Das ist eine Frechheit! Ich hoffe jedoch eher auf einen Bug.
Bitte so schnell es geht beheben.

Update: top Amazon hat schnell gehandelt. Querformat funktioniert wieder!! Danke!","Das ist eine Frechheit! Ich hoffe jedoch eher auf einen Bug.
Bitte so schnell es geht beheben.

Update: top Amazon hat schnell gehandelt. Querformat funktioniert wieder!! Danke!",324airbus,9.21.1,2017-10-25T18:09:21Z,True,itunes_rss_mostHelpful,False,False
e79774364ee741cd212436ff0dc81f1e7a76a74d9691fb9b611aa1c3ce9da63a,1874123330,348712880,Amazon,de,5,Neuste Update,"Wie schnell das doch gehen kann - wenn ein paar User eine schlechte Bewertung abgegeben :-)
Jetzt passt wieder alles 👍","Wie schnell das doch gehen kann - wenn ein paar User eine schlechte Bewertung abgegeben :-) 
Jetzt passt wieder alles 👍",Mickey_01738227493351,9.21.1,2017-10-25T14:09:27Z,True,itunes_rss_mostHelpful,False,False
708f3e9e513f7bf5e85e6843319a5593f76aac44a04fe7587a1b33f70079b2ac,1874083866,348712880,Amazon,de,4,Großer Mist!,"Ich schraub hier an meinem IPad Pro herum, um es eure App wieder in die angenehme Querformat-Ausrichtung zu bekommen! Nun lese ich hier, das dies seit dem letzten Update einfach nicht mehr geht! ... Welcher „Super-Programmierer“ denkt sich so einen Blödsinn aus und vor allem, wer hat ihm das abgesegnet? ... Ich warte noch einige Tage auf ne Korrektur, ansonsten lösche ich danach die App!

EDIT: Nun wieder im Querformat zu bedienen! ... Also alles wieder gut! :-)
Der 5. Stern wird von mir nicht vergeben, weil der Funktionsumfang auf der Website größer ist. Daran sollte auch noch gearbeitet werden. ...","Ich schraub hier an meinem IPad Pro herum, um es eure App wieder in die angenehme Querformat-Ausrichtung zu bekommen! Nun lese ich hier, das dies seit dem letzten Update einfach nicht mehr geht! ... Welcher „Super-Programmierer“ denkt sich so einen Blödsinn aus und vor allem, wer hat ihm das abgesegnet? ... Ich warte noch einige Tage auf ne Korrektur, ansonsten lösche ich danach die App!

EDIT: Nun wieder im Querformat zu bedienen! ... Also alles wieder gut! :-)
Der 5. Stern wird von mir nicht vergeben, weil der Funktionsumfang auf der Website größer ist. Daran sollte auch noch gearbeitet werden. ...",watchdog100,9.21.1,2017-10-25T13:49:46Z,True,itunes_rss_mostHelpful,False,False
092e247375d55b838a438dd85b2bca4c5af30fb5c6ff1712e34673df50f7073b,1874068064,348712880,Amazon,de,5,Querformat,"Seit dem letzten Update vor drei Tagen geht die Querformat Ansicht auf dem iPad Air 2 nicht mehr. Dadurch ist das Einkaufsvergnügen stark eingeschränkt.

Update: Wechsel zur Querformatansicht wurde wieder hinzugefügt. Danke!!!","Seit dem letzten Update vor drei Tagen geht die Querformat Ansicht auf dem iPad Air 2 nicht mehr. Dadurch ist das Einkaufsvergnügen stark eingeschränkt.

Update: Wechsel zur Querformatansicht wurde wieder hinzugefügt. Danke!!!",MaulwurfLilly,9.21.1,2017-10-25T13:41:51Z,True,itunes_rss_mostHelpful,False,False
8bed011aec5a55da9aadfbdbd42c3287cad9971c164dcd352a99219d05330db2,1873537483,348712880,Amazon,de,5,Ohne die horizontale Ansicht nutzlos. Problem wieder behoben,"Ein Update hat ein Lösung des Problems gebracht. 4 Sterne für die App, der fünfte Stern für's schnelle Update.

Sind da bei Amazon nur noch Handy-Kinder am Werk? Bitte schleunigst wieder beheben, sonst fliegt die App vom iPad.","Ein Update hat ein Lösung des Problems gebracht. 4 Sterne für die App, der fünfte Stern für's schnelle Update.

Sind da bei Amazon nur noch Handy-Kinder am Werk? Bitte schleunigst wieder beheben, sonst fliegt die App vom iPad.",8ewerter,9.21.1,2017-10-25T08:47:51Z,True,itunes_rss_mostHelpful,False,False
26af53ad4d80fec508fcfc5cccef43a3600fdfd7062578d2e467173f476e8dae,1872507614,348712880,Amazon,de,5,Funktioniert wieder wie gewohnt,"Amazon hat sehr schnell auf die Kritiken reagiert, und die horizontale bedienbarkeit der App nachgereicht. Dafür gibt es dann auch wieder die volle Punktzahl","Amazon hat sehr schnell auf die Kritiken reagiert, und die horizontale bedienbarkeit der App nachgereicht. Dafür gibt es dann auch wieder die volle Punktzahl",Udk 25,9.21.1,2017-10-24T21:44:57Z,True,itunes_rss_mostHelpful,False,False
eeeb09fff69b739b0e37efc863492f64b338eeeae4886c299808762beb1c4be5,1872288516,348712880,Amazon,de,5,Prima App,"Hallo, ich habe die App auf meinem ipad täglich gern genutzt und fand alles bisher super. Aber seit dem letzten update kann ich die App nicht mehr im Querformat nutzen. Das ist überhaupt nicht Userfreundlich und daher bitte ich euch das dringend wieder zu ändern, danke. Wenn das wieder klappt, gibt es von mir wieder 5 Sterne.

Ergänzung: Super Service - der Fehler wurde schnell mit dem Update behoben, alles wieder prima im Querformat 😊","Hallo, ich habe die App auf meinem ipad täglich gern genutzt und fand alles bisher super. Aber seit dem letzten update kann ich die App nicht mehr im Querformat nutzen. Das ist überhaupt nicht Userfreundlich und daher bitte ich euch das dringend wieder zu ändern, danke. Wenn das wieder klappt, gibt es von mir wieder 5 Sterne.

Ergänzung: Super Service - der Fehler wurde schnell mit dem Update behoben, alles wieder prima im Querformat 😊",365Flieger,9.21.1,2017-10-24T19:07:46Z,True,itunes_rss_mostHelpful,False,False
b9a530cbbcd3a09a09f3f53a9a76eed7ae2da025c0c54be1031307b00a9e59c1,1872276360,348712880,Amazon,de,5,Horizontale Ansicht bei iPad funktioniert wieder,"Seit dem letzten Update funktioniert es auch wieder, man muss nur was sagen 😊","Seit dem letzten Update funktioniert es auch wieder, man muss nur was sagen 😊",Putschie,9.21.1,2017-10-24T18:59:50Z,True,itunes_rss_mostHelpful,False,False
4012119cc8c9fe1cece55d7f2c4780e0ca3c92fc19492f9d319f661489825e23,1872100638,348712880,Amazon,de,5,Horizontal fehlt,"Seit dem letzten Update nur noch vertikal. Die Bedienung hat sich dadurch massiv verschlechtert. Bitte ändern.

Vielen Dank für die schnelle Änderungen. Jetzt funktioniert es wieder 1 a.","Seit dem letzten Update nur noch vertikal. Die Bedienung hat sich dadurch massiv verschlechtert. Bitte ändern.

Vielen Dank für die schnelle Änderungen. Jetzt funktioniert es wieder 1 a.",Klaus Rüdiger,9.21.1,2017-10-24T17:07:12Z,True,itunes_rss_mostHelpful,False,False
5b4cfe71e3e980c6edd8850dc48430c4c81b8861a1304c248a7231defa6f387b,1872005556,348712880,Amazon,de,4,Warum nicht mehr horizontal auf iPad nutzbar?,"Seit dem letzten Update ist die App auf dem iPad nicht mehr im Landscape (horizontal) Modus nutzbar. Was soll das? So macht die Suche auf dem iPad überhaupt keinen Spaß mehr!!

Update:
Nach dem kurzfristigen Update geht zumindest der Landscapemodus wieder.","Seit dem letzten Update ist die App auf dem iPad nicht mehr im Landscape (horizontal) Modus nutzbar. Was soll das? So macht die Suche auf dem iPad überhaupt keinen Spaß mehr!!

Update:
Nach dem kurzfristigen Update geht zumindest der Landscapemodus wieder.",Enrico Freese,9.21.1,2017-10-24T16:13:28Z,True,itunes_rss_mostHelpful,False,False
6645bd243003ed76b056ad1eeebbda9d48bd1b5f1ebd0a792adf54ae0bc4328e,1871954164,348712880,Amazon,de,5,Nach Update Ansicht nur noch im Hochformat...,"Ihr habt eure Hausaufgaben gemacht und hier sind meine versprochenen 5⭐️ Danke, läuft wieder einwandfrei

Bitte beheben, dann hab ihr auch alle 5⭐️","Ihr habt eure Hausaufgaben gemacht und hier sind meine versprochenen 5⭐️ Danke, läuft wieder einwandfrei 

Bitte beheben, dann hab ihr auch alle 5⭐️",Haribomann,9.21.1,2017-10-24T15:45:12Z,True,itunes_rss_mostHelpful,False,False
ce295aead3b245bf122da54b9fe2c947ffe5d5010bbbbaf8b8cb0e71db3bf3ab,1871474665,348712880,Amazon,de,5,Enttäuscht über Format,"App geht auf dem iPad Pro 9,7“ nur noch im Hochformat, bitte wieder ändern, dann kommen auch wieder mehr Sterne.

Update...

PS: Nach dem Update wieder alles wie gewohnt und Topp, daher nun auch die versprochenen Sterne.","App geht auf dem iPad Pro 9,7“ nur noch im Hochformat, bitte wieder ändern, dann kommen auch wieder mehr Sterne.

Update...

PS: Nach dem Update wieder alles wie gewohnt und Topp, daher nun auch die versprochenen Sterne.",Fr@M@,9.21.1,2017-10-24T11:44:34Z,True,itunes_rss_mostHelpful,False,False
38f0cad77af2b71d06fab22b709c3bb68d6f003a63791b53dc7c8ec60bcf412f,1871448293,348712880,Amazon,de,5,Nur noch hochkant,"Ich nutze die App sehr häufig auf meinen IPad aber warum bitte ist es seit dem Update nur noch möglich die App im Hochformat zu nutzen. Bitte stellt die App wieder so um das sich die App der Ausrichtung des IPad anpasst. Dann gibt es auch 5 Sterne.

Mit dem neusten Update geht es wieder. Dann auch wieder 5 Sterne. Danke","Ich nutze die App sehr häufig auf meinen IPad aber warum bitte ist es seit dem Update nur noch möglich die App im Hochformat zu nutzen. Bitte stellt die App wieder so um das sich die App der Ausrichtung des IPad anpasst. Dann gibt es auch 5 Sterne.

Mit dem neusten Update geht es wieder. Dann auch wieder 5 Sterne. Danke",V.Jess,9.21.1,2017-10-24T11:30:50Z,True,itunes_rss_mostHelpful,False,False
98f14d6c255dae88fd41afce237806e43279d34766b135b8495f4e93a3fd1980,1871070434,348712880,Amazon,de,5,Wieder alles in Ordnung,"Der Fehler, dass sich die App auf den iPads nicht mehr horizontal benutzen ließ, wurde von Amazon sehr schnell behoben, und es macht wieder Spaß, die App zu benutzen. Dafür jetzt volle 5 Sterne.","Der Fehler, dass sich die App auf den iPads nicht mehr horizontal benutzen ließ, wurde von Amazon sehr schnell behoben, und es macht wieder Spaß, die App zu benutzen. Dafür jetzt volle 5 Sterne.",Neu-Münchner,9.21.1,2017-10-24T07:44:28Z,True,itunes_rss_mostHelpful,False,False
9217fdefcd3944dd1b66b036bac7f85f71104ec6127b9fe8d94cde9a97c07b34,1870825151,348712880,Amazon,de,4,iPad keine Querformat mehr? 😟😣 Update....,"Nach dem letzten update geht kein Querformat mehr, es wird alles nur noch im Portraitmode angezeigt.

Bitte Bitte Bitte ganz schnell wieder fixen.

Mit dem Update kam auch wieder die Ansicht im Querformat zurück. 👍🏻👍🏻👍🏻","Nach dem letzten update geht kein Querformat mehr, es wird alles nur noch im Portraitmode angezeigt. 

Bitte Bitte Bitte ganz schnell wieder fixen.

Mit dem Update kam auch wieder die Ansicht im Querformat zurück. 👍🏻👍🏻👍🏻",eastmac,9.21.1,2017-10-24T05:09:21Z,True,itunes_rss_mostHelpful,False,False
bb08b9bef6db4d250380d84fccffaeba59f26414594f7e733e5e8c001b43ddb9,1870777213,348712880,Amazon,de,5,Tolle App und funktioniert nun auch wieder im Querformat,"Eine wirklich großartige App, die ich schon ewig nutze. Der Bug mit dem fehlenden Querformat wurde sehr schnell behoben, die App ist ein permanenter Begleiter. Daumen hoch!","Eine wirklich großartige App, die ich schon ewig nutze. Der Bug mit dem fehlenden Querformat wurde sehr schnell behoben, die App ist ein permanenter Begleiter. Daumen hoch!",hollymoeller,9.21.1,2017-10-24T04:40:01Z,True,itunes_rss_mostHelpful,False,False
2f8b4c9bc612c7ac6b8c97c7a56b846f0279961ccb5285ea24ab0224312c11f5,1870698267,348712880,Amazon,de,5,Mit dem letzten Update nur noch hochkant auf iPad: Edit:Nach Update behoben.,"Edit. Mit dem letzten Update wieder im Querformat nutzbar, also wieder 5 Sterne.

Siehe Überschrift, ich persönlich finde das sehr unübersichtlich. Wäre gut das wieder zu ändern, bis zum letzten Update war ich mit der App sehr zufrieden.

So werde ich die auf dem iPad nicht mehr nutzen und benutze dann lieber die Webseite von Amazon auch wenn es umständlicher aber für mich übersichtlicher ist. Schade.","Edit. Mit dem letzten Update wieder im Querformat nutzbar, also wieder 5 Sterne.

Siehe Überschrift, ich persönlich finde das sehr unübersichtlich. Wäre gut das wieder zu ändern, bis zum letzten Update war ich mit der App sehr zufrieden. 

So werde ich die auf dem iPad nicht mehr nutzen und benutze dann lieber die Webseite von Amazon auch wenn es umständlicher aber für mich übersichtlicher ist. Schade.",Jabba12345678,9.21.1,2017-10-24T03:52:05Z,True,itunes_rss_mostHelpful,False,False
032d8d6ce2559d00b69f06b40c1442de69c1502dff7ada7ae03340a3b613b91f,1870173085,348712880,Amazon,de,4,Nur noch Hochformat,"Seit dem letzten Update (9.20.0) bleibt die App leider starr im Hochformat, sehr unhandlich. Bitte beheben, dann wieder mehr Sterne.

Update: Mit Version 9.20.1 wurde das Hochformat-Problem behoben. Danke für die schnelle Umsetzung.","Seit dem letzten Update (9.20.0) bleibt die App leider starr im Hochformat, sehr unhandlich. Bitte beheben, dann wieder mehr Sterne.

Update: Mit Version 9.20.1 wurde das Hochformat-Problem behoben. Danke für die schnelle Umsetzung.",El Vollhorst,9.21.1,2017-10-23T22:14:49Z,True,itunes_rss_mostHelpful,False,False
7ae45f5544752bfd41f8950355a58ecfe6d34987cf587295b056314980d377a8,1870167129,348712880,Amazon,de,5,Kein löschen mit x in der Suchmaske,Was ist das denn?? Seit letzten update gibt es nur noch Fehler....... in der Suchmaske kann man mit dem kleinen x die Eingabe nicht mehr löschen. Ein echtes No Go.,Was ist das denn?? Seit letzten update gibt es nur noch Fehler....... in der Suchmaske kann man mit dem kleinen x die Eingabe nicht mehr löschen. Ein echtes No Go.,Hüttentown,9.21.1,2017-10-23T22:10:07Z,True,itunes_rss_mostHelpful,False,False
81b9e0d4d97ea1e2bd5e065a68dcd93a41e073c0cba8da253c0883c4095bef0f,1870027547,348712880,Amazon,de,5,Seit dem Update auf dem iPad nicht mehr zu gebrauchen,"War eigentlich gut, aber nach dem Update lässt sich die App nur noch hochkant verwenden und nicht mehr drehen....","War eigentlich gut, aber nach dem Update lässt sich die App nur noch hochkant verwenden und nicht mehr drehen....",Blubbbbbblahotte,9.20.0,2017-10-23T20:22:18Z,True,itunes_rss_mostHelpful,False,False
7ddc2142728b68f7a0d1593171236a9c493ed0bef6f067b6945d9830d37462a1,1869921993,348712880,Amazon,de,5,Man kann es auch schlechter machen...,"Leider ist die neuste Version nicht mal mehr einen Stern wert, da die app nicht mehr in der Lage ist Quer dargestellt zu werden, also das iPad laden und in der App surfen macht keinen Spaß mehr schade...","Leider ist die neuste Version nicht mal mehr einen Stern wert, da die app nicht mehr in der Lage ist Quer dargestellt zu werden, also das iPad laden und in der App surfen macht keinen Spaß mehr schade...",Destipaul,9.20.0,2017-10-23T19:08:18Z,True,itunes_rss_mostHelpful,False,False
448929ce021dbfa95b81b010f4ab05f98dbdaeb1253a68fb7c8ed915e7e995eb,1869654806,348712880,Amazon,de,5,Warum werden neue Versionen immer schlechter???,"Die aktuelle Version läuft leider sehr langsam, hackt und ruckelt. Ausserdem ist die Bedienung nur noch im Hochformat möglich! Warum??? So werde ich die App nicht weiter nutzen!

Ich verstehe nicht warum mittlerweile die meisten Apps immer schlechter statt besser werden.

Ich hätte die zahlreichen negativen Kommentare wohl besser vor dem updaten lesen sollen...","Die aktuelle Version läuft leider sehr langsam, hackt und ruckelt. Ausserdem ist die Bedienung nur noch im Hochformat möglich! Warum??? So werde ich die App nicht weiter nutzen!

Ich verstehe nicht warum mittlerweile die meisten Apps immer schlechter statt besser werden.

Ich hätte die zahlreichen negativen Kommentare wohl besser vor dem updaten lesen sollen...",Intaphaze,9.20.0,2017-10-23T16:23:03Z,True,itunes_rss_mostHelpful,False,False
4d55e8dcdfcbe49659336499b6da5ac35050186c73a3332e238d320d5ced2944,1869600416,348712880,Amazon,de,5,War mal gut,"Wird leider mit jedem update schlechter, lauter Fehler und entschuldigungen. Die App war mal echt super, kaufe regelmässig auf dem iPad, aber nun geht die horizontale nicht mehr, was mehr als nervig ist, zumal ich so meine eigene Tastatur nicht mal nutzen kann. Bitte dringend ändern!!!!!!!","Wird leider mit jedem update schlechter, lauter Fehler und entschuldigungen. Die App war mal echt super, kaufe regelmässig auf dem iPad, aber nun geht die horizontale nicht mehr, was mehr als nervig ist, zumal ich so meine eigene Tastatur nicht mal nutzen kann. Bitte dringend ändern!!!!!!!",doc_digital,9.20.0,2017-10-23T15:52:23Z,True,itunes_rss_mostHelpful,False,False
3206e149279e0421c330ec00417dace4689f870bc5ac18d13dbcdbc0da12115e,1867516613,348712880,Amazon,de,5,Nach Update nur noch Hochkant auf iPad,"Nach dem neusten Update ist die App auf meinem iPad Pro 10,5 Zoll nur noch vertikal benutzbar. Das ist sehr unbequem. Bitte umgehend wieder auf horizontal umstellen. Danke.","Nach dem neusten Update ist die App auf meinem iPad Pro 10,5 Zoll nur noch vertikal benutzbar. Das ist sehr unbequem. Bitte umgehend wieder auf horizontal umstellen. Danke.",Bobbelwatz82,9.20.0,2017-10-22T20:07:01Z,True,itunes_rss_mostHelpful,False,False
4512ee28ffb53a0c8d4a6340c9dd7d29eb1d45c7b045e32e7746610c781c506d,1867439609,348712880,Amazon,de,5,Ausrichtung,Seit dem letzten Update nur noch senkrechte Ausrichtung auf dem iPad.... ☹️,Seit dem letzten Update nur noch senkrechte Ausrichtung auf dem iPad.... ☹️,Hugo39111,9.20.0,2017-10-22T19:17:16Z,True,itunes_rss_mostHelpful,False,False
b7a47b91f7e70c4a5902fae13b3bd22a943d5f36b99c1b8ea1e6cdf1736e819d,1867298930,348712880,Amazon,de,5,Auf iPad leider nicht mehr im Querformat,Seit dem letzten Update ist die App nicht mehr im Querformat zu benutzen. Das nervt bei der Nutzung am Abend auf der Couch. Schade. Da fällt die eine oder andere Bestellung aus.,Seit dem letzten Update ist die App nicht mehr im Querformat zu benutzen. Das nervt bei der Nutzung am Abend auf der Couch. Schade. Da fällt die eine oder andere Bestellung aus.,stefanausu,9.20.0,2017-10-22T17:52:59Z,True,itunes_rss_mostHelpful,False,False
bb8a1fdf92b4f7f40adfd34979253aee02963eca84123145ba908f9a37ef2737,1867250148,348712880,Amazon,de,5,unübersichtlich und kein Landscape mehr,mit dem letzten Update ist die App unübersichtlicher geworden und auf dem iPad wurde die Landscape Ansicht entfernt.,mit dem letzten Update ist die App unübersichtlicher geworden und auf dem iPad wurde die Landscape Ansicht entfernt.,JohnCooper95,9.20.0,2017-10-22T17:25:30Z,True,itunes_rss_mostHelpful,False,False
b78e98f1447cbaaf20fb9a23f723e02524d741cbc2487304f7e4bb15a1b8d770,1867004551,348712880,Amazon,de,5,Gut aber wieder mit Fehlern,"Die Amazon-App ist für mich ein wichtiger Begleiter, daher ist es für mich wichtig, dass sie funktioniert.
Jetzt, nach dem letzten Update dreht sich der Bildschirm nicht mehr und bleibt nur im Hochformat (ich benutzte das große iPad Pro).
Bitte probiert es selbst, beim iPhone kein Problem (5 Sterne) aber beim iPad nicht akzeptabel, das darf nicht passieren.
Herzliche Grüße","Die Amazon-App ist für mich ein wichtiger Begleiter, daher ist es für mich wichtig, dass sie funktioniert. 
Jetzt, nach dem letzten Update dreht sich der Bildschirm nicht mehr und bleibt nur im Hochformat (ich benutzte das große iPad Pro).
Bitte probiert es selbst, beim iPhone kein Problem (5 Sterne) aber beim iPad nicht akzeptabel, das darf nicht passieren.
Herzliche Grüße",Holly64,9.20.0,2017-10-22T15:17:34Z,True,itunes_rss_mostHelpful,False,False
397e9bbecceb1fe2a89aa35700837721c95cebab3013642ab8d2a707e16f8612,1866755870,348712880,Amazon,de,5,Amazone,Seit letzten Update ist kein Querformat am iPad mehr möglich.,Seit letzten Update ist kein Querformat am iPad mehr möglich.,Franki 164,9.20.0,2017-10-22T13:10:34Z,True,itunes_rss_mostHelpful,False,False
787e7f0397e5d92052bc5519c48b60c4ed1b9672b5439d52b025383c0d89471d,1866720104,348712880,Amazon,de,5,App lässt sich seit dem letzten Update nicht mehr drehen,"Seit dem letzen Update lässt sich leider die App auf dem iPad
nicht mehr drehen 😂","Seit dem letzen Update lässt sich leider die App auf dem iPad 
nicht mehr drehen 😂",Himbeertoni71,9.20.0,2017-10-22T12:51:20Z,True,itunes_rss_mostHelpful,False,False
cfca435445c14edf86a43712eeb1d09b9a7327a7e9a1fccee37bc63a2046c992,1865336088,348712880,Amazon,de,5,Nur noch hochkante Darstellung,Seit dem Update im Oktober wurde völlig ungefragt und ohne nachvollziehbaren Grund die Darstellung auf das Hochkantformat beschränkt. Die App ist dadurch nahezu unbrauchbar. Ich benutze nun nur noch die Webseite.,Seit dem Update im Oktober wurde völlig ungefragt und ohne nachvollziehbaren Grund die Darstellung auf das Hochkantformat beschränkt. Die App ist dadurch nahezu unbrauchbar. Ich benutze nun nur noch die Webseite.,3DH,9.20.0,2017-10-21T22:46:40Z,True,itunes_rss_mostHelpful,False,False
a5390d2a3598a90a85e85a9bc4729f2f8c927c3f8e7fd5b06bfa4eb3b6b76d4a,1865301551,348712880,Amazon,de,5,App richtet sich nicht mehr aus,Seit dem letzen Update kann ich die App auf dem iPad nicht mehr horizontal nutzen. Ohne diese Funktion 2 mit gäbe es 5 Sterne,Seit dem letzen Update kann ich die App auf dem iPad nicht mehr horizontal nutzen. Ohne diese Funktion 2 mit gäbe es 5 Sterne,Qwertz A.,9.20.0,2017-10-21T22:19:57Z,True,itunes_rss_mostHelpful,False,False
90b8433e15a34490e5a7ddce12b2ef4020a79d7247576bc43329e8641aa062e4,1864986301,348712880,Amazon,de,5,Wo ist das Querformat?,Nach dem letzten Update ist die App nur noch im Hochformat nutzbar. Mit dem iPad ist das leider nicht praktikabel. Bitte nachbessern!,Nach dem letzten Update ist die App nur noch im Hochformat nutzbar. Mit dem iPad ist das leider nicht praktikabel. Bitte nachbessern!,Nonamebeach,9.20.0,2017-10-21T18:35:36Z,True,itunes_rss_mostHelpful,False,False
a54e4c8022b551976f1b39cbd386a9d6a2d4601771cb2cda53a63064ae43f650,1864925507,348712880,Amazon,de,5,Nur noch hochkant nutzbar Ipad mini,"Seit Update nur noch hochkant nutzbar, das ist doch nicht euer Ernst???","Seit Update nur noch hochkant nutzbar, das ist doch nicht euer Ernst???",leo p.ard,9.20.0,2017-10-21T17:57:55Z,True,itunes_rss_mostHelpful,False,False
06a497f751d4f99228e3d37e0dbf8e059ce7d47c6c79f8faf11b902af5378f30,1864715087,348712880,Amazon,de,5,Kein Querformat mehr - GANZ SCHLECHT,"Amazon App ist eine meiner Apps die ich am meisten benutze. Doch seit dem neusten Update kann man die App auf dem iPad NUR NOCH in Hochformat nutzen.
Damit alle Informationen auch angezeigt werden, werden alle Informationen in einer Schriftgrösse angezeigt die sehr sehr klein dargestellt wird.

Ich bitte um dringende Nachbesserung, da so das „shoppen“ keinen Spaß mehr macht.","Amazon App ist eine meiner Apps die ich am meisten benutze. Doch seit dem neusten Update kann man die App auf dem iPad NUR NOCH in Hochformat nutzen. 
Damit alle Informationen auch angezeigt werden, werden alle Informationen in einer Schriftgrösse angezeigt die sehr sehr klein dargestellt wird. 

Ich bitte um dringende Nachbesserung, da so das „shoppen“ keinen Spaß mehr macht.",Tobi BW,9.20.0,2017-10-21T16:01:37Z,True,itunes_rss_mostHelpful,False,False
f50ed677b499dac5a5a3179bfea8579df4501cb011c3704e60ef4318dbb3f744,1864234639,348712880,Amazon,de,5,Hochkant ist no go,"Seit dem letzten Update gibt es die App nur noch Hochkant auf dem IPad, das geht doch nicht. Schnell nachbessern liebe Amazon! Solange keine Bestellungen mehr und Sterne von mir.","Seit dem letzten Update gibt es die App nur noch Hochkant auf dem IPad, das geht doch nicht. Schnell nachbessern liebe Amazon! Solange keine Bestellungen mehr und Sterne von mir.",1Wiesel,9.20.0,2017-10-21T11:51:55Z,True,itunes_rss_mostHelpful,False,False
a0ecdd6139ef576fef67de0202fa246d8734277c29318d489328a585efa9b413,1864225475,348712880,Amazon,de,5,Fehler beim Update — keine horizontale Ausrichtung mehr,"Eigentlich ne super App zum stöbern. Seit dem letzten Update leider nur noch vertikal. App dreht sich auf dem iPad nicht mehr in den horizontalen Modus. Doofe Sache, deswegen nur 3 Sterne. Sonst 5...","Eigentlich ne super App zum stöbern. Seit dem letzten Update leider nur noch vertikal. App dreht sich auf dem iPad nicht mehr in den horizontalen Modus. Doofe Sache, deswegen nur 3 Sterne. Sonst 5...",TaxiTupac,9.20.0,2017-10-21T11:46:50Z,True,itunes_rss_mostHelpful,False,False
71ef5e4752740c8f8e8446aee1835010c8b99106bf8716b4ffc8f1eae4bdc5fa,1864007928,348712880,Amazon,de,5,Passt sich nicht mehr der Lage des IPad an !!!,"Seit dem Update passt sich die nicht mehr der Lage des IPad oder IPhone an. Steht das Gerät z.B. waagrecht auf einer Halterung, bleibt die Anzeige im senkrecht Modus!!! Bitte umgehend ändern !!!","Seit dem Update passt sich die nicht mehr der Lage des IPad oder IPhone an. Steht das Gerät z.B. waagrecht auf einer Halterung, bleibt die Anzeige im senkrecht Modus!!! Bitte umgehend ändern !!!",Ebanista13,9.20.0,2017-10-21T09:34:30Z,True,itunes_rss_mostHelpful,False,False
c6308e0916ab4074e11231408596576583d7ad305d5dde3ad8446c69fe1ec99e,1863914655,348712880,Amazon,de,5,Bildschirm drehen,"Seit dem letzten Update lässt sich der Bildschirm auf dem IPad nicht mehr drehen. Die App bleibt hochkant. Soll das so sein?
Ansonsten ist alles ok","Seit dem letzten Update lässt sich der Bildschirm auf dem IPad nicht mehr drehen. Die App bleibt hochkant. Soll das so sein?
Ansonsten ist alles ok",Algoman13,9.20.0,2017-10-21T08:36:01Z,True,itunes_rss_mostHelpful,False,False
645299d019b4cbe397fc53c792b4b4d795d7e26a8e5b205e6c60884d8c5ba730,1863773729,348712880,Amazon,de,5,Nervig nur noch Hochkant,"Wie viele shon angemerkt haben, seit dem dem letzten update nur noch Hochkant auf dem iPad zu verwenden. Nervt und die Übersicht ist schlecht. Werde nun wieder über die Internetseite gehen.","Wie viele shon angemerkt haben, seit dem dem letzten update nur noch Hochkant auf dem iPad zu verwenden. Nervt und die Übersicht ist schlecht. Werde nun wieder über die Internetseite gehen.",Magnus693,9.20.0,2017-10-21T07:11:43Z,True,itunes_rss_mostHelpful,False,False
97a894aa1b0c80d6099de497b8738a7645e56f0eb6674800d6ffd7050c9b174a,1863677144,348712880,Amazon,de,5,Letztes Update nicht akzeptabel.,"Bisher konnte ich nicht klagen doch das ich auf einem iPad 12.9 nur den Portrait-Modus nutzen kann ist eigentlich auch keine 2 Sterne mehr wert.
Ich bin damit nicht der erste und vermutlich auch nicht der letzte dem das nicht gefällt.","Bisher konnte ich nicht klagen doch das ich auf einem iPad 12.9 nur den Portrait-Modus nutzen kann ist eigentlich auch keine 2 Sterne mehr wert.
Ich bin damit nicht der erste und vermutlich auch nicht der letzte dem das nicht gefällt.",sblogoshs,9.20.0,2017-10-21T06:16:04Z,True,itunes_rss_mostHelpful,False,False
42c7fbe87f11a2faba7a2b9e585b65256a1c48e067af6885e1c9483c79640004,1862695387,348712880,Amazon,de,5,Kein Querformat,"Die App hat in der letzten iPad Version keine Querformatdarstellung mehr. 🙁 Das macht keinen Spass...
Ich hoffe das ist nur ein Bug und wird schnell behoben!","Die App hat in der letzten iPad Version keine Querformatdarstellung mehr. 🙁 Das macht keinen Spass...
Ich hoffe das ist nur ein Bug und wird schnell behoben!",Bike-o-Wunder,9.20.0,2017-10-20T19:53:53Z,True,itunes_rss_mostHelpful,False,False
d186a9cf35986faa320b7186e73d259145ba952f44dd9eff0779649a4f622c07,1862665898,348712880,Amazon,de,5,Warum?,Die aktuelle Version der App lässt keine Darstellung in Querformat mehr zu. Sehr schade. Ansonsten ist die App für mich noch immer unverzichtbar.,Die aktuelle Version der App lässt keine Darstellung in Querformat mehr zu. Sehr schade. Ansonsten ist die App für mich noch immer unverzichtbar.,Mr.Patik,9.20.0,2017-10-20T19:33:13Z,True,itunes_rss_mostHelpful,False,False
f411956052d0a037db650fa96f9c7a4396cbd32777ae42a34c377395e8cd5cd0,1862368347,348712880,Amazon,de,5,Update nicht immer von Vorteil,"Es lief alles super. Seit dem letzten Update lässt sich die App nur noch im Hochformat und nicht mehr im bequemen Querformat bedienen!

Bitte dieses schnellstmöglich wieder beheben!!!","Es lief alles super. Seit dem letzten Update lässt sich die App nur noch im Hochformat und nicht mehr im bequemen Querformat bedienen! 

Bitte dieses schnellstmöglich wieder beheben!!!",der VH,9.20.0,2017-10-20T16:25:37Z,True,itunes_rss_mostHelpful,False,False
49ce843efa5d053bcb15f8a0d5ae468db60afdd3ad9cf6a0ce45762d634fca4d,1862007199,348712880,Amazon,de,5,Gute App aber ...,"Seit dem letzten Update kann die App nur noch im Hochformat genutzt werden. (iPad Version )

Soll das so sein?","Seit dem letzten Update kann die App nur noch im Hochformat genutzt werden. (iPad Version )

Soll das so sein?",benni benson,9.20.0,2017-10-20T13:15:46Z,True,itunes_rss_mostHelpful,False,False
4b725e53beb0d6453a4687f3357359aff3f27460d2ac4e96423b004e785df0f3,1861837205,348712880,Amazon,de,5,Nach letztem Update nur noch Hochformat :-(,"Nach dem gestriogen Update geht die ansonsten tolle App nur noch im Hochformat auf meinem grossen Ipad pro.

Bitte schnell den Bug fixen !","Nach dem gestriogen Update geht die ansonsten tolle App nur noch im Hochformat auf meinem grossen Ipad pro.

Bitte schnell den Bug fixen !",Paul Meteor,9.20.0,2017-10-20T11:48:26Z,True,itunes_rss_mostHelpful,False,False
e64a57f67df3f889e1b410b0e24c918c5665dc82a0d5a2cbc17ee521516c9edd,1861170310,348712880,Amazon,de,5,Funktioniert,Bei meinem iPhone 7 funktioniert sie bisher einwandfrei,Bei meinem iPhone 7 funktioniert sie bisher einwandfrei,Freezy K,9.20.0,2017-10-20T05:08:49Z,True,itunes_rss_mostHelpful,False,False
178caf9488d379172a44bf1421964d9b91acfdf9de65041f9aa22204f76dc93d,1860579968,348712880,Amazon,de,5,Queransicht auf iPad defekt,Seit dem letzten Update funktioniert die Queransicht nicht mehr.,Seit dem letzten Update funktioniert die Queransicht nicht mehr.,Sydney325,9.20.0,2017-10-19T22:43:24Z,True,itunes_rss_mostHelpful,False,False
a4e4c6c4a97c32fdca17bd644eaac8f34e3c7f217ee4a4d04bfb1380cb1496b8,1856729258,348712880,Amazon,de,5,Fehler,App funktioniert nicht mehr,App funktioniert nicht mehr,Alex D. Dragon,9.18.0,2017-10-18T06:43:21Z,True,itunes_rss_mostHelpful,False,False
2aa724aeaa3d91f417c255762d8c02a2357c836d1b830d2e1b067350f82d85d7,1813043147,348712880,Amazon,de,5,Juhu endlich nicht mehr Rosa!,Das war schon bisschen nervig in Rosa layout😂,Das war schon bisschen nervig in Rosa layout😂,D@vni,9.18.0,2017-09-27T15:01:29Z,True,itunes_rss_mostHelpful,False,False
9109ba4f06e749addb2253a0db951af6171277d6e51c8cf92de1965a8ae4e362,14572980841,348712880,Amazon,de,1,…,"Sehr enttäuschend. Ich habe eine Spüle bestellt, die nicht geliefert wurde. Nach einer Woche Wartezeit wurde die Bestellung einfach als „nicht zugestellt“ angezeigt. Da ich dringend eine Spüle brauche, habe ich eine zweite bestellt – und daraufhin wurde mein Konto zur Überprüfung für 72 Stunden gesperrt und alle Bestellungen wurden pausiert.

Ich habe insgesamt nur zwei Bestellungen aufgegeben und beide ganz normal bezahlt. Trotzdem behandelt man mich plötzlich wie einen verdächtigen Kunden. Absolut unverständlich und sehr ärgerlich. Ein wirklich schlechter Kundenservice.","Sehr enttäuschend. Ich habe eine Spüle bestellt, die nicht geliefert wurde. Nach einer Woche Wartezeit wurde die Bestellung einfach als „nicht zugestellt“ angezeigt. Da ich dringend eine Spüle brauche, habe ich eine zweite bestellt – und daraufhin wurde mein Konto zur Überprüfung für 72 Stunden gesperrt und alle Bestellungen wurden pausiert.

Ich habe insgesamt nur zwei Bestellungen aufgegeben und beide ganz normal bezahlt. Trotzdem behandelt man mich plötzlich wie einen verdächtigen Kunden. Absolut unverständlich und sehr ärgerlich. Ein wirklich schlechter Kundenservice.",Mrqulinston,27.17.0,2026-09-20T16:40:34Z,False,itunes_rss_mostRecent,False,False
565429b23e2f5d5cbeeba2cc331812817116f8f3f44b74c259e3a2185f336b77,14572140290,348712880,Amazon,de,1,Ablageort Zwangsangabe,"Wie doof ist das denn? Man muss zwangsweise einen Ablageort Angeben und es gibt nur 3 Möglichkeiten: Vordereingang, Garage oder Garten.
Super genaue Angabe, da wird das Paket suchen ja zum Ostereiersuchspiel.
Da müsste es schon mindestens ein Texteingabefeld geben.
Tut mir leid, so kann ich nichts mehr bestellen.","Wie doof ist das denn? Man muss zwangsweise einen Ablageort Angeben und es gibt nur 3 Möglichkeiten: Vordereingang, Garage oder Garten.
Super genaue Angabe, da wird das Paket suchen ja zum Ostereiersuchspiel.
Da müsste es schon mindestens ein Texteingabefeld geben.
Tut mir leid, so kann ich nichts mehr bestellen.",sokrates32,27.17.0,2026-09-20T12:46:48Z,False,itunes_rss_mostRecent,False,False
412ed74eba5b165318f5459cf32fe484ba3da48493251158d5cd84bf84b0c622,14571909926,348712880,Amazon,de,2,Schriftgröße unter iOS,"Wieso kann man die Schriftgröße unter iOS nicht ändern? Globale Einstellungen oder Änderung im Kontrollcenter ändern nur einzelne Teile, etwa Menüpunkte. Der Text auf Produktseiten bleibt aber klein. Das mag auf dem iPad noch gehen, aber auf dem iPhone ist der Text kaum lesbar.","Wieso kann man die Schriftgröße unter iOS nicht ändern? Globale Einstellungen oder Änderung im Kontrollcenter ändern nur einzelne Teile, etwa Menüpunkte. Der Text auf Produktseiten bleibt aber klein. Das mag auf dem iPad noch gehen, aber auf dem iPhone ist der Text kaum lesbar.",Mangel76,27.17.0,2026-09-20T11:32:36Z,False,itunes_rss_mostRecent,False,False
1b4d8e445f7250516d341cfa03d3a74f288c93dca86dfaf73b7c648fab7550d2,14571763390,348712880,Amazon,de,5,Super,Finde alles in super Qualität,Finde alles in super Qualität,Leieveofvrhdj xxibtvtcrjrxtvr,27.17.0,2026-09-20T10:39:22Z,False,itunes_rss_mostRecent,False,False
b81de82660e6c61003746600109958ad2998ecf8f60161e59249f1d82c0d2d5c,14571730901,348712880,Amazon,de,5,Danke,Danke,Danke,Daqdlcx,27.17.0,2026-09-20T10:26:59Z,False,itunes_rss_mostRecent,False,False
ca344d60e12892d25a224d6457c314857bbcae3a6d487bdbc00ea79ea9340a0b,14571682766,348712880,Amazon,de,3,Kundenservice sehr schlecht,"Man kann den Kundenservice nicht sinnvoll kontaktieren, wirklich schlecht gemacht in der App.","Man kann den Kundenservice nicht sinnvoll kontaktieren, wirklich schlecht gemacht in der App.",AngryHorst,27.17.0,2026-09-20T10:08:17Z,False,itunes_rss_mostRecent,False,False
cc2413a0996a8da3100e21a425b64e36a6f3be92427b1f47ba10287832d2b298,14573944087,348712880,Amazon,de,3,Kein Dark Mode,Es fehlt leider seit Jahren schon ein Dark Mode. Ansonsten alles ok. Menü wie immer viel zu überladen und unübersichtlich aber das ist auf der Website nicht anders.,Es fehlt leider seit Jahren schon ein Dark Mode. Ansonsten alles ok. Menü wie immer viel zu überladen und unübersichtlich aber das ist auf der Website nicht anders.,HerrHagrid,27.17.0,2026-09-20T21:54:33Z,False,itunes_rss_mostRecent,False,False
e7910753e11df5b20ea50396a6b6a222ebf88add55c5f8bf408bec009da316dd,14573799629,348712880,Amazon,de,4,Hallo Amazon,"Ich möchte euch allen sagen bzw schreiben ihr seit von der Chefetage bis zur Reinigungskraft absolut spitze 👍‼️Kompetent ,super strukturiert,mit genial schnellen Versand und mit einem unglaublichen,umfassenden Warenbestand und mit fairen Preisen ‼️
Kurz gesagt-ihr seid alle SPITZE 👍‼️","Ich möchte euch allen sagen bzw schreiben ihr seit von der Chefetage bis zur Reinigungskraft absolut spitze 👍‼️Kompetent ,super strukturiert,mit genial schnellen Versand und mit einem unglaublichen,umfassenden Warenbestand und mit fairen Preisen ‼️
Kurz gesagt-ihr seid alle SPITZE 👍‼️",J J Rambo,27.17.0,2026-09-20T20:59:47Z,False,itunes_rss_mostRecent,False,False
0b928c38d34e055877343bc895404575ba616420cba297e295a8446989705e6b,14573551150,348712880,Amazon,de,1,Zahlungen wird nicht akzeptiert,"Jedes Mal, wenn ich was bestellen will, steht da Zahlung aktualisieren. Ich habe schon so oft mit dem Mitarbeiter gesprochen und keiner konnte mir bisher helfen.","Jedes Mal, wenn ich was bestellen will, steht da Zahlung aktualisieren. Ich habe schon so oft mit dem Mitarbeiter gesprochen und keiner konnte mir bisher helfen.",mimimi339,27.17.0,2026-09-20T19:33:40Z,False,itunes_rss_mostRecent,False,False
3ed815debaebd304aef142b6b8b7b42421b900f11ac9ad7101e0a3c0e5bf9997,14120004992,348712880,Amazon,de,1,Kundenservice nicht erreichbar,Für einen xMrd$ Konzern eine glattes ungenügend für die Erreichbarkeit des Kundensupports. Traurig.,Für einen xMrd$ Konzern eine glattes ungenügend für die Erreichbarkeit des Kundensupports. Traurig.,Klaus ***ld,27.10.0,2026-05-29T16:07:10Z,False,itunes_rss_mostRecent,False,False
03a2bdc3e4134f70b6799670bf3ec3294210b9fb1feaca70582666d8dfa366d4,14576003407,348712880,Amazon,de,1,GRÖSSTER MIST,"Amazon ist der größte Misst ich habe einen Geschenke Gutschein eingelöst wollte ein Artikel dann kaufen und dann steht, dass ich meine Identität prüfen soll und das diese Prüfung fünf Tage dauert aber das dümmste kommt noch. Es gibt eine andere Möglichkeit zu bezahlen. Die andere Möglichkeit ist, dass man den Geschenke Gutschein an der Kasse einlöst. Das macht für mich gar keinen Sinn","Amazon ist der größte Misst ich habe einen Geschenke Gutschein eingelöst wollte ein Artikel dann kaufen und dann steht, dass ich meine Identität prüfen soll und das diese Prüfung fünf Tage dauert aber das dümmste kommt noch. Es gibt eine andere Möglichkeit zu bezahlen. Die andere Möglichkeit ist, dass man den Geschenke Gutschein an der Kasse einlöst. Das macht für mich gar keinen Sinn",Dkdbenrbf,27.17.0,2026-09-21T12:22:21Z,False,itunes_rss_mostRecent,False,False
06ae119cc387cbecb1e07b870b388875d70d39b21392281a48dc0188fc0fafc4,14575538309,348712880,Amazon,de,1,Null Service,"Scheinbar aus Willkür wird regelmäßig das Konto gesperrt, Bestellungen storniert usw. Angeblich wegen fremden Zugriffen. Das war’s für mich mit Amazon. Das ganze geht seit Jahren so jetzt ist Schluss damit. Dazu kommt Missachtung von Lieferanweisungen. Regelmäßig. Verhalten der Fahrer kann man nirgends melden. Bei Problemen mit Lieferungen nur noch der nutzlose KI Dienst.","Scheinbar aus Willkür wird regelmäßig das Konto gesperrt, Bestellungen storniert usw. Angeblich wegen fremden Zugriffen. Das war’s für mich mit Amazon. Das ganze geht seit Jahren so jetzt ist Schluss damit. Dazu kommt Missachtung von Lieferanweisungen. Regelmäßig. Verhalten der Fahrer kann man nirgends melden. Bei Problemen mit Lieferungen nur noch der nutzlose KI Dienst.",Spratnik,27.17.0,2026-09-21T09:25:24Z,False,itunes_rss_mostRecent,False,False
7f00aa5a8cbad1ae58d5685612e1859ccf399bf7883b226f693b184f76c1fe43,14579220045,348712880,Amazon,de,1,Zahlungen werden nicht mehr akzeptiert,"Ohne Grund wird Lastschrift abgelehnt, dank den Bewertungen weis ich jetzt das es ein allgemeines Problem ist, während der Support immer noch so tut als wäre das ein Einzelfall, Qualität baut immer und immer weiter ab.

Hatte einen Artikel mit defektem Akku, von Amazon gekennzeichnet für die Garantie ,  Mitarbeiter sagten mir das es kein Problem ist ich bekomme den Betrag erstattet, danach wurde der Antrag abgelehnt und ich habe nie wieder eine Antwort erhalten.

Teure Artikel würde ich hier nicht empfehlen der Support hat wirklich einen absoluten Tiefpunkt erreicht. Genau so wie die ganze Plattform.","Ohne Grund wird Lastschrift abgelehnt, dank den Bewertungen weis ich jetzt das es ein allgemeines Problem ist, während der Support immer noch so tut als wäre das ein Einzelfall, Qualität baut immer und immer weiter ab. 

Hatte einen Artikel mit defektem Akku, von Amazon gekennzeichnet für die Garantie ,  Mitarbeiter sagten mir das es kein Problem ist ich bekomme den Betrag erstattet, danach wurde der Antrag abgelehnt und ich habe nie wieder eine Antwort erhalten.

Teure Artikel würde ich hier nicht empfehlen der Support hat wirklich einen absoluten Tiefpunkt erreicht. Genau so wie die ganze Plattform.",Big shaq76,27.17.0,2026-09-22T08:10:56Z,False,itunes_rss_mostRecent,False,False
3cb16a16905dfceb88bccdcc679273b37aad1457ed955a2055e8579f59b4596b,14579894725,348712880,Amazon,de,1,"Mir wurden 24,78€ geklaut",Ich wollte einfach mit einem Geschenkgutschein bestellen und es ging nicht ich habe es sehr oft versucht und nach einem Versuch nach dem anderen und irgendwann wann auf einmal mein ganzes Geld weg,Ich wollte einfach mit einem Geschenkgutschein bestellen und es ging nicht ich habe es sehr oft versucht und nach einem Versuch nach dem anderen und irgendwann wann auf einmal mein ganzes Geld weg,Ingo 12334,27.17.0,2026-09-22T12:33:49Z,False,itunes_rss_mostRecent,False,False
2e4048014af06659bbbf3ad68e4410fcb6f3a1085526cc11294a378cf3bf50b2,14581377297,348712880,Amazon,de,2,Schlechte Zustellversuche,Schlimm was ihr euren Kunden mittlerweile zumutet mit eurem Versand,Schlimm was ihr euren Kunden mittlerweile zumutet mit eurem Versand,Loui's18,27.17.0,2026-09-22T20:18:24Z,False,itunes_rss_mostRecent,False,False
328758a3d841d9e6abc8e193d1ac16fc517b21de5ed958d089fb92ca99109c28,14580702641,348712880,Amazon,de,4,Rezi,"Die App ist gut aufgebaut und funktioniert einwandfrei, aber BITTE entwickelt einen Dunkelmodus BITTE","Die App ist gut aufgebaut und funktioniert einwandfrei, aber BITTE entwickelt einen Dunkelmodus BITTE",Lennox.Fr,27.17.0,2026-09-22T16:33:08Z,False,itunes_rss_mostRecent,False,False
f00dd303be5d80c8db1314764580e2ad03ddef299337f9703f9d83a2b3f7bcbc,14583256737,348712880,Amazon,de,1,Unmöglich,"Zahlungen über Bankeinzug werden grundlos abgelehnt. Wir kaufen seid Jahren privat und geschäftlich sehr viel bei Amazon und das fast täglich. Damit ist es nun vorbei, ständig nur noch Chaos im Zahlungsverkehr bei Amazon","Zahlungen über Bankeinzug werden grundlos abgelehnt. Wir kaufen seid Jahren privat und geschäftlich sehr viel bei Amazon und das fast täglich. Damit ist es nun vorbei, ständig nur noch Chaos im Zahlungsverkehr bei Amazon",willst hy,27.17.0,2026-09-23T09:18:45Z,False,itunes_rss_mostRecent,False,False
464bcbf1523fc772f165c8ba8da0499255a24f713190a6302075de22198203e8,14583831195,348712880,Amazon,de,1,Warnung vor Betrug,"Mieses Unternehmen mit viel zu vielen China-Schrott Produkten. Des Weiteren versenden sie über die Warehouse Deals Fake-Ware und verweigern bei Reklamation die Erstattung.

Fazit meiner Erfahrungen mit Amazon: Ich bestelle hier nur noch um Sachen, die es vor Ort nicht gibt, zu testen und schick sie dann direkt wieder retour um bei einem anderen shop zu bestellen.","Mieses Unternehmen mit viel zu vielen China-Schrott Produkten. Des Weiteren versenden sie über die Warehouse Deals Fake-Ware und verweigern bei Reklamation die Erstattung. 

Fazit meiner Erfahrungen mit Amazon: Ich bestelle hier nur noch um Sachen, die es vor Ort nicht gibt, zu testen und schick sie dann direkt wieder retour um bei einem anderen shop zu bestellen.",IchbinkeineKuhdiemanmelkenkann,27.17.0,2026-09-23T12:43:07Z,False,itunes_rss_mostRecent,False,False
