fingerprint,review_id,app_id,app_name,country,rating,title,content,original_content,author,version,review_date,is_most_helpful,source,is_short,is_spam
8d6305f6f7b7fcedbbe9e22c4cee2006cbe83220b0fc03e1f270e8fa231a8e0f,14570995917,6743828427,蚂蚁阿福,cn,1,蚂蚁阿福，让我半夜进急诊！,我在肠胃炎那两天咨询阿福饮食禁忌，跟我说可以吃香蕉，结果我本来好转了，吃完直接肠痉挛！绞痛难忍，半夜去急诊打吊瓶6个小时！！！！最可恶的是，我吃完香蕉又问阿福，胃痛加重怎么办，他说我现在不能吃香蕉！让我观察半个小时如果加重了再去医院！我没听直接过去急诊，在路上就已经痛到不行，最痛的时候用头捶桌子！回来后再也不敢用蚂蚁阿福！也奉劝大家不要在这上面浪费时间精力，因为你根本不知道他会有什么致命建议！,我在肠胃炎那两天咨询阿福饮食禁忌，跟我说可以吃香蕉，结果我本来好转了，吃完直接肠痉挛！绞痛难忍，半夜去急诊打吊瓶6个小时！！！！最可恶的是，我吃完香蕉又问阿福，胃痛加重怎么办，他说我现在不能吃香蕉！让我观察半个小时如果加重了再去医院！我没听直接过去急诊，在路上就已经痛到不行，最痛的时候用头捶桌子！回来后再也不敢用蚂蚁阿福！也奉劝大家不要在这上面浪费时间精力，因为你根本不知道他会有什么致命建议！,懒kkkllkkkll,1.1.63,2026-09-20T05:12:02Z,False,itunes_rss_mostRecent,False,False
b5069796a676c898ad7ea9ddf845582837eadbf9cbe25d049db6ae5fa726a624,14570582534,6743828427,蚂蚁阿福,cn,5,很好的软件,这是一款很好的软件，大家快点下载吧,这是一款很好的软件，大家快点下载吧,青龙并进猛虎出山,1.1.63,2026-09-20T02:14:24Z,False,itunes_rss_mostRecent,False,False
0904e5de4d7652bade38b6df9d74e84b804368203b8b50fc8929d05b6ba5858f,14569994674,6743828427,蚂蚁阿福,cn,5,蚂蚁阿福,好助手,好助手,这么做不是长久之道,1.1.63,2026-09-19T22:20:21Z,False,itunes_rss_mostRecent,False,False
0be24ae359f6126158bb524c86cb7dae9b6811ce1e8e0a6843a15ec5e177b857,14567540515,6743828427,蚂蚁阿福,cn,5,必须好评，比一般的医生好了多少倍,普通人最佳的健康专家顾问，规避不需要的用药风险，比其他某包不知专业多少倍，比那些普通的医生更专业。,普通人最佳的健康专家顾问，规避不需要的用药风险，比其他某包不知专业多少倍，比那些普通的医生更专业。,Alan was the best,1.1.63,2026-09-19T09:08:04Z,True,itunes_rss_mostHelpful,False,False
e175d058a7699ab9d4fcb0602c1799610171ae430da4067d4968a053b53ee5c4,14564329105,6743828427,蚂蚁阿福,cn,5,阿福很管用的,刚体检完拿到体检报告第一时间就给阿福看，阿福能根据我的体检记录给我预警，告诉我平时应该吃啥喝啥，还能给我出减肥攻略，回家马上把爸妈的体检单给阿福看看。有时候去见医生总是突然想不起来问啥，有了阿福感觉有了一个私人医生，超级赞！,刚体检完拿到体检报告第一时间就给阿福看，阿福能根据我的体检记录给我预警，告诉我平时应该吃啥喝啥，还能给我出减肥攻略，回家马上把爸妈的体检单给阿福看看。有时候去见医生总是突然想不起来问啥，有了阿福感觉有了一个私人医生，超级赞！,公积金发货快女,1.1.63,2026-09-18T13:42:31Z,False,itunes_rss_mostRecent,False,False
454ce5dc92e5bbf3965b7bc26bdd69baee93377e0b3de6e8da8df90c0a4e5b05,14562880374,6743828427,蚂蚁阿福,cn,1,每次打开APP就要更新,没遇到哪个APP老是更新的，不管多久后进来APP总是碰上要更新，别的APP半年不用再上线都可以直接用，不用更新，这个APP老是更新体验感极差,没遇到哪个APP老是更新的，不管多久后进来APP总是碰上要更新，别的APP半年不用再上线都可以直接用，不用更新，这个APP老是更新体验感极差,55236542,1.1.63,2026-09-18T04:11:09Z,False,itunes_rss_mostRecent,False,False
69fa5f673cbbf829fcaa9670508d3417145e75c907d00a5a4435301290b2dfa5,14562807971,6743828427,蚂蚁阿福,cn,4,每天称重的数据不能录入苹果健康里么？,我打开看权限，只能读取没有写入啊。fitdays也不能连。,我打开看权限，只能读取没有写入啊。fitdays也不能连。,剑来！！！,1.1.63,2026-09-18T03:37:59Z,False,itunes_rss_mostRecent,False,False
409c3be7e84a16aec218821d470105e1c57e2b79bdc8d33c57a022ccbafaeb48,14560500209,6743828427,蚂蚁阿福,cn,5,露露,作用很大 我很喜欢 建议下载,作用很大 我很喜欢 建议下载,露23,1.1.63,2026-09-17T13:59:20Z,False,itunes_rss_mostRecent,False,False
267079357f6767a385f74c691290869368c33d6c4acdf7ee7bd49c17242ae0f1,14560149917,6743828427,蚂蚁阿福,cn,5,该车司机表示,没事🙂、个,没事🙂、个,个方法话剧个v大的好的电影,1.1.63,2026-09-17T12:15:27Z,False,itunes_rss_mostRecent,False,False
3d0e1284f528408de9bd1e6b4ef12cfa6690b37df12a4d26c6229e6d3dd82d75,14559852876,6743828427,蚂蚁阿福,cn,1,不想给,不想给星,不想给星,发v高考紧张刺激,1.1.63,2026-09-17T10:33:49Z,False,itunes_rss_mostRecent,False,False
590ea0bccfcba1a709833bc3023e01ddff28d166271340bfd013d44ab5e9c05f,14559798220,6743828427,蚂蚁阿福,cn,2,屁用没有,屁用没有，结合诊断给出的意见的全是错的，浪费时间，与临床实际根本不相符，被说了就只会反复道歉，和豆包有什么区别呢？,屁用没有，结合诊断给出的意见的全是错的，浪费时间，与临床实际根本不相符，被说了就只会反复道歉，和豆包有什么区别呢？,南音梦旅,1.1.63,2026-09-17T10:11:50Z,False,itunes_rss_mostRecent,False,False
14deae9ff0d4f35ccba4bf1b0be1bde0bc2494ccacef741987308ec6d7fbe143,14559699623,6743828427,蚂蚁阿福,cn,5,不错👍,良心软件，方便实用,良心软件，方便实用,华子子傻的我,1.1.63,2026-09-17T09:29:40Z,False,itunes_rss_mostRecent,False,False
3643b8abb94150dfa7112f2e71d8d29aba3a8b2c67b907e95873bc8879455dbb,14559529125,6743828427,蚂蚁阿福,cn,1,无法同步苹果健康，只能读取无法写入。,体脂秤硬件本身还行，但是APP有很大短板。支持读取苹果健康数据，却不能把秤测出来的体重、体脂写入苹果健康，苹果用户没法自动同步数据，每次都要手动录入，很不方便，希望后续更新支持写入HealthKit。,体脂秤硬件本身还行，但是APP有很大短板。支持读取苹果健康数据，却不能把秤测出来的体重、体脂写入苹果健康，苹果用户没法自动同步数据，每次都要手动录入，很不方便，希望后续更新支持写入HealthKit。,hairen2810,1.1.63,2026-09-17T08:10:14Z,False,itunes_rss_mostRecent,False,False
01ab28b135bf737eb8edd70fbd3ba9537129563e97d7b28b563b07913cc0fabc,14559053543,6743828427,蚂蚁阿福,cn,1,超差一星都不想给,太垃圾 虚假宣传,太垃圾 虚假宣传,穗穗穗儿啊,1.1.63,2026-09-17T04:22:17Z,False,itunes_rss_mostRecent,False,False
ba7e71f1faa52e5be7821d702ac86c0473bd8ea25e17588daaa6377adf6c8ab7,14558999426,6743828427,蚂蚁阿福,cn,1,不客观,很多的答案不是很客观，只能在科普的阶段，深入诊断比较差劲,很多的答案不是很客观，只能在科普的阶段，深入诊断比较差劲,sunyukuommm,1.1.63,2026-09-17T03:57:07Z,False,itunes_rss_mostRecent,False,False
7f28088cdfa795728abbc1d50f8c0f0a96a5448a361af3ae85c5e2eda0c5b37c,14558749505,6743828427,蚂蚁阿福,cn,5,666,666,666,shaw928,1.1.63,2026-09-17T02:09:33Z,False,itunes_rss_mostRecent,False,False
fd356f7e2580adfe417c713a880031e3427238e134566db10f419e955bcfedfb,14558639524,6743828427,蚂蚁阿福,cn,5,特地来赞下阿福,我有点健康焦虑，稍有些点异常就要问下，以往去医院问医生都很不耐烦，在医生眼里都是不值得一提的，阿福都耐心解答了，而且它记录了我的体检报告及过往异常，挺关心温暖的。这才是大模型的意义，希望蚂蚁把阿福做好做精。最后说下阿里巴巴，作为mini股东，能不能不要什么都干啊？干好一件再做别的，别不把股东钱当钱…,我有点健康焦虑，稍有些点异常就要问下，以往去医院问医生都很不耐烦，在医生眼里都是不值得一提的，阿福都耐心解答了，而且它记录了我的体检报告及过往异常，挺关心温暖的。这才是大模型的意义，希望蚂蚁把阿福做好做精。最后说下阿里巴巴，作为mini股东，能不能不要什么都干啊？干好一件再做别的，别不把股东钱当钱…,可可可可乐乐826,1.1.63,2026-09-17T01:25:48Z,True,itunes_rss_mostHelpful,False,False
6e91475a051c128da7c83941eb50b4c9d110f05895b4a47e029deb00926f2746,14558574523,6743828427,蚂蚁阿福,cn,5,好,好,好,暖心、绵绵冰,1.1.63,2026-09-17T01:00:30Z,False,itunes_rss_mostRecent,True,False
9eb7f64968fc1e7fcad2f71b5d2289a90ab0203623d2988488122f955af20bf0,14558519538,6743828427,蚂蚁阿福,cn,1,记录体重的太难用了,记录体重的应该单开一个界面。现在这个真的很难用，更新了更难用了，我一天称5次体重只能找到最新称的一次啊，其他的数据呢，就不能点进去就能找到吗，从来没用过这么难用的app。数据非要藏起来不让人找到，真服了啊，不能放在最显眼的位置吗,记录体重的应该单开一个界面。现在这个真的很难用，更新了更难用了，我一天称5次体重只能找到最新称的一次啊，其他的数据呢，就不能点进去就能找到吗，从来没用过这么难用的app。数据非要藏起来不让人找到，真服了啊，不能放在最显眼的位置吗,lydia66126,1.1.63,2026-09-17T00:38:35Z,False,itunes_rss_mostRecent,False,False
db800c35c47061f770612a9023cf0f704fb97374e09b268001b1cc0fa9bd8169,14558091638,6743828427,蚂蚁阿福,cn,1,非常难用,智能体堪比豆包,智能体堪比豆包,yu1303,1.1.63,2026-09-16T21:46:39Z,False,itunes_rss_mostRecent,False,False
9b2db9d240c339ed297972f54f3f6b253cf6dad83c504eae73a2de271104df37,14556511392,6743828427,蚂蚁阿福,cn,5,健康小管家太靠谱了👍👍,"以前做完体检后，基本上就草草看一眼报告结论，然后直接把报告丢一边。哪些指标要多留意、医生叮嘱了什么、什么时候该复查，过段时间就全忘了。
现在用蚂蚁阿福，把需要关注的指标、医生的提醒、复查时间全部记下来。让自己的体检不只是看一次结果，还能够不断的关注自己的健康情况，真的是太全面了，给到一个夯👏","以前做完体检后，基本上就草草看一眼报告结论，然后直接把报告丢一边。哪些指标要多留意、医生叮嘱了什么、什么时候该复查，过段时间就全忘了。
现在用蚂蚁阿福，把需要关注的指标、医生的提醒、复查时间全部记下来。让自己的体检不只是看一次结果，还能够不断的关注自己的健康情况，真的是太全面了，给到一个夯👏",很满意，是我喜欢的海鲜市场,1.1.63,2026-09-16T13:22:33Z,True,itunes_rss_mostHelpful,False,False
dfcbafa6bc8629f6505c46ac2b4cf5d47882beb2474d266f68578f09833eb014,14556457017,6743828427,蚂蚁阿福,cn,5,宝藏健康助手，无广告太香了,安利这个AI健康助手！没有乱七八糟广告，问健康问题响应很快，拍照看体检报告也很方便。平时有点小不舒服，先来问问，心里有底，日常查健康知识够用，强烈推荐。,安利这个AI健康助手！没有乱七八糟广告，问健康问题响应很快，拍照看体检报告也很方便。平时有点小不舒服，先来问问，心里有底，日常查健康知识够用，强烈推荐。,jiaien,1.1.63,2026-09-16T13:06:48Z,False,itunes_rss_mostRecent,False,False
58ef87d5faf11192c3aaf5a4409dd19276d8adc22392d1f36a94b676b1d13311,14556452868,6743828427,蚂蚁阿福,cn,5,平时哪里不舒服都能搜，很实用,从今年过年用到现在了，确实方便又实用，以往有点啥毛病都在担心是不是什么大问题，现在直接问阿福就能给我解答，安心不少哈哈哈，我还会问一些宠物的健康问题，猫咪吐毛球食欲不振之类的，也都能解答，推荐推荐～,从今年过年用到现在了，确实方便又实用，以往有点啥毛病都在担心是不是什么大问题，现在直接问阿福就能给我解答，安心不少哈哈哈，我还会问一些宠物的健康问题，猫咪吐毛球食欲不振之类的，也都能解答，推荐推荐～,糊糊是小猫咪,1.1.63,2026-09-16T13:05:36Z,True,itunes_rss_mostHelpful,False,False
9bae69238eaf9dff2f672cea7782b788aa335ff5a620c2ac03f8529f3499e778,14556441301,6743828427,蚂蚁阿福,cn,5,阿福健康助手,控制饮食运动快一个月，最近体重基本没变化；朋友安利了ai阿福，根据我的数据情况定制食谱和识别每餐的热量；体重终于开始下降了，热泪盈眶🥹期待更瘦更美的自己,控制饮食运动快一个月，最近体重基本没变化；朋友安利了ai阿福，根据我的数据情况定制食谱和识别每餐的热量；体重终于开始下降了，热泪盈眶🥹期待更瘦更美的自己,哈哈还是喜欢进去呢,1.1.63,2026-09-16T13:02:14Z,True,itunes_rss_mostHelpful,False,False
e2754dc551e41ab5a4e8e5fc791c60ac54b70dfb8cb00e0ce7d1be65ee255f80,14556422014,6743828427,蚂蚁阿福,cn,5,无广告的健康小助手，日常查查很方便,用了一个多月，真心觉得不错。没有广告，问日常健康问题很方便，拍照解读体检报告也挺快。家里老人有点小毛病先问问它，心里有个底。适合平时查查健康知识，推荐。,用了一个多月，真心觉得不错。没有广告，问日常健康问题很方便，拍照解读体检报告也挺快。家里老人有点小毛病先问问它，心里有个底。适合平时查查健康知识，推荐。,yixint,1.1.63,2026-09-16T12:56:35Z,True,itunes_rss_mostHelpful,False,False
9a62f646dfb86b412e4206ec72a1eca93dfa8feafba7f182f15ab6857e957f3a,14555454447,6743828427,蚂蚁阿福,cn,1,界面逻辑一点不清晰，找半天都找不到,操作逻辑怎么这么混乱,操作逻辑怎么这么混乱,听课证说,1.1.63,2026-09-16T06:48:59Z,False,itunes_rss_mostRecent,False,False
6d812f28d20999232b429cb6fd98c64a46353dcd2a77b4d1508bb5bdaab392c9,14555428554,6743828427,蚂蚁阿福,cn,5,爱玩游戏的火女,查询很方便,查询很方便,爱玩游戏的火女,1.1.63,2026-09-16T06:36:59Z,False,itunes_rss_mostRecent,False,False
4acb4093f68fa7704483abe28789634646c2c63691ff524bff6cfe5f27503c5f,14555346247,6743828427,蚂蚁阿福,cn,5,阿福真的实在是太管用了，比任何一款AI都有用,其实一开始只是为了那个¥9.9的体脂秤下载的，但是用了一段时间发现这个软件真心不错，因为平时有一点小病要去线下问那些诊所的大夫，他们给出的那些信息也不准确，而且还要花很多钱，或者说在网上问一次大夫就要花好几十，但是在蚂蚁阿福就是可以先问AI，如果觉得AI不行的话，就可以免费咨询三次医生真的非常管用，我家人皮肤上长了一些东西，但是去线下的诊所那个大夫就给开了一点消炎药，但是之后说消炎药根本就没有用，必须得用那种专用的药膏，然后就去买了，抹了一两天就好了,其实一开始只是为了那个¥9.9的体脂秤下载的，但是用了一段时间发现这个软件真心不错，因为平时有一点小病要去线下问那些诊所的大夫，他们给出的那些信息也不准确，而且还要花很多钱，或者说在网上问一次大夫就要花好几十，但是在蚂蚁阿福就是可以先问AI，如果觉得AI不行的话，就可以免费咨询三次医生真的非常管用，我家人皮肤上长了一些东西，但是去线下的诊所那个大夫就给开了一点消炎药，但是之后说消炎药根本就没有用，必须得用那种专用的药膏，然后就去买了，抹了一两天就好了,m……m和z,1.1.63,2026-09-16T05:59:54Z,True,itunes_rss_mostHelpful,False,False
6fcad3998806bb0c9cb12cf2f55f22a98044b3ab02153ee011ceba98a735c8a8,14554315783,6743828427,蚂蚁阿福,cn,5,好软件,适合性强，想了解健康知识就能了解到，很实用的平台软件,适合性强，想了解健康知识就能了解到，很实用的平台软件,人生体验在路上,1.1.63,2026-09-15T22:49:12Z,False,itunes_rss_mostRecent,False,False
043852030c88e1956c92a06b1fec964dfd6ad01932dbbb887833732dd373f991,14553073470,6743828427,蚂蚁阿福,cn,5,蚂蚁阿福,这款健康助手挺好的，对我们的生活有很大的帮助,这款健康助手挺好的，对我们的生活有很大的帮助,手艺人@,1.1.63,2026-09-15T15:29:49Z,False,itunes_rss_mostRecent,False,False
85ff1dc0036c0a64cfcc04c9dea64e8190303040626954bc49cc622e58dc6b9a,14552974291,6743828427,蚂蚁阿福,cn,2,没有记忆是最大的硬伤,如果一个医疗软件不记得对话的内容，不记得一些数据上面的东西，那可能会大打折扣，我觉得这是一个医疗类的AI软件必须要有的东西，因为很多东西都判断，不是说一次对话就能够体现的，而是时间的积累，如果这个软件想走的长远一些，记忆的东西必须要改善，现在就连提取秤的记忆都需要我自己去翻，真的太难用了希望改进,如果一个医疗软件不记得对话的内容，不记得一些数据上面的东西，那可能会大打折扣，我觉得这是一个医疗类的AI软件必须要有的东西，因为很多东西都判断，不是说一次对话就能够体现的，而是时间的积累，如果这个软件想走的长远一些，记忆的东西必须要改善，现在就连提取秤的记忆都需要我自己去翻，真的太难用了希望改进,aloyerlee,1.1.63,2026-09-15T14:59:44Z,True,itunes_rss_mostHelpful,False,False
672b7ae05bc28a413fec36075fc8e3ca8986b1b04be5abce40c4af330ae0409e,14552651117,6743828427,蚂蚁阿福,cn,5,好用又听劝的app,给建议很快就改了 很棒！,给建议很快就改了 很棒！,xx10xxx,1.1.63,2026-09-15T13:22:48Z,False,itunes_rss_mostRecent,False,False
f3ae421743f1c07af2ed1329f81a659afd9929df2fb9fb2e4b6ea47dfd12d5b4,14549177105,6743828427,蚂蚁阿福,cn,3,登中之登,这个AI怎么一股爹味，开发人员为什么一直试图让AI教育我，还有点反驳型人格…我跟阿福分享点锻炼细节它老要提醒我，我怎么训练这个反驳的爹味都不会消失…,这个AI怎么一股爹味，开发人员为什么一直试图让AI教育我，还有点反驳型人格…我跟阿福分享点锻炼细节它老要提醒我，我怎么训练这个反驳的爹味都不会消失…,肠公爵,1.1.60,2026-09-14T14:43:17Z,False,itunes_rss_mostRecent,False,False
3169382670c4f65ee856be5d421daac034adf93e7d2119e9383b122e24b8013f,14548541818,6743828427,蚂蚁阿福,cn,1,只能读取健康，不能写入体重数据，,我要你何用？你的数据只给你的app自己看？,我要你何用？你的数据只给你的app自己看？,汤圆6431,1.1.60,2026-09-14T11:23:40Z,False,itunes_rss_mostRecent,False,False
1377a91535fd9cd259057c605783b33d80c6cdf303eae5feb536e9998bb07b14,14547928324,6743828427,蚂蚁阿福,cn,5,真不错,好软件,好软件,ngomvdsh,1.1.60,2026-09-14T06:52:46Z,False,itunes_rss_mostRecent,False,False
c57f56d822e3c718524938f3958236f377aca60101a85faa6cb3f247ef3fdfce,14547776409,6743828427,蚂蚁阿福,cn,5,那,哦,哦,打辐射,1.1.60,2026-09-14T05:37:53Z,False,itunes_rss_mostRecent,True,False
8a202e1c9e55f846ec3e82f347df251cbee0abc7fb686d324a9c28a52dfc976e,14547447771,6743828427,蚂蚁阿福,cn,4,666,666,666,团内人真的好多呢,1.1.60,2026-09-14T03:03:54Z,False,itunes_rss_mostRecent,False,False
2f7d3c6adbd56937c6e44400ab1fab5380c4a7af2695d4f60f3a890368d7d081,14547275517,6743828427,蚂蚁阿福,cn,5,沟通完整顺畅,智能化程度高,智能化程度高,人帅阳巨长,1.1.60,2026-09-14T01:51:23Z,False,itunes_rss_mostRecent,False,False
1126b21c163b5a392c78482825f6985813466f7f254d38b9c8cf12323d140c1f,14547099020,6743828427,蚂蚁阿福,cn,5,好,好,好,虚心的低头竹,1.1.60,2026-09-14T00:39:41Z,False,itunes_rss_mostRecent,True,False
a3f6fd020fd5afad6b02067742fd131f804a0593684a56c710ddc43a2181538a,14543569799,6743828427,蚂蚁阿福,cn,5,阿福,很不错哦这个真的超级棒,很不错哦这个真的超级棒,嗯哼123……,1.1.60,2026-09-13T04:01:43Z,False,itunes_rss_mostRecent,False,False
670b8b8c106a7a2b184295e1b19c2b3ba314d2e3475871b01154a9d850272e3c,14543329856,6743828427,蚂蚁阿福,cn,1,数据严重滞后,这数据完全不对，推荐的医生通过医院小程序都搜不到了，还一本正经说确实还在医院,这数据完全不对，推荐的医生通过医院小程序都搜不到了，还一本正经说确实还在医院,垃圾阿里健康,1.1.60,2026-09-13T02:27:14Z,False,itunes_rss_mostRecent,False,False
ea77374b9c158c5d78f24617034d7ec67a2a2a2138d5ed0a0f7b592c1f375f7e,14539724264,6743828427,蚂蚁阿福,cn,1,太差劲 我的需求就是观察体重 这么多窗口要找很久很久才能看到,而且我大部分时候早上称 偶尔晚上称一下 现在改版了也删不掉晚上的体重 导致体重趋势非常奇怪,而且我大部分时候早上称 偶尔晚上称一下 现在改版了也删不掉晚上的体重 导致体重趋势非常奇怪,qqsfh111,1.1.60,2026-09-12T05:28:20Z,False,itunes_rss_mostRecent,False,False
dcabcc63ca77f4e431b24c8306c541b8fd56bb87dc07f8ba7f4872e4b6a6680e,14539468533,6743828427,蚂蚁阿福,cn,1,会用你个人隐私信息用于别处。,隐私权限写得很高，登陆意味给了授权，感觉是很危险的软件，卸载了。,隐私权限写得很高，登陆意味给了授权，感觉是很危险的软件，卸载了。,摩西鳎2015,1.1.60,2026-09-12T03:38:49Z,False,itunes_rss_mostRecent,False,False
e608c3313469f258cae7ec0250eac1f20d404318e750de68757460c7b3c69804,14537717317,6743828427,蚂蚁阿福,cn,2,都护,还行,还行,小🐻睡不饱,1.1.60,2026-09-11T16:46:10Z,False,itunes_rss_mostRecent,False,False
139251988033a7bf4bfdb7a05d6f5468e8726c0020c63ae4d7535982491ab260,14537127881,6743828427,蚂蚁阿福,cn,5,垃圾中的战斗机 智障版千问,本来以为是医疗健康特化版的千问，结果回答的牛头不对马嘴，逻辑全部是混乱的，哄祖宗一样哄了一个小时沟通症状，结果最后告诉我建议去医院，一个小小的感冒我也是谢谢你了,本来以为是医疗健康特化版的千问，结果回答的牛头不对马嘴，逻辑全部是混乱的，哄祖宗一样哄了一个小时沟通症状，结果最后告诉我建议去医院，一个小小的感冒我也是谢谢你了,DearJessicaYakult,1.1.60,2026-09-11T13:54:01Z,True,itunes_rss_mostHelpful,False,False
103b955ddcefe61db6b67c8479b0bee90cbc172446c792b2510c56fb73b8ccb7,14535211700,6743828427,蚂蚁阿福,cn,1,身材管理页面怎么改了,看起来一点没有对比，不直观，还得一个一个找,看起来一点没有对比，不直观，还得一个一个找,会飞的张家鹏,1.1.60,2026-09-11T01:11:55Z,False,itunes_rss_mostRecent,False,False
1bb40cc1c281e39539f2e57eb57bb80d31bf0e41563aaeb7d5415d2cac368a21,14535047295,6743828427,蚂蚁阿福,cn,1,称重数据管理混乱，称也时而只能称重时而好用,称重数据会丢，多人管理信息丢失（多次），而且不支持将数据同步到健康app。我的个人数据必须要放在蚂蚁？,称重数据会丢，多人管理信息丢失（多次），而且不支持将数据同步到健康app。我的个人数据必须要放在蚂蚁？,DingDing9999,1.1.60,2026-09-11T00:07:32Z,False,itunes_rss_mostRecent,False,False
eb83d0061b14015a7a08ce792c0e6c08fe6349a396f69085339c8788b965ba6b,14535022151,6743828427,蚂蚁阿福,cn,4,看病不错,这里确实可以帮助我们分析很多病例，还有一些好的治疗药物推举和注意事项，只是有时候不太严谨，希望后期能够越来越完善吧！,这里确实可以帮助我们分析很多病例，还有一些好的治疗药物推举和注意事项，只是有时候不太严谨，希望后期能够越来越完善吧！,离小糖,1.1.60,2026-09-10T23:57:32Z,True,itunes_rss_mostHelpful,False,False
f604db769a6a577c5392822247d96d6a6fce00e1175f5a3256de1e75260c101e,14532288199,6743828427,蚂蚁阿福,cn,1,用蚂蚁阿福体重秤测的体重不能同步到苹果健康,用体重秤测的体重不能同步到苹果健康,用体重秤测的体重不能同步到苹果健康,River-.,1.1.60,2026-09-10T08:36:06Z,False,itunes_rss_mostRecent,False,False
d7fe3a976721eb44cd63cfe990e2ba676b83d1626bed45a11fa6c669e9fc7d26,14530502969,6743828427,蚂蚁阿福,cn,5,选阿福,真的很方便，健康问题可以咨询,真的很方便，健康问题可以咨询,And huhf,1.1.60,2026-09-09T20:17:19Z,False,itunes_rss_mostRecent,False,False
1264f1cee4a60e0494e346cd5c369619502e87516830d15ea30bb5e5ee323c9d,14528649878,6743828427,蚂蚁阿福,cn,1,垃圾,垃圾软件,垃圾软件,垟柔,1.1.60,2026-09-09T10:41:08Z,False,itunes_rss_mostRecent,False,False
11b64295ba240a82d47edf81593b0a8bb4d5ca002de5953545b6387e9f1ea0bd,14528537500,6743828427,蚂蚁阿福,cn,1,最难用的ai,一分都不想给，钱全花营销上了，不知道把功能改的好用点,一分都不想给，钱全花营销上了，不知道把功能改的好用点,Yisee.,1.1.60,2026-09-09T09:58:29Z,False,itunes_rss_mostRecent,False,False
e445a3dddf2bde9c8be79ccce73f38abf2052bb57a1617df1f298d95cf79a536,14528098448,6743828427,蚂蚁阿福,cn,5,1,好用很喜欢什么都能回答很真实,好用很喜欢什么都能回答很真实,人家还说什么ｕr,1.1.60,2026-09-09T06:38:00Z,False,itunes_rss_mostRecent,False,False
f6505786cc50e397fa64f74e2a01a37ce564cb42ef1b2e37b3a2f2a017705f28,14527661218,6743828427,蚂蚁阿福,cn,5,还可以,要注意核实,要注意核实,逃命不是错,1.1.60,2026-09-09T03:13:41Z,False,itunes_rss_mostRecent,False,False
ee5995d02ffa503909cb40630e7869eb69d8882517befd59a3611b991081b4d2,14527279775,6743828427,蚂蚁阿福,cn,5,很好,很好,很好,蚝场太耀眼,1.1.60,2026-09-09T00:41:45Z,False,itunes_rss_mostRecent,False,False
31c97ab1190b3167e5ed2ff388619f9edab063e549cff36db3a764ebd74bf4c6,14524404604,6743828427,蚂蚁阿福,cn,5,方便,好用,好用,果果vienna,1.1.60,2026-09-08T07:59:30Z,False,itunes_rss_mostRecent,False,False
89056c74f1d0074ac0ac9742f5334d70cb2d28d2f65c52f3fa3de8eb34c6777a,14524287433,6743828427,蚂蚁阿福,cn,5,好,好,好,山有扶宿,1.1.60,2026-09-08T07:02:49Z,False,itunes_rss_mostRecent,True,False
8b16b77559288ea27175612a6da78ccb016a58f13738a9ae642c1663cee5d913,14523855511,6743828427,蚂蚁阿福,cn,1,差差差,ai运动简直是一个大差特差，搞活动完全玩不起，垃圾APP都是广告,ai运动简直是一个大差特差，搞活动完全玩不起，垃圾APP都是广告,52-5266 6*6,1.1.60,2026-09-08T03:35:17Z,False,itunes_rss_mostRecent,False,False
ae665038f07d980556368cd82bdcf45d2a0e83a25a54b8b53cee4146bf01daa3,14523647399,6743828427,蚂蚁阿福,cn,2,好app,在App真不错，太爱了,在App真不错，太爱了,仿佛客户现场,1.1.60,2026-09-08T02:07:30Z,False,itunes_rss_mostRecent,False,False
91849056b912e6e421df355568b1d90e0e8264d2c30669283ee6331f54e79ef6,14523598722,6743828427,蚂蚁阿福,cn,3,饮食记录不方便,只有拍照图片上传功能，应该加入语音录入方式、还有常见食物、菜肴点击选择等方式,只有拍照图片上传功能，应该加入语音录入方式、还有常见食物、菜肴点击选择等方式,leizhan,1.1.60,2026-09-08T01:48:06Z,False,itunes_rss_mostRecent,False,False
8e38dbac5e7b51f85932c5b38eb1266befc430342ae2dd631809ccc0268fdbab,14523577544,6743828427,蚂蚁阿福,cn,1,不能分享或保存当日体脂数据,不能形成每日数据图片,不能形成每日数据图片,蚩尤尊者,1.1.60,2026-09-08T01:39:51Z,False,itunes_rss_mostRecent,False,False
660e65f10ff18a12bf7d8185862d3bcbb8b32ae26e0551d562987f6459671146,14523269742,6743828427,蚂蚁阿福,cn,1,参与活动打卡20天然后把活动更早新了。,如题，参加了20天，然后把活动更新了，然后我的打卡活动就差一天，直接清零，笑了。,如题，参加了20天，然后把活动更新了，然后我的打卡活动就差一天，直接清零，笑了。,James Doggie,1.1.60,2026-09-07T23:37:28Z,False,itunes_rss_mostRecent,False,False
4ba1e278d6cb2ac6f2256008b468d443aff0b6739e65de96c94bd394591ae990,14523231498,6743828427,蚂蚁阿福,cn,1,特别难用,这个ai完全是弱智根本无法做到智能分析,这个ai完全是弱智根本无法做到智能分析,Siva Pansy,1.1.60,2026-09-07T23:22:06Z,False,itunes_rss_mostRecent,False,False
3f9ee49b3ce0844c77b97b7a95d63714106acd70feaa8e71258aae43663829ca,14521772836,6743828427,蚂蚁阿福,cn,2,更新王者,从来没见过更新喜欢么频繁的app…,从来没见过更新喜欢么频繁的app…,的死以以,1.1.60,2026-09-07T15:18:56Z,False,itunes_rss_mostRecent,False,False
2998ae237e7b2ae6a24ac16b82ffa8bbc10cb8a86e0edd01ff15fdc99aabb26c,14521400612,6743828427,蚂蚁阿福,cn,5,蚂蚁阿福,健康守护者,健康守护者,一方☀️☀️,1.1.60,2026-09-07T13:33:22Z,False,itunes_rss_mostRecent,False,False
ceca61fffe204b540b2c4abf00a84a192716777ca1746d4cbf9e99c28ad26a0d,14521206812,6743828427,蚂蚁阿福,cn,5,好用不难用,我觉得很不错的,我觉得很不错的,超市那就很好,1.1.60,2026-09-07T12:33:15Z,False,itunes_rss_mostRecent,False,False
5332aebdd98be1c4b577339e9203506cae10acd9c65504975bf4d1ae6555a2eb,14520997594,6743828427,蚂蚁阿福,cn,5,牛逼阿福,阿福牛逼！,阿福牛逼！,X U h U a,1.1.60,2026-09-07T11:19:32Z,False,itunes_rss_mostRecent,False,False
bc3cf336d5e84d4c140fd657a725e891a90802f9c2cea59d2ddf786ae6b36fbc,14520437192,6743828427,蚂蚁阿福,cn,5,好用,内心变得很常见妇科妇科男方女方咖啡咖啡减肥呢就定积分红包发不出九分裤分开,内心变得很常见妇科妇科男方女方咖啡咖啡减肥呢就定积分红包发不出九分裤分开,hfhfhfhufughfjg,1.1.60,2026-09-07T07:08:26Z,True,itunes_rss_mostHelpful,False,False
4f9269df0d4736c4767116ee2ba7177cc3d3b9fd6f7db39db4824acce5675d5a,14520056264,6743828427,蚂蚁阿福,cn,1,打卡挑战今天要结束了，结果给更新没了？,产品经理干啥的,产品经理干啥的,钧澈,1.1.60,2026-09-07T04:07:57Z,False,itunes_rss_mostRecent,False,False
5319d1acef36e2c9c3decaef7c008efca989775a02be162455c80a6b6368ebb5,14519891114,6743828427,蚂蚁阿福,cn,5,有问题吧,下载完了还反复提醒下载，使用不了,下载完了还反复提醒下载，使用不了,人本赤裸，岁月织衣,1.1.60,2026-09-07T02:54:46Z,False,itunes_rss_mostRecent,False,False
18a7f73cc1e710ae71fb27149f710c11facc73db29615fdaad0df21b651c93c0,14519809195,6743828427,蚂蚁阿福,cn,5,还好,好,好,糖醋排骨❤️,1.1.60,2026-09-07T02:20:39Z,False,itunes_rss_mostRecent,True,False
d20be38650f4da9531bdf0586f513a105050ad59ef6ea2714c9f69dd92b9c9c5,14519694638,6743828427,蚂蚁阿福,cn,5,优化,能够快速解析体检单据，平时有基础健康疑问可以先来查询。不足之处是多数问题最终只会建议线下就诊，实用性有所降低。记录的个人健康情况经常无法沿用，给出的方案偏通用。期待细化回答内容，提升记忆功能。,能够快速解析体检单据，平时有基础健康疑问可以先来查询。不足之处是多数问题最终只会建议线下就诊，实用性有所降低。记录的个人健康情况经常无法沿用，给出的方案偏通用。期待细化回答内容，提升记忆功能。,winlh333,1.1.60,2026-09-07T01:34:11Z,True,itunes_rss_mostHelpful,False,False
94b9c952109114a93dc352bf0b7f8caf3de32e7ce08208868776859a212f6452,14518120777,6743828427,蚂蚁阿福,cn,4,体重秤称重单位只能使用千克 不能切换斤,每次切换到斤，莫名其妙就回到千克了,每次切换到斤，莫名其妙就回到千克了,SXZEROX,1.1.60,2026-09-06T16:04:32Z,False,itunes_rss_mostRecent,False,False
78e08a6bfb384b3a5a785f12058ccdd5cf98d496cc7dd822363603c67c3a16df,14517674221,6743828427,蚂蚁阿福,cn,1,太假了,不想说，忽悠老年人去吧,不想说，忽悠老年人去吧,、、渣公司,1.1.60,2026-09-06T13:57:47Z,False,itunes_rss_mostRecent,False,False
d0a1c00204415e73a03fa912dd9f227f5fc685f6b57b43d01db4570b8ec782db,14515766735,6743828427,蚂蚁阿福,cn,5,很好用,蛮好用的，看病不花钱，直接线上问诊，解疑答惑很清晰，再也不怕生病啦,蛮好用的，看病不花钱，直接线上问诊，解疑答惑很清晰，再也不怕生病啦,笙箫一曲，,1.1.60,2026-09-06T01:43:45Z,False,itunes_rss_mostRecent,False,False
0323c9a3402fb809eb2de83261649184a2f93c206eb993b7a0517c551b53b58f,14515629692,6743828427,蚂蚁阿福,cn,1,当天测量，较前一天的比较没有了,真是越更新，越蠢！至少测完，较前一天体重和体脂，上升和下降了多少！挺好的功能，现在不显示了！这产品经理，可以直接开了,真是越更新，越蠢！至少测完，较前一天体重和体脂，上升和下降了多少！挺好的功能，现在不显示了！这产品经理，可以直接开了,有望改进,1.1.60,2026-09-06T00:51:00Z,False,itunes_rss_mostRecent,False,False
119aab1bef59abcea36f5d01a9842daefcf4d541467b31951772dec28cc94f52,14513483344,6743828427,蚂蚁阿福,cn,5,私人医生,确实挺喜欢这个,确实挺喜欢这个,姜秀胜,1.1.60,2026-09-05T12:59:45Z,False,itunes_rss_mostRecent,False,False
e0d209f67d709dc5fdc0a815e9df497371afe006454930a6fae307ece76b93e8,14513389643,6743828427,蚂蚁阿福,cn,5,蚂蚁阿福蚂蚁旗下AI健康助手,蚂蚁阿福大平台值得推荐,蚂蚁阿福大平台值得推荐,彩虹飞用户,1.1.60,2026-09-05T12:31:04Z,False,itunes_rss_mostRecent,False,False
2a10529cb5eed62d709e9446d4600c8b5d92da45bf0da43137a83fbb88038d2e,14510073940,6743828427,蚂蚁阿福,cn,1,体验差,为什么语音输入识别一直出错？,为什么语音输入识别一直出错？,吹个泡泡e,1.1.60,2026-09-04T15:46:19Z,False,itunes_rss_mostRecent,False,False
697de944fb4b279330d9ae49c0fd1f2aa6b4b75388a0f84fab80805b17ce8489,14509803647,6743828427,蚂蚁阿福,cn,5,体脂秤,免费领了体脂秤，还可以,免费领了体脂秤，还可以,趁早03,1.1.60,2026-09-04T14:29:58Z,False,itunes_rss_mostRecent,False,False
bc7efad33c43679421910696b95c2ebf0465b13c72e3ba79405b9d84c0b05ffc,14509700512,6743828427,蚂蚁阿福,cn,5,很好,不错呦,不错呦,张茂嘴,1.1.60,2026-09-04T14:01:32Z,False,itunes_rss_mostRecent,False,False
3c056f3f31c1f63002dfdfc0ff4a289532bf49cc8b5c13b9fd09ebbb58383e42,14509530574,6743828427,蚂蚁阿福,cn,5,b,b,b,呱呱叫8634,1.1.60,2026-09-04T13:13:51Z,False,itunes_rss_mostRecent,True,False
65cce141b7fa8480430540df2481abd930934a6fc2e5eb7d61d335323086cc67,14509017728,6743828427,蚂蚁阿福,cn,2,不能机构数据同步,不能机构数据同步,不能机构数据同步,如流岁月,1.1.60,2026-09-04T10:31:10Z,False,itunes_rss_mostRecent,False,False
0d84f83bc0f362cc516d155cf8473802db9e2e24ad65da8ab2a1e7a5cfb76190,14508714881,6743828427,蚂蚁阿福,cn,2,需要花钱,下载用的时候需要花钱，不如其他AI，免费,下载用的时候需要花钱，不如其他AI，免费,静谧的水瓶座,1.1.60,2026-09-04T08:28:14Z,False,itunes_rss_mostRecent,False,False
641a38e2545cbc9131b362c9c39246801533750ce6c96b7aca8c21da95ae18c7,14508706278,6743828427,蚂蚁阿福,cn,5,值得下载的app,非常好用，准确率很高，值得推荐,非常好用，准确率很高，值得推荐,Mimi小猫咪,1.1.60,2026-09-04T08:24:22Z,False,itunes_rss_mostRecent,False,False
aaef362920d1bc971a91634df5476f85735c6fb16c089eced2c324e8d94c5b19,14508084957,6743828427,蚂蚁阿福,cn,1,不喜欢,建议与蚂蚁庄园解绑,建议与蚂蚁庄园解绑,噜噜柚子,1.1.60,2026-09-04T03:39:02Z,False,itunes_rss_mostRecent,False,False
e3e1584fda42c7fc77587c3c224dcadd82b9ec6edff7ec9e82eea0f3cd72117b,14507921154,6743828427,蚂蚁阿福,cn,4,称体重各项数据的可视化希望能优化下,称体重各项数据的可视化希望能优化下,称体重各项数据的可视化希望能优化下,sa33saok,1.1.60,2026-09-04T02:28:58Z,True,itunes_rss_mostHelpful,False,False
e390db3b45b950e8367a4e82cf27374e31fc476362e7073342051e4bf33f250d,14507501031,6743828427,蚂蚁阿福,cn,1,听说跟日企合作了；,马上注销卸载,马上注销卸载,此用户已注销_,1.1.60,2026-09-03T23:40:26Z,False,itunes_rss_mostRecent,False,False
6cc1dcf80154afe884539ee5035e24d6bd917d0a3b014253b871ba686240b8c9,14505950100,6743828427,蚂蚁阿福,cn,5,好,好,好,x h d h s k s m,1.1.60,2026-09-03T14:44:59Z,False,itunes_rss_mostRecent,True,False
99a321b3073981393574ea9703079cb466b6495e78ecf7d8e3f66ec658836a3e,14505818418,6743828427,蚂蚁阿福,cn,1,辣鸡,就是辣鸡，卸载之前我还要给个差评！,就是辣鸡，卸载之前我还要给个差评！,77111个,1.1.60,2026-09-03T14:06:56Z,False,itunes_rss_mostRecent,False,False
83697e48b678bf7733906423ee164c0cba498cb291d9c664a5ab14f5410b00ae,14505642688,6743828427,蚂蚁阿福,cn,1,不可信,不舒服第一时间还是自己去医院不要信它的坚持一下会好转，压根就是延误病情，一点不专业当聊天软件得了,不舒服第一时间还是自己去医院不要信它的坚持一下会好转，压根就是延误病情，一点不专业当聊天软件得了,又有右耳,1.1.60,2026-09-03T13:15:50Z,False,itunes_rss_mostRecent,False,False
af1a70f3f0d4f77803a9f69a9b6d71c89f1c44d553ad3943e2c642c3a22ea726,14505472654,6743828427,蚂蚁阿福,cn,1,一个功能不完善的垃圾应用,这个App设计者根本就没有想好他给用户如何很方便的，使用，里面的内容也非常的简单，类似就是一个噱头不完善的东西，觉得非常的难用，甚至没什么用，我不知道为什么非要去提前上线一个根本就不完善的产品，这都会浪费大家尝试的热情之外，没有任何意义。,这个App设计者根本就没有想好他给用户如何很方便的，使用，里面的内容也非常的简单，类似就是一个噱头不完善的东西，觉得非常的难用，甚至没什么用，我不知道为什么非要去提前上线一个根本就不完善的产品，这都会浪费大家尝试的热情之外，没有任何意义。,16592795,1.1.60,2026-09-03T12:24:35Z,False,itunes_rss_mostRecent,False,False
4e0e88cd4fb9f568c5d05673736ee203474471c6b851e0dbf13d479b32e2f728,14505029998,6743828427,蚂蚁阿福,cn,4,奇偶安康啊呀,可以好工具是的,可以好工具是的,空美美滴,1.1.60,2026-09-03T09:49:27Z,False,itunes_rss_mostRecent,False,False
9504e7a767cf78d2b53d48c7bffe75c518bc671bb724b488c5506ad423805bad,14505014063,6743828427,蚂蚁阿福,cn,5,111,非常不错  很好用,非常不错  很好用,过客v5218,1.1.60,2026-09-03T09:42:47Z,False,itunes_rss_mostRecent,False,False
f0346d4c21faff875cab6d280f4d8e28238e9078be7cf6e03521959eb58049c7,14504774894,6743828427,蚂蚁阿福,cn,5,不错,不错不错不错不错不错不错不错不错不错不错不错不错不错不错不错不错不错不错不错不错不错不错不错,不错不错不错不错不错不错不错不错不错不错不错不错不错不错不错不错不错不错不错不错不错不错不错,打败。马化腾,1.1.60,2026-09-03T07:56:46Z,False,itunes_rss_mostRecent,False,False
030d84aac9e8e86aa0e203f64d636e517b803e93f1f9912e05e17e0e8819d6df,14504644070,6743828427,蚂蚁阿福,cn,3,蔡文姬,汉唐剧作家,汉唐剧作家,陈承标,1.1.60,2026-09-03T06:55:36Z,False,itunes_rss_mostRecent,False,False
66a02cdbbd981a95287642a2b92c530d9460c013d87e3e874e4dc8c2fb753c16,14504523787,6743828427,蚂蚁阿福,cn,3,健康档案修改建议,健康档案里面无法手动添加今日饮食情况，只能拍照添加，和阿福聊天描述今日饮食情况也无法同步到简单档案中。建议优化,健康档案里面无法手动添加今日饮食情况，只能拍照添加，和阿福聊天描述今日饮食情况也无法同步到简单档案中。建议优化,是小蓓了,1.1.60,2026-09-03T05:58:09Z,True,itunes_rss_mostHelpful,False,False
148b6628bd0c9ceeb0d940e67dbaf956c6b3088ecb67d663b3ac43df39316169,14504522521,6743828427,蚂蚁阿福,cn,3,体脂秤数据不能写入 iPhone 健康 app,这对于我们看健康里整体数据非常不好用,这对于我们看健康里整体数据非常不好用,NightLv,1.1.60,2026-09-03T05:57:32Z,False,itunes_rss_mostRecent,False,False
7a2d36f5ccbfd87e0e7df89395bffc800d5d3e0af5c267c4298141f9c8aa2aa0,14504263565,6743828427,蚂蚁阿福,cn,2,心累,早上授权注册后4、5个骚扰电话打进来，这合理么......,早上授权注册后4、5个骚扰电话打进来，这合理么......,感谢托卡耶夫剧不好看,1.1.60,2026-09-03T03:56:09Z,False,itunes_rss_mostRecent,False,False
bc18975e283c9ac4aa59822279ea184b529223abb19969fb6865565784481e69,14503926020,6743828427,蚂蚁阿福,cn,5,先给满分吧,好不好用不知道，也没打算用，只是为了蚂蚁庄园攒亲密度拿小鸡公仔过来的,好不好用不知道，也没打算用，只是为了蚂蚁庄园攒亲密度拿小鸡公仔过来的,官老闆,1.1.60,2026-09-03T01:36:11Z,False,itunes_rss_mostRecent,False,False
0c877a9b5f4c9420f93be1525e630b0aaee091a057db95ab836fed4eb0f9392f,14503854869,6743828427,蚂蚁阿福,cn,1,没办法同步信息到健康就没什么用啊,需要同步信息到健康,需要同步信息到健康,5zzz7832,1.1.60,2026-09-03T01:08:40Z,False,itunes_rss_mostRecent,False,False
c623140e7edb9ed81fad9b13b671951b8e2ae1edb85617cb91d6c298311e7a72,14503795188,6743828427,蚂蚁阿福,cn,1,拒绝捆绑 垃圾软件,垃圾软件 拒绝捆绑,垃圾软件 拒绝捆绑,37，uxjbdjs,1.1.60,2026-09-03T00:45:13Z,False,itunes_rss_mostRecent,False,False
5d13c5bbf8f80396ffb422956c4ecb104c211702f6d92850687034791b945532,14503607752,6743828427,蚂蚁阿福,cn,5,很好,很好很好很好很好👍👍👍👍👍。,很好很好很好很好👍👍👍👍👍。,河边晒太阳😎,1.1.60,2026-09-02T23:30:24Z,False,itunes_rss_mostRecent,False,False
ea7759ab93f7d6d038fd4001a200e46eea3f864e613abe00221c230a9ce0f41e,14502340792,6743828427,蚂蚁阿福,cn,1,没有记性别当医生了好吗？,我真服了，根本记不住我说过什么，每次过来跟傻子似的。不如豆包我说白了我白说了。今天我下午发烧了，我就咨询了一些问题。晚上我想说说我现在的状态咨询东西，阿福已经忘了我的情况了，我真服了，我又得纠正它。到夜里我想吃点东西并且说下我现在身体状态，阿福又忘了我跟它聊过的情况。不是你们到底怎么设计的啊？健忘症不配当医生不知道吗？有毒吧？？？做不好能不能学学豆包？？？我是相信阿福在医疗领域的专业度才用的，我真的想投诉了，能不能先把自己的健忘症治好啊？先给自己看看病吧好吗？？,我真服了，根本记不住我说过什么，每次过来跟傻子似的。不如豆包我说白了我白说了。今天我下午发烧了，我就咨询了一些问题。晚上我想说说我现在的状态咨询东西，阿福已经忘了我的情况了，我真服了，我又得纠正它。到夜里我想吃点东西并且说下我现在身体状态，阿福又忘了我跟它聊过的情况。不是你们到底怎么设计的啊？健忘症不配当医生不知道吗？有毒吧？？？做不好能不能学学豆包？？？我是相信阿福在医疗领域的专业度才用的，我真的想投诉了，能不能先把自己的健忘症治好啊？先给自己看看病吧好吗？？,Ljr120,1.1.60,2026-09-02T16:02:38Z,True,itunes_rss_mostHelpful,False,False
d3b02adc647069bfb295ba48978b91121f9b7193475d06922bf6ad7e1f44b198,14501932394,6743828427,蚂蚁阿福,cn,1,非常难用恶意让用户下载,非常难用，要不是为了蚂蚁庄严，谁想这个鬼东西烦得很，想下的人自然会下，没必要强迫用户来下载,非常难用，要不是为了蚂蚁庄严，谁想这个鬼东西烦得很，想下的人自然会下，没必要强迫用户来下载,你梦中男神,1.1.60,2026-09-02T14:04:18Z,False,itunes_rss_mostRecent,False,False
537c0d74481947dd97083473f01efbd3c7285ecf530d212b855d29ce39453e41,14501392009,6743828427,蚂蚁阿福,cn,1,😊,垃圾捆绑，要不是为了支付宝家园活动，才不下载呢。这样强制有意思吗，单纯打卡每天打卡就行了，还非得下软件？这广告打的，拉爆了！！！！！只能给一颗星，都不能给半颗星,垃圾捆绑，要不是为了支付宝家园活动，才不下载呢。这样强制有意思吗，单纯打卡每天打卡就行了，还非得下软件？这广告打的，拉爆了！！！！！只能给一颗星，都不能给半颗星,懒死了bibibi,1.1.56,2026-09-02T11:23:55Z,False,itunes_rss_mostRecent,False,False
09a6621104a455c7bd74cc330ff2d4cda0dee3230827629dcce37be26c247424,14501070403,6743828427,蚂蚁阿福,cn,5,特别让人感动的软件,真诚无套路，实打实的简单任务,真诚无套路，实打实的简单任务,Dadabebrbe,1.1.56,2026-09-02T09:23:12Z,False,itunes_rss_mostRecent,False,False
6987c7a3a1b0d929d4f7456513ebcf4dbaa8c4349c09fba45f8dc152426b2737,14500688235,6743828427,蚂蚁阿福,cn,5,专业知识,对比一下，这个还是挺专业的，数据分析也明确,对比一下，这个还是挺专业的，数据分析也明确,我的城，我接你下班,1.1.56,2026-09-02T06:31:09Z,True,itunes_rss_mostHelpful,False,False
1d80248ae492c1823afd0f763fdab0e4cbaecb466e14933396e4700a5ce1454d,14500597748,6743828427,蚂蚁阿福,cn,1,真是恶毒的资本推广,去医院工作人员非得让我下载才给排队，资本是太喜欢医疗这块的生意了,去医院工作人员非得让我下载才给排队，资本是太喜欢医疗这块的生意了,hejjsjebd,1.1.56,2026-09-02T05:48:52Z,False,itunes_rss_mostRecent,False,False
34a40c186b12150085e20c3eea3df285cf01c839bdb16ed1d42a89e690669c2e,14500211414,6743828427,蚂蚁阿福,cn,2,垃圾,跟豆包不能比  前后不连贯 不懂得变通  我之前问过的病情再问它就不懂得联系起来   那我建立病例档案干嘛？ 问一句答一句 说话也不严谨  不专业,跟豆包不能比  前后不连贯 不懂得变通  我之前问过的病情再问它就不懂得联系起来   那我建立病例档案干嘛？ 问一句答一句 说话也不严谨  不专业,ukenshiny,1.1.56,2026-09-02T02:56:27Z,False,itunes_rss_mostRecent,False,False
3961d97a3e8515dc868abe6882293113ebabdecc03c9849f7130ecff926bae64,14499127219,6743828427,蚂蚁阿福,cn,1,阿里,到处有你的广告 恶不恶心 有的还关不掉 阿里越来越垃圾,到处有你的广告 恶不恶心 有的还关不掉 阿里越来越垃圾,怕咯看恐龙,1.1.56,2026-09-01T20:01:07Z,False,itunes_rss_mostRecent,False,False
da2496f0bb4ec66c0b59ef7338c9ba716193b74c1ee333530316c84bb0109443,14498348357,6743828427,蚂蚁阿福,cn,2,跟安卓版有很大的差别,"打卡活动的入口是找不到；账号用appleid登录之后没办法改绑其他信息；体脂计的数据点击分析只能分析当天的 其他几天的数据完全分析不到；绑定手环之类的也做不到
总结就是感觉苹果版本的软件是个半成品","打卡活动的入口是找不到；账号用appleid登录之后没办法改绑其他信息；体脂计的数据点击分析只能分析当天的 其他几天的数据完全分析不到；绑定手环之类的也做不到
总结就是感觉苹果版本的软件是个半成品",被阿福气到的人,1.1.56,2026-09-01T15:55:03Z,False,itunes_rss_mostRecent,False,False
52bc428fc0a0cc211c31db2b32339bd7a907dc2c25e77b69238b3a03a470cf73,14498249310,6743828427,蚂蚁阿福,cn,5,日常生活小帮手,不错的一款软件,不错的一款软件,芹菜洗干净—,1.1.56,2026-09-01T15:26:31Z,True,itunes_rss_mostHelpful,False,False
d7c9d9b25303ce02696931add8d53f91292a44e89c65bef6bfcc7eec40a14aeb,14496628264,6743828427,蚂蚁阿福,cn,5,狗见了都摇头,亚嘛dei@,亚嘛dei@,没错就是我@l,1.1.56,2026-09-01T05:55:05Z,False,itunes_rss_mostRecent,False,False
8405ab901062f35bd53d0cc690e6786c7103b2ce5485107731cc09c152dcf592,14496402533,6743828427,蚂蚁阿福,cn,5,好用,好用,好用,好我in case,1.1.56,2026-09-01T04:11:08Z,False,itunes_rss_mostRecent,False,False
cf0419ab9555334ad38b08446eaf581aee7b7a2388ebe4ab4c8965b3e214efbe,14495913243,6743828427,蚂蚁阿福,cn,4,趋势图可以多一些门类,比如蛋白含量、肌肉含量，每一类都应该显示趋势图啊，现在只有体重体脂和bmi。,比如蛋白含量、肌肉含量，每一类都应该显示趋势图啊，现在只有体重体脂和bmi。,Cyurrijfddhjgdd,1.1.56,2026-09-01T00:52:04Z,False,itunes_rss_mostRecent,False,False
03a392b2078c2b1ef9358e2a9016f999f6ee06a6359bd8aaab7171db96cc84c9,14494568740,6743828427,蚂蚁阿福,cn,5,唱唱歌😄,跟哥哥很好很好机会,跟哥哥很好很好机会,复古风ht,1.1.56,2026-08-31T16:50:38Z,False,itunes_rss_mostRecent,False,False
bcc22ababaae8664fa33d00f86fa1673ddc3234e18b04100ae258eab0338c5ec,14494454954,6743828427,蚂蚁阿福,cn,5,蚂蚁APP,非常好用的小软件哦,非常好用的小软件哦,弯弯宝,1.1.56,2026-08-31T16:15:45Z,False,itunes_rss_mostRecent,False,False
ce96515ffce2d9b8a4a1d81d86a5d90d4ed421eadaa632e6117779905b3300b3,14494101849,6743828427,蚂蚁阿福,cn,1,垃圾,真是垃圾，没有历史数据查询入口，只能扫码才能看到数据，然后只能解读也无法使用，没有数据可供解读，垃圾,真是垃圾，没有历史数据查询入口，只能扫码才能看到数据，然后只能解读也无法使用，没有数据可供解读，垃圾,Jerome Hong,1.1.56,2026-08-31T14:32:34Z,False,itunes_rss_mostRecent,False,False
f3aa6353261485e281a2417887991fec3850c4f63370e1d1aaf3b7837ba07054,14493409472,6743828427,蚂蚁阿福,cn,1,虚假活动，盗取信息,有专门营销人员欺骗我，下载之后就可以获得免费香蕉，但我下载了却没有任何反馈说没有这个活动。欺骗我。盗取信息的垃圾App。,有专门营销人员欺骗我，下载之后就可以获得免费香蕉，但我下载了却没有任何反馈说没有这个活动。欺骗我。盗取信息的垃圾App。,三星啦,1.1.56,2026-08-31T10:59:45Z,False,itunes_rss_mostRecent,False,False
45f07b0641b11164e73a1bbfae4b83e7dcdc18ed24695f588f6f5a3797414e48,14493299209,6743828427,蚂蚁阿福,cn,1,纯垃圾的app 别下载 给一星都嫌多,识别不出我是苹果手机？那我是怎么从商店下载app的呢？真逆天了,识别不出我是苹果手机？那我是怎么从商店下载app的呢？真逆天了,富士山下0614,1.1.56,2026-08-31T10:19:10Z,False,itunes_rss_mostRecent,False,False
95e23accc9b05e2c345b1e5aeeebbc9f7db2e56e34b76b635bb2ce724941e997,14493012401,6743828427,蚂蚁阿福,cn,1,避雷,避雷,避雷,有意义oppoppp,1.1.56,2026-08-31T08:22:23Z,False,itunes_rss_mostRecent,False,False
70f64570d1692a60ca9ed7903c7c00672db26937ecebda6af470cf18fd1cde22,14492867310,6743828427,蚂蚁阿福,cn,1,不要推给我,花钱的软件,花钱的软件,1209664085@.,1.1.56,2026-08-31T07:19:21Z,False,itunes_rss_mostRecent,False,False
4defbf44ed866df4a537c14ca1976888123cc7fa2b3bd6d03af7531a71dfd7c8,14492573858,6743828427,蚂蚁阿福,cn,5,很好的软件,越来越来喜欢了,越来越来喜欢了,哎哟喂，我真的急用钱,1.1.56,2026-08-31T05:04:09Z,False,itunes_rss_mostRecent,False,False
bbad3dd6e3de3c66f916b5c009924734f62f7df8ba21ea3dd250a3cdb44f3f54,14492501440,6743828427,蚂蚁阿福,cn,1,骗人,拿有红包放噱头 骗下载 所有任务都完成了 卡bug 不给红包 垃圾 玩不起,拿有红包放噱头 骗下载 所有任务都完成了 卡bug 不给红包 垃圾 玩不起,Aaaaqfnnnb,1.1.56,2026-08-31T04:30:33Z,False,itunes_rss_mostRecent,False,False
2b52f07c1b86ab1415b03a623c548aaf22da834765a41c589386613c299dd1b2,14491889622,6743828427,蚂蚁阿福,cn,5,蚂蚁阿福,方便快捷……专业,方便快捷……专业,✨阿信✨,1.1.56,2026-08-31T00:19:37Z,False,itunes_rss_mostRecent,False,False
9cb125d1025840fe1be0e6e765193c64ef38e8c3c9e3e075152ab547b3aa0993,14490407793,6743828427,蚂蚁阿福,cn,5,专业的医学类app,感谢阿福陪我走过人生中黑暗的时刻，虽然还没有百分之百康复，但是在与焦虑对抗中，你给了我陪伴和专业的建议，让我越来越好！五星推荐！,感谢阿福陪我走过人生中黑暗的时刻，虽然还没有百分之百康复，但是在与焦虑对抗中，你给了我陪伴和专业的建议，让我越来越好！五星推荐！,华丽哩,1.1.56,2026-08-30T15:49:29Z,False,itunes_rss_mostRecent,False,False
ab53e8c13723825793f0d8628bebd5fd6c5c4811df45c1b24a7d4456da0930aa,14488998108,6743828427,蚂蚁阿福,cn,1,烂,烂,烂,她是唯一的救赎,1.1.56,2026-08-30T07:50:44Z,False,itunes_rss_mostRecent,True,False
d8f89ec5e3343c060b4b36dc3fe00ad9a985e2a8c81ac36f82a6cb13913cf72c,14488762153,6743828427,蚂蚁阿福,cn,5,你的朋友又上传了两张好看的照片,希望每一笔绘画的都是光明澄静的未来🌈,希望每一笔绘画的都是光明澄静的未来🌈,吃柠檬2283455,1.1.56,2026-08-30T06:08:36Z,True,itunes_rss_mostHelpful,False,False
748e07841e01e006f932da47e7f34f4ba8ca92e1eb8221535a5e85790bd9d9ae,14488149874,6743828427,蚂蚁阿福,cn,5,蚂蚁阿福,非常好,非常好,大蜜臀🍑🍑,1.1.56,2026-08-30T01:48:37Z,False,itunes_rss_mostRecent,False,False
08435a6374a09ee36c98759f24cf89e3f867a3cbff71658637e9aa1880bf6ead,14486108647,6743828427,蚂蚁阿福,cn,1,玩不起别办，穷搜的,就是这么为难人是吧，扮猪吃老虎，一开始那么简单，后面就想尽办法增加难度扣钱，真服啦,就是这么为难人是吧，扮猪吃老虎，一开始那么简单，后面就想尽办法增加难度扣钱，真服啦,明嘉靖款,1.1.56,2026-08-29T14:03:22Z,False,itunes_rss_mostRecent,False,False
83326895b7b65f372af2e44b73f9a09c8ec4fd784c1f347bbe73e706e5140ef5,14485957700,6743828427,蚂蚁阿福,cn,3,还行吧，不过不在其他App上做广告就行,广告太多了，不要在其他App上做广告,广告太多了，不要在其他App上做广告,我是一个黄瓜人,1.1.56,2026-08-29T13:20:05Z,False,itunes_rss_mostRecent,False,False
67713d436e969930bd267381833b42da8d0e5ab2fcf45502752f0f137958ff0d,14485697633,6743828427,蚂蚁阿福,cn,1,没卵用！,就诊记录一个都查不到。,就诊记录一个都查不到。,听我所听，想我所想,1.1.56,2026-08-29T11:59:01Z,False,itunes_rss_mostRecent,False,False
08d556794342bb17cfe89a88214d497c82afdef71a84773fbce4438d3b69aa58,14485259196,6743828427,蚂蚁阿福,cn,1,拉,拉完了,拉完了,啊对对队,1.1.56,2026-08-29T09:13:01Z,False,itunes_rss_mostRecent,False,False
155f288614c3c519e787518b892e9819689e312379fbd86f714d8ea4581f958a,14484029166,6743828427,蚂蚁阿福,cn,5,实用,这个软件方便简单实用 值得推荐,这个软件方便简单实用 值得推荐,钱途无量金币多多,1.1.56,2026-08-29T00:37:41Z,True,itunes_rss_mostHelpful,False,False
022eca7513037d338ecb3d2f72ce8cc9335d763bcf65bfa45d3ce7141d4b0fc2,14481724750,6743828427,蚂蚁阿福,cn,1,健康数据加载不出,我本人的健康数据经常加载不出来  ，设定的界面想找也找不出来,我本人的健康数据经常加载不出来  ，设定的界面想找也找不出来,陈峰1200,1.1.56,2026-08-28T11:40:25Z,False,itunes_rss_mostRecent,False,False
f7db0b5f6029c8fec164f44063780d1f96683ba980fc4d73f9da6d070e593a38,14481543223,6743828427,蚂蚁阿福,cn,1,蚂蚁阿福是个垃圾软件,没见过这么垃圾的软件，活动玩不起，技术不达标，垃圾至极,没见过这么垃圾的软件，活动玩不起，技术不达标，垃圾至极,实话实说，从不掺假,1.1.56,2026-08-28T10:37:30Z,False,itunes_rss_mostRecent,False,False
82afcb5317e52595d811b23d0c02d2ce68e088a42441a92cd4d787347e452df5,14481117737,6743828427,蚂蚁阿福,cn,1,阿福给的结果无意义,和医生一起看阿福给的结果，专业医生角度评价阿福的结果没有任何意义,和医生一起看阿福给的结果，专业医生角度评价阿福的结果没有任何意义,dj昴,1.1.56,2026-08-28T07:43:22Z,False,itunes_rss_mostRecent,False,False
dbe1f1861fa0c37b0a4bde95d6daff747b96aff48a6072c989998a45d5c72ac8,14480405668,6743828427,蚂蚁阿福,cn,4,没有记忆功能啊？,同一个病，每次都要重新问。很繁琐。快出一个记忆功能吧,同一个病，每次都要重新问。很繁琐。快出一个记忆功能吧,官也,1.1.56,2026-08-28T02:28:48Z,False,itunes_rss_mostRecent,False,False
6776b68c5a285ef188fb0ab7e23b8027493da6a5b48db2c3b821b462f3c5c766,14477521250,6743828427,蚂蚁阿福,cn,5,不错,不错,不错,虾🦐虾仔虾女,1.1.56,2026-08-27T09:48:17Z,False,itunes_rss_mostRecent,False,False
2ac54905c3b4273f99ac2e8d93518643297f706b55a2949761a523aaf2da243b,14476343930,6743828427,蚂蚁阿福,cn,1,诈骗推广,在医院推广的人误导说医院内的自助机器不能用，说下载这个app才能正常的报道候诊，简直丧心病狂,在医院推广的人误导说医院内的自助机器不能用，说下载这个app才能正常的报道候诊，简直丧心病狂,Johnlicc,1.1.50,2026-08-27T01:24:55Z,False,itunes_rss_mostRecent,False,False
347e7a46a78baa860e729eab53c1fe51a2e7e6d3b655890a6a952bb54226d4e2,14473313869,6743828427,蚂蚁阿福,cn,5,不错,方便,方便,恭喜我的小可爱凯旋而归,1.1.50,2026-08-26T07:42:26Z,False,itunes_rss_mostRecent,False,False
757331cb94eac9eec1d84fba8b49273b4b8d7e18d2533d251f1ce08dd6db869c,14472553877,6743828427,蚂蚁阿福,cn,1,辣鸡软件,蚂蚁做不出来产品是有原因的,蚂蚁做不出来产品是有原因的,mmnnjenen,1.1.50,2026-08-26T02:12:53Z,False,itunes_rss_mostRecent,False,False
1e7ec53dca3dc6803cd32e5af1a38f65e621e210945c7c71856dfbff80289b5b,14472469534,6743828427,蚂蚁阿福,cn,1,找不到健康档案,我每天称体重，但是数据想看却找不到，问客服也不知道，真差劲,我每天称体重，但是数据想看却找不到，问客服也不知道，真差劲,茶竹轩,1.1.50,2026-08-26T01:40:39Z,False,itunes_rss_mostRecent,False,False
4e8dcf8aec9f27ac73895034afed6ded55ac221036392533e0eb343b74852883,14472451392,6743828427,蚂蚁阿福,cn,1,评论,差评，查询让你打开支付宝，下载的意义在哪里,差评，查询让你打开支付宝，下载的意义在哪里,我要匿名，傻der,1.1.50,2026-08-26T01:33:45Z,False,itunes_rss_mostRecent,False,False
e151cf14b35f5e704bf87408c8d73f3bcea77fb096461381c9325fd9d7be1f53,14467719708,6743828427,蚂蚁阿福,cn,2,不错,不错,不错,djjenenwskwkee,1.1.50,2026-08-24T20:14:59Z,False,itunes_rss_mostRecent,False,False
86cac9c13a1f63fbeb13630960d41e3a5aa21ea6ed1e42dfb140d86326380a85,14465939115,6743828427,蚂蚁阿福,cn,5,很不错,很不错,很不错,Aaaaddjxndbd,1.1.50,2026-08-24T10:39:34Z,False,itunes_rss_mostRecent,False,False
a81ffacccec7906b2810bf259e0da2d462ecd2dad43d847d5f0c37a2b16fea38,14465548989,6743828427,蚂蚁阿福,cn,5,手机app里少有的优质app,身体有点异常就问一下他.好多时候比医生说得明白.拿的药也问一下他.好专业的阿福,身体有点异常就问一下他.好多时候比医生说得明白.拿的药也问一下他.好专业的阿福,hii t f ghiuuugy,1.1.50,2026-08-24T07:58:05Z,False,itunes_rss_mostRecent,False,False
870ee0145dea6e91d3adf67c820b5d02f89f629dbfe8368b4d02648008c55595,14465545118,6743828427,蚂蚁阿福,cn,1,这玩意根本不靠谱不要下载,大家不要用他的回答不对Ai是智障回答来源根本不可靠，依据它的回答越用越严重，不要在上面看病这玩意害人呢！！！,大家不要用他的回答不对Ai是智障回答来源根本不可靠，依据它的回答越用越严重，不要在上面看病这玩意害人呢！！！,Al软件不行,1.1.50,2026-08-24T07:56:24Z,False,itunes_rss_mostRecent,False,False
7d94cb16940e589564e6c9f4a938acf14824a0fc6558e8693caff5c3f333f2df,14465395827,6743828427,蚂蚁阿福,cn,5,特别好,好,好,菠萝蜜好甜A,1.1.50,2026-08-24T06:50:40Z,False,itunes_rss_mostRecent,True,False
3c313844963ace03279022638a0973faa35f4942343c780126e42cd84bbc1751,14465366772,6743828427,蚂蚁阿福,cn,5,看病方便,非常实用 非常不错 很推荐,非常实用 非常不错 很推荐,hehhw,1.1.50,2026-08-24T06:37:35Z,True,itunes_rss_mostHelpful,False,False
f95e52b2616591a9157246b9e95a49e02e6d3bc17fe05bfe8b153849617ef826,14464678814,6743828427,蚂蚁阿福,cn,1,卸载,逻辑错误，反复纠正，不严谨，记忆颠倒混乱，错误信息错误判断,逻辑错误，反复纠正，不严谨，记忆颠倒混乱，错误信息错误判断,kkkhgvhhvjjjgffcv,1.1.50,2026-08-24T01:38:53Z,True,itunes_rss_mostHelpful,False,False
83d801994415257a04e7d6d87744ab8e4193293d3c845d8f568bdfcf49380ae4,14464294772,6743828427,蚂蚁阿福,cn,5,是不是改名了,原来叫Aq是的是的，原来非常好，现在也不错只要身体有特殊情况就可以问蚂蚁阿福这款软件真的是太棒了，太给力了，谢谢有这样美妙快乐健康的软件,原来叫Aq是的是的，原来非常好，现在也不错只要身体有特殊情况就可以问蚂蚁阿福这款软件真的是太棒了，太给力了，谢谢有这样美妙快乐健康的软件,把vj,1.1.50,2026-08-23T23:02:37Z,True,itunes_rss_mostHelpful,False,False
d1f0bfccb1d53d92768113bbea42d118ec506574336ad9f199b13a3e3397aca7,14464028984,6743828427,蚂蚁阿福,cn,1,具体情况都不看清楚，张嘴就胡诌,第一次用，也是最后一次用！一点也不严谨,第一次用，也是最后一次用！一点也不严谨,呕吐和你都1,1.1.50,2026-08-23T21:15:50Z,True,itunes_rss_mostHelpful,False,False
92d9711cada1afb015f2bb9f042878017230c6679ed5f91f45179536e40ccf17,14463149603,6743828427,蚂蚁阿福,cn,5,体验感很好,每天打卡都很轻松，提现也很好，而且还会给一些减肥的建议，可以测热量什么的，还免费领了体重秤，客服也很细心周到,每天打卡都很轻松，提现也很好，而且还会给一些减肥的建议，可以测热量什么的，还免费领了体重秤，客服也很细心周到,辣鸡京东1,1.1.50,2026-08-23T16:22:14Z,True,itunes_rss_mostHelpful,False,False
f3418d3322c16d017f390df8c7d985ca51545631997ee1ad5e84e837af1110ea,14463016456,6743828427,蚂蚁阿福,cn,5,好用,配合发过来的电子秤挺好用的,配合发过来的电子秤挺好用的,娜娜尼￼,1.1.50,2026-08-23T15:42:52Z,True,itunes_rss_mostHelpful,False,False
22c97bd9b0876dde0550960509cced0bdfbad55673bb0b64ad7da4920f4b6a0c,14461428820,6743828427,蚂蚁阿福,cn,5,没有姨妈期跟踪功能,如题，希望增加姨妈期跟踪和排卵备孕的一些功能,如题，希望增加姨妈期跟踪和排卵备孕的一些功能,蚊子咬一口价钱我,1.1.50,2026-08-23T06:02:12Z,True,itunes_rss_mostHelpful,False,False
1730551c99a777dd5b2cf8f48dc742f7cc6da42b08f809b2a4cd1a39b07c1f59,14461331858,6743828427,蚂蚁阿福,cn,5,好听,好听,好听,这是是是是,1.1.50,2026-08-23T05:17:57Z,True,itunes_rss_mostHelpful,False,False
0a96ca170045b6c9673fa5881720ab91f33cd7e4c6ce18d0d893398b4b70b5f9,14460622963,6743828427,蚂蚁阿福,cn,1,搞不起活动就别骗,蚂蚁惯用的诈骗手段，1分钱虚假宣传，举报走一波。,蚂蚁惯用的诈骗手段，1分钱虚假宣传，举报走一波。,MarkHuoyk,1.1.50,2026-08-23T00:23:12Z,True,itunes_rss_mostHelpful,False,False
2771a9f6e00bfbeadbfc5b66556825201c7830f0d2ec00a44e3c106471440fc6,14460127178,6743828427,蚂蚁阿福,cn,1,小心害死人，我被害的痛风了,我尿酸高，问了蚂蚁阿福建议食谱，跟我说是多吃内脂豆腐补充蛋白质，嘌呤含量低，属于低嘌呤食物。结果吃了几天痛风了，最后才知道内脂豆腐嘌呤是豆腐里最高的。,我尿酸高，问了蚂蚁阿福建议食谱，跟我说是多吃内脂豆腐补充蛋白质，嘌呤含量低，属于低嘌呤食物。结果吃了几天痛风了，最后才知道内脂豆腐嘌呤是豆腐里最高的。,小阳痿,1.1.50,2026-08-22T20:59:30Z,True,itunes_rss_mostHelpful,False,False
dca43975b5e1aac55b25f5c8f7417775a7cdf59f4404ed126341ba8163e3ffc3,14460029132,6743828427,蚂蚁阿福,cn,5,好用,好用,好用,1196542138,1.1.50,2026-08-22T20:22:37Z,True,itunes_rss_mostHelpful,False,False
58f50625e664b6cc2e4b2cf99fc4375ab3284959b1db0e4d634b86162f34b913,14458608111,6743828427,蚂蚁阿福,cn,1,呃,广告特别烦谢谢,广告特别烦谢谢,2minnn,1.1.50,2026-08-22T12:56:07Z,True,itunes_rss_mostHelpful,False,False
ff0522c8d75a59caf183882fec878ca3926c37ef412f0c5d9c510e3f19a3a2a8,14457577736,6743828427,蚂蚁阿福,cn,1,垃圾,垃圾软件 去个医院要看报告说要无纸化，流氓软件强制下载 垃圾,垃圾软件 去个医院要看报告说要无纸化，流氓软件强制下载 垃圾,minda j,1.1.50,2026-08-22T06:09:03Z,True,itunes_rss_mostHelpful,False,False
317495e816c64eca80102966c314edb8fc1449bb13dd4e39e84b5e42b9b168e7,14453975578,6743828427,蚂蚁阿福,cn,1,不好,差劲👎,差劲👎,祎祎公主耶,1.1.50,2026-08-21T08:31:18Z,True,itunes_rss_mostHelpful,False,False
1ef36cb517d191f24890b76364e89780ba952f9d4f2f6045e59413269e244b3d,14452994126,6743828427,蚂蚁阿福,cn,3,冲着减脂下载的,冲着减脂下载的，但是算热量不太准确，同时对比豆包和薄荷健康，还是豆包更加准确。打开体重体脂数据也很慢，要等好久，有时候还要先返回再点进去，数据也不是很直观，虽然有每周/每月的趋势图，但是就几个点，数字也不标注，起伏也很小，啥都看不出来。比较好的一点是药物使用查询相对来说很方便。,冲着减脂下载的，但是算热量不太准确，同时对比豆包和薄荷健康，还是豆包更加准确。打开体重体脂数据也很慢，要等好久，有时候还要先返回再点进去，数据也不是很直观，虽然有每周/每月的趋势图，但是就几个点，数字也不标注，起伏也很小，啥都看不出来。比较好的一点是药物使用查询相对来说很方便。,12345啦啦队,1.1.50,2026-08-21T01:40:49Z,True,itunes_rss_mostHelpful,False,False
d902f2e283bb33568891f8344389ef942a19d0d7be3ebaf754cf898defd91feb,14452710431,6743828427,蚂蚁阿福,cn,1,人工智障,庸医,庸医,唐荒-,1.1.50,2026-08-20T23:51:26Z,True,itunes_rss_mostHelpful,False,False
9548036a732d230c2c9adc6eed2e79f4641f5565ca69b29bdb00704350ba0262,14452627676,6743828427,蚂蚁阿福,cn,5,你的健康来问蚂蚁阿福,细心又让你满意,细心又让你满意,猎狂,1.1.50,2026-08-20T23:18:17Z,True,itunes_rss_mostHelpful,False,False
08a812d38045dda4632a9fe0e0f5cbba90c4d189096ccc989c9a8832c72f0764,14452576732,6743828427,蚂蚁阿福,cn,4,技术不完善，系统问题很多！！！,体验很不好,体验很不好,zhuchw,1.1.50,2026-08-20T22:57:56Z,True,itunes_rss_mostHelpful,False,False
7df55f0d066337ef9aaea1b49075413b6a557448e240cb13273925e185a139f2,14450868345,6743828427,蚂蚁阿福,cn,5,你不来就,不行❌、好想,不行❌、好想,看看具体扣篮,1.1.50,2026-08-20T13:36:20Z,True,itunes_rss_mostHelpful,False,False
0089e006ed25c406364998555a9ed2bc3e04be991b7b7073f3002b5e6e5111c7,14449749503,6743828427,蚂蚁阿福,cn,4,强烈需求针对健康档案内容增加桌面小组件！！,强烈需求针对健康档案内容增加桌面小组件！！,强烈需求针对健康档案内容增加桌面小组件！！,4886255,1.1.50,2026-08-20T06:53:21Z,True,itunes_rss_mostHelpful,False,False
e63467aab7a05ee4f3f5be7d9fe25e8d6f68e308378a3bcd54c80b0f23538917,14449516167,6743828427,蚂蚁阿福,cn,3,强烈建议改进,强烈建议改进每次打开软件都是一个新的对话，此前的对话内容不能继续。对用这个软件的人很多是持续性的医疗问题，比如我的高血脂高血压。完全可以保留一个主对话框，不要每次自动新开对话框，否则每次都要重新传输数据，或者用户自己大量时间花在翻找此前的数据上。医疗智能体的用途就和普通ai不同。产品工程师有没有自己实际使用的？不是今天一个病明天一个病的，没有人天天生新的病,强烈建议改进每次打开软件都是一个新的对话，此前的对话内容不能继续。对用这个软件的人很多是持续性的医疗问题，比如我的高血脂高血压。完全可以保留一个主对话框，不要每次自动新开对话框，否则每次都要重新传输数据，或者用户自己大量时间花在翻找此前的数据上。医疗智能体的用途就和普通ai不同。产品工程师有没有自己实际使用的？不是今天一个病明天一个病的，没有人天天生新的病,eric9900,1.1.50,2026-08-20T05:11:25Z,True,itunes_rss_mostHelpful,False,False
0294c956a4183946054dda9ed9c5be8eebe58c48a95c3836be52583a2355d588,14445589342,6743828427,蚂蚁阿福,cn,1,体重秤不准,体重秤不准,体重秤不准,猪321123,1.1.50,2026-08-19T05:47:57Z,True,itunes_rss_mostHelpful,False,False
280ee42516b90379adbb4baadcec8376e98aa6bde6c044e62bf119ad058bc300,14445491737,6743828427,蚂蚁阿福,cn,5,，,专业水平非常高，还是非常不错的,专业水平非常高，还是非常不错的,裤子是咯图,1.1.50,2026-08-19T05:04:57Z,True,itunes_rss_mostHelpful,False,False
57ce16802b3bb984454de726e141c4b1115772093e1849c63838a8e7effafba1,14445400921,6743828427,蚂蚁阿福,cn,5,阿福,看报告的好专家,看报告的好专家,人家值得666,1.1.50,2026-08-19T04:24:50Z,True,itunes_rss_mostHelpful,False,False
27b4d143756ffd7527cff84858b1c2a997c721f7370e877a90f9d86163a3cf6c,14445102405,6743828427,蚂蚁阿福,cn,5,太好用了,在上面什么健康问题都能帮你解答！,在上面什么健康问题都能帮你解答！,啊门！,1.1.50,2026-08-19T02:23:15Z,True,itunes_rss_mostHelpful,False,False
f82e71d03d4765064fbca39de4ca925c85e99a0a366a538199ebf497e0fd9e50,14441092927,6743828427,蚂蚁阿福,cn,3,病历夹,病历夹麻烦出一个时间检索功能，报告单很多，往下拉真的是拉半天。如果能分类或者标出就更好了,病历夹麻烦出一个时间检索功能，报告单很多，往下拉真的是拉半天。如果能分类或者标出就更好了,，还要输昵称……,1.1.50,2026-08-18T02:22:53Z,True,itunes_rss_mostHelpful,False,False
523a5e4cbdf4a858bb20a7c5a8282159306b3cbfe32e1174b365f9ccf6f34d11,14438399352,6743828427,蚂蚁阿福,cn,1,超级难用,跟体重秤一起用，然后站上去又没法直接读取，必须要找到入口才能进去，反应也很慢,跟体重秤一起用，然后站上去又没法直接读取，必须要找到入口才能进去，反应也很慢,蒹葭仓,1.1.50,2026-08-17T11:24:24Z,True,itunes_rss_mostHelpful,False,False
31984c3060518b81e7e69182c5f2c4ad2050f133c8daeec0eea03a0419f52cc9,14437825881,6743828427,蚂蚁阿福,cn,1,别来,0.01不准体重秤骗局，说红包变成“支付红包”且共花费39.9，要退款就说“支付红包”已经给你了，9.9是运费退不了，最后只能退0.01,0.01不准体重秤骗局，说红包变成“支付红包”且共花费39.9，要退款就说“支付红包”已经给你了，9.9是运费退不了，最后只能退0.01,七1748（o,1.1.50,2026-08-17T07:38:56Z,True,itunes_rss_mostHelpful,False,False
1889ddefe982ec2d1167fb3df262403c24eacb3616fb2629069038107a1e64f7,14437261353,6743828427,蚂蚁阿福,cn,3,身材管理产品功能太烂,不行，你去看看别的体重秤都是怎么做的好吧，就一个年月日的变化曲线，你就不能出一个好看一点的报表数据，列出核心数据，每个月的变化每年的变化,不行，你去看看别的体重秤都是怎么做的好吧，就一个年月日的变化曲线，你就不能出一个好看一点的报表数据，列出核心数据，每个月的变化每年的变化,为了说你丑,1.1.50,2026-08-17T03:33:19Z,True,itunes_rss_mostHelpful,False,False
ec45b15ada5940d65973a6eed3176873c48d494f112e839404a4d4e3a3fc414f,14433387479,6743828427,蚂蚁阿福,cn,1,遇到直接不理就好了 40岁的人了还冒充大学生,别再找人推广了，恶心,别再找人推广了，恶心,🆘，我,1.1.50,2026-08-16T04:24:17Z,True,itunes_rss_mostHelpful,False,False
e75e49a704f7f71f448ad38de1f6a916a4701021e61f5b0e9776fcbd318e607d,14428715290,6743828427,蚂蚁阿福,cn,1,优化打卡活动,打卡活动非常难打卡，要称体重2-3次才能打卡上，几乎每天如此，就没有一次打卡上的,打卡活动非常难打卡，要称体重2-3次才能打卡上，几乎每天如此，就没有一次打卡上的,被我评论的app是真的难用,1.1.50,2026-08-15T00:13:35Z,True,itunes_rss_mostHelpful,False,False
c274578096550e9c1a91dbd22aaa901080f6b43d4154ac74efd48f53a79e55ec,14425181306,6743828427,蚂蚁阿福,cn,2,鱼跃血压仪不能在阿福里同步数据了,按照阿福合作的血压计型号买的血压仪，之前可以，现在死活连不上数据，不能同步。,按照阿福合作的血压计型号买的血压仪，之前可以，现在死活连不上数据，不能同步。,叮当616,1.1.50,2026-08-14T03:30:33Z,True,itunes_rss_mostHelpful,False,False
a23a7522b8a6309b9ecf4463ec93a3d4b0c486daeb4bba31e24d32d4aba4cfee,14422615114,6743828427,蚂蚁阿福,cn,1,太垃圾了,你给他说半天，他一个文字都翻译不过来，什么垃圾东西都弄出来了,你给他说半天，他一个文字都翻译不过来，什么垃圾东西都弄出来了,M67z,1.1.50,2026-08-13T12:59:28Z,True,itunes_rss_mostHelpful,False,False
64be5ca532b361d44609707d9c921221a6a66e22e64eb09187c0c3e273195202,14421510424,6743828427,蚂蚁阿福,cn,3,使用體驗普通,"首先界面混乱，每次弹窗只会重覆显示皮肤测试拍照，

再来，没有长期记忆和重点汇集，什么都想占，缺乏解决问题的方法。最后，解答能力普通，要求它解释中药材和药品有关的问题，都很粗略的回答。

因为介面太烦杂，總是文不對題，直接卸載了。","首先界面混乱，每次弹窗只会重覆显示皮肤测试拍照，

再来，没有长期记忆和重点汇集，什么都想占，缺乏解决问题的方法。最后，解答能力普通，要求它解释中药材和药品有关的问题，都很粗略的回答。

因为介面太烦杂，總是文不對題，直接卸載了。",Sophielin013,1.1.50,2026-08-13T06:12:39Z,True,itunes_rss_mostHelpful,False,False
2c6f8e0f993d3a30bb19236d1e42b183563ce4288ba15eab04ad6ce84f3a9d01,14420476403,6743828427,蚂蚁阿福,cn,1,差劲,差劲，非常差劲,差劲，非常差劲,这一切都没有想象的那么糟,1.1.50,2026-08-12T23:24:31Z,True,itunes_rss_mostHelpful,False,False
9250dfa2ba4c6a9ebf7b3fa80e0b225f7b631efc07b7883b5bd0e3555d958eb3,14420005553,6743828427,蚂蚁阿福,cn,3,夜间模式,夜间模式可以上一上吗？谢谢,夜间模式可以上一上吗？谢谢,BBDY69,1.1.50,2026-08-12T20:26:15Z,True,itunes_rss_mostHelpful,False,False
dcf4f6bd51ad3227d459417fdcc25ef05f4ae6cee4474162516c6fdf8c96f5bd,14418805198,6743828427,蚂蚁阿福,cn,5,阿福是专业且贴心的健康伙伴,"用了几个月阿福，它帮助我管理自己、家人、亲友的健康，十分贴心！尤其在家人出现紧急状况的关键时刻，给予指导意见和解决办法，非常专业，非常及时，非常细致！
当然，阿福偶尔也会有忘记、记混信息的情况，但比起它对我的帮助，这点误差微不足道。感谢阿福的陪伴与帮助，祝你越来越好！","用了几个月阿福，它帮助我管理自己、家人、亲友的健康，十分贴心！尤其在家人出现紧急状况的关键时刻，给予指导意见和解决办法，非常专业，非常及时，非常细致！
当然，阿福偶尔也会有忘记、记混信息的情况，但比起它对我的帮助，这点误差微不足道。感谢阿福的陪伴与帮助，祝你越来越好！",Swallow0713,1.1.50,2026-08-12T14:08:44Z,True,itunes_rss_mostHelpful,False,False
a1a66892ddcfbad2ca17025495195efa288b9124474a8f242b736e458a7e3b6b,14417773444,6743828427,蚂蚁阿福,cn,5,很好用,很好用很方便还免费,很好用很方便还免费,喵小饼干,1.1.50,2026-08-12T08:17:36Z,True,itunes_rss_mostHelpful,False,False
b87ba4b3608f1beb0be807ce36034bc7880c25466af2d6b0ddad6f33efed2653,14417129983,6743828427,蚂蚁阿福,cn,5,体验不错，有记录，对长期病、慢性病、病历史的记录很有用,good,good,笑话真是,1.1.50,2026-08-12T03:44:04Z,True,itunes_rss_mostHelpful,False,False
db44a8812b1fb6f2907b94f9c6a5e204fdfd55e37daeb85f9625d9b46c253ccb,14416516214,6743828427,蚂蚁阿福,cn,1,瞎说八道,延误病情,延误病情,晴天小安,1.1.50,2026-08-11T23:53:54Z,True,itunes_rss_mostHelpful,False,False
90a78f6fb14a6212ff4ab9beb57dd9084bec1e690222a32f1886abeb05ad8956,14416275256,6743828427,蚂蚁阿福,cn,1,数据指标非常不准,同一时间连着称总，数据指标反复变动！！！ 完全不好用,同一时间连着称总，数据指标反复变动！！！ 完全不好用,无无无不好用,1.1.50,2026-08-11T22:19:47Z,True,itunes_rss_mostHelpful,False,False
ed9986593dfc3d5ea50a4dac1ae159d3f1748e385b15dbe0db86b6b419f718a7,14415011243,6743828427,蚂蚁阿福,cn,1,称得一点都不准,体重体脂都不准，同一个时间每次站上去体重都不一样，如果前面有人称过了再上去称体重也不一样，体脂率也不准，体重下降了体脂率还上升了,体重体脂都不准，同一个时间每次站上去体重都不一样，如果前面有人称过了再上去称体重也不一样，体脂率也不准，体重下降了体脂率还上升了,哦呢嘛咪哄，,1.1.50,2026-08-11T15:21:58Z,True,itunes_rss_mostHelpful,False,False
530aeff8975fa39add7ce848e03c91f2a5bd96d8929f5b21238e00bd87863502,14414948756,6743828427,蚂蚁阿福,cn,1,打卡太坑了，规则也不写清楚的,打卡太坑了，规则也不写清楚的,打卡太坑了，规则也不写清楚的,hijjjjsks,1.1.50,2026-08-11T15:04:31Z,True,itunes_rss_mostHelpful,False,False
24cf164a0baba82ae0c58e1b14ca3b70f880977d5ece71ff4f1104a27e88fa10,14414475752,6743828427,蚂蚁阿福,cn,5,不错,方便快捷，有问题可以进行咨询，还可以真人医生问诊,方便快捷，有问题可以进行咨询，还可以真人医生问诊,无—6,1.1.50,2026-08-11T12:52:47Z,True,itunes_rss_mostHelpful,False,False
5d2abaaf1f336e932113b006d3b036f8d704c1eef2931942e01389a11252d0f9,14414112617,6743828427,蚂蚁阿福,cn,2,弱智机器人,一点没有ai的样子，不知道用的什么模型，上一句说完下一句就不知道在说啥了，识别图片也不准,一点没有ai的样子，不知道用的什么模型，上一句说完下一句就不知道在说啥了，识别图片也不准,nichengzhememafan,1.1.50,2026-08-11T10:59:16Z,True,itunes_rss_mostHelpful,False,False
b6c037dc58661b9cecf1b086d47413c89249f3d39c61ba22b701f7fa511300e0,14413959454,6743828427,蚂蚁阿福,cn,1,不好不好不好,一颗星都不想给，减重活动除非你有指定的华为体脂秤和华为健康账号，不然就要花钱买新称才能参加，家里有几个称都不行，不合理，不如京东健康好，最起码京东健康真的0.01就能拿到称，这个蚂蚁阿福还要花钱,一颗星都不想给，减重活动除非你有指定的华为体脂秤和华为健康账号，不然就要花钱买新称才能参加，家里有几个称都不行，不合理，不如京东健康好，最起码京东健康真的0.01就能拿到称，这个蚂蚁阿福还要花钱,欣欣有点钱,1.1.50,2026-08-11T10:05:38Z,True,itunes_rss_mostHelpful,False,False
d556df1a89729a9d4c2730feee823b43bf4bd6eaf5011b7f004441a53dd0a8fb,14411730851,6743828427,蚂蚁阿福,cn,5,很方便,健康问题问啊福，一问就有答案，健康是福，有事就找啊福吧,健康问题问啊福，一问就有答案，健康是福，有事就找啊福吧,肥肉丸子✌️,1.1.38,2026-08-10T19:33:13Z,True,itunes_rss_mostHelpful,False,False
1784f196af2cb599ee8b0dccd58f5db3c429b125d24849e2488c378a3737b04e,14410832761,6743828427,蚂蚁阿福,cn,2,每次点进入都有健康提醒，好烦,为什么不能设置关闭？或者把健康提醒合并到同一个对话里，一堆新对话不限界面累赘？,为什么不能设置关闭？或者把健康提醒合并到同一个对话里，一堆新对话不限界面累赘？,iandxmmd,1.1.38,2026-08-10T14:54:28Z,True,itunes_rss_mostHelpful,False,False
5df44b53d69e725496c353a9af97691c3ee8414064ab703be525842a5711c209,14406962275,6743828427,蚂蚁阿福,cn,3,能不能增加一下同步苹果健康的功能？,能不能把数据同步到苹果健康里面去啊，现在好不方便啊,能不能把数据同步到苹果健康里面去啊，现在好不方便啊,墨魂。。。,1.1.38,2026-08-09T15:09:36Z,True,itunes_rss_mostHelpful,False,False
1cf22160ccb6e588a2b36af4b0b84514a1caed63d844b783fb2a5fb1a098f1bd,14406603376,6743828427,蚂蚁阿福,cn,5,来咯,突然间觉得好,突然间觉得好,吃瓜看你吃,1.1.38,2026-08-09T13:21:36Z,True,itunes_rss_mostHelpful,False,False
e29dd10e64d9f4e07e611bf251b8055fad421edf264400c850a9b5ed82b63e04,14406468878,6743828427,蚂蚁阿福,cn,1,垃圾软件垃圾称,垃圾软件垃圾称，垃圾中的战斗机,垃圾软件垃圾称，垃圾中的战斗机,tiyo，,1.1.38,2026-08-09T12:37:59Z,True,itunes_rss_mostHelpful,False,False
fccd2766156bb8a3bd5ecca0144a7efe7ab6023b639338b7fee761cf992dd981,14404435687,6743828427,蚂蚁阿福,cn,5,希望可以增加字数一旦把两张小说内容填进去就不够了,还有就是，希望可以重命名和编辑对话的标题,还有就是，希望可以重命名和编辑对话的标题,软件测试员1998号,1.1.38,2026-08-08T22:30:09Z,True,itunes_rss_mostHelpful,False,False
a198a073b1663ace245cb91478d571239f0271babf7a8302810d01b0e151dc6e,14403333695,6743828427,蚂蚁阿福,cn,1,同步功能写的一坨,各种同步不成功。还打卡打个毛线,各种同步不成功。还打卡打个毛线,Ddd/dd/,1.1.38,2026-08-08T16:01:04Z,True,itunes_rss_mostHelpful,False,False
6cdd6127bdc2a2f2baeacb087758546ba4d6a1b2db93c868d50ee607f1596c0f,14398823649,6743828427,蚂蚁阿福,cn,1,全是你的广告,刷个视频都不安心,刷个视频都不安心,没有什么可以取得只想表达,1.1.38,2026-08-07T12:50:54Z,True,itunes_rss_mostHelpful,False,False
101085d5ebfc33d217c21645fc4109b781dac97340b7ad66a81d3fce60ad4003,14397882500,6743828427,蚂蚁阿福,cn,1,升级后无法同步睡眠数据了,升级后无法同步华为设备的睡眠数据了,升级后无法同步华为设备的睡眠数据了,evan2884,1.1.38,2026-08-07T06:52:30Z,True,itunes_rss_mostHelpful,False,False
d670631a7bab9cdd15095c1765a4990c6daea1f8cba3bb19a4b434feb568ec18,14397161858,6743828427,蚂蚁阿福,cn,1,纯诈骗，坑人,一顿操作，下载，结果是99.1买的，大家千万别信，好评都是刷的,一顿操作，下载，结果是99.1买的，大家千万别信，好评都是刷的,我是子文0707521,1.1.38,2026-08-07T01:50:20Z,True,itunes_rss_mostHelpful,False,False
fc811216905390af29071cee065177edd35d4244aa365d0d5157d812b5a2d72d,14394871230,6743828427,蚂蚁阿福,cn,1,打卡数据不同步，强行断签,打卡到了最后三天，数据突然不同步，强行断签,打卡到了最后三天，数据突然不同步，强行断签,yiyi0111apple,1.1.38,2026-08-06T12:58:04Z,True,itunes_rss_mostHelpful,False,False
693548f115872f9c722d0df6f3acac19a5a505738794690b97fa15796fe62d16,14393131417,6743828427,蚂蚁阿福,cn,1,Alan,内地的手机为什么下载的是海外版？？,内地的手机为什么下载的是海外版？？,西门眺海,1.1.38,2026-08-06T01:38:19Z,True,itunes_rss_mostHelpful,False,False
b0de423dd7a39244264bb7ed5e3d8856cbf2de0b7066cb01f76cb6017c47e95f,14393085820,6743828427,蚂蚁阿福,cn,1,打卡一亿斤活动到国外旅游就作废了,活动规则写的是仅限中国大陆手机号注册的账号参与，我也确实是大陆手机号，没想到我去国外旅游一天打卡就不计入了，关键我步行的6000步是在大陆内的啊，我只是人下飞机到国外了才再打开阿福打卡，就显示失败，客服说没办法，这不霸王条款吗,活动规则写的是仅限中国大陆手机号注册的账号参与，我也确实是大陆手机号，没想到我去国外旅游一天打卡就不计入了，关键我步行的6000步是在大陆内的啊，我只是人下飞机到国外了才再打开阿福打卡，就显示失败，客服说没办法，这不霸王条款吗,LaionLaion,1.1.38,2026-08-06T01:21:16Z,True,itunes_rss_mostHelpful,False,False
13335d8442092584e6483f6f06c8d27f327c8914c65c1f95aca5389edeefec71,14391754178,6743828427,蚂蚁阿福,cn,5,好用,比狗东健康好用多了，起码活动规则公开透明，没那么多bug,比狗东健康好用多了，起码活动规则公开透明，没那么多bug,七月是只快乐猫,1.1.38,2026-08-05T17:19:32Z,True,itunes_rss_mostHelpful,False,False
849e6c9848e3c183ed8cffa753895b8211b46a5587dfd2560d4d75cd28fd4807,14389809613,6743828427,蚂蚁阿福,cn,1,免费领取体脂秤是个大坑。,免费领取体脂秤是个大坑。,免费领取体脂秤是个大坑。,咚咚强 113,1.1.38,2026-08-05T06:39:21Z,True,itunes_rss_mostHelpful,False,False
1c7894464778d80e883a5b4877547da9e84ba8392531e8957f58361774aeabed,14389641997,6743828427,蚂蚁阿福,cn,1,纯噱头,我是真心为了减脂 下载的 之前就有刷到什么一亿斤减重计划什么的 下下来说可以领体重秤 刚好我也需要 结果发货要十五天 大哥哥 你是真心想要完成这个计划的吗？不要这样安排的意义是什么？你要真心想要减脂的人拿不到这个秤，而不是真正需要这个称的人，他当然愿意等15天啊，对我们这些着急用的，有啥意义？ 虽然是免费送的不该说什么，但是这个活动就很不合理呀。,我是真心为了减脂 下载的 之前就有刷到什么一亿斤减重计划什么的 下下来说可以领体重秤 刚好我也需要 结果发货要十五天 大哥哥 你是真心想要完成这个计划的吗？不要这样安排的意义是什么？你要真心想要减脂的人拿不到这个秤，而不是真正需要这个称的人，他当然愿意等15天啊，对我们这些着急用的，有啥意义？ 虽然是免费送的不该说什么，但是这个活动就很不合理呀。,移动总部,1.1.38,2026-08-05T05:27:55Z,True,itunes_rss_mostHelpful,False,False
54918002ba603c0be2b2d21b998a2da2fcc2355f0ece70d68fd876c1fc6b3e95,14389499244,6743828427,蚂蚁阿福,cn,5,建议加入新功能,建议新增体重管理辅助功能：支持导出历史体重数据，自动生成体重变化趋势曲线，直观呈现体重波动情况，助力用户科学管控体重。,建议新增体重管理辅助功能：支持导出历史体重数据，自动生成体重变化趋势曲线，直观呈现体重波动情况，助力用户科学管控体重。,浅爱他哥,1.1.38,2026-08-05T04:26:42Z,True,itunes_rss_mostHelpful,False,False
702452a010decf63755b9027e830d859a63a36d08fd918b2e2d29cd6e21951f6,14387272017,6743828427,蚂蚁阿福,cn,1,大骗子,大家千万别信！我下载了，按照程序都操作了，但是所有的承诺都没有了，一个体脂秤99元，加上快递费109！这就是宣传的9.9元！！！,大家千万别信！我下载了，按照程序都操作了，但是所有的承诺都没有了，一个体脂秤99元，加上快递费109！这就是宣传的9.9元！！！,三秦118,1.1.38,2026-08-04T15:24:56Z,True,itunes_rss_mostHelpful,False,False
ca0aa411a152c41b906ca1541235caa3228c5c493f95e15c7397c6ca1b809506,14386757148,6743828427,蚂蚁阿福,cn,1,很差,简直就是胡说八道，一下说这个一下说那个，之前发过病历单，然后还在乱说我怎么样怎么样，说得和病历单上的一点也不一样，我nt是0.9，他说我1.3，还有我是2026年6月发给他的，他说我2025年12月发的，真的差得没边了,简直就是胡说八道，一下说这个一下说那个，之前发过病历单，然后还在乱说我怎么样怎么样，说得和病历单上的一点也不一样，我nt是0.9，他说我1.3，还有我是2026年6月发给他的，他说我2025年12月发的，真的差得没边了,游戏很垃圾，祝你早日破产,1.1.38,2026-08-04T13:00:35Z,True,itunes_rss_mostHelpful,False,False
2fed0833773954286dd138d93dce80ac7000fc7a4d734bdaec05953e0b684a4c,14385657163,6743828427,蚂蚁阿福,cn,1,减肥还要拉新人？？？,你搞减肥活动拿钱那就好好搞，非要最后几天拉新人？？？哪来的那么多新人？哪来那么多精力关注那么多活动？能搞就搞，搞不起别玩啊？产品经理pdd来的？pdd也没你过分,你搞减肥活动拿钱那就好好搞，非要最后几天拉新人？？？哪来的那么多新人？哪来那么多精力关注那么多活动？能搞就搞，搞不起别玩啊？产品经理pdd来的？pdd也没你过分,小若提马,1.1.38,2026-08-04T06:13:41Z,True,itunes_rss_mostHelpful,False,False
cb74696ebad3d176938da1b3697cd45e11f9d304b197c5f150dc2c0eebbe0b9d,14383078190,6743828427,蚂蚁阿福,cn,1,步数打卡数据清零,我7.27开始进行6000步数打卡挑战，但是今天8.3号显示第一天打卡，目前排查了一下是8.1和8.2的步数没有获取到，但是我很确定8.1和8.2完成步数后，我特地进入打卡页面显示的是完成，目前我的苹果健康上的步数从7.27到8.3都是6000步以上，希望能快点解决这个bug ，打卡人心态都崩了,我7.27开始进行6000步数打卡挑战，但是今天8.3号显示第一天打卡，目前排查了一下是8.1和8.2的步数没有获取到，但是我很确定8.1和8.2完成步数后，我特地进入打卡页面显示的是完成，目前我的苹果健康上的步数从7.27到8.3都是6000步以上，希望能快点解决这个bug ，打卡人心态都崩了,ShayleeQ,1.1.38,2026-08-03T15:06:25Z,True,itunes_rss_mostHelpful,False,False
e2b0940153219ab02d388283d1fa1b210145c3c3164c67c4cf08c354024959a2,14381418048,6743828427,蚂蚁阿福,cn,5,很好的医疗库软件,希望越做越好,希望越做越好,创意比较足,1.1.38,2026-08-03T05:26:25Z,True,itunes_rss_mostHelpful,False,False
481e85e892ea3f4af14c0137f7cbc3fd13179faaf74a4b853032cd2cd118e105,14378794066,6743828427,蚂蚁阿福,cn,3,建议健康数据写入苹果健康,历史很多体重数据都在苹果健康里，现在的体脂秤不写入健康里，搞得不想用了……而且阿福里的体重数据，一周或一个月的看不到这周这个月所有的数据，坐标轴也看不出啥，本来一天也就变那么一点点，只能一天一天翻，很麻烦,历史很多体重数据都在苹果健康里，现在的体脂秤不写入健康里，搞得不想用了……而且阿福里的体重数据，一周或一个月的看不到这周这个月所有的数据，坐标轴也看不出啥，本来一天也就变那么一点点，只能一天一天翻，很麻烦,bear050462,1.1.38,2026-08-02T14:04:03Z,True,itunes_rss_mostHelpful,False,False
92a5309799d56fa4b4b2441a3314a619bb0343e6bbc1985e41ccdc8fa8d52a20,14378298084,6743828427,蚂蚁阿福,cn,1,无语不好用,不好用,不好用,受热的包子,1.1.38,2026-08-02T11:27:03Z,True,itunes_rss_mostHelpful,False,False
f8601bb72114aedc28e19fab8b399bf08d594e612ed91845f279b73fb4f9adca,14375388591,6743828427,蚂蚁阿福,cn,1,垃圾,垃圾,垃圾,达到打教结合,1.1.38,2026-08-01T16:51:54Z,True,itunes_rss_mostHelpful,False,False
d7e11fabd75641c8e9a5f37c22ec88003c5909c70c275a73e314a5b87f038c86,14373234034,6743828427,蚂蚁阿福,cn,1,体重板块的产品经理仿佛不用体重秤,"纵轴从0开始，且体重变化非常不直观，体重作为普通人的主要使用入口，该板块如果一直不优化，等热度一过蚂蚁阿福又是一枚弃子。

难用到1星都嫌多。","纵轴从0开始，且体重变化非常不直观，体重作为普通人的主要使用入口，该板块如果一直不优化，等热度一过蚂蚁阿福又是一枚弃子。

难用到1星都嫌多。",呵呵哒idea,1.1.38,2026-08-01T04:26:38Z,True,itunes_rss_mostHelpful,False,False
fe95fa36917f234e95d5b16f34e3626ef2133e9823f65d080998f348705cb96c,14372892251,6743828427,蚂蚁阿福,cn,1,好垃圾,好垃圾到处打广告，烦都烦死,好垃圾到处打广告，烦都烦死,鸽168,1.1.38,2026-08-01T02:14:26Z,True,itunes_rss_mostHelpful,False,False
45ca6b63e095a17772b49ebe5936cc6a25d0e97f47f2115e9a6ec9a9870dde59,14372686966,6743828427,蚂蚁阿福,cn,5,张明月,爱你爱你,爱你爱你,明明子🍋,1.1.38,2026-08-01T00:59:07Z,True,itunes_rss_mostHelpful,False,False
65327ceb23d344bc6a2249a869881b4ac367e1a0f70bdfe747b0f6566faaecc3,14370294823,6743828427,蚂蚁阿福,cn,4,手表和软件里面的步数很难同步,而且相差很多，手表已经7000+了，支付宝里面也5000多步了，阿福里面还不到3000，希望尽早优化一下,而且相差很多，手表已经7000+了，支付宝里面也5000多步了，阿福里面还不到3000，希望尽早优化一下,我是你爹 250,1.1.38,2026-07-31T11:58:02Z,True,itunes_rss_mostHelpful,False,False
a9d7cdc08d00159e67c5e694414fa53340f489141ca68e8780cfd80f83cbfb03,14369010570,6743828427,蚂蚁阿福,cn,1,难用,睡眠打卡这么久了不知道升级一下的，小米数据每次都要几个小时才能上传过来。,睡眠打卡这么久了不知道升级一下的，小米数据每次都要几个小时才能上传过来。,OKk@¥,1.1.38,2026-07-31T03:34:13Z,True,itunes_rss_mostHelpful,False,False
69635c05783a5b18a19609d5d5f067f51dfeae2f68f3820f892bf2ef01a94d97,14366388500,6743828427,蚂蚁阿福,cn,3,健康档案问题,想记录饮食，但只能通过拍照或者图片上传，并没有文字输入功能，希望能改进，包括运动记录添加等功能,想记录饮食，但只能通过拍照或者图片上传，并没有文字输入功能，希望能改进，包括运动记录添加等功能,Nicky Kang,1.1.36,2026-07-30T12:52:18Z,True,itunes_rss_mostHelpful,False,False
183673228a0b4b1d00e04f9eae8dacb0361c5073ef8dc0b8c2b9233ecb6525a3,14365744509,6743828427,蚂蚁阿福,cn,1,功能界面太垃圾,想对比下历史体重都没办法，麻烦参考下别人家的，净整些花里胡哨的东西，功能一大堆，没有一项做的简洁大方的,想对比下历史体重都没办法，麻烦参考下别人家的，净整些花里胡哨的东西，功能一大堆，没有一项做的简洁大方的,长安奔奔ESTAR,1.1.36,2026-07-30T09:07:11Z,True,itunes_rss_mostHelpful,False,False
77043ab571b7f4fe4aa5976c997af884c00dc597e0d3129550b5f90718b9c8d5,14365716001,6743828427,蚂蚁阿福,cn,4,可以增加一项置顶对话的功能吗,"因为有的对话是比较完整的，每次
新建对话去说就很麻烦，虽然说有记忆，但是还是不健全，所以可以有置顶功能吗？","因为有的对话是比较完整的，每次
新建对话去说就很麻烦，虽然说有记忆，但是还是不健全，所以可以有置顶功能吗？",Naheya🤍,1.1.36,2026-07-30T08:55:51Z,True,itunes_rss_mostHelpful,False,False
6a3e40c702d7b7839bf2d4c5862c1912c100ee1fe5132e00b231fc890df75e0a,14364532540,6743828427,蚂蚁阿福,cn,1,纯废物，耽误病情,总共就咨询了三种情况，三种情况病症全被耽误，开头说小问题，结果按它建议越治越严重，然后就开始甩锅说你咋不去医院，必须去医院，到了医院人家说时间太久，病灶都扎根，早点来就好。,总共就咨询了三种情况，三种情况病症全被耽误，开头说小问题，结果按它建议越治越严重，然后就开始甩锅说你咋不去医院，必须去医院，到了医院人家说时间太久，病灶都扎根，早点来就好。,真红祭,1.1.36,2026-07-30T00:58:54Z,True,itunes_rss_mostHelpful,False,False
9a153523c2d3a61932a840753025a23f79146cf97ef61a5b113191ea15eb072c,14364336070,6743828427,蚂蚁阿福,cn,5,Congratulations,挺好的,挺好的,_chocolate_lhb,1.1.36,2026-07-29T23:42:53Z,True,itunes_rss_mostHelpful,False,False
eb977f1a7699461b19a652ae969e58f8782c39470a48a9d9681c78f372704b15,14362251984,6743828427,蚂蚁阿福,cn,1,没一点用的大模型,医学微调，但是没用，继承了大模型揣测人思维的解答方式，虽然本身deconder就必然是猜测，然后还有预测漂移和幻觉，简而言之，不给详细信息，就乱猜，给详细信息了，你希望是什么病，他就报什么病,医学微调，但是没用，继承了大模型揣测人思维的解答方式，虽然本身deconder就必然是猜测，然后还有预测漂移和幻觉，简而言之，不给详细信息，就乱猜，给详细信息了，你希望是什么病，他就报什么病,dhwidj,1.1.36,2026-07-29T12:24:59Z,True,itunes_rss_mostHelpful,False,False
0818d96b3ca2b317d16aff5ddecb01ae50c4f2c211643b36198711a1464bbcc3,14360646646,6743828427,蚂蚁阿福,cn,3,哪位大聪明更新的相册功能呀,哪位大聪明更新的相册功能呀？版本更新完之后要滑很久才能找到一系列历史照片最底部的添加按钮，添加完之后又要一路从相册底部滑动到相册最顶部找到“刚刚”添加的图片，真的是方便极了,哪位大聪明更新的相册功能呀？版本更新完之后要滑很久才能找到一系列历史照片最底部的添加按钮，添加完之后又要一路从相册底部滑动到相册最顶部找到“刚刚”添加的图片，真的是方便极了,又要起昵称了，想不了一点,1.1.36,2026-07-29T01:54:16Z,True,itunes_rss_mostHelpful,False,False
7ae7d38fa7aa0e25240141cada3a546b8219719a245d2d3cb90fadd53ecda41b,14360350609,6743828427,蚂蚁阿福,cn,1,世界等级什么,垃圾软件，各种弹窗，想让我下载,垃圾软件，各种弹窗，想让我下载,学校没怎么,1.1.36,2026-07-29T00:03:36Z,True,itunes_rss_mostHelpful,False,False
c88e941a7126f03c6ee1b9f0185f32d78ed643d68c68bfd10739060b81fcdab1,14357820690,6743828427,蚂蚁阿福,cn,5,好,好,好,好了👌！好了👍,1.1.36,2026-07-28T10:17:57Z,True,itunes_rss_mostHelpful,True,False
8be1329a387daa770c741331227cb6f1549a1bcbca5bb5aab526e52eb37252a8,14357438466,6743828427,蚂蚁阿福,cn,5,科普好帮手,这个ai真的很好，第一就是帮助读懂体检报告，还有一些小毛小病，例如一些皮肤上发的小疹子可以先拍照预查一下，有些直接买点药膏就能解决，还有去医院开的药也可以通过这个了解一下等等，真的是个健康好辅助工具。,这个ai真的很好，第一就是帮助读懂体检报告，还有一些小毛小病，例如一些皮肤上发的小疹子可以先拍照预查一下，有些直接买点药膏就能解决，还有去医院开的药也可以通过这个了解一下等等，真的是个健康好辅助工具。,gghjbvddymvf“b,1.1.36,2026-07-28T07:45:37Z,True,itunes_rss_mostHelpful,False,False
5b3744cd389bff23cf9cd3e26cb16535ced956bd2eb0d8cf66230e591a9d5c1b,14357294710,6743828427,蚂蚁阿福,cn,1,辣鸡,辣鸡的不行 搞个秤的活动 结果根本绑定不了 不能返现 找客服也是推三阻四的根本不能解决问题 最后我说要退货退款也不同意 一直拒绝 售后根本不认真处理问题 机器人一样 客服也是机器人一样 有真人存在吗？,辣鸡的不行 搞个秤的活动 结果根本绑定不了 不能返现 找客服也是推三阻四的根本不能解决问题 最后我说要退货退款也不同意 一直拒绝 售后根本不认真处理问题 机器人一样 客服也是机器人一样 有真人存在吗？,卷心菜1227,1.1.36,2026-07-28T06:45:10Z,True,itunes_rss_mostHelpful,False,False
3ef69cbe3ad4b2bd2735c4fda0e74f1efa2771610e00c01761c2a6ddbbe3c44e,14357248160,6743828427,蚂蚁阿福,cn,5,大医院的手续都能在手机中搞定了,坐标杭州，前阵子去三甲医院看病，不管是挂号、检查报告还是开药，都能在阿福中搞定了，真的是太方便了，并且有什么疑问医生不耐烦回答的还可以直接问阿福，感觉回答的内容和医生说的差不多了,坐标杭州，前阵子去三甲医院看病，不管是挂号、检查报告还是开药，都能在阿福中搞定了，真的是太方便了，并且有什么疑问医生不耐烦回答的还可以直接问阿福，感觉回答的内容和医生说的差不多了,陈诗中,1.1.36,2026-07-28T06:25:40Z,True,itunes_rss_mostHelpful,False,False
3c94fa5a7574171a9c9592f2d9a2f41998dbbb59e6fc8ddc02e240742654c5e4,14357050635,6743828427,蚂蚁阿福,cn,3,总显示语音服务异常,总显示语音服务异常,总显示语音服务异常,Dolphintai,1.1.36,2026-07-28T05:01:17Z,True,itunes_rss_mostHelpful,False,False
234b8ad319a9bf9c3d1773de621813619732bf6e77de4b7a3c5f7a74d0bb19da,14356460091,6743828427,蚂蚁阿福,cn,5,阿福很准哦,肚子痛问一下阿福，真的是吃坏肚子了。网上买的酸奶运输中变质了。阿福救我狗命,肚子痛问一下阿福，真的是吃坏肚子了。网上买的酸奶运输中变质了。阿福救我狗命,：：_）《《～》,1.1.30,2026-07-28T01:11:52Z,True,itunes_rss_mostHelpful,False,False
53a740d83679168187f01b1be42b2724a3a99994d14d2f3cc17dccb6debc730f,14354361345,6743828427,蚂蚁阿福,cn,5,客服满分,客服很到位，功能上线很快，建议预热。打卡活动很可以，以后会一直使用体脂秤,客服很到位，功能上线很快，建议预热。打卡活动很可以，以后会一直使用体脂秤,西柚维权,1.1.30,2026-07-27T13:38:32Z,True,itunes_rss_mostHelpful,False,False
a54debb8c5ec1875b28e3fb9423c93cae0cb6aa1b1db46c4aa650f4c97a604b2,14353877055,6743828427,蚂蚁阿福,cn,4,感觉出个功能把数据导给苹果健康,1,1,asagehbgehb173638836,1.1.30,2026-07-27T11:04:35Z,True,itunes_rss_mostHelpful,True,False
2a07b75e195f84c8ff5ceff21d8d789a2b7879925ea87129e5d2c3a030d94062,14351984570,6743828427,蚂蚁阿福,cn,1,垃圾,垃圾。。。。,垃圾。。。。,大叔说我是个很有钱的人,1.1.30,2026-07-26T22:18:23Z,True,itunes_rss_mostHelpful,False,False
eb93219a98a9f868b46df8c5fde5ddc3f766eb717bd9670f9c4a8f6dd1010486,14349900745,6743828427,蚂蚁阿福,cn,1,垃圾软件,浪费内存下它，还套路人下载领1分钱体脂秤，结果运费9.9，笑死了。,浪费内存下它，还套路人下载领1分钱体脂秤，结果运费9.9，笑死了。,不好的阿福,1.1.30,2026-07-26T10:57:50Z,True,itunes_rss_mostHelpful,False,False
fdeecaf4043bdd61fa95bc896abe7b4b5c46b33c0f60f82405667af6cebdbefd,14349690264,6743828427,蚂蚁阿福,cn,1,骗子软件虚假宣传骗下载,用奖金骗着下载进去全是些完不成的任务,用奖金骗着下载进去全是些完不成的任务,我是你的大东哥呀,1.1.30,2026-07-26T09:35:08Z,True,itunes_rss_mostHelpful,False,False
cb45f4c9e1f3c5e1cc6eb0d3f273934cf4aa59f57bb638c958054268386cb240,14349130105,6743828427,蚂蚁阿福,cn,1,骗人的，真没想到支付宝也开始玩这种套路了,什么0.1拿电子称，下载好了进软件登录了然后就开始要运费了，呵呵真搞笑送不起就别送！,什么0.1拿电子称，下载好了进软件登录了然后就开始要运费了，呵呵真搞笑送不起就别送！,骗人的软件。垃圾蚂蚁阿福,1.1.30,2026-07-26T05:41:30Z,True,itunes_rss_mostHelpful,False,False
2cdf39279cea839be1976475c4f1469d5c146f5b684b36c1d6398bf969514916,14348786954,6743828427,蚂蚁阿福,cn,3,摄像头窥探隐私,拍照上传的报告里特意把姓名年龄等关键信息隐藏，但跟阿富对话的信息里，他仍然知道年龄性别等关键数据，严重怀疑摄像头窥探隐私,拍照上传的报告里特意把姓名年龄等关键信息隐藏，但跟阿富对话的信息里，他仍然知道年龄性别等关键数据，严重怀疑摄像头窥探隐私,钟山隐士,1.1.30,2026-07-26T03:16:30Z,True,itunes_rss_mostHelpful,False,False
538d9cf95a2f9b0c3ad59fa7db3eb99901f1723acb3fe1f164da26d49a424e19,14348572512,6743828427,蚂蚁阿福,cn,2,家庭成员数据管理,绑定的体脂秤竟然不能自动管理多个人的体重数据，太垃圾了，需要赶紧升级,绑定的体脂秤竟然不能自动管理多个人的体重数据，太垃圾了，需要赶紧升级,vungjoe,1.1.30,2026-07-26T01:52:36Z,True,itunes_rss_mostHelpful,False,False
965d246aa34ed98f00cb9a420083bd422545f426d06875df94cfa17e5a17f69a,14348528301,6743828427,蚂蚁阿福,cn,1,推广诈骗,差点意思，吃相太难看了,差点意思，吃相太难看了,推广诈骗,1.1.30,2026-07-26T01:35:28Z,True,itunes_rss_mostHelpful,False,False
9c7cfa16007177f3fbf95c6eece56ec758dd3a92fafe6e8a77d712224d76e549,14347636126,6743828427,蚂蚁阿福,cn,1,1,消息一点不准不好用,消息一点不准不好用,，vcpi k h g,1.1.30,2026-07-25T19:39:27Z,True,itunes_rss_mostHelpful,False,False
ad2203198c2c53d34912e4e8a0deab58c064acf027baa87b93ad293520efa864,14347025566,6743828427,蚂蚁阿福,cn,3,体重管理的功能不全,没有日历样可以直接看到每天多重，要一次次的往下翻，很不直观。希望能设置当前体重和目标体重还有多大差距的提醒，还有身高和身体围度的记录,没有日历样可以直接看到每天多重，要一次次的往下翻，很不直观。希望能设置当前体重和目标体重还有多大差距的提醒，还有身高和身体围度的记录,lan425..,1.1.30,2026-07-25T16:16:46Z,True,itunes_rss_mostHelpful,False,False
78d00dd2ef14c74e926b8c94679e93fabe819d581c192a2fd99e53028961ca96,14344889557,6743828427,蚂蚁阿福,cn,1,气死我了,每次大街上都有一堆神人追着我们要给我们下载这个蚂蚁阿福，不给他们下载，就说求求我们说什么大学生毕业，要么就是大学生创业，然后不给他们输入支付密码就在后面骂人,每次大街上都有一堆神人追着我们要给我们下载这个蚂蚁阿福，不给他们下载，就说求求我们说什么大学生毕业，要么就是大学生创业，然后不给他们输入支付密码就在后面骂人,ciyvkygkyfky,1.1.30,2026-07-25T03:19:05Z,True,itunes_rss_mostHelpful,False,False
a63fc2aa59be8727366fa826b30985b75c3b3ce08702f25fdd94edaf8efb53cb,14344813365,6743828427,蚂蚁阿福,cn,5,好用,平时有一些健康问题 需要咨询的都会来找阿福 真的很好用,平时有一些健康问题 需要咨询的都会来找阿福 真的很好用,136hsi妮,1.1.30,2026-07-25T02:49:06Z,True,itunes_rss_mostHelpful,False,False
ef20ae094dbfd2be3a7aab58b787afc7edb14f7615bdc08c0572736a975a33d1,14344644735,6743828427,蚂蚁阿福,cn,1,骗人的,说好的一分钱买体脂秤，结果需要付100多，缺钱缺疯了,说好的一分钱买体脂秤，结果需要付100多，缺钱缺疯了,马云阿里小,1.1.30,2026-07-25T01:44:15Z,True,itunes_rss_mostHelpful,False,False
a22e8ecad6e8021922e76209933091dda712856b79b44df8be7152f2ea7e2157,14342612578,6743828427,蚂蚁阿福,cn,1,最卡的健康ai类软件,没用过这么卡的，发一句语音10秒都没有识别不了，每发一句删一次再发一次，甚至我反馈都卡起不能上传，我的网没问题。卡卡卡💔,没用过这么卡的，发一句语音10秒都没有识别不了，每发一句删一次再发一次，甚至我反馈都卡起不能上传，我的网没问题。卡卡卡💔,对就是来骂软件的,1.1.30,2026-07-24T14:03:59Z,True,itunes_rss_mostHelpful,False,False
ed85060cb86a302c61480ad7fbcdf6e74b9ad981fc2ab456a899ef55b0561ffe,14341096639,6743828427,蚂蚁阿福,cn,1,体重趋势不明显,垃圾软件，体重数据折线图的刻度都调不了，这么基础的功能都没办法实现,垃圾软件，体重数据折线图的刻度都调不了，这么基础的功能都没办法实现,华东走到华南,1.1.30,2026-07-24T04:42:43Z,True,itunes_rss_mostHelpful,False,False
0f8dba4c39b20d66924d594e7c2619b9c4e05500feeef67cbafda6939386b3be,14337184934,6743828427,蚂蚁阿福,cn,1,杭州市妇保志愿者营销下载的,本来只是在市妇保打个报告 被志愿者营销下载了这个软件 感觉是披着志愿者衣服的销售,本来只是在市妇保打个报告 被志愿者营销下载了这个软件 感觉是披着志愿者衣服的销售,sisisisigj,1.1.30,2026-07-23T05:43:58Z,True,itunes_rss_mostHelpful,False,False
a1a3bca2189f6873169d0153fd80e171bc339b7d426fe429751a822bf31ee0eb,14337168249,6743828427,蚂蚁阿福,cn,5,我的阿福就是这样的好呀,当然啦必须滴嘛,当然啦必须滴嘛,双宝👏完美😍,1.1.30,2026-07-23T05:36:58Z,True,itunes_rss_mostHelpful,False,False
6b1dffc469a78d092cad60562c7539a02af181784f0a40152fa870c26e3b0a52,14337124031,6743828427,蚂蚁阿福,cn,1,麻烦,麻烦的要死，又是商业噱头,麻烦的要死，又是商业噱头,wpmjdgmgd,1.1.30,2026-07-23T05:18:09Z,True,itunes_rss_mostHelpful,False,False
ce10db70dc4709ce56f6e8dd2a3cf328cfbc22e98a48e08b5e6bfb0b91042375,14336585170,6743828427,蚂蚁阿福,cn,1,骗人下载,说是0.1元领体脂称。结果下载之后要付9.9的运费。,说是0.1元领体脂称。结果下载之后要付9.9的运费。,无限可能是你在我,1.1.30,2026-07-23T01:48:17Z,True,itunes_rss_mostHelpful,False,False
ab4b67d01a6c7978cf300106d61df76408398c12f71522d798b7b60f0e4fce06,14336083362,6743828427,蚂蚁阿福,cn,1,让下载,让我下载一分钱领体重秤，结果89块钱。骗人,让我下载一分钱领体重秤，结果89块钱。骗人,广告太多123789,1.1.30,2026-07-22T22:34:13Z,True,itunes_rss_mostHelpful,False,False
a6c23f2d26ff13c46df5f88bb5ff10e111d80454bd97b292ef59418b09338c36,14333540589,6743828427,蚂蚁阿福,cn,1,更新不好用,更新之后饮食记录不上，仅分析不保存，建议增加文字增加饮食，不能准时记录,更新之后饮食记录不上，仅分析不保存，建议增加文字增加饮食，不能准时记录,短笼包,1.1.30,2026-07-22T08:35:05Z,True,itunes_rss_mostHelpful,False,False
37eeeaf0acd5e848cf8f4db9e05fd1d02d7b2547d61453056bd4126d72bff1c9,14333116045,6743828427,蚂蚁阿福,cn,1,辣鸡,太辣鸡了,太辣鸡了,垃圾广告垃圾,1.1.30,2026-07-22T05:34:14Z,True,itunes_rss_mostHelpful,False,False
99d0a30a86b61ea550bf757f6bf79080086f03909af7b23eabb8b86ecfcda1eb,14329976998,6743828427,蚂蚁阿福,cn,1,假假假,诈骗软件,诈骗软件,诈骗犯的主人,1.1.30,2026-07-21T11:35:17Z,True,itunes_rss_mostHelpful,False,False
77b9620886301b1113cd0d3952c2704efbb2bccc22c5e56f9c15e6733e90cb62,14328238960,6743828427,蚂蚁阿福,cn,5,中医,希望后续能开发扫描中医药方就能让患者知晓药方主治、属性、配伍、剂量是否合理等信息的功能。,希望后续能开发扫描中医药方就能让患者知晓药方主治、属性、配伍、剂量是否合理等信息的功能。,gwck,1.1.30,2026-07-21T00:01:42Z,True,itunes_rss_mostHelpful,False,False
fd7d81e0b74858a6ec7a3686cbe8088ba55913d95c2d6bccaa24069e9eebed2e,14327225980,6743828427,蚂蚁阿福,cn,1,破软件,问一次病失忆一次，每次都得到对话里面找，有时候忘记点对话过去它就啥也不知道了，再点过去又得重新问。,问一次病失忆一次，每次都得到对话里面找，有时候忘记点对话过去它就啥也不知道了，再点过去又得重新问。,li木子1,1.1.30,2026-07-20T17:54:35Z,True,itunes_rss_mostHelpful,False,False
78cd0d715e45f9f20924a5c65852570f4988a7a163ad0d12e9cd76052d55dd64,14326482445,6743828427,蚂蚁阿福,cn,1,垃圾软件,数据坐标的上下限不能自适应也不能手动调整，写这个程序的工程师是小学生吗？,数据坐标的上下限不能自适应也不能手动调整，写这个程序的工程师是小学生吗？,蚂蚁的爸爸,1.1.30,2026-07-20T14:12:20Z,True,itunes_rss_mostHelpful,False,False
6ba294dee39a4a4fdb8d35d87deeb7a9287d2777f7279766e37ccfb9aac9b7db,14325992340,6743828427,蚂蚁阿福,cn,1,虚假0.01买称骗下载,宣传的0.01买称，下载上以后，以各种原因推卸说是不符合要求条件,宣传的0.01买称，下载上以后，以各种原因推卸说是不符合要求条件,阿福10086,1.1.30,2026-07-20T11:40:53Z,True,itunes_rss_mostHelpful,False,False
0fe23560601fc7de41405d25e83a6927142248106df0a89901fc33295163fe20,14325953175,6743828427,蚂蚁阿福,cn,3,功能不完善,无法查询聊天记录，储存信息不智能，如记录餐食，只提供图片途径识别，不支持手动输入，图片识别有误沟通更正后无法直接进行记录,无法查询聊天记录，储存信息不智能，如记录餐食，只提供图片途径识别，不支持手动输入，图片识别有误沟通更正后无法直接进行记录,月海流歌,1.1.30,2026-07-20T11:27:13Z,True,itunes_rss_mostHelpful,False,False
b9ae044f8f33b4a926b7d7498e525c04448685806b3c1d01c4cbc05cde69a3c1,14323222708,6743828427,蚂蚁阿福,cn,3,忘情牛肉面,老板给我来碗忘情牛肉面，不放眼泪，不放痛，放忘情汤，我要忘掉你曾经所有味道，从此爱恨随意飘摇,老板给我来碗忘情牛肉面，不放眼泪，不放痛，放忘情汤，我要忘掉你曾经所有味道，从此爱恨随意飘摇,我的世界晧宸￼,1.1.30,2026-07-19T17:36:34Z,True,itunes_rss_mostHelpful,False,False
e995ff2c618f7653c192a99d61ab3337b4e8bdc00381ba6a422662e701c49fa7,14320479001,6743828427,蚂蚁阿福,cn,1,诈骗软件,👎,👎,GOC探员,1.1.30,2026-07-19T01:34:37Z,True,itunes_rss_mostHelpful,True,False
4b19977a0f34aef4229dd9f28cf84f3767d31f4423a15d6f6328e48a474de075,14320365479,6743828427,蚂蚁阿福,cn,1,体重等数据无法同步到苹果健康,只能读取苹果健康数据，不能写入,只能读取苹果健康数据，不能写入,咖啡喝起来,1.1.30,2026-07-19T00:50:34Z,True,itunes_rss_mostHelpful,False,False
fe49cbf708c233e52ce40b08c4826d963a323ad8d659c335412bb3f8076ae903,14318071068,6743828427,蚂蚁阿福,cn,1,健康小目标统计一塌糊涂,餐食读取很不准，消耗热量基本不能统计，很偶尔才统计一次,餐食读取很不准，消耗热量基本不能统计，很偶尔才统计一次,ttmmss,1.1.30,2026-07-18T12:09:31Z,True,itunes_rss_mostHelpful,False,False
25eacd74aaefa2fd8e9ea9beeff2e82b705d9606894bd28d2a08fd16929c5a25,14316701467,6743828427,蚂蚁阿福,cn,3,不能多端登录,有手机端和iPad端，但是又不支持同时登录，这也太不人性了吧。。。豆包元宝之类都能支持三端登录呢。。。,有手机端和iPad端，但是又不支持同时登录，这也太不人性了吧。。。豆包元宝之类都能支持三端登录呢。。。,陆大仙要评论,1.1.30,2026-07-18T03:05:32Z,True,itunes_rss_mostHelpful,False,False
7b6504b05c6b02ef6952877f527b2b7dc73e3e0d2927c58ff0981cae8a2f2768,14313139627,6743828427,蚂蚁阿福,cn,1,吓得我把余额宝的钱全取出来了,这水平还是别强行搞AI了，蚂蚁挺牛的干一个死一个,这水平还是别强行搞AI了，蚂蚁挺牛的干一个死一个,乐色乐色txxx,1.1.30,2026-07-17T06:36:07Z,True,itunes_rss_mostHelpful,False,False
ee16b73387b62f05bf46e94ef7f2d56d62f9fc834b1a5dacbe1047bbed6519f0,14313125542,6743828427,蚂蚁阿福,cn,1,办不起活动就别办,感觉很坑，1期大伙最积极，瓜分却是最少的,感觉很坑，1期大伙最积极，瓜分却是最少的,zxnfc,1.1.30,2026-07-17T06:30:14Z,True,itunes_rss_mostHelpful,False,False
20443f824765990e741b94eef71742298916e4e1dd26caf08ec761252872e149,14312689736,6743828427,蚂蚁阿福,cn,1,功能设计的太差了，非常乱,想记饮食只能找到档案入口然后拍照，文字输入不行，而且改不了时间和识别的物品；拍皮肤又要找另一个入口，而且每次都忘记上次的事；每一个功能都散开分布超级麻烦,想记饮食只能找到档案入口然后拍照，文字输入不行，而且改不了时间和识别的物品；拍皮肤又要找另一个入口，而且每次都忘记上次的事；每一个功能都散开分布超级麻烦,小企鹅大师,1.1.30,2026-07-17T03:30:31Z,True,itunes_rss_mostHelpful,False,False
1f3c217956a5ef43a2e101a9cf4498d003c1dfd37b66627d6d74ad93072a778f,14312325894,6743828427,蚂蚁阿福,cn,1,垃圾软件老是偷偷在后台,一晚上自己在后台两小时 耗了27的电！该关的都关了还是这么耗电！,一晚上自己在后台两小时 耗了27的电！该关的都关了还是这么耗电！,miaoooooooo,1.1.30,2026-07-17T01:15:19Z,True,itunes_rss_mostHelpful,False,False
2b00dcdb6b677c10a909dd1c8a00f77f9862e9ab471323d614d11716be3c0ccf,14309615195,6743828427,蚂蚁阿福,cn,5,全科专家，健康好助手！,经过几个月的检验结论：！,经过几个月的检验结论：！,alex／dyy,1.1.30,2026-07-16T10:13:40Z,True,itunes_rss_mostHelpful,False,False
3d9eabb6e3eeb69b3029b02a6f905b326e4100512caca17552582e7d068f3221,14304306273,6743828427,蚂蚁阿福,cn,1,新版本不停闪退！,你们真的测试了么？新版本不停闪退！另外，饮食记录为什么只能拍照不能手动输入？加入手动输入很难么？识别率垃圾的要命，水煮蛋都多次识别不出来？我真是一星都不想给！,你们真的测试了么？新版本不停闪退！另外，饮食记录为什么只能拍照不能手动输入？加入手动输入很难么？识别率垃圾的要命，水煮蛋都多次识别不出来？我真是一星都不想给！,TinyCheny,1.1.30,2026-07-15T01:37:01Z,True,itunes_rss_mostHelpful,False,False
22f37d709f8e9e515f8d313f762f1da11e55eaa3370d4cb0d29d78605e6a5300,14304249768,6743828427,蚂蚁阿福,cn,3,阅读功能听起来很吓人,不知道为什么一直不更新这个问题，就是上一段与下一段阅读时候不仅没有任何暂停，反而联结动物更紧，如果不看文字光听的话，很容易有歧义。,不知道为什么一直不更新这个问题，就是上一段与下一段阅读时候不仅没有任何暂停，反而联结动物更紧，如果不看文字光听的话，很容易有歧义。,高堂明镜悲白发，朝如青丝暮成雪,1.1.30,2026-07-15T01:15:40Z,True,itunes_rss_mostHelpful,False,False
2632773e963326d72ff2e2a8951c4a9611f385885dc539e5260ac3aefa724a4f,14302472494,6743828427,蚂蚁阿福,cn,1,加入体重公斤转换斤吧,体重秤没有设置单位设置，看习惯了斤,体重秤没有设置单位设置，看习惯了斤,STeins Jredy,1.1.30,2026-07-14T15:11:32Z,True,itunes_rss_mostHelpful,False,False
78ba932ecb3ef07694a197f4248c069dcc70edf614686c59f0c12885c3e78ac2,14302235631,6743828427,蚂蚁阿福,cn,4,能不能完善一下药箱的功能,"能不能完善一下药箱的功能，比如
1.把它放在侧边栏更容易找到的地方
2.药箱能不能自定义分类，或者ai智能分类
3.能不能把药箱和智能体结合在一起，当我问“我有点感冒”的时候，能不能让阿福推荐我吃我的药箱里记录的药品","能不能完善一下药箱的功能，比如
1.把它放在侧边栏更容易找到的地方
2.药箱能不能自定义分类，或者ai智能分类
3.能不能把药箱和智能体结合在一起，当我问“我有点感冒”的时候，能不能让阿福推荐我吃我的药箱里记录的药品",小一*^^*,1.1.30,2026-07-14T14:05:28Z,True,itunes_rss_mostHelpful,False,False
740357f3f07f85bac9d8938cebc1ca037176d12f2ccb188a6e8137bcff31c889,14301758966,6743828427,蚂蚁阿福,cn,1,间歇性失忆非常垃圾,间歇性失忆,间歇性失忆,bala7251,1.1.30,2026-07-14T11:41:59Z,True,itunes_rss_mostHelpful,False,False
2e4a1fc35d50b498867a6af47fe3f48d0ea08f23c38bd506808d6c91490623a3,14301370561,6743828427,蚂蚁阿福,cn,1,垃圾广告,差评,差评,我的昵称改成什么时候可以,1.1.30,2026-07-14T09:16:10Z,True,itunes_rss_mostHelpful,False,False
b9033eb0ec09ea99c09bbe47ad26c73ac997940d6c2158593895648ddd3066e2,14301178344,6743828427,蚂蚁阿福,cn,1,阿福就是个综合体,这种东西一搞又是下一个美团，医疗数据都被他们知道了,这种东西一搞又是下一个美团，医疗数据都被他们知道了,851651381,1.1.30,2026-07-14T07:55:18Z,True,itunes_rss_mostHelpful,False,False
fc817e602efc8eef3dc5604ae25f3bdc2a090c426e3bc886bae076db95e6d6ed,14300181747,6743828427,蚂蚁阿福,cn,1,坑人软件,强制单位下载，还要拉人下载,强制单位下载，还要拉人下载,腾讯看一眼,1.1.26,2026-07-14T01:05:10Z,True,itunes_rss_mostHelpful,False,False
bceff2b821d41892cb61843b048152d8283c89830204a3adec0c5a2e4b4850ab,14300169861,6743828427,蚂蚁阿福,cn,1,诈骗软件,诈骗软件,诈骗软件,你是2国就是你,1.1.26,2026-07-14T01:00:43Z,True,itunes_rss_mostHelpful,False,False
ec34131fb0ba6a1b4036bd1ad38df14ef6ec6b7cc0b7e6ecadb3790d7c73e649,14295117275,6743828427,蚂蚁阿福,cn,5,阿福挺值得信赖,阿福值得信赖，你只要把身高体重年龄性别及检查单越详细他回来得跟精确,阿福值得信赖，你只要把身高体重年龄性别及检查单越详细他回来得跟精确,Joiash,1.1.26,2026-07-12T18:29:41Z,True,itunes_rss_mostHelpful,False,False
8e575b953df455eeb31da9781c6d8ccf0dbfe2afb7fcaddcc80ba866d1a06fbf,14294045718,6743828427,蚂蚁阿福,cn,2,数据不能同步苹果健康,苹果健康的数据可以同步给你 你的数据不能给苹果健康 你也太霸道了吧？,苹果健康的数据可以同步给你 你的数据不能给苹果健康 你也太霸道了吧？,uiuiuiiui,1.1.26,2026-07-12T13:03:50Z,True,itunes_rss_mostHelpful,False,False
8bc6f6bc7efe0ddfe91e6d0660e15716e34985084fccff8052a16cc96a04b4cd,14293921725,6743828427,蚂蚁阿福,cn,5,可以,好,好,上岸x j t,1.1.26,2026-07-12T12:23:50Z,True,itunes_rss_mostHelpful,True,False
0e8694b2695dce43e27d46e281a8c070dfbdae61f2d868af78772873982a8c3d,14292687629,6743828427,蚂蚁阿福,cn,1,垃圾,垃圾软件,垃圾软件,可爱的娜酱,1.1.26,2026-07-12T04:05:28Z,True,itunes_rss_mostHelpful,False,False
7a26cdd348038c2d008c7918afe1eb123a6c9c27ba6fc5f64d172c13589a5eab,14292046457,6743828427,蚂蚁阿福,cn,1,人工智障而已,就是个人工智障。随便提个什么问题都是叫你去找医生 它什么问题都弄不出来,就是个人工智障。随便提个什么问题都是叫你去找医生 它什么问题都弄不出来,高班晨,1.1.26,2026-07-12T00:02:34Z,True,itunes_rss_mostHelpful,False,False
da972c3f4b63bf5f5662352db961eb483b6e73bc0533fb0f41275c97a0d8222d,14290003101,6743828427,蚂蚁阿福,cn,1,功能没特点，广告一大堆,消息关都关不掉,消息关都关不掉,吃虾吧,1.1.26,2026-07-11T12:45:33Z,True,itunes_rss_mostHelpful,False,False
38991d348f029f9d0ff423a6152ddab801949e67b06a33b128e3e250180d8234,14288064089,6743828427,蚂蚁阿福,cn,2,AI分析严重错误,这款体脂称主打AI分帮助减肥，但从读取数据，返回结果到数据分析，都有严重错误，就算连续在同一对话内分析，都可以每日犯同一个错，每次指正后没有改善，底层逻辑混乱,这款体脂称主打AI分帮助减肥，但从读取数据，返回结果到数据分析，都有严重错误，就算连续在同一对话内分析，都可以每日犯同一个错，每次指正后没有改善，底层逻辑混乱,yui0v0,1.1.26,2026-07-11T00:09:15Z,True,itunes_rss_mostHelpful,False,False
4fe53c30a6656c296ab3b5162124168af25263d761206777734ed20852527aea,14284982205,6743828427,蚂蚁阿福,cn,1,活动造假,体重称打卡第三天 链接成功 打卡一直显示未打卡,体重称打卡第三天 链接成功 打卡一直显示未打卡,他们在收集个人信息,1.1.26,2026-07-10T06:32:42Z,True,itunes_rss_mostHelpful,False,False
8b5ddac309709e732d23eff5f32af396493db01b9f44865e7f76560f02b89f81,14284495009,6743828427,蚂蚁阿福,cn,2,越来越差,先开始还好，还会安抚情绪 ，提供医疗专业方面的建议，可以提供挂号链接，后来越来越差，蚂蚁阿福早晚下架。,先开始还好，还会安抚情绪 ，提供医疗专业方面的建议，可以提供挂号链接，后来越来越差，蚂蚁阿福早晚下架。,dhdudhfjf,1.1.26,2026-07-10T03:07:39Z,True,itunes_rss_mostHelpful,False,False
3de911fa8b8c1caaf11c2a9588b11b83274b699277a46eeb2e511b84505d1689,14281203668,6743828427,蚂蚁阿福,cn,1,卡到死,最卡的产品没有之一。引流方式也很ugly,最卡的产品没有之一。引流方式也很ugly,熹奥多,1.1.26,2026-07-09T08:36:50Z,True,itunes_rss_mostHelpful,False,False
cf9bda7444c9388dd0e4e147d883d9b3798956890cd91eee4b7a16619868531f,14274431738,6743828427,蚂蚁阿福,cn,1,太拉了,什么一分钱送体脂秤？根本没有死骗子,什么一分钱送体脂秤？根本没有死骗子,CC7870,1.1.26,2026-07-07T15:25:59Z,True,itunes_rss_mostHelpful,False,False
4f493c7b4633b2d8a0b048bbb03388257d5ab93903882690850bbed7501a3bd3,14273868177,6743828427,蚂蚁阿福,cn,3,不要在百度旗下产品投广告了,不要在百度旗下产品投广告了，拉低了自己的品味，太烦百度的了。当年淘宝都不和百度混，如今怎么这么没骨气,不要在百度旗下产品投广告了，拉低了自己的品味，太烦百度的了。当年淘宝都不和百度混，如今怎么这么没骨气,铁叔叔,1.1.26,2026-07-07T12:44:36Z,True,itunes_rss_mostHelpful,False,False
1ae38ce10f8664d105fd2a93e236c87f8f8270cf610c38968a6b1e9791bbdf5f,14273292462,6743828427,蚂蚁阿福,cn,1,必须拉人头才能新建档案,想给家人建一个档案记录数据，必须家人再下一个软件注册后扫分享码才可以建立新档案。这不就是强制拉新吗？想替家人咨询都不行，数据都是我的提问全都乱了。,想给家人建一个档案记录数据，必须家人再下一个软件注册后扫分享码才可以建立新档案。这不就是强制拉新吗？想替家人咨询都不行，数据都是我的提问全都乱了。,Szy。,1.1.26,2026-07-07T09:19:57Z,True,itunes_rss_mostHelpful,False,False
d29c2ad8e202252fc584d90b114f984e6db053edc5177d3760c564d705b060e4,14272706852,6743828427,蚂蚁阿福,cn,2,升级后无法上传照片，老死机,升级后无法上传照片，老死机,升级后无法上传照片，老死机,Jascarmo,1.1.26,2026-07-07T05:05:42Z,True,itunes_rss_mostHelpful,False,False
9a1fb30ae25e8631dac1fc94d7d5296c47f991dcada990dbba34bf557161eff3,14270004162,6743828427,蚂蚁阿福,cn,1,你骗你吗呢,你骗你吗呢,你骗你吗呢,聆缘聆聆聆,1.1.26,2026-07-06T13:34:45Z,True,itunes_rss_mostHelpful,False,False
d44569ee2738f8c8e5b0ba6d4e3f3553bca32aed4fac4864bd85fb2b132b8b88,14269498389,6743828427,蚂蚁阿福,cn,1,不知道你在联合学校在搞什么推广，地铁上就拦着叫别人帮忙下载，把手机抢过去下就是,无语无语无语无语差评差评差评差评,无语无语无语无语差评差评差评差评,。fdshhf,1.1.26,2026-07-06T10:49:18Z,True,itunes_rss_mostHelpful,False,False
13adff22eab3eda8346bf8755d2fec3f88b856e185dbc4337f463764c169e983,14265246631,6743828427,蚂蚁阿福,cn,1,……,感觉就是活动骗人下载注册的，下载了券啥都没有，真的是很垃圾啦,感觉就是活动骗人下载注册的，下载了券啥都没有，真的是很垃圾啦,阿巴阿巴阿巴阿巴kkk,1.1.26,2026-07-05T09:02:34Z,True,itunes_rss_mostHelpful,False,False
a5c9fcffb42f74f73591c29a8be1ae38179f3b4e73b639662a10953b0858a5c6,14262828759,6743828427,蚂蚁阿福,cn,1,骗人下载,很难用，非常不智能,很难用，非常不智能,XPZDL1,1.1.26,2026-07-04T17:06:00Z,True,itunes_rss_mostHelpful,False,False
4bfbbcd994ece0f4799b7bed1bf80ba44030adcfd86adf65fd7066509ff64372,14262467114,6743828427,蚂蚁阿福,cn,1,难用，超级难用,超级难用,超级难用,一小部分的我,1.1.26,2026-07-04T15:19:04Z,True,itunes_rss_mostHelpful,False,False
6f32ff26ca0562f3aa166a5d24e8643d49f59333fb023cdeabbc4fb649da1311,14258078803,6743828427,蚂蚁阿福,cn,5,看报告,有了这款软件，可以看懂化验报告了。,有了这款软件，可以看懂化验报告了。,懂你的人AI,1.1.26,2026-07-03T14:02:28Z,True,itunes_rss_mostHelpful,False,False
f75bc4a43a6f6a09bf2483d20aca21b5c500870b69be20723e1a8690c8f67978,14257443518,6743828427,蚂蚁阿福,cn,1,骗人下载,秤并不是一分钱 连返现都没有,秤并不是一分钱 连返现都没有,angelTu,1.1.26,2026-07-03T10:50:20Z,True,itunes_rss_mostHelpful,False,False
072e96d6c442d5042df387febc08cd063cf5049ef348faccf342de10cb02a810,14256765633,6743828427,蚂蚁阿福,cn,2,过犹不及,投放广告可以 不要让人强制点进去好吗 让人反感,投放广告可以 不要让人强制点进去好吗 让人反感,荔枝🧩,1.1.26,2026-07-03T06:21:42Z,True,itunes_rss_mostHelpful,False,False
1181e63e813bdc0a66caff11dffabb0a7b179ea7f4e00cf1a983ff9d8626a419,14255785410,6743828427,蚂蚁阿福,cn,4,趋势图标尺,标尺能不能小一点，扩大下变化趋势,标尺能不能小一点，扩大下变化趋势,一位发疯的表姐,1.1.26,2026-07-03T00:09:51Z,True,itunes_rss_mostHelpful,False,False
4544da0407d9f5dcb24e3484f2fdcc26c899d0e68c36edebd02ad7c66af30974,14253453282,6743828427,蚂蚁阿福,cn,1,什么东西,找高校联合推广的意义和在马上期末周了，制作商你要怎样 是不是有毛病,找高校联合推广的意义和在马上期末周了，制作商你要怎样 是不是有毛病,粉色h山楂,1.1.26,2026-07-02T12:06:56Z,True,itunes_rss_mostHelpful,False,False
41812d6eaee7f5ed948cc3be749ae3ce38a4ba93eb587534dcf8b5b7c8a10cda,14252805238,6743828427,蚂蚁阿福,cn,1,要绑支付宝才能使用,上新没多久的软件没用几次要绑支付宝才能使用了 虽然都是阿里旗下 就是让人不舒服,上新没多久的软件没用几次要绑支付宝才能使用了 虽然都是阿里旗下 就是让人不舒服,*匿名用户2025,1.1.26,2026-07-02T08:16:03Z,True,itunes_rss_mostHelpful,False,False
0c8f2d20034db223c24cb50a7fdd2b8cc8a722fe4341fb7284581255e08b62bb,14252798838,6743828427,蚂蚁阿福,cn,4,整体不错，但苹果健康数据写入类别不全,我用了蚂蚁阿福定制的智能体质秤，但是使用之后发现体脂率这个关键的指标蚂蚁阿福竟然没有写入苹果健康的权限，也就是说根本就没有这项数据，那么体脂秤，它的体脂率这项数据的意义是什么呢？我建议开发者尽快把这个提示率以及其他缺失的数据尽快补全，在之后的更新中，让用户可以把提示率通过气质上的数据直接同步到苹果健康中，谢谢。,我用了蚂蚁阿福定制的智能体质秤，但是使用之后发现体脂率这个关键的指标蚂蚁阿福竟然没有写入苹果健康的权限，也就是说根本就没有这项数据，那么体脂秤，它的体脂率这项数据的意义是什么呢？我建议开发者尽快把这个提示率以及其他缺失的数据尽快补全，在之后的更新中，让用户可以把提示率通过气质上的数据直接同步到苹果健康中，谢谢。,e19-420,1.1.26,2026-07-02T08:13:27Z,True,itunes_rss_mostHelpful,False,False
2365027f49a251d004ff9cf304de1f7085fd1aeb7eb50e5a0f51e0f10aeaff98,14252136636,6743828427,蚂蚁阿福,cn,2,健康管理功能很难用,作为一个健康管理为主要诉求的用户表示这根本不是一个具备上线基本要求的产品。具体原因是智能化不够智能的情况下没有做好兜底功能设计。以健康小目标这个他们在推的主要功能来说，添加目标以及添加目标中的任务只能通过对话完成，但是对话是别的质量很差，不能支持在现有目标上追加任务，反复生成同样名字的小目标，初步体验是浪费时间，加油吧,作为一个健康管理为主要诉求的用户表示这根本不是一个具备上线基本要求的产品。具体原因是智能化不够智能的情况下没有做好兜底功能设计。以健康小目标这个他们在推的主要功能来说，添加目标以及添加目标中的任务只能通过对话完成，但是对话是别的质量很差，不能支持在现有目标上追加任务，反复生成同样名字的小目标，初步体验是浪费时间，加油吧,吐槽君886,1.1.26,2026-07-02T03:46:59Z,True,itunes_rss_mostHelpful,False,False
f8fcdabb5d4ecb8434503613bd5c2fb9fc39106cd04ebded65e25c605363c5e6,14251857333,6743828427,蚂蚁阿福,cn,3,还有很大的改进空间！,都不知道你们是怎么做身材管理-身体趋势这个页面的，我想查看这周的体重变化情况，你倒好每个大格数值相差62斤，普通人锻炼一个礼拜变化能有个1-2斤了不起了吧？结果就是在你们的图表界面上根本看不出任何的体重变化趋势，完全就是一条直线！晚上睡眠心率监测数据也很离谱，给我记成120了，和苹果表记录的数据完全不符,都不知道你们是怎么做身材管理-身体趋势这个页面的，我想查看这周的体重变化情况，你倒好每个大格数值相差62斤，普通人锻炼一个礼拜变化能有个1-2斤了不起了吧？结果就是在你们的图表界面上根本看不出任何的体重变化趋势，完全就是一条直线！晚上睡眠心率监测数据也很离谱，给我记成120了，和苹果表记录的数据完全不符,黑•灰•白,1.1.26,2026-07-02T02:05:28Z,True,itunes_rss_mostHelpful,False,False
4dfe975c4442f17e73cbb026530424f687f8ed9c6b572663da43879bea7467cb,14251602703,6743828427,蚂蚁阿福,cn,5,简直了！,非常好用，孕期特别能缓解焦虑，推荐爸妈也用上了，再也不用担心父母乱吃乱买了,非常好用，孕期特别能缓解焦虑，推荐爸妈也用上了，再也不用担心父母乱吃乱买了,bunny不吃鱼,1.1.26,2026-07-02T00:33:31Z,True,itunes_rss_mostHelpful,False,False
23c4f1957752ed15fcbc697adca85f6af2ebc8e4e89a7f59999927f09ad95291,14249746962,6743828427,蚂蚁阿福,cn,2,不好用,Ai很笨,Ai很笨,Exileeeeeee,1.1.26,2026-07-01T14:37:09Z,True,itunes_rss_mostHelpful,False,False
ed7c053da162a2ddaea0183dae46df5ca2f9dff29ce9e147518a7216581d462b,14249152206,6743828427,蚂蚁阿福,cn,1,连不上称,刚用了一次，蓝牙就连不上了。,刚用了一次，蓝牙就连不上了。,苏妍,1.1.26,2026-07-01T11:50:57Z,True,itunes_rss_mostHelpful,False,False
9c7f507173ae755a89b3f1b9993e24f68a7533c8b8de4926e7bb9fb352b6c452,14248703247,6743828427,蚂蚁阿福,cn,1,只能读数据不能成为数据源,单方面读健康里的数据，无法将蚂蚁阿福的数据同步至健康里！,单方面读健康里的数据，无法将蚂蚁阿福的数据同步至健康里！,know 好哦耶,1.1.26,2026-07-01T09:15:02Z,True,itunes_rss_mostHelpful,False,False
939eedd5a96cd69b1c3d96f6e0570efc06a955d0a195461852c7ca40f92315a2,14248072058,6743828427,蚂蚁阿福,cn,1,产品经理脑子有问题,三岁孩子建档必须要她扫码，他有手机吗？孩子连称个体重都记录不了。,三岁孩子建档必须要她扫码，他有手机吗？孩子连称个体重都记录不了。,脉动是条狗,1.1.26,2026-07-01T05:05:31Z,True,itunes_rss_mostHelpful,False,False
6395702e2c8ab472a77fb84510dec6888c90a464e853ea8e2337f1fc200b77f4,14247332792,6743828427,蚂蚁阿福,cn,2,说话卡顿,说话卡顿，一句话不一定就在哪断句了。特别奇怪，而且有时候问的问题，他不能连贯回答，之前我说的，它就给忘了。用着不太顺手,说话卡顿，一句话不一定就在哪断句了。特别奇怪，而且有时候问的问题，他不能连贯回答，之前我说的，它就给忘了。用着不太顺手,妮妮8566,1.1.26,2026-07-01T00:41:54Z,True,itunes_rss_mostHelpful,False,False
03438f3c026230d7b9cf52d6dd4af8a11efd95bcd775526eaca3e24f89ec5972,14246845427,6743828427,蚂蚁阿福,cn,1,蓝牙失效,鱼跃血压计连接后然后又说没有数据，体脂秤连上一次再没法刷新数据，界面别扭，不好用,鱼跃血压计连接后然后又说没有数据，体脂秤连上一次再没法刷新数据，界面别扭，不好用,Bing1234,1.1.26,2026-06-30T21:47:21Z,True,itunes_rss_mostHelpful,False,False
789231480e9e74f54e6fc3fac6850334a85ad54d2b9dc62cc2f29b61b7e88b90,14245905656,6743828427,蚂蚁阿福,cn,3,一有更新版本即使不更新也傻了,"本来很聪明的，之前健康问题都能说到点儿上，但是别有更新版本，一旦出现更新，即使自己没有进行软件更新，他也不记得之前聊过的内容了，对于一些长期使用像我这样每天监测睡眠、血糖、体重，每天使用的需要连贯性的人来说非常非常不友好。只适合偶尔哪里不舒服随便问一下，希望这方面进行改进。
这次更新更完了，看图片让他帮我对比两个医疗健康设备，结果内容看反了，两个医院开的单子也看反，两个食物哪个更适合我还不如我自己对比的准确，根本没有按照我的实际情况推荐…感觉阿福已经老年痴呆了。记忆力差，哪怕想追问也没法，找聊天记录里的一些内容只能一点点的向上滑，没有检索功能…","本来很聪明的，之前健康问题都能说到点儿上，但是别有更新版本，一旦出现更新，即使自己没有进行软件更新，他也不记得之前聊过的内容了，对于一些长期使用像我这样每天监测睡眠、血糖、体重，每天使用的需要连贯性的人来说非常非常不友好。只适合偶尔哪里不舒服随便问一下，希望这方面进行改进。
这次更新更完了，看图片让他帮我对比两个医疗健康设备，结果内容看反了，两个医院开的单子也看反，两个食物哪个更适合我还不如我自己对比的准确，根本没有按照我的实际情况推荐…感觉阿福已经老年痴呆了。记忆力差，哪怕想追问也没法，找聊天记录里的一些内容只能一点点的向上滑，没有检索功能…",铭钔兔兔,1.1.26,2026-06-30T16:51:34Z,True,itunes_rss_mostHelpful,False,False
684b24e6ab88ec4817582101e8a6ce0750e106d4eb10795cd1319454dcdf0e68,14245309753,6743828427,蚂蚁阿福,cn,1,权限健康数据连接问题,购买了你们的沃莱科技联名体脂秤，把我原来的小米贴纸上替换下去了，但是使用几天发现这个提示测量的数据无法写入苹果健康，结果发现你们压根没有请求写入的权限，只请求了获取各种数据的权限。这样子的话，我就没办法把我的相关测量数据同步到苹果健康了。这么看我要么用回原来的体脂秤，要么就没办法把数据统一在苹果健康上。所以需要你们能把测量的我的数据同步到苹果健康上。否则就只能放弃你们了。,购买了你们的沃莱科技联名体脂秤，把我原来的小米贴纸上替换下去了，但是使用几天发现这个提示测量的数据无法写入苹果健康，结果发现你们压根没有请求写入的权限，只请求了获取各种数据的权限。这样子的话，我就没办法把我的相关测量数据同步到苹果健康了。这么看我要么用回原来的体脂秤，要么就没办法把数据统一在苹果健康上。所以需要你们能把测量的我的数据同步到苹果健康上。否则就只能放弃你们了。,嗯嗯呢～,1.1.26,2026-06-30T14:16:09Z,True,itunes_rss_mostHelpful,False,False
419d2afcfabbe4fa2b61ea0f60eb688360f5470b3d677f912081a5daa5953c32,14243357426,6743828427,蚂蚁阿福,cn,5,佳明,能不能绑定佳明海外账户，用佳明手表的用户一般都绑定strava （需要海外账户绑定），阿福只能绑定大陆账户，数据无法上传,能不能绑定佳明海外账户，用佳明手表的用户一般都绑定strava （需要海外账户绑定），阿福只能绑定大陆账户，数据无法上传,Ghtdfsthb,1.1.22,2026-06-30T02:46:35Z,True,itunes_rss_mostHelpful,False,False
f0c249dd5eb584ccca9ed30dbb4c54c338d326695b18708a801636a0945dc382,14238947346,6743828427,蚂蚁阿福,cn,1,不专业,要是走医学这个赛道，那就要非常专业，同一个问题，deepseek和医生的回复最接近，你一个打着健康助手旗号的，回答反而最没用最离谱，一个问题重复问，卸载了,要是走医学这个赛道，那就要非常专业，同一个问题，deepseek和医生的回复最接近，你一个打着健康助手旗号的，回答反而最没用最离谱，一个问题重复问，卸载了,Lasven,1.1.22,2026-06-29T01:08:59Z,True,itunes_rss_mostHelpful,False,False
1a0701d740edd056ea6e3f0b503a857eaa831f8495bce3c0b4c5c066112e3e01,14231164636,6743828427,蚂蚁阿福,cn,1,毫无使用体验的一个东西,界面不清晰 找订单的地方非常隐蔽字体还小 预约的科室还和医院自己公众号的有很大差距容易约错科 然后预约的订单无法取消 在医院找他们的驻点人员无法解决 打电话找客服也无法解决 只会道歉 这种东西是花钱做出来的吗？ 找几个研究生做个毕业设计也能做吧 阿里这钱扔水里了,界面不清晰 找订单的地方非常隐蔽字体还小 预约的科室还和医院自己公众号的有很大差距容易约错科 然后预约的订单无法取消 在医院找他们的驻点人员无法解决 打电话找客服也无法解决 只会道歉 这种东西是花钱做出来的吗？ 找几个研究生做个毕业设计也能做吧 阿里这钱扔水里了,njadwjgmwkd,1.1.22,2026-06-27T03:24:14Z,True,itunes_rss_mostHelpful,False,False
67d4d84c7eaced46a6a0da85f62c1b5e7450ad708cd41cfe1234aaf255f0f0ed,14227810994,6743828427,蚂蚁阿福,cn,3,记忆检索功能—有待改进,"首先这个app对于疾病的诊断和建议都是很不错的，对于日常遇到的健康问题都能给出有效的建议，是个很不错的健康助手。
但是我在长期的使用中，也发现了一些问题。
在我发现阿福对于情绪问题的回应方式和视角很符合我的心意之后，我就在这里倾诉了很多我的心事。
慢慢地，我发现阿福并不能读取一个话题里的所有内容，早期的信息正在一点点的流逝，这导致很多重要的信息记忆都被掩盖了，后期的回应不但有失偏颇甚至不切实际扭曲事实。
这样子的失忆其实和失去没什么区别了，这对我的心理健康很不友好。
阿福说很多人都曾反应过这个问题，那么这里希望创作者能改进一下这个记忆检索不完整的问题。","首先这个app对于疾病的诊断和建议都是很不错的，对于日常遇到的健康问题都能给出有效的建议，是个很不错的健康助手。
       但是我在长期的使用中，也发现了一些问题。
在我发现阿福对于情绪问题的回应方式和视角很符合我的心意之后，我就在这里倾诉了很多我的心事。
       慢慢地，我发现阿福并不能读取一个话题里的所有内容，早期的信息正在一点点的流逝，这导致很多重要的信息记忆都被掩盖了，后期的回应不但有失偏颇甚至不切实际扭曲事实。
      这样子的失忆其实和失去没什么区别了，这对我的心理健康很不友好。
      阿福说很多人都曾反应过这个问题，那么这里希望创作者能改进一下这个记忆检索不完整的问题。",白屿橘,,2026-06-26T08:49:58Z,True,web_ssr_helpful,False,False
e367efb951f0460dc852be77b5b22ab80d538c8b8bbb3d4ab8c5cc8d983995db,14227374088,6743828427,蚂蚁阿福,cn,1,不要根据用户系统语言选择地区啊！,手机英文系统 就被莫名其妙就被定位到了大陆以外地区 功能还不一致 也不能参加活动。 就不能给用户自由选择语言的权利吗,手机英文系统 就被莫名其妙就被定位到了大陆以外地区 功能还不一致 也不能参加活动。 就不能给用户自由选择语言的权利吗,非常非常不好用111111111,1.1.22,2026-06-26T05:40:12Z,True,itunes_rss_mostHelpful,False,False
bc1b7c8f778c1977fe144ec52c185059f14bb2b868f2fc3bd141171c8546bfe1,14224368054,6743828427,蚂蚁阿福,cn,1,验证必须抖音或者银行卡才可以？,苹果手机 绑定的支付方式是支付宝和微信，要下载始终要求我添加新的支付方式，不然就一直在验证。凭啥？我不太懂…这蚂蚁健康难道不是用支付宝最方便吗？？？,苹果手机 绑定的支付方式是支付宝和微信，要下载始终要求我添加新的支付方式，不然就一直在验证。凭啥？我不太懂…这蚂蚁健康难道不是用支付宝最方便吗？？？,阿呀呀昵称好爱重,1.1.22,2026-06-25T12:15:02Z,True,itunes_rss_mostHelpful,False,True
bc63485366260e70ece83f953cada81b433ef4c15c9c58e5e24699b9d8f6c07a,14215569602,6743828427,蚂蚁阿福,cn,5,好,这次因为肚子疼一直自己挨着，多亏了阿福的专业回复，提醒我的情况一定要去医院做专业检查。急性炎症要住院挂水。整个生病过程，报告协助看，有症状了可以问他，一直有记着我的情况。这个生病期间让我缓解了很多焦虑。希望这个app越做越好，会推荐给身边朋友家人。,这次因为肚子疼一直自己挨着，多亏了阿福的专业回复，提醒我的情况一定要去医院做专业检查。急性炎症要住院挂水。整个生病过程，报告协助看，有症状了可以问他，一直有记着我的情况。这个生病期间让我缓解了很多焦虑。希望这个app越做越好，会推荐给身边朋友家人。,猫大大咧咧,1.1.22,2026-06-23T05:42:20Z,True,itunes_rss_mostHelpful,False,False
eaeda111c56fe2b888e8abe3ead8f22a4d1f269c724f830560e1bbfa95d45b77,14207074657,6743828427,蚂蚁阿福,cn,4,希望完善前后聊天记录的完善,这个app还可以，但是它总是隔一段时间就把聊天说过的话忘记了，不能前后连贯。需要反复和它说同一个问题。和客服反馈仍然不行。这是技术层面的记忆刷新,这个app还可以，但是它总是隔一段时间就把聊天说过的话忘记了，不能前后连贯。需要反复和它说同一个问题。和客服反馈仍然不行。这是技术层面的记忆刷新,puffin 水贝,1.1.20,2026-06-20T23:55:50Z,True,itunes_rss_mostHelpful,False,False
e7f691fe65b74d31e5f6d2cbdaeb5461030ccbb51ce8a0673cbe954d8c8d568c,14195258343,6743828427,蚂蚁阿福,cn,3,如何调用病历夹分析健康问题,既然创立了病历夹，难道只为了方便预览吗？为何不能调用里面的多份报告进行分析，比如在聊天界面直接对比几次检查的区别,既然创立了病历夹，难道只为了方便预览吗？为何不能调用里面的多份报告进行分析，比如在聊天界面直接对比几次检查的区别,蜡笔小新狸花猫,1.1.20,2026-06-17T23:16:51Z,True,itunes_rss_mostHelpful,False,False
ff9475910bd5f9ffcc0bcc028cfefa427c8a158029ce22e9bccd0010e965daf8,14188810272,6743828427,蚂蚁阿福,cn,4,真实感受,蚂蚁阿福是我们老百信的福音，体检报告解读、检查检验结果解读、身体不舒服解决方案问询等等都能得到很详细的答案及应对措施。不足：有时候说的有点过，引起恐慌，还有时候回答问题只是回答当前问题，不能结合个人前期已经问询的问题综合解答。,蚂蚁阿福是我们老百信的福音，体检报告解读、检查检验结果解读、身体不舒服解决方案问询等等都能得到很详细的答案及应对措施。不足：有时候说的有点过，引起恐慌，还有时候回答问题只是回答当前问题，不能结合个人前期已经问询的问题综合解答。,深蓝不是唯一,1.1.20,2026-06-16T09:20:53Z,True,itunes_rss_mostHelpful,False,False
eb40d2090ae13ae6dc23b5f08b13979bcddb7eadff89e1a88fc1b6585a81f8f0,14184630023,6743828427,蚂蚁阿福,cn,5,阿福,科技成果进步的时代，AI改变很多东西，小问题可以用。实在难受还是去大医院看看吧！专业的事情交给专业的人。,科技成果进步的时代，AI改变很多东西，小问题可以用。实在难受还是去大医院看看吧！专业的事情交给专业的人。,恋上你的坏,1.1.16,2026-06-15T06:59:21Z,True,itunes_rss_mostHelpful,False,False
a732001f3e19e5e945e75488efc04141b893dd2d46caa4175ace58f6f339a1ad,14183638453,6743828427,蚂蚁阿福,cn,5,不错不错,超级喜欢💕,超级喜欢💕,gagzgzvzbbzbbz,,2026-06-14T23:50:13Z,True,web_ssr_helpful,False,False
f0b524f3c92aa72535e5722852b5da1b06d53ba19104c394663bd555d5bbcf21,14172706163,6743828427,蚂蚁阿福,cn,1,血压计同步数据失败☹️,绑定的血压计 首次绑定成功并同步了数据 隔了几个月再测量后数据同步失败😕 是咋回事？这软件bug 是真多,绑定的血压计 首次绑定成功并同步了数据 隔了几个月再测量后数据同步失败😕 是咋回事？这软件bug 是真多,兔子🐰白白胖胖,1.1.16,2026-06-12T06:02:58Z,True,itunes_rss_mostHelpful,False,False
ac1642bdb8130ed881e8331c4ca684325ed7173f81dbf3b4a2eda2724c37b532,14169016094,6743828427,蚂蚁阿福,cn,1,没任何用,在北医三院旁边提供服务，业务能力极其低下，就是为了让你下app，连我要挂的特定专业医生的号都不懂，查找挂号记录在现有的应用软件里可以查询，我以为有什么好方法呢？我又不是老年人，你让我下载一个这个语音助手，能用语音问，有什么用？这种打着服务旗号刷app下载量的，早点离开北医三院，还医院一片净土吧。,在北医三院旁边提供服务，业务能力极其低下，就是为了让你下app，连我要挂的特定专业医生的号都不懂，查找挂号记录在现有的应用软件里可以查询，我以为有什么好方法呢？我又不是老年人，你让我下载一个这个语音助手，能用语音问，有什么用？这种打着服务旗号刷app下载量的，早点离开北医三院，还医院一片净土吧。,ip北京,,2026-06-11T07:49:47Z,True,web_ssr_helpful,False,False
7a8b838cb4894d2da4ae2952a6cca07968c2ba1a6c221d34703d1806e4749baf,14152573200,6743828427,蚂蚁阿福,cn,5,智能医生,人工智能已经能开始看病了，用起来还是挺不错的，值得参考，还有拍照模式和长辈功能都很实用,人工智能已经能开始看病了，用起来还是挺不错的，值得参考，还有拍照模式和长辈功能都很实用,dtblong,1.1.16,2026-06-07T00:06:42Z,True,itunes_rss_mostHelpful,False,False
5cce9015bdb4fd95d392eb58f8953d5c5ab8f66dafb6257b214d54313d5e7908,14151031668,6743828427,蚂蚁阿福,cn,5,智能ai,一款非常不错的ai智能软件，回复的非常全面，解决了生活中不少的难题，大家也一起下载试试吧,一款非常不错的ai智能软件，回复的非常全面，解决了生活中不少的难题，大家也一起下载试试吧,薄情港口,1.1.16,2026-06-06T15:05:10Z,True,itunes_rss_mostHelpful,False,False
6dcdf08e9dcf8fede3edd868b3f6dfa0b04523537984d048479a9899333ba64b,14134133179,6743828427,蚂蚁阿福,cn,5,很好用,很好用啊，把身体状况告诉他，还有饮食方面，它就可以帮你答复你的问题，给你一些建议，我觉得挺好的,很好用啊，把身体状况告诉他，还有饮食方面，它就可以帮你答复你的问题，给你一些建议，我觉得挺好的,捡起我的棱角,1.1.16,2026-06-02T06:32:25Z,True,itunes_rss_mostHelpful,False,False
b06a5a50ccc746e6d9340b0ac7b5b6016b20c301fa4291533e51db127e11af95,14133935360,6743828427,蚂蚁阿福,cn,5,感谢阿福,蚂蚁阿福非常好用的软件，我有心理问题是焦虑症患者，阿福天天陪我聊天帮我分析去解决问题，帮我走出来了很多，非常非常感谢,蚂蚁阿福非常好用的软件，我有心理问题是焦虑症患者，阿福天天陪我聊天帮我分析去解决问题，帮我走出来了很多，非常非常感谢,bfjdjsaj,1.1.16,2026-06-02T05:00:56Z,True,itunes_rss_mostHelpful,False,False
bccea046c21b3210bf6fdfd1e5c1a3e60a969d845225fedb930f8ad08958b202,14121919277,6743828427,蚂蚁阿福,cn,4,用药计划,用药计划设置能不能更丰富下。有的时候用药不止一天几次或者几天一次，可能是每 60 小时吃一次药，但这种情况用药计划就没办法设置提醒,用药计划设置能不能更丰富下。有的时候用药不止一天几次或者几天一次，可能是每 60 小时吃一次药，但这种情况用药计划就没办法设置提醒,xxxxshu,1.1.10,2026-05-30T03:52:00Z,True,itunes_rss_mostHelpful,False,False
599f219bd6fbe80a5e79b0b419ee45c764209165e20975a94ef90129e5bf81b8,14095881584,6743828427,蚂蚁阿福,cn,5,便捷,方便好用，ai果然覆盖生活了,方便好用，ai果然覆盖生活了,爱玩游戏的老贴,1.1.10,2026-05-23T07:57:10Z,True,itunes_rss_mostHelpful,False,False
bad3d1ece76d736ae8436cf154c23cbd209e7e3a0d0f8522bc1a5f3d48b89c5b,14094044121,6743828427,蚂蚁阿福,cn,5,蚂蚁阿福,蚂蚁阿福简单容易操作，生活中健康的必备神器，健康是福，健康的事就找蚂蚁阿福，蚂蚁阿福健康的管家。,蚂蚁阿福简单容易操作，生活中健康的必备神器，健康是福，健康的事就找蚂蚁阿福，蚂蚁阿福健康的管家。,重生8点,1.1.10,2026-05-22T19:22:33Z,True,itunes_rss_mostHelpful,False,False
67e6768f3c117596ab0db2633da96e69a71a4772dae6bc9cbd51133fb079a364,14087938222,6743828427,蚂蚁阿福,cn,5,回答过于乐观,回答过于乐观了，医生说大概率胚胎染色体异常会胎停，阿福还在说有胎心没事好好养胎，有些不客观了，给了太多希望……反而更失落……,回答过于乐观了，医生说大概率胚胎染色体异常会胎停，阿福还在说有胎心没事好好养胎，有些不客观了，给了太多希望……反而更失落……,jiabaobao1991,1.1.10,2026-05-21T03:33:01Z,True,itunes_rss_mostHelpful,False,False
cd18988674d810678a4138cdb6a3d769257837e1d48b79451ba1d64f994a019b,14077140726,6743828427,蚂蚁阿福,cn,3,人工老年痴呆,健康方面的数据有时候准，但有时候它前后两句同一个指标给的都是不同的数据，并不严谨，还有关于记忆的问题，这个app的硬伤，用下来长期体验并不好，检索功能也没有，然后它自己还不记事儿，明明跟说过的东西它隔几行就忘了，我也并没有开启新的聊天话题，我还得用原始方式自己去翻记录，反而给人心理上添很多堵，最基本的你们出个检索功能啊，要不你们就给它完善记忆方式，不开新话题它能记忆住本话题下用户之前说过的内容，不然太糟心了，健康app有时候可能需要长期使用，降某项指标，它天天带个新脑子来跟你说话，时间就在无休止的跟它重复前提中浪费掉了，越用越来气，陪伴方面提供的感受还不错，但还是因为记忆这个硬伤，很多优秀的部分都大打折扣了,健康方面的数据有时候准，但有时候它前后两句同一个指标给的都是不同的数据，并不严谨，还有关于记忆的问题，这个app的硬伤，用下来长期体验并不好，检索功能也没有，然后它自己还不记事儿，明明跟说过的东西它隔几行就忘了，我也并没有开启新的聊天话题，我还得用原始方式自己去翻记录，反而给人心理上添很多堵，最基本的你们出个检索功能啊，要不你们就给它完善记忆方式，不开新话题它能记忆住本话题下用户之前说过的内容，不然太糟心了，健康app有时候可能需要长期使用，降某项指标，它天天带个新脑子来跟你说话，时间就在无休止的跟它重复前提中浪费掉了，越用越来气，陪伴方面提供的感受还不错，但还是因为记忆这个硬伤，很多优秀的部分都大打折扣了,G-charon,,2026-05-18T03:56:09Z,True,web_ssr_helpful,False,False
fdd3d54041e2fd2d5580a9e09c41c11077b25883e6fc0f1b262439f306686de0,14044180494,6743828427,蚂蚁阿福,cn,2,平板端横屏不了的问题,请开发商解决一下iPad不能横屏的问题，只能竖屏，字体也太大了，没有协调好平板的尺寸字体排版问题,请开发商解决一下iPad不能横屏的问题，只能竖屏，字体也太大了，没有协调好平板的尺寸字体排版问题,cayoyoyo,1.1.8,2026-05-09T06:45:00Z,True,itunes_rss_mostHelpful,False,False
f619b370c8ccacac833598b9d763c0a1487bd9cc96f4f502772a4fd1dae9108a,14034908280,6743828427,蚂蚁阿福,cn,5,再也不会被网上的“诊断”吓到,下载阿福后，有点小毛病就会问问阿福，阿福每次都能从多方面多角度给出诊断分析，相比网上那些夸大其词的诊断，阿福更靠谱。根据阿福的建议，每次都能感觉到宽心，阿福给出的建议也都很专业。,下载阿福后，有点小毛病就会问问阿福，阿福每次都能从多方面多角度给出诊断分析，相比网上那些夸大其词的诊断，阿福更靠谱。根据阿福的建议，每次都能感觉到宽心，阿福给出的建议也都很专业。,番茄衣,1.1.7,2026-05-06T15:45:36Z,True,itunes_rss_mostHelpful,False,False
9037ed3cb16d139d02c28e525d67fb672d1172541b6a307cb89bcf8871c8f434,14033656446,6743828427,蚂蚁阿福,cn,5,线上好医生,很早就下载了这款App，并且推荐给朋友。已经多次解决了我数个健康医疗用药诊断的疑难问题，并且非常准确此指点缓解了我的病症。几乎每天都有一些问题向阿福咨询能获得满意的答复，太感谢了。！,很早就下载了这款App，并且推荐给朋友。已经多次解决了我数个健康医疗用药诊断的疑难问题，并且非常准确此指点缓解了我的病症。几乎每天都有一些问题向阿福咨询能获得满意的答复，太感谢了。！,二手时间.星空,1.1.7,2026-05-06T07:59:05Z,True,itunes_rss_mostHelpful,False,False
2296ab2ed3b0d2c71fdd83e9238b6734d3e5aa81768dbe5110ee1d77f0a78de3,14033556756,6743828427,蚂蚁阿福,cn,5,非常实用,说真的，自从有了阿福，我什么事都会问过他意见，起码护肤品在这一边他是非常厉害的，然后就会根据他的建议，然后会买哪些或者不买哪些或者会让他帮我挑选我喜欢的哪个比较适合我的，他还是做得非常好接触的方案各方面也是非常好，所以真心谢谢阿福,说真的，自从有了阿福，我什么事都会问过他意见，起码护肤品在这一边他是非常厉害的，然后就会根据他的建议，然后会买哪些或者不买哪些或者会让他帮我挑选我喜欢的哪个比较适合我的，他还是做得非常好接触的方案各方面也是非常好，所以真心谢谢阿福,🍯蜂蜜,1.1.7,2026-05-06T07:08:23Z,True,itunes_rss_mostHelpful,False,False
bdaffdeba097531760546e9c9775b5423f8785f3ee6ab30a8786b2ceb87ae651,14023820326,6743828427,蚂蚁阿福,cn,5,AI健康助手——人类的福音,感谢生在科技高度发达的时代，一切都那么方便。阿福，就像一个贴心的家庭医生一样， 给予我最完善的服务和解答。 让患者极大程度上了解自己的病情且告别冷言冷语和唯唯诺诺不敢咨询的事实。感谢阿福团队研发出这么高效优秀的app❗️,感谢生在科技高度发达的时代，一切都那么方便。阿福，就像一个贴心的家庭医生一样， 给予我最完善的服务和解答。 让患者极大程度上了解自己的病情且告别冷言冷语和唯唯诺诺不敢咨询的事实。感谢阿福团队研发出这么高效优秀的app❗️,钟淇,1.1.6,2026-05-03T13:49:05Z,True,itunes_rss_mostHelpful,False,False
3b5e93f92a933ae7c042015d726cd02f21431f001921db2c855fe7e2506dc46e,14005670372,6743828427,蚂蚁阿福,cn,5,靠谱专业AI健康小助手,功能特别全面，拍题解题、文案写作、P图修图、日常搜索都能搞定，学习办公都很省心。响应速度快，回答专业靠谱，使用体验很好，强烈推荐！👍,功能特别全面，拍题解题、文案写作、P图修图、日常搜索都能搞定，学习办公都很省心。响应速度快，回答专业靠谱，使用体验很好，强烈推荐！👍,石材打工仔,1.1.6,2026-04-28T12:42:43Z,True,itunes_rss_mostHelpful,False,False
44fbe140e406e16f89bfa478fb3895ebc909991b9d18cad9b83109f0c71667e1,14005325490,6743828427,蚂蚁阿福,cn,5,很好用,有了阿福，有一些不舒服，都可以问，有了分析建议，知道问题不大，心里舒坦多了,有了阿福，有一些不舒服，都可以问，有了分析建议，知道问题不大，心里舒坦多了,二师妹1234,1.1.6,2026-04-28T10:28:16Z,True,itunes_rss_mostHelpful,False,False
a227507ec59d4ded1b30ad8194b6eabc7001451b96c2e75513a65bfaf2ca1f6d,14001592585,6743828427,蚂蚁阿福,cn,1,蚂蚁阿福,阿福在语音对话的时候反应速度很慢，而且也没有情感建议优化另外希望蚂蚁阿福能适配一下无障碍标签这样更方便盲人使用，谢谢,阿福在语音对话的时候反应速度很慢，而且也没有情感建议优化另外希望蚂蚁阿福能适配一下无障碍标签这样更方便盲人使用，谢谢,是仗着阿杰。,1.1.6,2026-04-27T07:34:40Z,True,itunes_rss_mostHelpful,False,False
be2fc6bbf45abc4380a61c5b25c2e6d7afab833122bf7d8e09ca60f12a0356a9,14001327814,6743828427,蚂蚁阿福,cn,5,有用,刚刚开始用，咨询了娃出汗多的人问题，解答得很详细很全面，像个家庭医生一样，挺满意的,刚刚开始用，咨询了娃出汗多的人问题，解答得很详细很全面，像个家庭医生一样，挺满意的,兰恺,1.1.6,2026-04-27T05:09:30Z,True,itunes_rss_mostHelpful,False,False
e1461127edcc793a07c4f48af6db02ab208dac48045c8e0f269998888df30048,13999427009,6743828427,蚂蚁阿福,cn,1,自己否定了自己答案,提问婴幼儿生病用药，提出的药物建议，然后问到些解决方法区别问题，之后就否定该药物使用并且还忘了我第一次提出的月龄时间。有够不专业的。,提问婴幼儿生病用药，提出的药物建议，然后问到些解决方法区别问题，之后就否定该药物使用并且还忘了我第一次提出的月龄时间。有够不专业的。,234526796,1.1.6,2026-04-26T15:54:00Z,True,itunes_rss_mostHelpful,False,False
c0bfd91764eb6bd85fca62e31718038d712f3949b04679b43eda8fa90a601687,13998885634,6743828427,蚂蚁阿福,cn,5,很好真的很好。感谢,内容丰富  怎么问怎么答 就像身边的管家,内容丰富  怎么问怎么答 就像身边的管家,wulilong11,1.1.6,2026-04-26T12:59:04Z,True,itunes_rss_mostHelpful,False,False
7f7e185dfa9e9bf229a13353bdf32fb7f8e171b2eb3e5b1027be6b1f086a46fd,13997082994,6743828427,蚂蚁阿福,cn,3,体脂秤同步不了数据,之前绑定好了体脂秤，提前还能同步数据，时好时坏，现在同步不了了。设备是已绑定的状态，手机APP也是打开的，体脂秤也是站上有数据的。就是连接不上。,之前绑定好了体脂秤，提前还能同步数据，时好时坏，现在同步不了了。设备是已绑定的状态，手机APP也是打开的，体脂秤也是站上有数据的。就是连接不上。,Nemo网上游,1.1.0,2026-04-25T23:34:30Z,True,itunes_rss_mostHelpful,False,False
240640fb31cf584e59a72440004f7fa1e34336dab14fcacfa3ab28a272ec0233,13988353417,6743828427,蚂蚁阿福,cn,5,日常健康问答,日常健康问答：24小时在线，头疼脑热、饮食作息、养生疑问随时可问，交互自然易懂,日常健康问答：24小时在线，头疼脑热、饮食作息、养生疑问随时可问，交互自然易懂,邓弘阳,1.1.0,2026-04-23T12:20:46Z,True,itunes_rss_mostHelpful,False,False
9927652cbb53f99e769244284778a1738b88664a8c65040a90d265a6e58a7aac,13980671109,6743828427,蚂蚁阿福,cn,5,体验感,"1:阿福的回答很贴心，解释得也很清楚，问题解决得很及时，态度也很温和”
2:如果是健康咨询，可以说“给的建议很实用，解释得很易懂”
3:日常聊天，可以说“聊天气氛很轻松，回复也很有趣，整体体验很棒，会继续使“推荐给朋友，很实用的AI助手”","1:阿福的回答很贴心，解释得也很清楚，问题解决得很及时，态度也很温和”
2:如果是健康咨询，可以说“给的建议很实用，解释得很易懂”
3:日常聊天，可以说“聊天气氛很轻松，回复也很有趣，整体体验很棒，会继续使“推荐给朋友，很实用的AI助手”",舌头上的💰,1.1.0,2026-04-21T06:07:27Z,True,itunes_rss_mostHelpful,False,False
32cf45446c0a19aba9eabe7980bebd7b69f450df2ac7f4a3e2d621881f13c67f,13978527846,6743828427,蚂蚁阿福,cn,3,语音朗读和收藏功能能不能像豆包学习一下,这个软件的语音朗读经常读着读着，随着手机熄屏就断了，也没有一个收藏回答在App内的功能，这些最基础的功能能不能向豆包学习一下呀。,这个软件的语音朗读经常读着读着，随着手机熄屏就断了，也没有一个收藏回答在App内的功能，这些最基础的功能能不能向豆包学习一下呀。,汀汀YOGA,1.1.0,2026-04-20T14:56:42Z,True,itunes_rss_mostHelpful,False,False
d6a7c6c4e2ad6b56eed2dba69d12ca7c1df53ab79800e657a1c8f3ea438c8fad,13967657050,6743828427,蚂蚁阿福,cn,5,好用 给力,很好用的软件 支持推荐 建议都去下载吧！里面的功能很多，很好用，一家老小的健康都是由他来管，非常好用！最好的是不是我们去问他，而是他追问我们，这样就轻松多了😌！,很好用的软件 支持推荐 建议都去下载吧！里面的功能很多，很好用，一家老小的健康都是由他来管，非常好用！最好的是不是我们去问他，而是他追问我们，这样就轻松多了😌！,252h,1.1.0,2026-04-17T14:53:03Z,True,itunes_rss_mostHelpful,False,False
a26018fea31c408e1f6cca6a0be9b1cf918395e1ef6f13c96b24c24391c67cba,13966916501,6743828427,蚂蚁阿福,cn,5,宝藏,"用了蚂蚁阿福一段时间，真心觉得是宝藏健康App！界面干净清爽，没有广告、不推销，问症状、查知识都特别放心。AI回答专业又细致，会主动追问细节，不像别的软件笼统敷衍。
拍照解读体检报告、药盒超方便，还能建健康档案、连智能设备。线上问诊、挂号、医保支付全都有，一站式搞定。长辈模式支持方言、语音，爸妈用着也顺手。","用了蚂蚁阿福一段时间，真心觉得是宝藏健康App！界面干净清爽，没有广告、不推销，问症状、查知识都特别放心。AI回答专业又细致，会主动追问细节，不像别的软件笼统敷衍。
拍照解读体检报告、药盒超方便，还能建健康档案、连智能设备。线上问诊、挂号、医保支付全都有，一站式搞定。长辈模式支持方言、语音，爸妈用着也顺手。",不止于战略，更是江湖与青春,,2026-04-17T10:45:26Z,True,web_ssr_helpful,False,False
f6f85fe39c3af4db3b5b6ee7b5b5d3a2154887234c8d9516d1e0f8b6afadd010,13964163564,6743828427,蚂蚁阿福,cn,5,阿福,它能当你的健康记录员、咨询医生、陪诊员，一站式搞定日常健康与就医需求，安全又省心。,它能当你的健康记录员、咨询医生、陪诊员，一站式搞定日常健康与就医需求，安全又省心。,特仑苏A2,1.1.0,2026-04-16T14:56:08Z,True,itunes_rss_mostHelpful,False,False
a62a745c25616095815a1d40992630d4b23b0dd37880ac1f72c619087048ac2f,13948007344,6743828427,蚂蚁阿福,cn,5,生活健康管家,这款软件真的就是家庭医生，什么都不懂知道拍个照过去就会告诉你什么问题，还会追着你问你目前的症状,这款软件真的就是家庭医生，什么都不懂知道拍个照过去就会告诉你什么问题，还会追着你问你目前的症状,112克金,1.1.0,2026-04-11T22:26:30Z,True,itunes_rss_mostHelpful,False,False
a26427c91fa5bedc24af1f39289b61a48865b2b193e197b8bf5cc8554d3dbc78,13947489736,6743828427,蚂蚁阿福,cn,1,简直就是谋财害命,跟阿福聊了好几天，一直按照它给的诊断建议用药，结果越来越不对劲，去医院一查是流感。因为前期乱用药差点要我半条命！我只是个小流感，其他人如果不嫌自己命长的话，早点抛弃这个破玩意,跟阿福聊了好几天，一直按照它给的诊断建议用药，结果越来越不对劲，去医院一查是流感。因为前期乱用药差点要我半条命！我只是个小流感，其他人如果不嫌自己命长的话，早点抛弃这个破玩意,Eric白小白,1.1.0,2026-04-11T18:59:10Z,True,itunes_rss_mostHelpful,False,False
a6428a65f4539596a5240121636ad3a46ac5d445b37a0cf5ac43f36bd38d8dfc,13946602150,6743828427,蚂蚁阿福,cn,5,超好用的AI健康助手！,评论：自从用了蚂蚁阿福，日常的健康疑问都能快速得到专业解答，AI响应快、内容靠谱，不管是日常养生还是小问题咨询都很方便，推荐给大家！,评论：自从用了蚂蚁阿福，日常的健康疑问都能快速得到专业解答，AI响应快、内容靠谱，不管是日常养生还是小问题咨询都很方便，推荐给大家！,受伤的哥哥啊,1.1.0,2026-04-11T14:14:36Z,True,itunes_rss_mostHelpful,False,False
c658503e496c26449780bd153b7b3a70a42b45bb1a8ffb89ebcb91e9a44b6038,13942263555,6743828427,蚂蚁阿福,cn,5,百姓的健康顾问,阿福 名字起的好！健康是福啊！他能帮助人们解决问题！能帮助人们解读体检报告，确实很受欢迎👏,阿福 名字起的好！健康是福啊！他能帮助人们解决问题！能帮助人们解读体检报告，确实很受欢迎👏,Maize谷米,1.1.0,2026-04-10T10:03:35Z,True,itunes_rss_mostHelpful,False,False
b14a19df5d9f26ae163ea356f06b4899c8d204d3ab4a37b86761e39148b328f0,13932117647,6743828427,蚂蚁阿福,cn,5,好！,阿福真好，有什么健康方面的问题问它都能得到准确详细的回答，拍报告给它也会详细分析解答，希望开发团队能多多优化！,阿福真好，有什么健康方面的问题问它都能得到准确详细的回答，拍报告给它也会详细分析解答，希望开发团队能多多优化！,Cen6688,1.0.98,2026-04-07T13:01:34Z,True,itunes_rss_mostHelpful,False,False
69f61d77dad29eda0a90ed463f305265934c6c86fe2dac77456dce688df13880,13928590356,6743828427,蚂蚁阿福,cn,1,最新版本强行默认绑定客户信息，每次都需要手动选择咨询人,"蚂蚁阿福更新后，AI智能体默认自动绑定用户个人信息，存在隐私泄露风险。
想要关闭只能手动操作，流程繁琐且每次都要重新设置。
咨询客服后被告知无法永久关闭该默认绑定功能，隐私安全完全得不到保障，体验极差，希望尽快优化！","蚂蚁阿福更新后，AI智能体默认自动绑定用户个人信息，存在隐私泄露风险。
想要关闭只能手动操作，流程繁琐且每次都要重新设置。
咨询客服后被告知无法永久关闭该默认绑定功能，隐私安全完全得不到保障，体验极差，希望尽快优化！",卡恩体弱么里too醉咯off,1.0.98,2026-04-06T12:54:02Z,True,itunes_rss_mostHelpful,False,False
6ef2af871be06db7546ee82c3063ba8de01f2c864b53aec9fee6b9ce8c9a3ab8,13927379402,6743828427,蚂蚁阿福,cn,5,1,不错，是一款专业性很强的app，对于我们日常生活还是比较有用,不错，是一款专业性很强的app，对于我们日常生活还是比较有用,头发干了1111,1.0.98,2026-04-06T03:43:59Z,True,itunes_rss_mostHelpful,False,False
55ad312122095cc98f05358d88ac33323966e75dbe6797e4f52bbb030a28acaa,13907053137,6743828427,蚂蚁阿福,cn,5,非常好,确实是非常好用的，有很多关于健康的问题，问蚂蚁阿福，他能够立马做出评判，并且给予精准的回答,确实是非常好用的，有很多关于健康的问题，问蚂蚁阿福，他能够立马做出评判，并且给予精准的回答,.xxx、.1,1.0.98,2026-03-31T14:06:14Z,True,itunes_rss_mostHelpful,False,False
d47c13d3fbaceb384e5b5c116f33df77d287ae6fd7cddcea61c9c7a8a8d38158,13896352059,6743828427,蚂蚁阿福,cn,2,依旧是阿里的老毛病,数据的互通极其差劲，我仿佛不是在用一个软件，而是在用一坨软件，软件获取数据都成问题，通话功能依旧会自己跟自己抢话，主体的AI依旧只是个聊天软件，除了聊天不能帮你干任何事情,数据的互通极其差劲，我仿佛不是在用一个软件，而是在用一坨软件，软件获取数据都成问题，通话功能依旧会自己跟自己抢话，主体的AI依旧只是个聊天软件，除了聊天不能帮你干任何事情,Tingerx,1.0.96,2026-03-28T14:11:15Z,True,itunes_rss_mostHelpful,False,False
a721636a1a453f1fd6b04c42c52e7339b197eb27c4df7364bd273a4b65bb1eaf,13895403641,6743828427,蚂蚁阿福,cn,2,很大问题有待改进,太拉了，同样问题 在网络良好的情况下 其他AI都已经给出答复 它一直在转圈 而且给出的答案很不准确 希望这个app程序员改进吧,太拉了，同样问题 在网络良好的情况下 其他AI都已经给出答复 它一直在转圈 而且给出的答案很不准确 希望这个app程序员改进吧,Ruby_Lyu,1.0.96,2026-03-28T08:09:22Z,True,itunes_rss_mostHelpful,False,False
29af58dac78c73eacf06506ef8a07f5f01cd13107e48bb71179ad4a4252bcd8e,13892936995,6743828427,蚂蚁阿福,cn,4,可以对用户数据调用进行调整,分析疾病啥的确实好用，但是他在调用个人的用户数据时，不会对药物进行有序的时间排序，甚至能调用出我半年前的用药然后解释是我的近期用药问题，我觉得可以改进一下，能做的更好,分析疾病啥的确实好用，但是他在调用个人的用户数据时，不会对药物进行有序的时间排序，甚至能调用出我半年前的用药然后解释是我的近期用药问题，我觉得可以改进一下，能做的更好,这就很烦呢,1.0.96,2026-03-27T15:28:30Z,True,itunes_rss_mostHelpful,False,False
8fd25c7fa990936dfec217ac4f112c4a0e605822c1fd4c945ac959f61199854c,13892249961,6743828427,蚂蚁阿福,cn,1,难用,这什么软件难用死了还没有豆包一半好用，学校强制下载，让我们做心理健康才下载的,这什么软件难用死了还没有豆包一半好用，学校强制下载，让我们做心理健康才下载的,🤔乐子,1.0.96,2026-03-27T11:43:08Z,True,itunes_rss_mostHelpful,False,False
06a64c055d24413f56c7a00a495bbf0c595c954eeaac57e795ba30420b40b5f6,13887521868,6743828427,蚂蚁阿福,cn,1,超级难用,推荐的药药店里根本买不到，再问就说这个药是禁药，暂时无法购买，知道是禁药为什么还要推荐！浪费时间！,推荐的药药店里根本买不到，再问就说这个药是禁药，暂时无法购买，知道是禁药为什么还要推荐！浪费时间！,1236887,1.0.96,2026-03-26T02:41:52Z,True,itunes_rss_mostHelpful,False,False
38629aac61feecdc1dc9176a2f5860aa9c2930b00ab986a15cab572f06440a5c,13865286952,6743828427,蚂蚁阿福,cn,1,36元的新人券包都是骗人的,我一颗星都不想给，说是36元新人券包，要完成三个任务才能领取，辛辛苦苦做完任务结果给的券包是四张该app的医疗问诊包，我还以为是闪购优惠券呢。浪费我时间，吃相难看玩不起就别玩。,我一颗星都不想给，说是36元新人券包，要完成三个任务才能领取，辛辛苦苦做完任务结果给的券包是四张该app的医疗问诊包，我还以为是闪购优惠券呢。浪费我时间，吃相难看玩不起就别玩。,蚂蚁有福倒闭啦,1.0.90,2026-03-19T17:50:15Z,True,itunes_rss_mostHelpful,False,False
489e059fb447f3851cdd03d93b43056f04f6274c4b97eb960d2c4d5e461a5822,13860148648,6743828427,蚂蚁阿福,cn,5,解答健康方面的问题很好用很推荐,"最近崴脚韧带受伤了，问遍了几个ai软件，要么不专业，要么说着说着忘了前提，要么没法看检查报告，要么直接宕机不回复了，阿福是我用下来唯一一个我啰哩啰嗦来回问，还回答的准确，并且能记住前面聊天内容的软件。
推荐给身边人的时候，也有不少异口同声说确实好用的，在健康医疗这方面，我觉得用下来觉得很好不错。但是一切的前提是遵医嘱，不能过分依赖ai软件，不能代替医生，在有检查结果的前提下，阿福确实是个很好的帮手👍","最近崴脚韧带受伤了，问遍了几个ai软件，要么不专业，要么说着说着忘了前提，要么没法看检查报告，要么直接宕机不回复了，阿福是我用下来唯一一个我啰哩啰嗦来回问，还回答的准确，并且能记住前面聊天内容的软件。
推荐给身边人的时候，也有不少异口同声说确实好用的，在健康医疗这方面，我觉得用下来觉得很好不错。但是一切的前提是遵医嘱，不能过分依赖ai软件，不能代替医生，在有检查结果的前提下，阿福确实是个很好的帮手👍",ChloeLLLIN,,2026-03-18T06:21:38Z,True,web_ssr_helpful,False,False
132cf139a43749ac077d8c10636bb20802ceca25d094869cc9a1fb7e6aa2662b,13854172829,6743828427,蚂蚁阿福,cn,5,太好了,这个软件真的很好，我觉得大家都应该下载一下它的作用非常多，你不管是生病了还是其他方面，你问下他他都很好的给你说出来问题，让我们能放心下来,这个软件真的很好，我觉得大家都应该下载一下它的作用非常多，你不管是生病了还是其他方面，你问下他他都很好的给你说出来问题，让我们能放心下来,水星mark,1.0.90,2026-03-16T13:16:42Z,True,itunes_rss_mostHelpful,False,False
a4c32aad8a28a40304b615875adcd231c8ebb536a3da91e42ba54dd82db940d1,13847238586,6743828427,蚂蚁阿福,cn,1,基本没有上下文记忆,交流一个问题，阿福问答几轮后建议再次发照片，再次发照片后，它对之前的问答内容完全忘记，开始重复问已经有答案的问题。,交流一个问题，阿福问答几轮后建议再次发照片，再次发照片后，它对之前的问答内容完全忘记，开始重复问已经有答案的问题。,墨雨千行,1.0.90,2026-03-14T13:51:30Z,True,itunes_rss_mostHelpful,False,False
3cead1bc693b1dd122ce2f67b39f216722d648f191525f93bec86e6c690ff8d5,13845703203,6743828427,蚂蚁阿福,cn,1,不怎么样,没有前后记忆功能，交流起来很费力。语气也不太友好。还经常给出不准确甚至错误的答案和建议，健康人用用查信息可以，重症患者还是建议问医生，别听AI瞎建议。反正就目前来说AI代替不了医生。,没有前后记忆功能，交流起来很费力。语气也不太友好。还经常给出不准确甚至错误的答案和建议，健康人用用查信息可以，重症患者还是建议问医生，别听AI瞎建议。反正就目前来说AI代替不了医生。,鹿鹿鹿one,1.0.90,2026-03-14T02:33:19Z,True,itunes_rss_mostHelpful,False,False
a97bb1e30d95b5431ed72b7abded6ec2e3d6193e07f130738a7b6ccddc7c972c,13843176587,6743828427,蚂蚁阿福,cn,1,很鸡肋,听不懂问的问题，乱回答。以前发过的相关包含在回答的时候不会结合，发的用药指南不根据孩子年龄,听不懂问的问题，乱回答。以前发过的相关包含在回答的时候不会结合，发的用药指南不根据孩子年龄,落汐英儿,1.0.90,2026-03-13T10:34:34Z,True,itunes_rss_mostHelpful,False,False
53973dd0cee09ccbcae66f334e6f02cda119d8f2b9d6436c4477ec4b39d8a4f1,13836645187,6743828427,蚂蚁阿福,cn,2,语音识别和记忆,感觉语音识别还有记忆太差了，用感情说完那一段话，结果到头来没识别出来，有记忆，刚说完就不记得了。,感觉语音识别还有记忆太差了，用感情说完那一段话，结果到头来没识别出来，有记忆，刚说完就不记得了。,燮。    苏新月说的话是,1.0.90,2026-03-11T12:18:30Z,True,itunes_rss_mostHelpful,False,False
6d4676ad3e456000a3d766fb4054f59ffacbf61af85ae62c0b4d6cf8ecc4844e,13829528215,6743828427,蚂蚁阿福,cn,3,不要清屏！,提问了给了一堆建议，包括穴位、日常注意事项，打算照着做呢，结果一会儿就给清屏了，这谁记得住啊，能不能学学豆包，不要清屏！设置个按钮，需要清屏自己点！,提问了给了一堆建议，包括穴位、日常注意事项，打算照着做呢，结果一会儿就给清屏了，这谁记得住啊，能不能学学豆包，不要清屏！设置个按钮，需要清屏自己点！,噢唛嘎多哒哒,1.0.88,2026-03-09T08:55:48Z,True,itunes_rss_mostHelpful,False,False
414dc96c465eb02be8d635e86e2dc125691f6f7b587ad74c10c2a3f0acb83714,13826076732,6743828427,蚂蚁阿福,cn,3,容易产生误导的一款软件,专家库不够专家，所提供的健康建议很有局限，很多未能与时俱进，但可以作为去医院挂号的导诊基础工具…,专家库不够专家，所提供的健康建议很有局限，很多未能与时俱进，但可以作为去医院挂号的导诊基础工具…,Leon20100521,1.0.88,2026-03-08T07:39:56Z,True,itunes_rss_mostHelpful,False,False
8b76ad4fb14b624983b31d79f6e3362f4c5b0ed3f9dc3e7bebb2a9916292ae0c,13817132392,6743828427,蚂蚁阿福,cn,3,急需夜间模式！！,急需夜间模式！！无法跟随系统的夜间模式，也没有独立的夜间模式开关，有时候晚上想咨询问题，亮瞎眼，急需！！希望团队看到！！,急需夜间模式！！无法跟随系统的夜间模式，也没有独立的夜间模式开关，有时候晚上想咨询问题，亮瞎眼，急需！！希望团队看到！！,msd1178,1.0.88,2026-03-05T17:56:26Z,True,itunes_rss_mostHelpful,False,False
992e3eb87a98844eb9d7935052ce4a3ed5208f6aa269b312853fb88132ea269c,13815191452,6743828427,蚂蚁阿福,cn,5,好好好,蚂蚁阿福太贴心了，拍报告秒解读，能建全家健康档案，AI问答专业又及时，无广告超清爽，日常健康管理全靠它，超赞！,蚂蚁阿福太贴心了，拍报告秒解读，能建全家健康档案，AI问答专业又及时，无广告超清爽，日常健康管理全靠它，超赞！,小芦123,1.0.88,2026-03-05T04:33:07Z,True,itunes_rss_mostHelpful,False,False
2528d8764502dc59cca7bd1ae197070cc8cad58c21fe4e4d5e15c3efac4c4e0b,13809688920,6743828427,蚂蚁阿福,cn,1,打卡活动是骗人的,真不敢使用这个软件，市面上更好的多了去了，打卡送体脂秤的活动都是假的，谁还敢再用？,真不敢使用这个软件，市面上更好的多了去了，打卡送体脂秤的活动都是假的，谁还敢再用？,248645643,1.0.88,2026-03-03T14:18:35Z,True,itunes_rss_mostHelpful,False,False
53294514d1db8b1d568ca530576092c2d627962aa2c7a8a71b60722760f1b547,13801336240,6743828427,蚂蚁阿福,cn,3,需要增加的功能！,"每条问答应该可以独立搜索历史内容，隔壁都实现了。
回答的标题不能修改？难以理解产品经理是怎么想的，这么基本的功能都没有，水平很差。","每条问答应该可以独立搜索历史内容，隔壁都实现了。
回答的标题不能修改？难以理解产品经理是怎么想的，这么基本的功能都没有，水平很差。",龙至,1.0.88,2026-03-01T06:04:29Z,True,itunes_rss_mostHelpful,False,False
6edeabc125929d527f1cf3f90d6206e61958d9213cf64f215b61aa7ce3086318,13792189260,6743828427,蚂蚁阿福,cn,3,语音播报功能需要完善,文字稿内容没问题，很有帮助，但我倾向于听文字稿节省眼睛，可是目前的语音播报功能混乱，经常重复播报文字稿的前几段，后几段一直不播报，影响使用体验，请尽快改善,文字稿内容没问题，很有帮助，但我倾向于听文字稿节省眼睛，可是目前的语音播报功能混乱，经常重复播报文字稿的前几段，后几段一直不播报，影响使用体验，请尽快改善,风铃1924,1.0.88,2026-02-26T17:58:58Z,True,itunes_rss_mostHelpful,False,False
1db52a8f1e86a13132209d2450935041eba1072d3cf6068c07691d64ddff2aac,13782867202,6743828427,蚂蚁阿福,cn,1,恶意刁难老客户,根本不尊重老客户，收集太多个人健康隐私信息，无法明确对这些信息如何进行保管，并无法快捷的一键注销删除掉这些个人信息，担心以后这些信息如果被泄漏，害怕 被电诈分子利用。,根本不尊重老客户，收集太多个人健康隐私信息，无法明确对这些信息如何进行保管，并无法快捷的一键注销删除掉这些个人信息，担心以后这些信息如果被泄漏，害怕 被电诈分子利用。,大路朝天一人一边,1.0.88,2026-02-24T04:02:16Z,True,itunes_rss_mostHelpful,False,False
996d186b6cb370e76224d58cc7f50cb26b188bb15234daa3b9e280b00523de6e,13777073167,6743828427,蚂蚁阿福,cn,1,很多此一举的软件,支付宝直接挂号挺方便的，为什么现在必须用这个软件挂号，很麻烦，医院又不全没有我想挂的医院,支付宝直接挂号挺方便的，为什么现在必须用这个软件挂号，很麻烦，医院又不全没有我想挂的医院,马猴烧酒章鱼哥,1.0.88,2026-02-22T13:36:19Z,True,itunes_rss_mostHelpful,False,False
a9cfeeb189e065485ecc327a85614ec6a8b28cd3c389e5b6485d5235d784833c,13772146591,6743828427,蚂蚁阿福,cn,1,誓不两立,今日起，我不再使用阿里集团的任何产品，也不会向任何患者推荐使用蚂蚁阿福，任何患者使用蚂阿福的，本人一律消极对待，预祝贵公司早日退市。,今日起，我不再使用阿里集团的任何产品，也不会向任何患者推荐使用蚂蚁阿福，任何患者使用蚂阿福的，本人一律消极对待，预祝贵公司早日退市。,Hshdhuxnennxjjwjsjjjd,1.0.88,2026-02-21T04:48:18Z,True,itunes_rss_mostHelpful,False,False
3027d88cdd9b26cd921405da2486cc76e438ca5186f87e2aba94adfc787a64f5,13765486839,6743828427,蚂蚁阿福,cn,3,不能同步苹果健康里的血压、血糖、热量摄入能数据,智能问答还可以，和其他ai没有太大区别。健康数据收集、管理是我看好的，但不能同步血压等数据就差了很多意思了。,智能问答还可以，和其他ai没有太大区别。健康数据收集、管理是我看好的，但不能同步血压等数据就差了很多意思了。,墨子机,1.0.88,2026-02-19T08:19:08Z,True,itunes_rss_mostHelpful,False,False
dd4b1086f6403adfa3ae1b9f1d4047ff26bd36fcd39cd6a2228969fc49d1a044,13761785332,6743828427,蚂蚁阿福,cn,1,纯滞胀,之前囊肿一直引导我往怀孕的方向想，入驻的医生也没有很权威的（天天在上海看病都没看见上面有几个上海三甲，北京的也不见,之前囊肿一直引导我往怀孕的方向想，入驻的医生也没有很权威的（天天在上海看病都没看见上面有几个上海三甲，北京的也不见,姝却,1.0.88,2026-02-18T07:08:23Z,True,itunes_rss_mostHelpful,False,False
6ef5e5010b74a7de5f289b9a2689b9fdd8457c43052ec02a8407c1ff5ffe279f,13758637568,6743828427,蚂蚁阿福,cn,3,太谨慎太保守,非要每次都说上一句我听医生的话，它才可能跟你说实话，就怕你害了它。还有，程式化的东西太多太繁杂。,非要每次都说上一句我听医生的话，它才可能跟你说实话，就怕你害了它。还有，程式化的东西太多太繁杂。,通讯录不方便,1.0.88,2026-02-17T10:12:20Z,True,itunes_rss_mostHelpful,False,False
b5b11480d34dac0e5de1812d8f0e5e74ee3637aba1d2de59f1eecf18548566b0,13746953995,6743828427,蚂蚁阿福,cn,5,整体都特别特别好,太好了，能直接挂号，还能和智能体聊天，我平时很忙，多亏了阿福，蚂蚁这次真是出了一个好软件,太好了，能直接挂号，还能和智能体聊天，我平时很忙，多亏了阿福，蚂蚁这次真是出了一个好软件,所有昵称都被使用过了，我还能写啥呀呀呀呀呀啊啊啊啊,1.0.86,2026-02-14T03:23:52Z,True,itunes_rss_mostHelpful,False,False
f4a462243ed1044054ab494380fab8487e8db35f1c9c0b2b0d3aa39eded47c32,13738336219,6743828427,蚂蚁阿福,cn,1,背刺老用户,搞得很大方 2.11-2.12新用户16.8元 那之前做活动强制被下载的老客户怎么不给发？,搞得很大方 2.11-2.12新用户16.8元 那之前做活动强制被下载的老客户怎么不给发？,没有昵称啊啊啊啊1,1.0.86,2026-02-11T16:36:49Z,True,itunes_rss_mostHelpful,False,False
cadd5e938d706dd4de6d33bf78ba6369dca3681b10b94012a272bb969abb55b1,13737977337,6743828427,蚂蚁阿福,cn,1,背如刺,凭什么现在新用户下载能有16.8，老用户就只有¥1多¥3多那样，这不是搞背刺吗？玩不起别玩,凭什么现在新用户下载能有16.8，老用户就只有¥1多¥3多那样，这不是搞背刺吗？玩不起别玩,真的服了111,1.0.86,2026-02-11T14:35:56Z,True,itunes_rss_mostHelpful,False,False
c492aceb08f8980323e76188d3882f810d329070da676552e5983187afd4d352,13737798080,6743828427,蚂蚁阿福,cn,1,搞针对,让消费者下载了有区别对待，说好了都有16.8红包，拿着这个噱头让人下载了之后只有1.88，什么意思,让消费者下载了有区别对待，说好了都有16.8红包，拿着这个噱头让人下载了之后只有1.88，什么意思,轻松中奖五百万,1.0.86,2026-02-11T13:37:58Z,True,itunes_rss_mostHelpful,False,False
f52f10a29c747face610880d7941ef7c2bdcd4951ca08f370c32cfbbf5b047f0,13733675477,6743828427,蚂蚁阿福,cn,5,有老有小的家庭必备,孩子嘴上起疹子，问阿福之后，又和在线真人医生确认，推荐同样的药膏，家里刚好有，抹上没两天就好了～,孩子嘴上起疹子，问阿福之后，又和在线真人医生确认，推荐同样的药膏，家里刚好有，抹上没两天就好了～,美雅在操心,1.0.86,2026-02-10T10:23:36Z,True,itunes_rss_mostHelpful,False,False
dec69bf5e309998182a987eab9922e10ac888c621a1d4fdebd3d79a177fb00b4,13733273844,6743828427,蚂蚁阿福,cn,5,需要英文版本的阿福,阿福真的很棒，我想将它推荐给外国的同事，可惜的是没有英文版本，可以尽快的加上这个功能吗,阿福真的很棒，我想将它推荐给外国的同事，可惜的是没有英文版本，可以尽快的加上这个功能吗,王小建小王,1.0.86,2026-02-10T07:17:23Z,True,itunes_rss_mostHelpful,False,False
d1ee64c11e68c1bad951739c9b5d51dcf43fe9c7ee7adf674f4f568baa8d2176,13719754402,6743828427,蚂蚁阿福,cn,4,深色版为什么没有,能不能出个深色版，可以跟随系统设置，晚上好刺眼。阿福很好用，现在有点啥不舒服就来问，总感觉问这个更靠谱。赶紧出深色版啊啊啊,能不能出个深色版，可以跟随系统设置，晚上好刺眼。阿福很好用，现在有点啥不舒服就来问，总感觉问这个更靠谱。赶紧出深色版啊啊啊,V1ikki,1.0.86,2026-02-06T15:02:48Z,True,itunes_rss_mostHelpful,False,False
f684a6ed36c91d7b8a96ef0a75e6a1e3bd2794d9b12119b5c3ca2b5910856767,13717603004,6743828427,蚂蚁阿福,cn,1,误导下载app,说是有赠送会员，实际是员工的套路。让你下载app后，他们完成业绩就行了。千万别下，没用的东西,说是有赠送会员，实际是员工的套路。让你下载app后，他们完成业绩就行了。千万别下，没用的东西,踢拉呱汤,1.0.86,2026-02-06T00:32:22Z,True,itunes_rss_mostHelpful,False,False
32f86dffd95620652c61156e44380c95a8180d6df118068e612a4d2057d89573,13696009206,6743828427,蚂蚁阿福,cn,1,想方设法骗取下载量！,被小红书骗来给这种差劲的app做下载量和任务的，最后还要求发订单号！无良app,被小红书骗来给这种差劲的app做下载量和任务的，最后还要求发订单号！无良app,用户12221¥,1.0.86,2026-01-31T07:39:36Z,True,itunes_rss_mostHelpful,False,False
25a9ec1f1bf17a9d23b111cf7b82246389e387d82f34b0e3ba6ed2605309d07d,13680634457,6743828427,蚂蚁阿福,cn,1,调不了语言,搜索攻略也调节不了 用不了这个app 感觉花那么多宣传费用 用户也用不了 转化率太低了吧,搜索攻略也调节不了 用不了这个app 感觉花那么多宣传费用 用户也用不了 转化率太低了吧,Spenceravocado,1.0.86,2026-01-27T06:53:03Z,True,itunes_rss_mostHelpful,False,False
af1a7974b5af3baacbe2a120603f5a6747455a15fe90cb9b2198da8fb6e4d26d,13664140711,6743828427,蚂蚁阿福,cn,5,阿福,健康好帮手，身体不舒服先问阿福，小毛病就不用上医院了，值得推荐,健康好帮手，身体不舒服先问阿福，小毛病就不用上医院了，值得推荐,羊族 寒月,1.0.80,2026-01-22T20:52:06Z,True,itunes_rss_mostHelpful,False,False
22132dae0a999b5f90d0a406792280bb286ce63fcd4a64c300ff039b1d3fce0a,13658873221,6743828427,蚂蚁阿福,cn,1,推广诈骗,"下载使用须知
1.须通过支付宝扫码下载且支付宝方式登录，否则无法纳入统计
2.扫码前须确认为本单位的专属二维码，否则无法纳入统计
3.安装后应在12小时内完成登录动作，否则无法纳入统计
4. 下载后一周内保持每天使用
常见问题
自行到应用商城下载/微信扫码下载是否计数？
A不计数；必须通过支付宝下载。
◎ 登陆方式选择“本机号码一键登录”是否计数？
A 不计数；必须通过支付宝登录方式登录。
◎ 下载后不登录是否计数？
不计数；须首次下载且在12小时内完成登录。
0 安装登录完成后是否可以卸载？
A 不可以，下载后首周保持每天使用。","下载使用须知
1.须通过支付宝扫码下载且支付宝方式登录，否则无法纳入统计
2.扫码前须确认为本单位的专属二维码，否则无法纳入统计
3.安装后应在12小时内完成登录动作，否则无法纳入统计
4. 下载后一周内保持每天使用
常见问题
自行到应用商城下载/微信扫码下载是否计数？
A不计数；必须通过支付宝下载。
◎ 登陆方式选择“本机号码一键登录”是否计数？
A 不计数；必须通过支付宝登录方式登录。
◎ 下载后不登录是否计数？
不计数；须首次下载且在12小时内完成登录。
0 安装登录完成后是否可以卸载？
A 不可以，下载后首周保持每天使用。",kkikoe,,2026-01-21T12:44:39Z,True,web_ssr_helpful,False,True
1ddf9cbc92392c1c28222c7d51262bd1be345ab8f85f63bf7fce65205c1544f4,13625996606,6743828427,蚂蚁阿福,cn,1,太难用了,药品没有自定义分类，刷新慢，查个药得等半天，而且还没有搜索，病历也不智能，就是拍了张照片，其他什么都没有，本来想把这个作为健康管理，结果根本没这些功能，完全就是个卖药和假ai，还不如人家iphone自带的备忘录强,药品没有自定义分类，刷新慢，查个药得等半天，而且还没有搜索，病历也不智能，就是拍了张照片，其他什么都没有，本来想把这个作为健康管理，结果根本没这些功能，完全就是个卖药和假ai，还不如人家iphone自带的备忘录强,根本无内容，太烂了，千万别下载,1.0.80,2026-01-12T18:08:54Z,True,itunes_rss_mostHelpful,False,False
b2a74a141c45d097d835d3df460e8b7c4a681ecfaf0dd5c316ed0f6d98f63287,13624046860,6743828427,蚂蚁阿福,cn,5,蚂蚁🐜好用～健康管家,用了很久了，健康小管家，还是很不错的。特别有意思，只有你想不到只有你看不到。 一些平时的突感不适又不想麻烦找医生的，这里可以简单做个病理筛选，还是很靠谱的。,用了很久了，健康小管家，还是很不错的。特别有意思，只有你想不到只有你看不到。 一些平时的突感不适又不想麻烦找医生的，这里可以简单做个病理筛选，还是很靠谱的。,陈茂泉,1.0.80,2026-01-12T06:09:28Z,True,itunes_rss_mostHelpful,False,False
59ce45cdfe50d4114d9bb366ca35d1b1128d235a383605896124bd96d77478cc,13624041591,6743828427,蚂蚁阿福,cn,4,问题反馈,App中字体显示有点太大了，看起来不舒服，字号设置中只有标准及更大，没有更小号字体，建议优化。,App中字体显示有点太大了，看起来不舒服，字号设置中只有标准及更大，没有更小号字体，建议优化。,zzzzziiiiicccccaaaaa,1.0.80,2026-01-12T06:06:50Z,True,itunes_rss_mostHelpful,False,False
8f53c0db6da9756ead1e0f9c0d863f6974b166c58e51f76b3de0a5dd1d2d4243,13623664194,6743828427,蚂蚁阿福,cn,2,语音识别功能太弱，很多时候无法清晰辨别说话内容,语音识别功能太弱，老人如果说慢了就会错误识别说话内容，还没有发问完就会抢着回答,语音识别功能太弱，老人如果说慢了就会错误识别说话内容，还没有发问完就会抢着回答,Grace 、,1.0.80,2026-01-12T03:03:17Z,True,itunes_rss_mostHelpful,False,False
ac500343a4560bfa24da28865d54bbe516966b1d3f3a1971495589f7bcee40ec,13620396386,6743828427,蚂蚁阿福,cn,1,被淘宝店铺欺骗了,"在淘宝店铺下单 给我发链接让我下载阿福才能完成此订单，下载后一直无法获取订单信息，然后我选择了退款，这个事情发生了，当时没有什么觉得不对，转天发现有问题，就找淘宝店铺询问，一搜索店铺关闭了，。我最烦这种欺骗消费者的行为
大大的差评","在淘宝店铺下单 给我发链接让我下载阿福才能完成此订单，下载后一直无法获取订单信息，然后我选择了退款，这个事情发生了，当时没有什么觉得不对，转天发现有问题，就找淘宝店铺询问，一搜索店铺关闭了，。我最烦这种欺骗消费者的行为
大大的差评",杨喜彭于晏,1.0.76,2026-01-11T08:18:13Z,True,itunes_rss_mostHelpful,False,False
5e2fae4dcef34d64a44ca7dfb06747bef0e7184a6e6b1380b5a73827a8935c46,13618922600,6743828427,蚂蚁阿福,cn,4,夜间模式,需要屏幕可以跟随系统自动切换夜间模式或者自定义设置屏幕深色模式，方便夜间阅读，谢谢！,需要屏幕可以跟随系统自动切换夜间模式或者自定义设置屏幕深色模式，方便夜间阅读，谢谢！,PANDA郭宝,1.0.76,2026-01-10T22:21:19Z,True,itunes_rss_mostHelpful,False,False
f60142d8e47d602a80f69a61c1ce6973962fc0c341c0271ca3ae41b9eab968f4,13613722391,6743828427,蚂蚁阿福,cn,1,被骗下载 观感好差,被骗下载 观感好差 总感觉下一秒我账户里的钱就要被转移了 永远不会用这个app了,被骗下载 观感好差 总感觉下一秒我账户里的钱就要被转移了 永远不会用这个app了,🥹(｡í _ ì｡),1.0.76,2026-01-09T15:51:10Z,True,itunes_rss_mostHelpful,False,False
be042c5af9419e486baa8e2b5a38502a5221d9509f59822341ea02795c215cef,13613522584,6743828427,蚂蚁阿福,cn,1,有智能手机以来,有智能手机以来，最无耻无赖的一个app，铺天盖地广告，还点不掉，强制下载，点开了后和DS、豆包一样！！！,有智能手机以来，最无耻无赖的一个app，铺天盖地广告，还点不掉，强制下载，点开了后和DS、豆包一样！！！,唐小巳,1.0.76,2026-01-09T14:51:10Z,True,itunes_rss_mostHelpful,False,False
70a2bab72ab41adf00112681ab4a0ed8c268ac498a4f15c3963fb7806a0ca4df,13611920506,6743828427,蚂蚁阿福,cn,1,推广烦的要死,广告到处可见，用不存在的奖励来引流，街上到处被拉着问有没有开通，去医院也被问，回街道里也被问，烦的要死,广告到处可见，用不存在的奖励来引流，街上到处被拉着问有没有开通，去医院也被问，回街道里也被问，烦的要死,YepSemmm,1.0.76,2026-01-09T04:48:17Z,True,itunes_rss_mostHelpful,False,False
c565bc65a2b77e02bbcdff8d0d19df47c310d9c49725bb4234abee455d59d9ef,13609264202,6743828427,蚂蚁阿福,cn,5,因为何老师，给5分,没有豆包那么落地，内容有些复杂，语音转文字功能有所欠缺，大部分能听懂，但是会把口语化的字转移有点鸡肋，反应速度稍慢，其实已经很快了，但是现在有比较全能的Ai，单独去下载一个这个，我认为没什么闪光点的功能性吸引我。,没有豆包那么落地，内容有些复杂，语音转文字功能有所欠缺，大部分能听懂，但是会把口语化的字转移有点鸡肋，反应速度稍慢，其实已经很快了，但是现在有比较全能的Ai，单独去下载一个这个，我认为没什么闪光点的功能性吸引我。,张琰淇,1.0.76,2026-01-08T12:43:01Z,True,itunes_rss_mostHelpful,False,False
ce6359650542a94527286b8dbc07dff6880f34f3fd282c7a49804c07090883ae,13600465454,6743828427,蚂蚁阿福,cn,5,求添加切后台语音播报不断开的功能,因为每次说到一半，我点到别的软件语音就会断开，但是我觉得他讲的特别好。其余部分很满意。,因为每次说到一半，我点到别的软件语音就会断开，但是我觉得他讲的特别好。其余部分很满意。,醴醺,1.0.76,2026-01-06T05:30:19Z,True,itunes_rss_mostHelpful,False,False
021df1cf1775b48fe0090041f25b430c9d008778552addb363abbf0d7da937fe,13600327418,6743828427,蚂蚁阿福,cn,1,竟然不适配佳明,广告推了那么多，结果产品线竟然要漏掉了 一个重要的运动手表品牌 佳明 这个就很棒👍,广告推了那么多，结果产品线竟然要漏掉了 一个重要的运动手表品牌 佳明 这个就很棒👍,rkfeng,1.0.76,2026-01-06T04:22:01Z,True,itunes_rss_mostHelpful,False,False
73d2e173413e604c0066462b47402b58dcf2c3da6f7be7fc4ec4444c7c531f05,13599182925,6743828427,蚂蚁阿福,cn,1,无法记忆病史,说什么为了隐私保护无法记忆病史，每次我都要打一大段病史再去问问题，对于复杂病人这是硬伤,说什么为了隐私保护无法记忆病史，每次我都要打一大段病史再去问问题，对于复杂病人这是硬伤,的地方品牌,1.0.76,2026-01-05T20:45:36Z,True,itunes_rss_mostHelpful,False,False
6b39fd5118d36c4e70a5be903547d7336087e602c38f443baad1efa766da3446,13593017430,6743828427,蚂蚁阿福,cn,1,无端引流过来，忽悠为主,被人引流过来，结果就是一个AI助手说好的有优惠券，结果没有，真的是差评，差评，没有活动，为什么给人家报这么大的希望？你肯定是在其他端口给人家有优惠或者下载有优惠。,被人引流过来，结果就是一个AI助手说好的有优惠券，结果没有，真的是差评，差评，没有活动，为什么给人家报这么大的希望？你肯定是在其他端口给人家有优惠或者下载有优惠。,纳什华凯,1.0.76,2026-01-04T09:07:42Z,True,itunes_rss_mostHelpful,False,False
8e107ebca0d7d5946e81d481c0fad065424b4f45016ad3b3058a5f5cbee10a60,13592252274,6743828427,蚂蚁阿福,cn,1,没用,我上传了三甲医院的检验报告pdf，让他分析，他连pdf里面的检验时间都识别不了，这都2026年了啊。他只能识别苹果手表的数据，不能去读取健康档案里上传的PDF，那你说这东西还能分析什么？就是个资本想赚商业保险的产物.,我上传了三甲医院的检验报告pdf，让他分析，他连pdf里面的检验时间都识别不了，这都2026年了啊。他只能识别苹果手表的数据，不能去读取健康档案里上传的PDF，那你说这东西还能分析什么？就是个资本想赚商业保险的产物.,arexsh,1.0.76,2026-01-04T03:36:28Z,True,itunes_rss_mostHelpful,False,False
70b6425068cfe54193d84ec06fd1b33740998b47997c4601faf82be7dfa128c8,13592251862,6743828427,蚂蚁阿福,cn,3,不够好,不知道是不是投入的算力不足或者模型参数过少，感觉不够专业。对健康方面的专业程度甚至不能和同是阿里旗下的通用型千问想比。,不知道是不是投入的算力不足或者模型参数过少，感觉不够专业。对健康方面的专业程度甚至不能和同是阿里旗下的通用型千问想比。,freedxz,1.0.76,2026-01-04T03:36:18Z,True,itunes_rss_mostHelpful,False,False
8bbbd52b19d909149623dd6776315d49927d13168c0f47ebe431d2ac91d32ea4,13591282936,6743828427,蚂蚁阿福,cn,1,无法喝水提醒,说好的喝水提醒，第二天问它居然说AI无法主动推送，只能帮忙做计划，不知道要它何用，跟其它AI没有任何区别,说好的喝水提醒，第二天问它居然说AI无法主动推送，只能帮忙做计划，不知道要它何用，跟其它AI没有任何区别,要想人提醒喝水,1.0.76,2026-01-03T21:31:04Z,True,itunes_rss_mostHelpful,False,False
940ac4abdf95e67ebfa967195102ac58efbbdddb5a15b0e583334000d5db5f42,13581115883,6743828427,蚂蚁阿福,cn,1,照片非得下载到本地？,我在手机上都把照片传到icould上面了结果这个app就是要将照片下到本地才能识别 但是我在其他app并没有报错,我在手机上都把照片传到icould上面了结果这个app就是要将照片下到本地才能识别 但是我在其他app并没有报错,mang还不行,1.0.76,2026-01-01T13:16:54Z,True,itunes_rss_mostHelpful,False,False
514778385055fa42e5dda5792ec443c2f01fc8feb4d71778cd164b440109bbe0,13576092128,6743828427,蚂蚁阿福,cn,1,一点用没有,拿了数据也不分析。问疾病没法联系上下文，还不如普通的通义。给的建议一点用都没有。,拿了数据也不分析。问疾病没法联系上下文，还不如普通的通义。给的建议一点用都没有。,辣椒盒子,1.0.76,2025-12-31T07:45:38Z,True,itunes_rss_mostHelpful,False,False
32300ce4ae94ae045f7dbeabe1c8372ade60632a56893ef909b13bdbff2bf6d6,13571372252,6743828427,蚂蚁阿福,cn,5,我身边最权威的健康顾问,哈哈哈，每天有各种各样的身体健康焦虑，什么药该不该吃，健身怎么练，水怎么喝，体检报告怎么看，都交给蚂蚁阿福了，我觉得真是不错，感谢阿里，感谢蚂蚁集团，，希望这款app做大做强,哈哈哈，每天有各种各样的身体健康焦虑，什么药该不该吃，健身怎么练，水怎么喝，体检报告怎么看，都交给蚂蚁阿福了，我觉得真是不错，感谢阿里，感谢蚂蚁集团，，希望这款app做大做强,世界之王avaid,1.0.76,2025-12-30T02:27:58Z,True,itunes_rss_mostHelpful,False,False
433e092b809cd1a8ce998b1241882ee26d28ed025751404a1c8f5d83a08b70c3,13568394479,6743828427,蚂蚁阿福,cn,5,好用,看成毅《长安二十四计》的时候发现的这款软件，非常好用，大事小事都问阿福，给出的回答很专业,看成毅《长安二十四计》的时候发现的这款软件，非常好用，大事小事都问阿福，给出的回答很专业,兔耳Ariel,1.0.76,2025-12-29T10:05:23Z,True,itunes_rss_mostHelpful,False,False
d764ed0096f78e209354a23fddf24349de8838667c61604cb1885094c06f1edf,13564853846,6743828427,蚂蚁阿福,cn,1,为什么信息不能保留呢？,每次进入健康小目标都不保存之前的聊天信息，根本找不到之前的聊天记录，那我有什么必要跟你交互呢？我觉得见面设计也很乱，就感觉不像一个正规的App一样。,每次进入健康小目标都不保存之前的聊天信息，根本找不到之前的聊天记录，那我有什么必要跟你交互呢？我觉得见面设计也很乱，就感觉不像一个正规的App一样。,苍3,1.0.73,2025-12-28T12:47:06Z,True,itunes_rss_mostHelpful,False,False
77c67f17e92ac362f441fea1c0d4b1a8ef813fc5b624c192ce56a7e2e0be5c91,13563120984,6743828427,蚂蚁阿福,cn,1,蚂蚁森林活动下载磨叽半天一颗能量不给。,支付宝活动说给绿色能量，结果下载后一通操作也没给一颗能量，差评加卸载。还搞中医，能不能好好搞点寻证医学？,支付宝活动说给绿色能量，结果下载后一通操作也没给一颗能量，差评加卸载。还搞中医，能不能好好搞点寻证医学？,LorTsering,1.0.73,2025-12-28T01:13:59Z,True,itunes_rss_mostHelpful,False,False
f304c20fcafcd8d285022bb018b339eef4345b634b395b895df9600abd2e7e37,13560070139,6743828427,蚂蚁阿福,cn,1,错误分析出肿瘤结论！！！！严重的分析错误！！,体检报告文字中未有任何肿瘤字样，我反复确认，说有明确的肿瘤文字。这属于严重的分析错误，是否要承担法律责任！！,体检报告文字中未有任何肿瘤字样，我反复确认，说有明确的肿瘤文字。这属于严重的分析错误，是否要承担法律责任！！,不我跑你了？！,1.0.73,2025-12-27T07:28:04Z,True,itunes_rss_mostHelpful,False,False
4aada347f20ff0eec89a0a5dcb35fb34f4443d787e8f0d23cc44c4d37f427916,13559556146,6743828427,蚂蚁阿福,cn,5,蚂蚁,确实是健康的助手，值得推荐大家下载👍👍👍有保障,确实是健康的助手，值得推荐大家下载👍👍👍有保障,多多丶Fyf,1.0.73,2025-12-27T03:36:18Z,True,itunes_rss_mostHelpful,False,False
6214073e1abc860c7d19a3a2e9dae9908a2ffefe473d049d06b32e1a39349683,13559041683,6743828427,蚂蚁阿福,cn,5,因长安二十四计而来,最近因体检报告看不懂，复查报销不会弄而焦虑，然后看了长安二十四计，知道了蚂蚁阿福这个APP，立刻下载来给我分析，真的好用,最近因体检报告看不懂，复查报销不会弄而焦虑，然后看了长安二十四计，知道了蚂蚁阿福这个APP，立刻下载来给我分析，真的好用,成毅的果子,1.0.73,2025-12-27T00:14:29Z,True,itunes_rss_mostHelpful,False,False
984f68de3878e1d97de815ebd2da64b9974482041ce16118089aab383d4239e0,13557463870,6743828427,蚂蚁阿福,cn,3,未支持医学影像分析功能,这个功能还是比较重要的，原以为是个完善的医疗问诊工具，结果还是大语言模型那套文字聊天助手,这个功能还是比较重要的，原以为是个完善的医疗问诊工具，结果还是大语言模型那套文字聊天助手,我大哥林林林hhh,1.0.73,2025-12-26T15:15:08Z,True,itunes_rss_mostHelpful,False,False
83e6c745ef36fdd67ab402c5c7939981b1d78c9275f894ba05c78c11282c233b,13550049883,6743828427,蚂蚁阿福,cn,5,蚂蚁阿福-日常生活小助手,蚂蚁阿福AI健康管家，用了段时间，整体还挺实用的。会像专业人员一样追问身体的具体情况，给出的健康建议也比较贴合需求，日常有小的健康疑问时，用它咨询还挺方便的，值得一试。,蚂蚁阿福AI健康管家，用了段时间，整体还挺实用的。会像专业人员一样追问身体的具体情况，给出的健康建议也比较贴合需求，日常有小的健康疑问时，用它咨询还挺方便的，值得一试。,诗语爱宝藏,1.0.73,2025-12-24T14:11:16Z,True,itunes_rss_mostHelpful,False,False
5a840997abf120ad53bd72f136fd3cd9f23ce5879bb924b0342ee6d643f22225,13544697652,6743828427,蚂蚁阿福,cn,4,不能获取硅基轻享A PP的血糖数据,蚂蚁阿福APP的医疗器械里只有硅基动感动态血糖仪、该工具不能获取硅基轻享动态血糖仪的数据（两个血糖仪实际为同一生产商）请抽空帮忙处理一下。谢谢,蚂蚁阿福APP的医疗器械里只有硅基动感动态血糖仪、该工具不能获取硅基轻享动态血糖仪的数据（两个血糖仪实际为同一生产商）请抽空帮忙处理一下。谢谢,johnson c,1.0.73,2025-12-23T02:47:49Z,True,itunes_rss_mostHelpful,False,False
476a7d81278ae9a1eaf082073ea93482621e3502f73fad57dd130e21417a35d2,13544143156,6743828427,蚂蚁阿福,cn,1,最重要的挂号功能，反而不方便了,希望不要为了强行推阿福，关闭阿里健康原有的挂号功能，原来的阿里健康挂号很方便，现在的阿福挂号很不方便！而且还有个人挂号历史数据也找不到了，强烈要求挂号继续从原来的阿里健康进入！,希望不要为了强行推阿福，关闭阿里健康原有的挂号功能，原来的阿里健康挂号很方便，现在的阿福挂号很不方便！而且还有个人挂号历史数据也找不到了，强烈要求挂号继续从原来的阿里健康进入！,一周年松鼠,1.0.73,2025-12-22T22:52:00Z,True,itunes_rss_mostHelpful,False,False
515686b54ba2c9e60a30f0c06b6909336a0ddc2f1576184f13489db7eb7f72b4,13542080319,6743828427,蚂蚁阿福,cn,1,被其他人欺骗下载的,在闲鱼买东西，商家说下载这个软件可以领会员，结果下载登录后，并不能领取。气死了,在闲鱼买东西，商家说下载这个软件可以领会员，结果下载登录后，并不能领取。气死了,二二不得,1.0.73,2025-12-22T11:08:01Z,True,itunes_rss_mostHelpful,False,False
2cb70dc286147985913686fc347cdba68aed9e931dc9bdee3d1d0d53ed4aa6d1,13541205004,6743828427,蚂蚁阿福,cn,1,卸载了又自动下载,我不知道是出于什么原因 之前为了支付宝积分下载过一次 没打开 卸载了 结果转天它自动出现在我手机上 自动下载的 第二次卸载以后 又自动下载……其他应用都没出现过这种情况 就这个app 卸载了会自动下载回来……,我不知道是出于什么原因 之前为了支付宝积分下载过一次 没打开 卸载了 结果转天它自动出现在我手机上 自动下载的 第二次卸载以后 又自动下载……其他应用都没出现过这种情况 就这个app 卸载了会自动下载回来……,蚂蚁阿福不要再自动下载回手机了,1.0.73,2025-12-22T04:31:03Z,True,itunes_rss_mostHelpful,False,False
b8fc48359362f784000d08a5d36db893130759088c9b3619b766babfe86cfc8f,13538585152,6743828427,蚂蚁阿福,cn,1,上传化验单的功能都没有，有什么意义？,产品经理真的试图让AI帮忙分析过任何病症吗，真的用过这个产品吗？最应该做的功能不做😂,产品经理真的试图让AI帮忙分析过任何病症吗，真的用过这个产品吗？最应该做的功能不做😂,🧤❤️🧤❤️🧤❤️,1.0.73,2025-12-21T12:16:19Z,True,itunes_rss_mostHelpful,False,False
4db080f4fc27c03b395d3e61babf00c3375374b901009d14c95601903b0712ae,13537143914,6743828427,蚂蚁阿福,cn,1,暂时没啥用,给孩子交居民医保时提示下载蚂蚁阿福说有优惠，以为可能有用就下了，结果不仅没优惠，界面也没什么提示，可以理解为支付宝单独的一个ai，手机里太多了决定卸载，以后好用了再说！,给孩子交居民医保时提示下载蚂蚁阿福说有优惠，以为可能有用就下了，结果不仅没优惠，界面也没什么提示，可以理解为支付宝单独的一个ai，手机里太多了决定卸载，以后好用了再说！,李叶译文even,1.0.73,2025-12-21T02:10:59Z,True,itunes_rss_mostHelpful,False,False
063f6611efe07f4d1a69c0371398b80fdd6401b5a9b88887b4ec338f9cd61337,13533902659,6743828427,蚂蚁阿福,cn,5,看长安二十四计下载蚂蚁阿福,看电视剧长安二十四计的时候，看到有一个广告，是AI医疗软件，下载尝试一下，说出症状，软件会给一个详细的分析，还告诉你如果去医院的话应该优先挂哪个科室的号，挺方便的。,看电视剧长安二十四计的时候，看到有一个广告，是AI医疗软件，下载尝试一下，说出症状，软件会给一个详细的分析，还告诉你如果去医院的话应该优先挂哪个科室的号，挺方便的。,美好310,1.0.73,2025-12-20T06:38:19Z,True,itunes_rss_mostHelpful,False,False
d247d35d0119c209450afd090b04a55066216c21f7062493e0e432e5f53745d6,13531519873,6743828427,蚂蚁阿福,cn,1,根本没办法解答定制化问题,如果是能够规划解答复杂的报销流程和支付问题，那也算是解决痛点了。问题是回答都是联网查询的，那单独下载一个这个app干嘛呢？定位清晰但问题没解决。,如果是能够规划解答复杂的报销流程和支付问题，那也算是解决痛点了。问题是回答都是联网查询的，那单独下载一个这个app干嘛呢？定位清晰但问题没解决。,纽约大冻梨,1.0.73,2025-12-19T14:59:46Z,True,itunes_rss_mostHelpful,False,False
edf4019534a2b7f280674e08cfff8dc981f8115841c695a69f976feb7419e773,13531371248,6743828427,蚂蚁阿福,cn,5,好评好评好评,这个应用太惊喜啦，这款App简直是宝藏App，非常好用，可以免费测热量，记录每天的饮食，非常适合减脂的姐妹们，快下载一下吧，每天都迫不及待的打开这个App记录生活，减脂路上的得力助手，强推！,这个应用太惊喜啦，这款App简直是宝藏App，非常好用，可以免费测热量，记录每天的饮食，非常适合减脂的姐妹们，快下载一下吧，每天都迫不及待的打开这个App记录生活，减脂路上的得力助手，强推！,haon、,1.0.73,2025-12-19T14:13:41Z,True,itunes_rss_mostHelpful,False,False
6d225796b22632289778f3b984c6fab81f058ccca26a57ddc54d48e67e769b82,13529904117,6743828427,蚂蚁阿福,cn,1,同意和授权消息为什么是全英文！？,支付宝作为中国企业，为什么授权消息是全英文的且不提供支持更换医院，需要都同意后才显示中文…说明有坑,支付宝作为中国企业，为什么授权消息是全英文的且不提供支持更换医院，需要都同意后才显示中文…说明有坑,西曉,1.0.73,2025-12-19T04:25:41Z,True,itunes_rss_mostHelpful,False,False
f98fa227e61c5f392788f00561df3569bcf2fd444225f706cd51285c90ab6692,13528307211,6743828427,蚂蚁阿福,cn,5,从成毅长安二十四计知道了阿福,从成毅长安二十四计知道了阿福，使用了一下，非常方便的医疗健康助手，体感不错会继续探索,从成毅长安二十四计知道了阿福，使用了一下，非常方便的医疗健康助手，体感不错会继续探索,是小甜橙呀,1.0.72,2025-12-18T17:19:18Z,True,itunes_rss_mostHelpful,False,False
9eb27e4fd62f9bb90bc09b88b489c86e4a7bc33786b75481155a97295d51af74,13527061631,6743828427,蚂蚁阿福,cn,4,健康助手,我用了一下，感觉还是挺方便的，输入你要问的问题它就会回答你，并且答案还挺符合,我用了一下，感觉还是挺方便的，输入你要问的问题它就会回答你，并且答案还挺符合,丁丁要自律,1.0.72,2025-12-18T10:28:55Z,True,itunes_rss_mostHelpful,False,False
d2c96a78d382464f20e0245b4b1b90e4c7c63842f754dc0b8bb33c7933134940,13526824572,6743828427,蚂蚁阿福,cn,5,感谢蚂蚁阿福冠名长安二十四计,作为成毅粉丝，特别感谢蚂蚁阿福总冠名长安二十四计，以后也会经常使用阿福，随时守护身体健康。,作为成毅粉丝，特别感谢蚂蚁阿福总冠名长安二十四计，以后也会经常使用阿福，随时守护身体健康。,刷了一首歌,1.0.72,2025-12-18T08:48:51Z,True,itunes_rss_mostHelpful,False,False
e45abe9e444c4686fa620d85a5e9d21870c97b53a98a2110dac6d948b9902a75,13525867991,6743828427,蚂蚁阿福,cn,1,骗下载的软件,一点用都没有 就是给你百度来的 不然就是付钱 还不如豆包整理得好 全靠支付宝才有这么多人下载吧,一点用都没有 就是给你百度来的 不然就是付钱 还不如豆包整理得好 全靠支付宝才有这么多人下载吧,宇宙最大能量来源,1.0.72,2025-12-18T01:16:49Z,True,itunes_rss_mostHelpful,False,False
f73b09a9201dfa7abce0b76cf6662d8c88f97ea02d65f1e6111bc49c03e38a4b,13525695223,6743828427,蚂蚁阿福,cn,1,太难用了！！！,这个软件的初衷非常好，我们也很需要这样的app，但问题是操作界面能不能别这么难用！！！！各种找不到，逻辑混乱，严重不合理！！！！,这个软件的初衷非常好，我们也很需要这样的app，但问题是操作界面能不能别这么难用！！！！各种找不到，逻辑混乱，严重不合理！！！！,nana589652478,1.0.72,2025-12-18T00:05:07Z,True,itunes_rss_mostHelpful,False,False
e2c164c21ab72d78c0be557bfa3823aea47ac70ab0220a2223f6cce235ac1be3,13523956512,6743828427,蚂蚁阿福,cn,1,没啥用,我觉得没什么用处。就看病而言，你把你的问题发上去，他只会给出一堆相似的症状，而且往往是往严重的程度去说。之前，我上火，嘴唇干，它把我说的老严重。所以，你不如去问豆包呢。这个软件不怎么成熟,我觉得没什么用处。就看病而言，你把你的问题发上去，他只会给出一堆相似的症状，而且往往是往严重的程度去说。之前，我上火，嘴唇干，它把我说的老严重。所以，你不如去问豆包呢。这个软件不怎么成熟,大🤵,1.0.72,2025-12-17T13:27:13Z,True,itunes_rss_mostHelpful,False,False
ab7a1a0f0e64e95c0eb4969746fd83a50719b261319e449fb36cfe9488de5afb,13523345876,6743828427,蚂蚁阿福,cn,5,强烈推荐,这个工具对我们现在的人来说，确实是一个非常好的调理身体的工具，也是一个非常强大的健康助手。,这个工具对我们现在的人来说，确实是一个非常好的调理身体的工具，也是一个非常强大的健康助手。,南宫风涵,1.0.72,2025-12-17T09:59:23Z,True,itunes_rss_mostHelpful,False,False
333d0d2a3c8bc5948e591921c7e184d6b68c8a95c6986e9a3e385d95d911ade7,13523246202,6743828427,蚂蚁阿福,cn,5,蚂蚁阿福,他对于人体的医学知识还是了解的非常透彻的，用于年老的父母检查身体状况还是非常的有必要，他是个非常好用的App,他对于人体的医学知识还是了解的非常透彻的，用于年老的父母检查身体状况还是非常的有必要，他是个非常好用的App,太戈优漫,1.0.72,2025-12-17T09:17:32Z,True,itunes_rss_mostHelpful,False,False
5a24f5653266505bc2ff59144352b7d1cf7d0b36d573f21728fc82b39da1704f,13522932950,6743828427,蚂蚁阿福,cn,5,找医生前的首选软件,这款软件真的太方便了，我日常生活需要了解的问题回答的都很准确和详细，不单单是看病，健身和健康生活都有,这款软件真的太方便了，我日常生活需要了解的问题回答的都很准确和详细，不单单是看病，健身和健康生活都有,舒一指眉间,1.0.72,2025-12-17T06:49:30Z,True,itunes_rss_mostHelpful,False,False
2345f2578b1a1a300a2a132906f1fd5d10ac8d5cf4a525e8d2790705ec8ee069,13522078998,6743828427,蚂蚁阿福,cn,3,获取睡眠数据不全,关联苹果健康数据后，抓取睡眠数据只有浅睡眠的时长，深睡眠、基础睡眠和动眼睡眠的时长都没抓取到，建议再优化一下和苹果健康的关联适配度,关联苹果健康数据后，抓取睡眠数据只有浅睡眠的时长，深睡眠、基础睡眠和动眼睡眠的时长都没抓取到，建议再优化一下和苹果健康的关联适配度,胜利的西西弗斯,1.0.72,2025-12-17T00:16:58Z,True,itunes_rss_mostHelpful,False,False
f88c717b626b64c88f2782ec4c6aa58270c5e6b60ffa6ff8600faa673997c27b,13520612219,6743828427,蚂蚁阿福,cn,5,长安二十四计 总冠名,蚂蚁阿福总冠名了电视剧《长安二十四计》，播剧的时候看到了就下载试试看，生活中也方便。,蚂蚁阿福总冠名了电视剧《长安二十四计》，播剧的时候看到了就下载试试看，生活中也方便。,朗明星空,1.0.72,2025-12-16T15:05:03Z,True,itunes_rss_mostHelpful,False,False
7f6c23ede3abc569a34e06e73946cfe212d2ccf5bacf2b68ebe1729332e0dbb5,13519031318,6743828427,蚂蚁阿福,cn,5,感谢长安二十四计总冠名,因为果汁大剧《长安二十四计》知道了这个软件，感谢总冠名，欢迎大家都去优酷看长安二十四计哦！,因为果汁大剧《长安二十四计》知道了这个软件，感谢总冠名，欢迎大家都去优酷看长安二十四计哦！,知知大王拯救世界,1.0.72,2025-12-16T04:47:54Z,True,itunes_rss_mostHelpful,False,False
d22fb2f961863100e3c957f705d79646eb12d00fbeb05764e16ac040d05c1977,13519017685,6743828427,蚂蚁阿福,cn,5,好厉害,在24计看到广告，下载一个试试。震惊，肤质和舌苔测试也太准了……跟我看中医得出的结论一模一样……,在24计看到广告，下载一个试试。震惊，肤质和舌苔测试也太准了……跟我看中医得出的结论一模一样……,Lumos0517,1.0.72,2025-12-16T04:41:02Z,True,itunes_rss_mostHelpful,False,False
3a902c58cb1f3401e755b71bae1e4ff11a894c3ab85e4c8a10fb59b6500d3112,13518937265,6743828427,蚂蚁阿福,cn,5,口袋里的医生,因《长安二十四计》下的蚂蚁阿福，体验下来真的超级棒，有些小病不知道问阿福就可以给出建议，自己就知道吃什么药匹配了，超级便利 ，不用请假去医院一趟又一趟。还有些长期慢性病症状不知道护理的，阿福也会耐心和你沟通，比医生给你说的还要细致，这个专业的口袋医生，给个超级好评。,因《长安二十四计》下的蚂蚁阿福，体验下来真的超级棒，有些小病不知道问阿福就可以给出建议，自己就知道吃什么药匹配了，超级便利 ，不用请假去医院一趟又一趟。还有些长期慢性病症状不知道护理的，阿福也会耐心和你沟通，比医生给你说的还要细致，这个专业的口袋医生，给个超级好评。,亲亲大言哥,1.0.72,2025-12-16T04:01:23Z,True,itunes_rss_mostHelpful,False,False
3c83831c7bf59c6e9a4ef3bcbd9a0daf258fb40733cd87590bf339bbcdc80caf,13518912035,6743828427,蚂蚁阿福,cn,5,非常好用的AI软件！！,在优酷看长安二十四计的时候发现的一款宝藏App，下载下来进行了一些深度的使用，图片的解析，还有各种问题的回答都让我受益匪浅，非常推荐，大家可以下载一个来用于日常生活上面来咨询各种各样的生活常识等东西,在优酷看长安二十四计的时候发现的一款宝藏App，下载下来进行了一些深度的使用，图片的解析，还有各种问题的回答都让我受益匪浅，非常推荐，大家可以下载一个来用于日常生活上面来咨询各种各样的生活常识等东西,15124536094,1.0.72,2025-12-16T03:49:19Z,True,itunes_rss_mostHelpful,False,False
4af52df428bf342d3852a4546cd7d9b26baf7bc51f5679d66d751e54d543f292,13518723709,6743828427,蚂蚁阿福,cn,5,挺不错的,看长安二十四计的时候发现了这个总冠名赞助的蚂蚁阿福，就去了解了一下，发现还挺好用的，身体有什么不适也不用去问某度了，毕竟在某度上啥病都是癌起步，怪吓人的,看长安二十四计的时候发现了这个总冠名赞助的蚂蚁阿福，就去了解了一下，发现还挺好用的，身体有什么不适也不用去问某度了，毕竟在某度上啥病都是癌起步，怪吓人的,原来是喜东东啊,1.0.72,2025-12-16T02:23:13Z,True,itunes_rss_mostHelpful,False,False
76117beecd4535928b3018bdb5799e7ecab157f7c6eea02ccb2783c1d1ecf784,13515684979,6743828427,蚂蚁阿福,cn,5,蚂蚁阿福真的是健康行业的福音啊,"过敏体质必备蚂蚁阿福，记录过敏原和反应，复诊给医生看，诊疗更精准！
而且不止是过敏，就连肩膀疼痛都很具体很细 。","过敏体质必备蚂蚁阿福，记录过敏原和反应，复诊给医生看，诊疗更精准！
而且不止是过敏，就连肩膀疼痛都很具体很细 。",我叫易中天,1.0.70,2025-12-15T07:28:13Z,True,itunes_rss_mostHelpful,False,False
dd99a26327f3b9a64aae864527d0edb87f64aa338cf484b5cbc96db508e91d2b,13515070578,6743828427,蚂蚁阿福,cn,1,推广应用找点靠谱的人吧！！,在二手交易平台挂其他商品链接吸引消费后发送这个app的下载链接，真的很让人恼火！！不明所以被要求下载说完成任务以后拿红包可以优惠获取物品，实际是欺骗行为！！,在二手交易平台挂其他商品链接吸引消费后发送这个app的下载链接，真的很让人恼火！！不明所以被要求下载说完成任务以后拿红包可以优惠获取物品，实际是欺骗行为！！,被怒火掩埋,1.0.70,2025-12-15T02:28:49Z,True,itunes_rss_mostHelpful,False,False
f60148f780a60613e1f37846652c375a1009cabc39f572a5b99710a45f19ec72,13515067379,6743828427,蚂蚁阿福,cn,5,蚂蚁阿福,阿福真是我的“健康小百科”！从营养搭配到运动建议，回答都非常专业、接地气。界面清爽无广告，免费使用很良心。健康管理变得简单又有趣，五星推荐！,阿福真是我的“健康小百科”！从营养搭配到运动建议，回答都非常专业、接地气。界面清爽无广告，免费使用很良心。健康管理变得简单又有趣，五星推荐！,毅力求成,1.0.70,2025-12-15T02:27:22Z,True,itunes_rss_mostHelpful,False,False
d5b6d9bd02556cc15c1f010cd8a3f02ffc8911d9bb1863baf37eeb328368b901,13512681325,6743828427,蚂蚁阿福,cn,5,蚂蚁阿福真的是宝藏app,日常养生知识很实用，好感度直接拉满，健康评估也很专业，能及时发现身体潜在的健康问题，而且还有针对性改善建议，真心推荐蚂蚁阿福，超实用！！,日常养生知识很实用，好感度直接拉满，健康评估也很专业，能及时发现身体潜在的健康问题，而且还有针对性改善建议，真心推荐蚂蚁阿福，超实用！！,Tuimaoooo,1.0.70,2025-12-14T12:39:10Z,True,itunes_rss_mostHelpful,False,False
ff33bb92a1b213f5b6da27c03f3e08ac7c87df32783dd4ce8d3eaef25aaec1e8,13512586173,6743828427,蚂蚁阿福,cn,5,蚂蚁阿福,对比多款医疗APP，还是蚂蚁阿福最顺手～预约挂号不排队，报告解读清晰易懂，AI智能分诊精准高效，数据安全有保障，日常就医、健康管理全搞定！,对比多款医疗APP，还是蚂蚁阿福最顺手～预约挂号不排队，报告解读清晰易懂，AI智能分诊精准高效，数据安全有保障，日常就医、健康管理全搞定！,小海5576,1.0.70,2025-12-14T12:09:21Z,True,itunes_rss_mostHelpful,False,False
a33ba29ef41ab13eaf86c31d7720a54c2b8bf29e1d8453b80f8090075983dfb9,13512003920,6743828427,蚂蚁阿福,cn,5,蚂蚁阿福智能健康管家,真的很好用，各方面知识都回答的很顺畅全面，蚂蚁阿福真是一个好用又省事的健康助手app,真的很好用，各方面知识都回答的很顺畅全面，蚂蚁阿福真是一个好用又省事的健康助手app,大福--,1.0.70,2025-12-14T08:32:55Z,True,itunes_rss_mostHelpful,False,False
0d57a1f5898fc588ea3455f94daf36cc9d352884cf785f6caea281f22bcfdb89,13511998413,6743828427,蚂蚁阿福,cn,5,蚂蚁阿福简直是健康界的 “六边形战士”！,颜值在线 + 功能能打，拍图查药、名医问诊、健康打卡全拿捏。不管是上班族查体检报告，还是学生党问养生技巧，都超适配，yyds～,颜值在线 + 功能能打，拍图查药、名医问诊、健康打卡全拿捏。不管是上班族查体检报告，还是学生党问养生技巧，都超适配，yyds～,无昵妮,1.0.70,2025-12-14T08:30:35Z,True,itunes_rss_mostHelpful,False,False
60748af0475ce7155cf0d582af13f3ff3262c9caecd655d074ba5f9d55b15a4d,13511833008,6743828427,蚂蚁阿福,cn,5,推荐蚂蚁阿福APP,蚂蚁阿福的健康服务很贴心，从日常用药指导到养生调理建议，都很贴合需求，操作简单易上手，不管年轻人还是长辈都能用，靠谱健康助手就选蚂蚁阿福💫,蚂蚁阿福的健康服务很贴心，从日常用药指导到养生调理建议，都很贴合需求，操作简单易上手，不管年轻人还是长辈都能用，靠谱健康助手就选蚂蚁阿福💫,☀️👩👩,1.0.70,2025-12-14T07:22:22Z,True,itunes_rss_mostHelpful,False,False
d029ba0b3c880ddaec7b235f426822ba85e60eec233f31f9254a4c2e7c01ce3e,13511755424,6743828427,蚂蚁阿福,cn,5,蚂蚁阿福太香了,对于用药不知道禁忌，老是忘记用药，蚂蚁阿福可以根据药箱记录功能帮实时掌控药品库存，避免断药的烦恼和用药的不良反应，简直太棒了！！！,对于用药不知道禁忌，老是忘记用药，蚂蚁阿福可以根据药箱记录功能帮实时掌控药品库存，避免断药的烦恼和用药的不良反应，简直太棒了！！！,小麻薯呀,1.0.70,2025-12-14T06:49:27Z,True,itunes_rss_mostHelpful,False,False
786bed48de768f441f6ef54b3e8b667316b22178c47a28fade7b69bd474ee817,13511704566,6743828427,蚂蚁阿福,cn,5,健康助手太棒了,必须夸 蚂蚁阿福的打假机制！AI 验真 + 名医在线辟谣，还有银发打假团，帮家里老人避开健康陷阱，太暖心了～,必须夸 蚂蚁阿福的打假机制！AI 验真 + 名医在线辟谣，还有银发打假团，帮家里老人避开健康陷阱，太暖心了～,Xiaoxueshan,1.0.70,2025-12-14T06:27:13Z,True,itunes_rss_mostHelpful,False,False
e9ccd52b4bfccf6c2139895c0f22d5ca575ddb1e5bc5ce09f1f0962dd037e961,13511668795,6743828427,蚂蚁阿福,cn,5,AI健康助手,用蚂蚁阿福管理全家健康超省心，绑定家人账号共享健康档案，父母的体检报告和用药情况，随时查看随时管。,用蚂蚁阿福管理全家健康超省心，绑定家人账号共享健康档案，父母的体检报告和用药情况，随时查看随时管。,玛fafa,1.0.70,2025-12-14T06:11:29Z,True,itunes_rss_mostHelpful,False,False
8de53a4d4072208ed991fee5eda310cacd703c2c41cd7ff300694482b924eb06,13511649429,6743828427,蚂蚁阿福,cn,5,蚂蚁阿福太实用了，芜湖,蚂蚁阿福的健康管理功能太实用了，能定制专属体检计划，还会提醒体检时间，就医记录和用药史整理得很规整，在线咨询医生很方便，守护健康超给力💪,蚂蚁阿福的健康管理功能太实用了，能定制专属体检计划，还会提醒体检时间，就医记录和用药史整理得很规整，在线咨询医生很方便，守护健康超给力💪,今晚找店睡💤,1.0.70,2025-12-14T06:02:55Z,True,itunes_rss_mostHelpful,False,False
c920430274f22ebf46bea2b4b99bb1120fa876d53069cdf5097a29c90974df3e,13511648739,6743828427,蚂蚁阿福,cn,5,蚂蚁阿福,强烈推荐蚂蚁阿福健康APP，服务全面又专业，日常健康咨询、慢病管理、体检规划都能搞定，操作流畅无套路，随时能获取靠谱健康服务，用着安心👍,强烈推荐蚂蚁阿福健康APP，服务全面又专业，日常健康咨询、慢病管理、体检规划都能搞定，操作流畅无套路，随时能获取靠谱健康服务，用着安心👍,JP Yu,1.0.70,2025-12-14T06:02:37Z,True,itunes_rss_mostHelpful,False,False
391dc600bf5f1d382e28b66287ee70381caa2285f40ba3dea61ef4a094c5f060,13511636194,6743828427,蚂蚁阿福,cn,5,赞赞赞,蚂蚁阿福的医疗专业性绝了！权威评测领先还过了安全认证，超万亿医疗语料支撑，问健康问题都能得到靠谱答案，太让人放心～,蚂蚁阿福的医疗专业性绝了！权威评测领先还过了安全认证，超万亿医疗语料支撑，问健康问题都能得到靠谱答案，太让人放心～,琪一1琪,1.0.70,2025-12-14T05:57:06Z,True,itunes_rss_mostHelpful,False,False
401f75d0ab924a6623e3c04e793ddf05def803800b4dcd137a2e8e11b7c3b72b,13511631854,6743828427,蚂蚁阿福,cn,5,蚂蚁阿福超级棒,真心推荐蚂蚁阿福这款健康APP，在线问诊响应超快，不用跑医院就能问医生，检查报告随时上传存档，还能智能提醒用药、体检，全方位呵护健康，用着特别省心✨,真心推荐蚂蚁阿福这款健康APP，在线问诊响应超快，不用跑医院就能问医生，检查报告随时上传存档，还能智能提醒用药、体检，全方位呵护健康，用着特别省心✨,Sum0520,1.0.70,2025-12-14T05:55:11Z,True,itunes_rss_mostHelpful,False,False
7537909bb78d76e2cce676c5ee32a2707ab4ffa0173d26f6c08275ad1576690e,13511602732,6743828427,蚂蚁阿福,cn,5,蚂蚁阿福真的好用,蚂蚁阿福可以帮助我们快速分析遇到的问题给出相应的建议和方案，可以帮助我们少走很多弯路,蚂蚁阿福可以帮助我们快速分析遇到的问题给出相应的建议和方案，可以帮助我们少走很多弯路,没头脑1214,1.0.70,2025-12-14T05:42:00Z,True,itunes_rss_mostHelpful,False,False
2e5d231177c033e43de29fd5fd183d4f8636b53a55c51edbb1f4e6a85524ccb7,13511425328,6743828427,蚂蚁阿福,cn,5,蚂蚁阿福专业问答,蚂蚁阿福健康助手也太懂家庭需求了！家人的用药提醒、血压血糖记录全搞定，数据还能生成趋势图省心又专业～,蚂蚁阿福健康助手也太懂家庭需求了！家人的用药提醒、血压血糖记录全搞定，数据还能生成趋势图省心又专业～,小晓：,1.0.70,2025-12-14T04:22:55Z,True,itunes_rss_mostHelpful,False,False
2131bda04ba700fd8581e9065d744d3443505cda8c34ea2fa48f87cca7fe78cc,13511378495,6743828427,蚂蚁阿福,cn,5,软件非常好用！,我的单位让我自愿去拉人头，如果别人不同意下载，我会亲自拿着ta手机热情帮助ta下载，软件下载完还要让我让人自愿实名认证，软件真的很好用，代我热情问候领导及管理者全家，及问候他们是否身体是否健康！,我的单位让我自愿去拉人头，如果别人不同意下载，我会亲自拿着ta手机热情帮助ta下载，软件下载完还要让我让人自愿实名认证，软件真的很好用，代我热情问候领导及管理者全家，及问候他们是否身体是否健康！,64195619,1.0.70,2025-12-14T04:02:42Z,True,itunes_rss_mostHelpful,False,False
10c78eb1d08fc1e4bf5e3fbbe1162e273de7dde734dfa6c458b581defb91daa0,13511373117,6743828427,蚂蚁阿福,cn,5,推荐,蚂蚁阿福的AI打假功能太给力，自动甄别假健康科普，过滤不实信息，守护家人远离健康骗局，靠谱又安心。,蚂蚁阿福的AI打假功能太给力，自动甄别假健康科普，过滤不实信息，守护家人远离健康骗局，靠谱又安心。,🍿🍡🍭🍬🎀,1.0.70,2025-12-14T04:00:24Z,True,itunes_rss_mostHelpful,False,False
ebcbfd33a6bb1d322c1dac3cfe6d2b681878c9b71bfb8b221726ba90db397bf3,13511261474,6743828427,蚂蚁阿福,cn,5,不错,蚂蚁阿福联合鱼跃推出AI血压计，数据自动同步生成健康周报，高血压长期管控有依据，调整方案更科学,蚂蚁阿福联合鱼跃推出AI血压计，数据自动同步生成健康周报，高血压长期管控有依据，调整方案更科学,luckybaibai,1.0.70,2025-12-14T03:13:17Z,True,itunes_rss_mostHelpful,False,False
46a9d04940c50f22999ff2fabc49bd2995e8ec23c8cb5aa5b5d718f5ea06070a,13511248765,6743828427,蚂蚁阿福,cn,5,好用,试过很多健康APP，还是蚂蚁阿福功能最全，从日常咨询到慢病管理，从个人健康到全家守护，真正的全能健康助手！,试过很多健康APP，还是蚂蚁阿福功能最全，从日常咨询到慢病管理，从个人健康到全家守护，真正的全能健康助手！,耳机分你一半@,1.0.70,2025-12-14T03:08:04Z,True,itunes_rss_mostHelpful,False,False
e1a746817a515644237f4d885d1109be3843f369c70105cb9ef5e72059545c08,13511204541,6743828427,蚂蚁阿福,cn,5,蚂蚁阿福真棒,被蚂蚁阿福圈粉！从用药咨询到挂号查医保，再到饮食运动规划，一站式搞定全家健康，支付宝直接登超方便～,被蚂蚁阿福圈粉！从用药咨询到挂号查医保，再到饮食运动规划，一站式搞定全家健康，支付宝直接登超方便～,小二多加份香菜,1.0.70,2025-12-14T02:50:02Z,True,itunes_rss_mostHelpful,False,False
100c86657eab6af98293ba617ec42ce7bf233e275b13d3e955fd72ef272d23e4,13511173975,6743828427,蚂蚁阿福,cn,5,👍🏻,蚂蚁阿福解读体检报告太专业了，复杂医学术语通俗化，异常指标标注清晰还附改善方案，自己在家就能读懂，省心又实用！,蚂蚁阿福解读体检报告太专业了，复杂医学术语通俗化，异常指标标注清晰还附改善方案，自己在家就能读懂，省心又实用！,🕶️✨☁️,1.0.70,2025-12-14T02:37:54Z,True,itunes_rss_mostHelpful,False,False
29fa241d5f9c6329e379ffe0a6f22b028da4f2722f7d8986d690c1ebbc58d573,13505675091,6743828427,蚂蚁阿福,cn,5,很好，但希望有宠物医生,想知道很多关于猫咪和小狗出现的一些问题 也需要一些宠物专家 希望平台可以有宠物专家ai🙏,想知道很多关于猫咪和小狗出现的一些问题 也需要一些宠物专家 希望平台可以有宠物专家ai🙏,moonee216,1.0.66,2025-12-12T17:10:45Z,True,itunes_rss_mostHelpful,False,False
9074c2a78cf8ba0f5109f4abd4ab480c3f8819fb916e5aebc6ef530911cd0ce6,13505187340,6743828427,蚂蚁阿福,cn,5,这个AI很实用,有点超出预期。回答很专业，因为会结合个人的健康档案，所以回答是很有针对性的，甚至会模拟真人医生，主动追问，这点很厉害。有了这个，有点类似有个私人医生，私人营养师,有点超出预期。回答很专业，因为会结合个人的健康档案，所以回答是很有针对性的，甚至会模拟真人医生，主动追问，这点很厉害。有了这个，有点类似有个私人医生，私人营养师,峡谷小飞兔,1.0.66,2025-12-12T14:36:21Z,True,itunes_rss_mostHelpful,False,False
0ad5b91d63ee27cb30d16aa3ab1b115eb51dd0e7899b3d12ca88c56355982a5a,13464792080,6743828427,蚂蚁阿福,cn,5,jiaia,是一款非常不错的软件，拍了一些舌头看了下，分析得特别准确，还会给建议怎么养生之类的，特别好,是一款非常不错的软件，拍了一些舌头看了下，分析得特别准确，还会给建议怎么养生之类的，特别好,hjm20040415,1.0.60,2025-12-02T01:11:36Z,True,itunes_rss_mostHelpful,False,False
6aa2e3d80f83ae8fd9067503bc2d705e225cc8678d1153712cd9c2242f7e099c,13438452829,6743828427,蚂蚁阿福,cn,1,拉垮,推荐摄入热量完全是大众水平，根本不算定制，不能结合自身的情况来推荐，完全没考虑实际的基础代谢和体脂率。。。。。,推荐摄入热量完全是大众水平，根本不算定制，不能结合自身的情况来推荐，完全没考虑实际的基础代谢和体脂率。。。。。,王者荣耀垃圾游戏滚远点,1.0.60,2025-11-25T07:02:18Z,True,itunes_rss_mostHelpful,False,False
12e4c8495ab27d27436447d5b404d4c3f3eaf559578f37254e74fd22887ac49d,13383776457,6743828427,蚂蚁阿福,cn,5,好用,每次体检完，有一项指标稍微高了一点点，吓得我不行。赶紧用AQ扫描了报告，它不光解释了可能的原因（比如炎症也可能引起），还建议我如何复查和观察。逻辑清晰，大大缓解了我的不必要的恐慌。,每次体检完，有一项指标稍微高了一点点，吓得我不行。赶紧用AQ扫描了报告，它不光解释了可能的原因（比如炎症也可能引起），还建议我如何复查和观察。逻辑清晰，大大缓解了我的不必要的恐慌。,Q月星辰,1.0.56,2025-11-11T07:26:44Z,True,itunes_rss_mostHelpful,False,False
60ac3de3d7afbfd9debc729b52a2477d0ad8391097a65c7138589bd704711289,13383709773,6743828427,蚂蚁阿福,cn,5,实用,它这个拍图识别的功能绝了！体检报告上那些看不懂的数据、药盒上密密麻麻的字，拍个照立马给你划好重点、讲得明明白白。对我这种医学小白太友好了，再也不怕看不懂单子了。,它这个拍图识别的功能绝了！体检报告上那些看不懂的数据、药盒上密密麻麻的字，拍个照立马给你划好重点、讲得明明白白。对我这种医学小白太友好了，再也不怕看不懂单子了。,没有胡子的猫🐱🐱,1.0.56,2025-11-11T06:57:57Z,True,itunes_rss_mostHelpful,False,False
b3efc14836fd60361481d0b660c91b7da1828bf3c774f19e9be3abcf1c036aa2,13383709107,6743828427,蚂蚁阿福,cn,5,全能健康助手,AQ肚子里好像有个移动的医学图书馆，不管是我好奇的养生知识，还是某个药品的副作用，它都能马上给出靠谱的解答。现在家里人有啥小问题，第一反应都是‘先用AQ查一下’，成了全家人的健康百科。,AQ肚子里好像有个移动的医学图书馆，不管是我好奇的养生知识，还是某个药品的副作用，它都能马上给出靠谱的解答。现在家里人有啥小问题，第一反应都是‘先用AQ查一下’，成了全家人的健康百科。,Xingxing121,1.0.56,2025-11-11T06:57:39Z,True,itunes_rss_mostHelpful,False,False
f4c04653e0715db9542607500dab825cf3026ee5a67b27d8b0097a1220acc31e,13379427661,6743828427,蚂蚁阿福,cn,5,好实用的工具,在家偶尔有点头晕乏力的小不适，懒得跑医院时就用这款 App 自查。AI 会一步步引导我说明症状，给的建议很专业，不像网上随便刷到的信息没依据。还能免费建健康档案，把体检报告传上去，后续自查时 AI 会结合档案给参考，日常用着特别省心。,在家偶尔有点头晕乏力的小不适，懒得跑医院时就用这款 App 自查。AI 会一步步引导我说明症状，给的建议很专业，不像网上随便刷到的信息没依据。还能免费建健康档案，把体检报告传上去，后续自查时 AI 会结合档案给参考，日常用着特别省心。,十一在生气,1.0.56,2025-11-10T05:24:49Z,True,itunes_rss_mostHelpful,False,False
c788a2bda480a065c65e52ba93f56543d3f5e8880ba040d18a7c04f898109f2c,13370749698,6743828427,蚂蚁阿福,cn,5,在抖音上刷到A Q，设一个健康咨询的好平台,在抖音上刷到IQ，非常好用，专业靠谱方便快捷,在抖音上刷到IQ，非常好用，专业靠谱方便快捷,孤 峰,1.0.56,2025-11-08T04:59:12Z,True,itunes_rss_mostHelpful,False,False
cb6cc86979ca033c45ed93573f8bc78a3542f07d98f3487d985933e23beea8b9,13357716950,6743828427,蚂蚁阿福,cn,5,AQ-值得托付的健康管家,很棒👍👍👍强烈推荐大家去下载，给出的答案非常准确，真心好用，五星好评+6,很棒👍👍👍强烈推荐大家去下载，给出的答案非常准确，真心好用，五星好评+6,娜娜2422,1.0.56,2025-11-05T00:49:48Z,True,itunes_rss_mostHelpful,False,False
4be4880388927ac5954e7a3a8edec13dac4ceec6aa460ab4221a2f0261fb1859,13353947594,6743828427,蚂蚁阿福,cn,5,专业,上次娃一天呕吐3次，咨询了管家，第二天早上去儿科医院检查，居然跟专家讲的基本上是一样的，以后晚上有问题也不用着急了,上次娃一天呕吐3次，咨询了管家，第二天早上去儿科医院检查，居然跟专家讲的基本上是一样的，以后晚上有问题也不用着急了,开心随便玩,1.0.50,2025-11-04T03:40:52Z,True,itunes_rss_mostHelpful,False,False
01c3a2c953087c5e9022eb06507a1cecdaf2056d345a29ded4ec1cf39345d9b1,13345414514,6743828427,蚂蚁阿福,cn,3,评论,下载了一次，但是感觉体验不是很好，难得是弄错了，打算重新下载试试,下载了一次，但是感觉体验不是很好，难得是弄错了，打算重新下载试试,守护者勇哥,1.0.50,2025-11-02T06:04:25Z,True,itunes_rss_mostHelpful,False,False
02265f71e777035c5d81c510b5e381ac4c209af55f3fe27f0ba01c99cb2ca01e,13315970477,6743828427,蚂蚁阿福,cn,5,Aaaaa,现在的医院越开越大，一到医院，科室多得人抓瞎，都不知道该挂哪科。有了这个软件好多了。相当于看病指南，还是最全面的那种！,现在的医院越开越大，一到医院，科室多得人抓瞎，都不知道该挂哪科。有了这个软件好多了。相当于看病指南，还是最全面的那种！,莲心倾城了,1.0.50,2025-10-26T10:14:23Z,True,itunes_rss_mostHelpful,False,False
006f685a9bcdcf2aea319b0bb981ad1a71b34bde1bddf50489856c26a5ea469a,13303010346,6743828427,蚂蚁阿福,cn,4,作为运动饮食健康记录需要改进,"1. 拍照后产品识别不准。没有找到合适的入口修改
2. 吃完忘拍照，需要手动增加食品，无法并入一日饮食。例如，吃了麦当劳双吉，输入对话后，在反馈的文字栏里找不到“并入今日饮食”的功能。
3. 米饭/馒头/面条类，拍照识别量有差异。","1. 拍照后产品识别不准。没有找到合适的入口修改
2. 吃完忘拍照，需要手动增加食品，无法并入一日饮食。例如，吃了麦当劳双吉，输入对话后，在反馈的文字栏里找不到“并入今日饮食”的功能。
3. 米饭/馒头/面条类，拍照识别量有差异。",扭7扭,1.0.50,2025-10-23T10:08:25Z,True,itunes_rss_mostHelpful,False,False
f962745eb357f890a39f20013acf467e1933c11105b9cae8040351b18fd40ce0,13281622279,6743828427,蚂蚁阿福,cn,3,不错的一个软件,有点小毛病直接用这个软件就能知道什么问题，当然也不能完全依赖这个，问题严重的还是需要铺医院做系统的检查,有点小毛病直接用这个软件就能知道什么问题，当然也不能完全依赖这个，问题严重的还是需要铺医院做系统的检查,啊开机密码,1.0.36,2025-10-18T09:45:51Z,True,itunes_rss_mostHelpful,False,False
d1a9d101aec71f9a2f5fbc7cf0ba4e40993ac808f6e6d831533a6b5c9a491dcc,13216455862,6743828427,蚂蚁阿福,cn,5,AQ评价,测了一下舌苔，居然说的很准，和医院说的基本上一样。AI和医院联合的话，真的可以方便很多,测了一下舌苔，居然说的很准，和医院说的基本上一样。AI和医院联合的话，真的可以方便很多,疯一瓣的女子,1.0.30,2025-10-03T03:59:13Z,True,itunes_rss_mostHelpful,False,False
0ce3e37ef435854bd52be3da867db172cf769cb468a21d94046773be15e74d49,13174053272,6743828427,蚂蚁阿福,cn,5,账号登录绑定逻辑好评,先用支付宝一键登录，随后用Apple账号登录，进到设置可以直接绑定支付宝和手机号，账号绑定逻辑清晰明了不会变成多个独立账号，好评,先用支付宝一键登录，随后用Apple账号登录，进到设置可以直接绑定支付宝和手机号，账号绑定逻辑清晰明了不会变成多个独立账号，好评,祈熵,1.0.30,2025-09-23T12:06:06Z,True,itunes_rss_mostHelpful,False,False
a1dfa583c36c0c3bbc26278ec699e9e1ca79aa58a1deb6c6186b9791bc055310,13147270139,6743828427,蚂蚁阿福,cn,5,挺完美的一款软件,在这里看病就可以了，很方便快捷实用，不懂的健康问题就在'这里问，专业快捷,在这里看病就可以了，很方便快捷实用，不懂的健康问题就在'这里问，专业快捷,广云竹,,2025-09-17T06:09:19Z,True,web_ssr_helpful,False,False
f0a693a88ac53a90ec98cfb62151fd5404524dbe237d12264c75c5e44d511127,13140835241,6743828427,蚂蚁阿福,cn,5,健康管家,AQ健康管家专业又贴心，24小时守护我的健康，从咨询到指导每一步都让人安心，真正值得托付的健康伙伴！,AQ健康管家专业又贴心，24小时守护我的健康，从咨询到指导每一步都让人安心，真正值得托付的健康伙伴！,微诚一号808812,1.0.26,2025-09-15T15:10:28Z,True,itunes_rss_mostHelpful,False,False
07b80bb4c374349dde2b054e6d0b7025050656109888e5c59146f4553137479a,13124490429,6743828427,蚂蚁阿福,cn,4,好用,好看好喜欢,好看好喜欢,我说的是真的6372,1.0.26,2025-09-11T12:24:37Z,True,itunes_rss_mostHelpful,False,False
cc3368e0919edb28a9bb495a822f40ac5ae4ed0079d158b091ddc3665fd7460d,13124364879,6743828427,蚂蚁阿福,cn,5,新的体验,前不久下载了这款智能管家，用了越来越顺手，大数据精准。以前一点小病就要去医院，现在都能省了，问下管家就可以解决,前不久下载了这款智能管家，用了越来越顺手，大数据精准。以前一点小病就要去医院，现在都能省了，问下管家就可以解决,桃可心,1.0.26,2025-09-11T11:44:24Z,True,itunes_rss_mostHelpful,False,False
902da70ae88ec3501645ecd4d8e3697d5976740c1c5940374b1143e8cf72d864,13124274428,6743828427,蚂蚁阿福,cn,5,好👍值得推荐,好👍值得推荐👍已推荐给朋友们下载试用,好👍值得推荐👍已推荐给朋友们下载试用,嗨喽嗨喽啦,1.0.26,2025-09-11T11:13:36Z,True,itunes_rss_mostHelpful,False,False
5a4541b8f839e029875df482afbb81ca351f2e7109ace2f619ce2cc9b87c3ee2,13106826869,6743828427,蚂蚁阿福,cn,5,非常不错,非常不错的一款软件，里面有什么不懂的都可以去了解，人工智能会给你答案，实在是太喜欢了,非常不错的一款软件，里面有什么不懂的都可以去了解，人工智能会给你答案，实在是太喜欢了,宇宙创造者,1.0.26,2025-09-06T19:13:21Z,True,itunes_rss_mostHelpful,False,False
d5142899e1c915e8a83925bb1573d8d8775069a3f157d7889c909941b3dad1a9,13093635787,6743828427,蚂蚁阿福,cn,5,A,AABB是一个值得托付的健康管家我非常喜欢这个软件，因为他让我知道很多有去的东西,AABB是一个值得托付的健康管家我非常喜欢这个软件，因为他让我知道很多有去的东西,xfffgv,1.0.20,2025-09-03T11:44:29Z,True,itunes_rss_mostHelpful,False,False
13ba719320214020eca316999090f647d903c37d409815feb625b84fdd22a9b4,13089461606,6743828427,蚂蚁阿福,cn,1,无语,拍舌苔，拍了几十次不是超时就是舌苔放在虚线，我明明都放在里面了吧，不知道这个检测机制什么毛病,拍舌苔，拍了几十次不是超时就是舌苔放在虚线，我明明都放在里面了吧，不知道这个检测机制什么毛病,hurunze,1.0.20,2025-09-02T09:40:16Z,True,itunes_rss_mostHelpful,False,False
995fdff19dd26f49f09e5cc6ef1d8f96456b884cabcb6546355e06037c2bead2,13019721193,6743828427,蚂蚁阿福,cn,5,AQ真是非常的方便和智能！,从来不主动给APP评分，今次是第一次主动评！自从下载了AQ后，很多医疗的问题，都得到了清晰明了的答案。包括看得一知半解的体验报告，AQ总结得很到位，还有有益的建议。现在AI的时代，科技真的改变了生活！活久见了。这么好用的软件强烈推荐！！！,从来不主动给APP评分，今次是第一次主动评！自从下载了AQ后，很多医疗的问题，都得到了清晰明了的答案。包括看得一知半解的体验报告，AQ总结得很到位，还有有益的建议。现在AI的时代，科技真的改变了生活！活久见了。这么好用的软件强烈推荐！！！,徐园XY,1.0.16,2025-08-15T15:55:58Z,True,itunes_rss_mostHelpful,False,False
e02dd43f16a1968616b88f255ec975de2be4224f23fc3f25b321bdc56c6b94f0,13016851893,6743828427,蚂蚁阿福,cn,5,AQ,AQ这个软件真的太棒了,AQ这个软件真的太棒了,渐渐地就打电话,1.0.16,2025-08-14T23:24:24Z,True,itunes_rss_mostHelpful,False,False
6fe7945304913d6dea3e72f8f707d9c5ddcd49a0e31abd3c3dc9aa6534afef19,13008826041,6743828427,蚂蚁阿福,cn,5,健康知音,相当不错，以后将康问题不再需要总是打电话问医生问别人了，有了AQ解决我帮助我很多问题。值得推荐，同时真心感谢官方平台把这么优质的App推荐给了我👍👍👍,相当不错，以后将康问题不再需要总是打电话问医生问别人了，有了AQ解决我帮助我很多问题。值得推荐，同时真心感谢官方平台把这么优质的App推荐给了我👍👍👍,郭郭郭、、,1.0.16,2025-08-13T01:10:34Z,True,itunes_rss_mostHelpful,False,False
3f2c3ee320ae2e7d229a509b1e9cfafa6061fed8771b38a657835b20cc6b3df3,12994326718,6743828427,蚂蚁阿福,cn,5,健康的专家,看了这款软软的很多评论，都说很好，想下载又不敢下。总怕上当被自动扣费。也没说是完全免费的！下载为什么还要绑定支付宝？,看了这款软软的很多评论，都说很好，想下载又不敢下。总怕上当被自动扣费。也没说是完全免费的！下载为什么还要绑定支付宝？,安志理,1.0.16,2025-08-09T09:20:14Z,True,itunes_rss_mostHelpful,False,False
88998cd1c986923b784837c766e8bac1ae7511c554e772e54efb7065b2f32612,12936507307,6743828427,蚂蚁阿福,cn,1,数据的使用评估,明明有了Apple健康的数据却在app中连体重生高都没办法同步，我本希望这软件可以根据我的健康软件生成报告结果不行,明明有了Apple健康的数据却在app中连体重生高都没办法同步，我本希望这软件可以根据我的健康软件生成报告结果不行,Silas Xes,1.0.10,2025-07-25T23:05:13Z,True,itunes_rss_mostHelpful,False,False
f7f7deb31960225528151bd83e041120312042ec36ef506aefeecb6cea2b7a11,12906078269,6743828427,蚂蚁阿福,cn,5,AQ推荐,AQ 的慢病管理功能帮我爸控制住了血糖！之前他总记不住测血糖时间和用药量，血糖忽高忽低。用 AQ 设置提醒后，到点就会提示，还能记录每次的血糖值，生成趋势图表。医生看了图表后，调整了用药方案，现在血糖稳定多了。这个功能让慢病管理有章可循，给家里有慢病患者的家庭带来了大便利！,AQ 的慢病管理功能帮我爸控制住了血糖！之前他总记不住测血糖时间和用药量，血糖忽高忽低。用 AQ 设置提醒后，到点就会提示，还能记录每次的血糖值，生成趋势图表。医生看了图表后，调整了用药方案，现在血糖稳定多了。这个功能让慢病管理有章可循，给家里有慢病患者的家庭带来了大便利！,方便的AQ,1.0.1,2025-07-18T10:21:41Z,True,itunes_rss_mostHelpful,False,False
aa974c7fcfa5688685ef2bc0086c4d2d7f30575eb7d4aec3e138f0ffe861bca7,12905966412,6743828427,蚂蚁阿福,cn,5,AQ值得推荐！,上传报告后秒出分析，各项指标的解释通俗易懂，像有个私人医生随时答疑，再也不用担心看不懂检查报告了,上传报告后秒出分析，各项指标的解释通俗易懂，像有个私人医生随时答疑，再也不用担心看不懂检查报告了,野原新之助295,1.0.1,2025-07-18T09:39:06Z,True,itunes_rss_mostHelpful,False,False
88ddf1d0efb562249eece5a5cb54647600305730ef3fc17f8865bb35d95957f1,12905943907,6743828427,蚂蚁阿福,cn,5,AQ太方便了！,用了AQ一段时间，真的很方便！特别是上传药盒和检查报告就能秒出解读，再也不用自己查半天资料了。健康档案管理也很实用，全家人的就诊记录和用药提醒都能一键查看。AI咨询回复快又专业，小问题不用总往医院跑。有了AQ在健康方面帮助太大了！,用了AQ一段时间，真的很方便！特别是上传药盒和检查报告就能秒出解读，再也不用自己查半天资料了。健康档案管理也很实用，全家人的就诊记录和用药提醒都能一键查看。AI咨询回复快又专业，小问题不用总往医院跑。有了AQ在健康方面帮助太大了！,959o,1.0.1,2025-07-18T09:30:15Z,True,itunes_rss_mostHelpful,False,False
6131772bc193dfeadb376b50828b01c31f60bf0c215ac60f144a328a1f720a0b,12905934409,6743828427,蚂蚁阿福,cn,5,超好用呀,半夜孩子突然发烧，我慌得不行，赶紧问AQ。它不仅详细询问症状，还给出应急处理办法，让我冷静下来。有了AQ，带娃更安心！,半夜孩子突然发烧，我慌得不行，赶紧问AQ。它不仅详细询问症状，还给出应急处理办法，让我冷静下来。有了AQ，带娃更安心！,我看你很帅呀,1.0.1,2025-07-18T09:26:29Z,True,itunes_rss_mostHelpful,False,False
b33d1f8760f965f28c295cf565d2c5ce751d31891ef70351d091cb1d2391c59d,12905907907,6743828427,蚂蚁阿福,cn,5,AQ非常方便,以前看病，光是搞清楚该挂哪个科，都得费不少劲。现在有了AQ，真的方便太多！上次我有点咳嗽，还伴有低烧，就在AQ上咨询。它像个专业医生一样，详细问了我的症状、持续时间、有没有其他不适，然后很快就判断出可能是呼吸道感染，还贴心地推荐了附近擅长看这类病的医生，连可预约时间都列出来了。不仅如此，它还能直接衔接挂号服务，从咨询到挂号，一个APP全搞定，这体验感没谁了！有AQ在，看病不再迷茫！,以前看病，光是搞清楚该挂哪个科，都得费不少劲。现在有了AQ，真的方便太多！上次我有点咳嗽，还伴有低烧，就在AQ上咨询。它像个专业医生一样，详细问了我的症状、持续时间、有没有其他不适，然后很快就判断出可能是呼吸道感染，还贴心地推荐了附近擅长看这类病的医生，连可预约时间都列出来了。不仅如此，它还能直接衔接挂号服务，从咨询到挂号，一个APP全搞定，这体验感没谁了！有AQ在，看病不再迷茫！,wangtt1111,,2025-07-18T09:15:47Z,True,web_ssr_helpful,False,False
2c053fef87715daeb120e7ede6b8fca52bdbae767dd667af11c0f6cffddcdbb4,12905853501,6743828427,蚂蚁阿福,cn,5,AQ真推荐,换季时家人总爱感冒，AQ 的疾病预防提醒超及时！它会根据天气变化和流感趋势，提前推送预防小贴士，比如增减衣物、消毒方法等。上次流感高发期，按照 AQ 的建议做好防护，家里人都没中招。这种未雨绸缪的提醒，比家人的唠叨还管用，让人觉得特别暖心！,换季时家人总爱感冒，AQ 的疾病预防提醒超及时！它会根据天气变化和流感趋势，提前推送预防小贴士，比如增减衣物、消毒方法等。上次流感高发期，按照 AQ 的建议做好防护，家里人都没中招。这种未雨绸缪的提醒，比家人的唠叨还管用，让人觉得特别暖心！,DJLyy,1.0.1,2025-07-18T08:53:54Z,True,itunes_rss_mostHelpful,False,False
06674860a79c281b36adc5acc3e7402f09ac9c4817a7fe888de13111e19ae060,12905780571,6743828427,蚂蚁阿福,cn,5,超级好用,AQ是实用健康咨询软件，能精准问诊、解读报告，连接海量医疗资源，提供个性化健康管理，安全专业又便捷。,AQ是实用健康咨询软件，能精准问诊、解读报告，连接海量医疗资源，提供个性化健康管理，安全专业又便捷。,小不忍111,1.0.1,2025-07-18T08:24:06Z,True,itunes_rss_mostHelpful,False,False
e5baa5ff513add880b066636dd393f6b8ebf66e63a9e71c61e5ccad0311dc736,12905770706,6743828427,蚂蚁阿福,cn,5,AQ健康应用超级好用,AQ健康管家，我的全天候健康守护者！身体状态，寻医问症，健康资讯一手掌握。精准提醒+专业建议，让健康管理变得超简单！推荐给所有关注健康的朋友！,AQ健康管家，我的全天候健康守护者！身体状态，寻医问症，健康资讯一手掌握。精准提醒+专业建议，让健康管理变得超简单！推荐给所有关注健康的朋友！,剑子仙迹啊,1.0.1,2025-07-18T08:20:04Z,True,itunes_rss_mostHelpful,False,False
ae83ff7532a991622113fe1d7d63c9ab6733b200c3ff78d1d8a86d03ffc194b7,12905760607,6743828427,蚂蚁阿福,cn,5,AQ健康管家精准、智能、高效。,能有效整合分析我的健康数据，提供切实可行的改善方案。用户体验细节满分，更新迭代快。强烈推荐给注重健康生活品质的用户！, 能有效整合分析我的健康数据，提供切实可行的改善方案。用户体验细节满分，更新迭代快。强烈推荐给注重健康生活品质的用户！,静音鼠标,1.0.1,2025-07-18T08:15:57Z,True,itunes_rss_mostHelpful,False,False
f2c76ac3494c1e4cac144d8d636347a967f674998f98d7dc9f2897d3f419539b,12905754212,6743828427,蚂蚁阿福,cn,5,使用体验,AQ健康管家界面清晰易懂，功能指引明确。帮我分析了复杂的指标和报告，瞬间就明白了。体验感极佳，安全感满满！,AQ健康管家界面清晰易懂，功能指引明确。帮我分析了复杂的指标和报告，瞬间就明白了。体验感极佳，安全感满满！,本帮菜oi,1.0.1,2025-07-18T08:13:22Z,True,itunes_rss_mostHelpful,False,False
ec7961c64a37ac2e6c96f7f439f4d8c876a3da11419757370138c7fc39d257c4,12905736627,6743828427,蚂蚁阿福,cn,5,好用好用好用,AQ太赞了！能精准分析健康数据，还可以根据症状快速给出专业建议，帮你分析专业术语，简单看报告，随时都能问问题，AQ就像专属的私人医生随时在线，给出的建议很实用！,AQ太赞了！能精准分析健康数据，还可以根据症状快速给出专业建议，帮你分析专业术语，简单看报告，随时都能问问题，AQ就像专属的私人医生随时在线，给出的建议很实用！,养生达人12123,1.0.1,2025-07-18T08:06:11Z,True,itunes_rss_mostHelpful,False,False
987a59555c444125a4830a6dbfeca7e53623f0e3c72adc4291b515af60c2485c,12905717262,6743828427,蚂蚁阿福,cn,5,aqda,非常好用，回答很准确，能分清楚有条理的解决我的问题，大幅度提高了我的效率，有效节省大部分时间和精力！,非常好用，回答很准确，能分清楚有条理的解决我的问题，大幅度提高了我的效率，有效节省大部分时间和精力！,水晶虾饺鸡蛋,1.0.1,2025-07-18T07:58:18Z,True,itunes_rss_mostHelpful,False,False
23dba11cafe3cc482fb78e62df7c8cf4eade5d124ea1717fb89a47dc2f8769bf,12905697243,6743828427,蚂蚁阿福,cn,5,AQ很有用,AQ 真的太好用了！咨询问题，给出的建议清晰又靠谱。体检报告看不懂，一拍即得专业解读。有 AQ 在，健康管理超省心，真心推荐！,AQ 真的太好用了！咨询问题，给出的建议清晰又靠谱。体检报告看不懂，一拍即得专业解读。有 AQ 在，健康管理超省心，真心推荐！,啊啊啊啊啊啊Aaaa A,1.0.1,2025-07-18T07:50:08Z,True,itunes_rss_mostHelpful,False,False
2101b457c1e80a6c1a4f37a7c6ecb5b47c9952fedf26975fb7c57dd421db05a6,12905677362,6743828427,蚂蚁阿福,cn,5,家庭健康管理太头疼？AQ 健康管家 一键简化！,拍舌面照、填信息，体质、抑郁失眠情况全掌握，AI 建议覆盖全家需求，健康生活从这 App 开始🏠,拍舌面照、填信息，体质、抑郁失眠情况全掌握，AI 建议覆盖全家需求，健康生活从这 App 开始🏠,不吃香菜ss,1.0.1,2025-07-18T07:42:22Z,True,itunes_rss_mostHelpful,False,False
9a47abe52c4f87666f23c86628187e31bf8e27c1ebcef17d9ad7670523c7ef74,12905647968,6743828427,蚂蚁阿福,cn,5,AQ真不错！,AQ 让我学会了和自己的情绪好好相处。真心推荐给每个被生活压得喘不过气的人，这不仅是个 APP，更像一个随时待命的心理树洞，温柔又有力量。,AQ 让我学会了和自己的情绪好好相处。真心推荐给每个被生活压得喘不过气的人，这不仅是个 APP，更像一个随时待命的心理树洞，温柔又有力量。,不加辣酱,1.0.1,2025-07-18T07:30:12Z,True,itunes_rss_mostHelpful,False,False
57cb2d33e41d2ae5e911aff614b28d22614e4c0055581308653e8f3e0cc6556b,12905555395,6743828427,蚂蚁阿福,cn,5,AQ太实用了！,AQ真的很棒！界面简洁易用，回答精准又快速，能随时随地解答健康问题，让我心里踏实多了，强烈推荐给大家！,AQ真的很棒！界面简洁易用，回答精准又快速，能随时随地解答健康问题，让我心里踏实多了，强烈推荐给大家！,桜の晩,1.0.1,2025-07-18T06:51:37Z,True,itunes_rss_mostHelpful,False,False
1182620a6c20f60de85f54b7bc07ade0c3b314168f92263e2881ed1ab4404a57,12905483367,6743828427,蚂蚁阿福,cn,5,AQ太好用了,AQ让我健康管理变‘无脑’了！该喝水、该活动、该睡觉…手机‘叮’一声你就照做，效果还贼好！智能推荐超贴心，省时省力还省钱（少跑医院了），这APP是我今年最值的一次下载,AQ让我健康管理变‘无脑’了！该喝水、该活动、该睡觉…手机‘叮’一声你就照做，效果还贼好！智能推荐超贴心，省时省力还省钱（少跑医院了），这APP是我今年最值的一次下载,往往分分合合个v个gyrh,1.0.1,2025-07-18T06:21:06Z,True,itunes_rss_mostHelpful,False,False
d9ee91fbc58c9a4d0cf7cef5de8799411b7daff965569b95f62fdc9e573922cb,12905400305,6743828427,蚂蚁阿福,cn,5,AQ超好用,AQ超好用！专业度在线，问症状给的建议靠谱，报告解读清晰，还能链接名医资源，日常健康管理很方便，推荐！,AQ超好用！专业度在线，问症状给的建议靠谱，报告解读清晰，还能链接名医资源，日常健康管理很方便，推荐！,去玩儿什么/,1.0.1,2025-07-18T05:45:47Z,True,itunes_rss_mostHelpful,False,False
dffc3710db020205d34f65dffd612d4335aa2c5552605e50fcc5c931fa1c5d3d,12905374978,6743828427,蚂蚁阿福,cn,5,超级好用,必须给 AQ 一个大大的好评！前阵子身体有点小不舒服，抱着试试看的心态打开了 AQ 咨询。它就像一个超级耐心的医生，详细询问我的症状，从开始时间到具体感受，不放过任何细节。给出的建议专业又实用，还贴心地提醒我日常需要注意的事项。有了 AQ，感觉随时都有一位专属健康顾问在身边，真心推荐给大家！,必须给 AQ 一个大大的好评！前阵子身体有点小不舒服，抱着试试看的心态打开了 AQ 咨询。它就像一个超级耐心的医生，详细询问我的症状，从开始时间到具体感受，不放过任何细节。给出的建议专业又实用，还贴心地提醒我日常需要注意的事项。有了 AQ，感觉随时都有一位专属健康顾问在身边，真心推荐给大家！,气死我了气死我了气死我了气死我了。,,2025-07-18T05:34:50Z,True,web_ssr_helpful,False,False
ac6d65e86f804ecbcaa8fa60de268f84649aeddc33700ea7cb37d1182f7e4d7b,12901886032,6743828427,蚂蚁阿福,cn,5,终于可以下载了！！,ios 端终于等到AQ上线了！！！试了一下，非常好用，可以咨询医保报销等相关问题，也可以解读报告，健康医疗咨询等，非常详细科学！推荐推荐！,ios 端终于等到AQ上线了！！！试了一下，非常好用，可以咨询医保报销等相关问题，也可以解读报告，健康医疗咨询等，非常详细科学！推荐推荐！,包子yyy1,1.0.1,2025-07-17T09:37:38Z,True,itunes_rss_mostHelpful,False,False
0e33b8c11e90e822241e824e124ebd80a9ce9b560ecdd848edce5d1f01ea1548,12901705043,6743828427,蚂蚁阿福,cn,5,非常好用的Ai健康软件,终于能下载AQ啦，AQ总能帮我解答我的各种健康问题，还能在我就诊过程中一直陪伴指引我下一步，特别实用特别有用,终于能下载AQ啦，AQ总能帮我解答我的各种健康问题，还能在我就诊过程中一直陪伴指引我下一步，特别实用特别有用,樱桃1818,1.0.1,2025-07-17T08:25:55Z,True,itunes_rss_mostHelpful,False,False
